class,package_2013,size_2012,size_2013,delta,flags_2012,flags_2013,registrant_rva_2012,registrant_rva_2013,package_2012,super_2012,super_2013,within_2013,cast_flags_2012,cast_flags_2013,other_flags_2012,other_flags_2013,config_2013,staticclass_rva_2012,staticclass_rva_2013,init_rva_2012,init_rva_2013,container_rva_2012,container_rva_2013,ctor_rva_2012,ctor_rva_2013,pdb_size_2012
AActor,Engine,592,592,0,0x1,0x1,0x18b8b0,0x16c5a0,Engine,UObject,UObject,UObject,0x0,0x0,0x0,0x0,Engine,0x18e490,0x16c5a0,0x170a30,0x166a10,0xee9810,0xe7f070,0x18b0f0,0x1853b0,592
AAkAmbientSound,AkAudio,608,608,0,0x0,0x0,0x5f8000,0x5af9c0,AkAudio,AKeypoint,AKeypoint,UObject,0x0,0x0,0x0,0x0,Engine,0x5f85e0,0x5af9c0,0x5f4f10,0x5ae700,0xf5c720,0xee2148,0x5f7f70,0x5b2de0,608
AAkAmbientSoundMovable,AkAudio,608,608,0,0x0,0x0,0x5f8090,0x5b0340,AkAudio,AAkAmbientSound,AAkAmbientSound,UObject,0x0,0x0,0x0,0x0,Engine,0x5f8c60,0x5b0340,0x5f8610,0x5af9f0,0xf5de48,0xee1a68,0x5f7fa0,0x5b2e10,608
AArkDynamicPylon,Engine,960,960,0,0x0,0x0,0x57d3a0,0x533a70,Engine,APylon,APylon,UObject,0x0,0x0,0x0,0x0,Engine,0x57da60,0x533a70,0x574c40,0x5332f0,0xf52738,0xed8d50,0x57cad0,0x53c680,960
AAutoTestManager,Engine,768,768,0,0x4,0x4,0x18c410,0x1799d0,Engine,AInfo,AInfo,UObject,0x0,0x0,0x0,0x0,Game,0x1911b0,0x1799d0,0x1905a0,0x1734b0,0xee2b68,0xe85948,0x18b2f0,0x1855e0,768
ABlockingVolume,Engine,640,640,0,0x0,0x0,0x18c090,0x17dc70,Engine,AVolume,AVolume,UObject,0x0,0x0,0x0,0x0,Engine,0x1937a0,0x17dc70,0x1910a0,0x1798b0,0xee49b0,0xe83c10,0x271520,0x2018b0,640
ABrush,Engine,624,624,0,0x0,0x0,0x18bdc0,0x173270,Engine,AActor,AActor,UObject,0x0,0x0,0x0,0x0,Engine,0x1903a0,0x173270,0x18ef50,0x16c780,0xee5298,0xe83378,0x18b120,0x1853e0,624
ABrushShape,Engine,624,624,0,0x0,0x0,0x18be50,0x179830,Engine,ABrush,ABrush,UObject,0x0,0x0,0x0,0x0,Engine,0x191020,0x179830,0x1903d0,0x1732a0,0xee50d0,0xe83530,0x18b150,0x185410,624
ACamera,Engine,1040,1040,0,0x8,0x8,0x2193e0,0x1dd560,Engine,AActor,AActor,UObject,0x0,0x0,0x0,0x0,Engine,0x21a460,0x1dd560,0x1cf1e0,0x1bce90,0xef8b88,0xe8ffd8,0x216c00,0x201f40,1040
ACameraActor,Engine,752,752,0,0x0,0x0,0x219470,0x1dd590,Engine,AActor,AActor,UObject,0x0,0x0,0x0,0x0,Engine,0x21a490,0x1dd590,0x1cf200,0x1bceb0,0xef89c0,0xe90190,0x216c30,0x201f70,752
AController,Engine,896,896,0,0x0,0x0,0x18eea0,0x1731d0,Engine,AActor,AActor,UObject,0x0,0x0,0x0,0x0,Engine,0x190330,0x1731d0,0x18ef30,0x16c710,0xee5b80,0xe82ae0,0x18c120,0x185cb0,896
ACrowdAgentBase,Engine,592,592,0,0x1,0x1,0x216a50,0x1e18e0,Engine,AActor,AActor,UObject,0x0,0x0,0x0,0x0,Engine,0x219cb0,0x1e18e0,0x1e10a0,0x1cb2a0,0xef7b78,0xe90f50,0x216600,0x201c70,592
ACullDistanceVolume,Engine,656,656,0,0x0,0x0,0x18c2f0,0x17de50,Engine,AVolume,AVolume,UObject,0x0,0x0,0x0,0x0,Engine,0x1938b0,0x17de50,0x191140,0x179960,0xee3288,0xe85268,0x18b1e0,0x1854a0,656
ADebugCameraController,Engine,1376,1376,0,0x4,0x4,0xfddb0,0xdce70,Engine,APlayerController,APlayerController,UObject,0x0,0x0,0x0,0x0,Input,0x101b10,0xdce70,0xd6cb0,0xd92a0,0xed59e8,0xe726c8,0xfd820,0xfe510,1376
ADecalActor,Engine,592,592,0,0x0,0x0,0xf9e80,0xe4000,Engine,ADecalActorBase,ADecalActorBase,UObject,0x0,0x0,0x0,0x0,Engine,0xfde60,0xe4000,0xfc3f0,0xdd160,0xed5658,0xe72a38,0xf9d70,0xfafa0,592
ADecalActorBase,Engine,592,592,0,0x1,0x1,0xf9df0,0xdd130,Engine,AActor,AActor,UObject,0x0,0x0,0x0,0x0,Engine,0xfc3c0,0xdd130,0xd6d00,0xd9300,0xed5820,0xe72880,0xf9d40,0xfaf70,592
ADecalActorMovable,Engine,592,592,0,0x0,0x0,0xf9f10,0xe4030,Engine,ADecalActorBase,ADecalActorBase,UObject,0x0,0x0,0x0,0x0,Engine,0xfde90,0xe4030,0xfc410,0xdd180,0xed5490,0xe72bf0,0xf9d70,0xfafa0,592
ADecalManager,Engine,656,656,0,0x4,0x4,0xfa030,0xde1c0,Engine,AActor,AActor,UObject,0x0,0x0,0x0,0x0,Game,0xfc5c0,0xde1c0,0xd7b90,0xd9f00,0xed5100,0xe72f60,0xf9da0,0xfafd0,656
ADefaultPhysicsVolume,Engine,704,704,0,0x8,0x8,0x18c000,0x183060,Engine,APhysicsVolume,APhysicsVolume,UObject,0x0,0x0,0x0,0x0,Engine,0x1957c0,0x183060,0x193780,0x17dc40,0xee4b78,0xe83a58,0x18b270,0x185530,704
ADirectionalLight,Engine,592,592,0,0x0,0x0,0x18e570,0x179160,Engine,ALight,ALight,UObject,0x0,0x0,0x0,0x0,Engine,0x190bd0,0x179160,0x18fdc0,0x172f30,0xee9480,0xe7f3e0,0x18cd30,0x1863e0,592
ADirectionalLightToggleable,Engine,592,592,0,0x0,0x0,0x18e720,0x17d730,Engine,ADirectionalLight,ADirectionalLight,UObject,0x0,0x0,0x0,0x0,Engine,0x193400,0x17d730,0x190c20,0x1791d0,0xee8f28,0xe7f908,0x18cd60,0x186410,592
ADisAbstractItemPickup,DishonoredGame,960,960,0,0x0,0x0,0x899c60,0x840500,DishonoredGame,ADisPickup_Base,ADisPickup_Base,UObject,0x0,0x0,0x0,0x0,Item,0x89c3f0,0x840500,0x887ba0,0x83ced0,0xff33f8,0xf742c8,0x898cf0,0x859b10,960
ADisAbstractItemPickupAudioLog,DishonoredGame,960,960,0,0x0,0x0,0x6a5650,0x648820,DishonoredGame,ADisAbstractItemPickup,ADisAbstractItemPickup,UObject,0x0,0x0,0x0,0x0,Item,0x6a70a0,0x648820,0x691eb0,0x6440a0,0xf78220,0xefd6f8,0x6a4890,0x65cbf0,960
ADisAbstractItemPickupNote,DishonoredGame,960,976,16,0x0,0x0,0x6788f0,0x61d500,DishonoredGame,ADisAbstractItemPickup,ADisAbstractItemPickup,UObject,0x0,0x0,0x0,0x0,Item,0x67a330,0x61d500,0x66a7e0,0x6199a0,0xf71ce0,0xef4d60,0x677c50,0x63db30,960
ADisAlarmBell,DishonoredGame,912,928,16,0x0,0x0,0x678d90,0x61e050,DishonoredGame,ADishonoredUsableObject,ADishonoredUsableObject,UObject,0x0,0x0,0x0,0x0,Engine,0x67c800,0x61e050,0x67bee0,0x619dd0,0xf6fcd0,0xef6c50,0x678d70,0x63f9a0,912
ADisAmbushPoint,DishonoredGame,640,640,0,0x0,0x0,0x6a5530,0x648320,DishonoredGame,AActor,AActor,UObject,0x0,0x0,0x0,0x0,Engine,0x6a7040,0x648320,0x691e00,0x643fc0,0xf78778,0xefd1d0,0x6a44e0,0x65c820,640
ADisAudioLogPlayer,DishonoredGame,800,848,48,0x0,0x0,0x678eb0,0x61e3b0,DishonoredGame,ADishonoredUsableObject,ADishonoredUsableObject,UObject,0x0,0x0,0x0,0x0,Engine,0x67c8f0,0x61e3b0,0x67bf20,0x619f80,0xf6f5b0,0xef7330,0x677af0,0x63d8f0,800
ADisBullet,DishonoredGame,800,800,0,0x0,0x0,0x899510,0x821a40,DishonoredGame,ADisProjectile,ADisProjectile,UObject,0x0,0x0,0x0,0x0,Engine,0x89f580,0x821a40,0x89e060,0x81d2e0,0xff6ec0,0xf709b8,0x898e00,0x83ab10,800
ADisBullet_Explosive,DishonoredGame,800,800,0,0x0,0x0,0x8995a0,0x829a00,DishonoredGame,ADisBullet,ADisBullet,UObject,0x0,0x0,0x0,0x0,Engine,0x8a03c0,0x829a00,0x89f5b0,0x821d10,0xff6b30,0xf70d28,0x898e50,0x83ab60,800
ADisClimbable,DishonoredGame,704,704,0,0x0,0x0,0x678f40,0x6230a0,DishonoredGame,ADishonoredKAsset,ADishonoredKAsset,UObject,0x0,0x0,0x0,0x0,Item,0x67b490,0x6230a0,0x67a440,0x61e590,0xf6f220,0xef76a0,0x677ad0,0x63d810,704
ADisCrusher,DishonoredGame,624,624,0,0x0,0x0,0x651770,0x5fa990,DishonoredGame,AActor,AActor,UObject,0x0,0x0,0x0,0x0,Engine,0x653900,0x5fa990,0x630170,0x5ea570,0xf68fc0,0xee8af8,0x650720,0x60ad00,624
ADisDLC05GameInfo,DishonoredGame,,5744,,,0x4,,0x8aabf0,,,ADishonoredGameInfo,UObject,,0x0,,0x0,Game,,0x8aabf0,,0x8a8240,,0xf876a8,,0x8bdc40,
ADisDLC05SkeletalBreakable,DishonoredGame,,672,,,0x0,,0x8c39f0,,,ADisSkeletalBreakable,UObject,,0x0,,0x0,Engine,,0x8c39f0,,0x8beef0,,0xf94858,,0x8e3830,
ADisDLC05WhaleOilBattery,DishonoredGame,,1120,,,0x0,,0x8c3a50,,,ADisWhaleOilBattery,UObject,,0x0,,0x0,Item,,0x8c3a50,,0x8bef80,,0xf94bc8,,0x8e6840,
ADisDLC05_Movable,DishonoredGame,,1072,,,0x0,,0x8c39c0,,,ADishonoredMovable,UObject,,0x0,,0x0,Item,,0x8c39c0,,0x8bee60,,0xf946a0,,0x8e6820,
ADisDLC06AssassinNPCPawn,DishonoredGame,,3584,,,0x4,,0x8f52e0,,,ADisDLC06NPCPawn,UObject,,0x0,,0x0,NPC,,0x8f52e0,,0x8f0480,,0xf9c958,,0x90b4f0,
ADisDLC06ButcherNPCPawn,DishonoredGame,,3584,,,0x4,,0x8f5340,,,ADisDLC06NPCPawn,UObject,,0x0,,0x0,NPC,,0x8f5340,,0x8f04c0,,0xf9ccc8,,0x90b530,
ADisDLC06DialogOneShot,DishonoredGame,,672,,,0x0,,0x8eb0f0,,,ADisDialogOneShot,UObject,,0x0,,0x0,Engine,,0x8eb0f0,,0x8e75d0,,0xf9ac20,,0x9080a0,
ADisDLC06Explosion,DishonoredGame,,656,,,0x0,,0x8eb000,,,ADisExplosion,UObject,,0x0,,0x0,Engine,,0x8eb000,,0x8e7510,,0xf9a6f8,,0x908030,
ADisDLC06Gadget_ArcMinePlaced,DishonoredGame,,688,,,0x0,,0x8c4920,,,ASkeletalMeshActor,UObject,,0x0,,0x0,DLC06Gadget,,0x8c4920,,0x8bfb60,,0xf98638,,0x8e4780,
ADisDLC06GameInfo,DishonoredGame,,5728,,,0x4,,0x8c3ca0,,,ADishonoredGameInfo,UObject,,0x0,,0x0,DLC06,,0x8c3ca0,,0x8bf170,,0xf94f38,,0x8e6b60,
ADisDLC06NPCAttachment,DishonoredGame,,1072,,,0x0,,0x8eb190,,,ADisNPCAttachment,UObject,,0x0,,0x0,Item,,0x8eb190,,0x8e7600,,0xf9add8,,0x90a8c0,
ADisDLC06NPCPawn,DishonoredGame,,3584,,,0x4,,0x8ebd30,,,ADishonoredNPCPawn,UObject,,0x0,,0x0,NPC,,0x8ebd30,,0x8e7a50,,0xf9ce80,,0x90b4d0,
ADisDLC06PlayerController,DishonoredGame,,1840,,,0x4,,0x8c3f80,,,ADishonoredPlayerController,UObject,,0x0,,0x0,Player,,0x8c3f80,,0x8bf230,,0xf952a8,,0x8e5e10,
ADisDLC06PlayerPawn,DishonoredGame,,4720,,,0x4,,0x8c4070,,,ADishonoredPlayerPawn,UObject,,0x0,,0x0,DLC06Player,,0x8c4070,,0x8bf300,,0xf95460,,0x8c3bf0,
ADisDLC06Projectile_Arrow_Explosive,DishonoredGame,,784,,,0x0,,0x8c4800,,,ADisProjectile_Arrow_Explosive,UObject,,0x0,,0x0,Engine,,0x8c4800,,0x8bf8f0,,0xf97be8,,0x8e4740,
ADisDLC06Projectile_SmokeGrenade,DishonoredGame,,752,,,0x0,,0x8c4830,,,ADisProjectile_Grenade,UObject,,0x0,,0x0,Engine,,0x8c4830,,0x8bfa10,,0xf97da0,,0x8e4760,
ADisDLC06Spawner,DishonoredGame,,1184,,,0x4,,0x8eb060,,,ADishonoredSpawner,UObject,,0x0,,0x0,NPC,,0x8eb060,,0x8e7550,,0xf9aa68,,0x908080,
ADisDLC06SummonedAssassinNPCPawn,DishonoredGame,,3616,,,0x4,,0x8fbb60,,,ADisDLC06AssassinNPCPawn,UObject,,0x0,,0x0,NPC,,0x8fbb60,,0x8f5560,,0xf9d1f0,,0x90b510,
ADisDLC06_TeleportDest,DishonoredGame,,592,,,0x0,,0x8ead40,,,AActor,UObject,,0x0,,0x0,Engine,,0x8ead40,,0x8e74e0,,0xf9a540,,0x907f00,
ADisDLC07AssassinNPCPawn,DishonoredGame,,3616,,,0x4,,0x8fea50,,,ADisDLC07NPCPawn,UObject,,0x0,,0x0,NPC,,0x8fea50,,0x8f7f40,,0xfa3ac8,,0x90b570,
ADisDLC07GameInfo,DishonoredGame,,5744,,,0x4,,0x8ec1d0,,,ADisDLC06GameInfo,UObject,,0x0,,0x0,DLC07,,0x8ec1d0,,0x8e7e90,,0xf9ea00,,0x90b340,
ADisDLC07GravehoundNPCPawn,DishonoredGame,,3616,,,0x4,,0x8feb80,,,ADisDLC07NPCPawn,UObject,,0x0,,0x0,NPC,,0x8feb80,,0x8f7fa0,,0xfa3ff0,,0x90b5d0,
ADisDLC07GravehoundSkull,DishonoredGame,,1072,,,0x0,,0x8ed5a0,,,ADishonoredMovable,UObject,,0x0,,0x0,Item,,0x8ed5a0,,0x8e8630,,0xfa1a20,,0x90a980,
ADisDLC07GravehoundSpawner,DishonoredGame,,1360,,,0x4,,0x8fe720,,,ADisDLC07Spawner,UObject,,0x0,,0x0,NPC,,0x8fe720,,0x8f7520,,0xfa1d90,,0x908390,
ADisDLC07MagicSuppressionVolume,DishonoredGame,,640,,,0x0,,0x90ce00,,,ADisToggleableVolume,UObject,,0x0,,0x0,Engine,,0x90ce00,,0x90bb90,,0xfa76f0,,0x910df0,
ADisDLC07NPCPawn,DishonoredGame,,3600,,,0x4,,0x8f1d50,,,ADisDLC06NPCPawn,UObject,,0x0,,0x0,NPC,,0x8f1d50,,0x8ee240,,0xfa41a8,,0x90b550,
ADisDLC07PlayerController,DishonoredGame,,1840,,,0x4,,0x8ec300,,,ADisDLC06PlayerController,UObject,,0x0,,0x0,Player,,0x8ec300,,0x8e7f40,,0xf9ed70,,0x908f50,
ADisDLC07PlayerPawn,DishonoredGame,,4752,,,0x4,,0x8ec3c0,,,ADisDLC06PlayerPawn,UObject,,0x0,,0x0,DLC07Player,,0x8ec3c0,,0x8e7fe0,,0xf9f450,,0x902350,
ADisDLC07RiverKrust,DishonoredGame,,1024,,,0x0,,0x8ed840,,,ADisRiverKrust,UObject,,0x0,,0x0,Engine,,0x8ed840,,0x8e8910,,0xfa22b8,,0x90b4b0,
ADisDLC07RiverKrustProjectile,DishonoredGame,,784,,,0x0,,0x8ed9f0,,,ADisProjectile_Arrow,UObject,,0x0,,0x0,Engine,,0x8ed9f0,,0x8e8a20,,0xfa2628,,0x908400,
ADisDLC07SkeletalMovable,DishonoredGame,,720,,,0x0,,0x8edab0,,,ADishonoredKAsset,UObject,,0x0,,0x0,Item,,0x8edab0,,0x8e8b00,,0xfa2998,,0x908420,
ADisDLC07Spawner,DishonoredGame,,1184,,,0x4,,0x8f1820,,,ADisDLC06Spawner,UObject,,0x0,,0x0,NPC,,0x8f1820,,0x8edcf0,,0xfa2d08,,0x9082e0,
ADisDLC07SummonedAssassinNPCPawn,DishonoredGame,,3632,,,0x4,,0x9038f0,,,ADisDLC07AssassinNPCPawn,UObject,,0x0,,0x0,NPC,,0x9038f0,,0x8ff670,,0xfa4518,,0x90b590,
ADisDLC07TentacleNPCPawn,DishonoredGame,,3600,,,0x4,,0x8f8110,,,ADisDLC07NPCPawn,UObject,,0x0,,0x0,NPC,,0x8f8110,,0x8f25d0,,0xfa4888,,0x90b5b0,
ADisDLC07TentacleSpawner,DishonoredGame,,1200,,,0x4,,0x8f7bf0,,,ADisDLC07Spawner,UObject,,0x0,,0x0,NPC,,0x8f7bf0,,0x8f1ab0,,0xfa3078,,0x908300,
ADisDLC07TriggerGrannyRecipe,DishonoredGame,,656,,,0x0,,0x8edf20,,,ADisTrigger,UObject,,0x0,,0x0,Engine,,0x8edf20,,0x8e8e50,,0xfa33e8,,0x908320,
ADisDLC07WhaleBoneCharmCracked,DishonoredGame,,976,,,0x0,,0x8edf50,,,ADisPickup_Base,UObject,,0x0,,0x0,Item,,0x8edf50,,0x8e8eb0,,0xfa35a0,,0x908340,
ADisDebugNPCCamera,DishonoredGame,1040,1040,0,0x8,0x8,0x7be810,0x74e5d0,DishonoredGame,ACamera,ACamera,UObject,0x0,0x0,0x0,0x0,Engine,0x7becf0,0x74e5d0,0x7aafc0,0x74a900,0xfbb678,0xf38a28,0x7be7a0,0x767ba0,1040
ADisDebugNPCController,DishonoredGame,1344,1344,0,0x4,0x4,0x7bf230,0x74e600,DishonoredGame,ADisPlayerControllerBase,ADisPlayerControllerBase,UObject,0x0,0x0,0x0,0x0,Player,0x7bfcb0,0x74e600,0x7aafe0,0x74aa00,0xfbb4b0,0xf38be0,0x7bee40,0x769b40,1344
ADisDecalManager,DishonoredGame,656,656,0,0x4,0x4,0x83eaf0,0x7be4e0,DishonoredGame,ADecalManager,ADecalManager,UObject,0x0,0x0,0x0,0x0,Game,0x83fd50,0x7be4e0,0x8232b0,0x7ba8e0,0xfde328,0xf55510,0x83e9d0,0x7e1bf0,656
ADisDefenceTower,DishonoredGame,672,672,0,0x0,0x0,0x652300,0x61c1e0,DishonoredGame,AActor,AActor,UObject,0x0,0x0,0x0,0x0,Engine,0x653c40,0x61c1e0,0x6310c0,0x6180e0,0xf60db8,0xef12f0,0x650750,0x63d770,672
ADisDetectionEye,DishonoredGame,672,672,0,0x0,0x0,0x652420,0x61c360,DishonoredGame,ASkeletalMeshActor,ASkeletalMeshActor,UObject,0x0,0x0,0x0,0x0,Engine,0x653c70,0x61c360,0x631300,0x618230,0xf60860,0xef1818,0x650bc0,0x63daf0,672
ADisDialogInanimateDummy,DishonoredGame,624,656,32,0x0,0x0,0x6a5140,0x6475a0,DishonoredGame,AActor,AActor,UObject,0x0,0x0,0x0,0x0,Engine,0x6a6f10,0x6475a0,0x691ad0,0x643c60,0xf795b8,0xefc410,0x6a48b0,0x65cb30,624
ADisDialogOneShot,DishonoredGame,640,640,0,0x0,0x0,0x6a51d0,0x6475d0,DishonoredGame,AActor,AActor,UObject,0x0,0x0,0x0,0x0,Engine,0x6a6f40,0x6475d0,0x691c20,0x643e10,0xf793f0,0xefc5c8,0x6a4910,0x65cb90,640
ADisDialogOneShot_HeartGadget,DishonoredGame,640,640,0,0x0,0x0,0x6a5260,0x64cab0,DishonoredGame,ADisDialogOneShot,ADisDialogOneShot,UObject,0x0,0x0,0x0,0x0,Engine,0x6a81f0,0x64cab0,0x6a6f70,0x647680,0xf79228,0xefc780,0x6a4940,0x65cbc0,640
ADisDoor,DishonoredGame,1104,1104,0,0x0,0x0,0x679040,0x61e870,DishonoredGame,ADishonoredUsableObject,ADishonoredUsableObject,UObject,0x0,0x0,0x0,0x0,Engine,0x67c920,0x61e870,0x67bf70,0x61a360,0xf6ee90,0xef7a10,0x677a70,0x63fae0,1104
ADisElixirHealth,DishonoredGame,960,960,0,0x0,0x0,0x678980,0x631ab0,DishonoredGame,ADisPickup_Base,ADisPickup_Base,UObject,0x0,0x0,0x0,0x0,Item,0x67c640,0x631ab0,0x67bd90,0x62a980,0xf71950,0xef50d0,0x677c70,0x63db50,960
ADisElixirMana,DishonoredGame,960,960,0,0x0,0x0,0x678a10,0x631ae0,DishonoredGame,ADisPickup_Base,ADisPickup_Base,UObject,0x0,0x0,0x0,0x0,Item,0x67c690,0x631ae0,0x67bdb0,0x62a9d0,0xf715c0,0xef5440,0x677c90,0x63db70,960
ADisEmitterCameraLensEffect,DishonoredGame,640,640,0,0x0,0x0,0x85a340,0x8003f0,DishonoredGame,AEmitterCameraLensEffectBase,AEmitterCameraLensEffectBase,UObject,0x0,0x0,0x0,0x0,Engine,0x85b6a0,0x8003f0,0x849810,0x7feaf0,0xfe1318,0xf5cf30,0x85a2e0,0x817b10,640
ADisEmitterCameraLensEffect_Looping,DishonoredGame,672,672,0,0x0,0x0,0x651800,0x5fa9c0,DishonoredGame,ADisEmitterCameraLensEffect,ADisEmitterCameraLensEffect,UObject,0x0,0x0,0x0,0x0,Engine,0x653930,0x5fa9c0,0x630280,0x5ea690,0xf68df8,0xee8cb0,0x651340,0x60b930,672
ADisExplosion,DishonoredGame,624,624,0,0x0,0x0,0x651890,0x5fa9f0,DishonoredGame,AActor,AActor,UObject,0x0,0x0,0x0,0x0,Engine,0x653960,0x5fa9f0,0x6304b0,0x5ea8f0,0xf68c30,0xee8e68,0x6507f0,0x60ad50,624
ADisFish,DishonoredGame,672,688,16,0x0,0x0,0x651920,0x5fab20,DishonoredGame,AActor,AActor,UObject,0x0,0x0,0x0,0x0,Engine,0x653990,0x5fab20,0x630570,0x5eaa40,0xf686d8,0xee9390,0x650810,0x60b9a0,672
ADisFleePointActor,DishonoredGame,592,592,0,0x0,0x0,0x6a50b0,0x647380,DishonoredGame,AActor,AActor,UObject,0x0,0x0,0x0,0x0,Engine,0x6a6ee0,0x647380,0x691a90,0x643c10,0xf79948,0xefc0a0,0x6a4530,0x65c870,592
ADisFog,Engine,,608,,,0x0,,0xe05e0,,,AInfo,UObject,,0x0,,0x0,Engine,,0xe05e0,,0xda4e0,,0xe73b68,,0xfb4d0,
ADisForbiddenZone,DishonoredGame,672,672,0,0x0,0x0,0x8ea2d0,0x892ae0,DishonoredGame,ADisToggleableVolume,ADisToggleableVolume,UObject,0x0,0x0,0x0,0x0,Engine,0x8ef5d0,0x892ae0,0x8ee3b0,0x88c080,0x10050c0,0xf7d180,0x8e8fa0,0x89a780,672
ADisGadget_SpringRazorPlaced,DishonoredGame,672,672,0,0x0,0x0,0x899480,0x8214d0,DishonoredGame,ASkeletalMeshActor,ASkeletalMeshActor,UObject,0x0,0x0,0x0,0x0,Gadget,0x89c2b0,0x8214d0,0x886ea0,0x81d000,0xff77a8,0xf70120,0x899460,0x83ac70,672
ADisGameCrowdAgentSkeletalRat,DishonoredGame,1152,1152,0,0x0,0x0,0x8ca0b0,0x8682f0,DishonoredGame,AGameCrowdAgentSkeletal,AGameCrowdAgentSkeletal,UObject,0x0,0x0,0x0,0x0,Engine,0x8cc030,0x8682f0,0x8b0260,0x864af0,0xfff660,0xf78b00,0x8ca070,0x87fb50,1152
ADisGameCrowdDynamicSpawnPoint,DishonoredGame,640,640,0,0x0,0x0,0x8ca140,0x8685a0,DishonoredGame,AActor,AActor,UObject,0x0,0x0,0x0,0x0,Engine,0x8cc060,0x8685a0,0x8b07a0,0x864ff0,0xfff108,0xf79028,0x8ca010,0x87faf0,640
ADisGenericPickup,DishonoredGame,960,960,0,0x0,0x0,0x678aa0,0x631b10,DishonoredGame,ADisPickup_Base,ADisPickup_Base,UObject,0x0,0x0,0x0,0x0,Item,0x67c6e0,0x631b10,0x67bdd0,0x62aa20,0xf71230,0xef57b0,0x677cb0,0x63db90,960
ADisGrenade,DishonoredGame,720,720,0,0x0,0x0,0x899630,0x821d50,DishonoredGame,ADishonoredKAsset,ADishonoredKAsset,UObject,0x0,0x0,0x0,0x0,Item,0x89c2e0,0x821d50,0x8871b0,0x81d510,0xff67a0,0xf71098,0x898da0,0x83aaf0,720
ADisGuardWatchPoint,DishonoredGame,608,608,0,0x0,0x0,0x6a4e70,0x647080,DishonoredGame,AActor,AActor,UObject,0x0,0x0,0x0,0x0,Engine,0x6a6d90,0x647080,0x6917b0,0x643720,0xf7a5c0,0xefb498,0x6a4770,0x65ca30,608
ADisHideoutAccessPoint,DishonoredGame,624,624,0,0x0,0x0,0x6519b0,0x61b1d0,DishonoredGame,AActor,AActor,UObject,0x0,0x0,0x0,0x0,Engine,0x6539c0,0x61b1d0,0x630890,0x617b60,0xf68180,0xee98e8,0x6506c0,0x63d680,624
ADisHideoutVolume,DishonoredGame,640,640,0,0x0,0x0,0x8ea360,0x88b4f0,DishonoredGame,AVolume,AVolume,UObject,0x0,0x0,0x0,0x0,Engine,0x8ec810,0x88b4f0,0x8d9690,0x88adc0,0x1004ef8,0xf7d338,0x8e8eb0,0x89a720,640
ADisInterpActor,DishonoredGame,,672,,,0x0,,0x61ba90,,,AInterpActor,UObject,,0x0,,0x0,Engine,,0x61ba90,,0x617dc0,,0xef01c0,,0x63d860,
ADisKey_Base,DishonoredGame,960,976,16,0x0,0x0,0x678b30,0x631b40,DishonoredGame,ADisPickup_Base,ADisPickup_Base,UObject,0x0,0x0,0x0,0x0,Item,0x67c730,0x631b40,0x67bdf0,0x62aa70,0xf70ea0,0xef5b20,0x677cd0,0x63dbb0,960
ADisMovableLimb,DishonoredGame,1040,1072,32,0x0,0x0,0x6ac700,0x646960,DishonoredGame,ADishonoredKAsset,ADishonoredKAsset,UObject,0x0,0x0,0x0,0x0,Item,0x6ad8a0,0x646960,0x691070,0x642ba0,0xf7bce8,0xef9760,0x6ac6e0,0x65f730,1040
ADisNPCAttachment,DishonoredGame,,1072,,,0x0,,0x64afc0,,,ADishonoredMovable,UObject,,0x0,,0x0,Item,,0x64afc0,,0x646b20,,0xef9c88,,0x65edc0,
ADisNPCDistractor,DishonoredGame,592,592,0,0x0,0x0,0x6a4f90,0x647220,DishonoredGame,AActor,AActor,UObject,0x0,0x0,0x0,0x0,Engine,0x6a6e80,0x647220,0x691990,0x643990,0xf79ea0,0xefbb78,0x6a4840,0x65cb00,592
ADisPickup_Base,DishonoredGame,944,960,16,0x1,0x1,0x678bc0,0x622690,DishonoredGame,ADishonoredKActor,ADishonoredKActor,UObject,0x0,0x0,0x0,0x0,Item,0x67b0a0,0x622690,0x67a360,0x61d5d0,0xf70b10,0xef5e90,0x677c30,0x63db10,944
ADisPlayerAudioLogDummyActor,DishonoredGame,624,656,32,0x0,0x0,0x6a5790,0x648880,DishonoredGame,AActor,AActor,UObject,0x0,0x0,0x0,0x0,Engine,0x6a70d0,0x648880,0x691ef0,0x644150,0xf77e90,0xefda68,0x6a4750,0x65ca10,624
ADisPlayerControllerBase,DishonoredGame,1344,1344,0,0x5,0x5,0x719dd0,0x6c4670,DishonoredGame,AGamePlayerController,AGamePlayerController,UObject,0x0,0x0,0x0,0x0,Game,0x71b980,0x6c4670,0x6fbac0,0x6bfcd0,0xf956f0,0xf18ba0,0x719900,0x6de280,1344
ADisPossessablePawn,DishonoredGame,2032,2224,192,0x5,0x5,0x7c72b0,0x751d90,DishonoredGame,ADishonoredPawn,ADishonoredPawn,UObject,0x0,0x0,0x0,0x0,Pawn,0x7c8040,0x751d90,0x7aaf40,0x74e1c0,0xfbca10,0xf37740,0x7c7270,0x76d9e0,2032
ADisPossessionProxyPawn,DishonoredGame,2048,2224,176,0x4,0x4,0x860bd0,0x7e9bf0,DishonoredGame,ADisPossessablePawn,ADisPossessablePawn,UObject,0x0,0x0,0x0,0x0,Pawn,0x861340,0x7e9bf0,0x849200,0x7e7840,0xfe2c08,0xf5b558,0x8601d0,0x7feaa0,2048
ADisPossessionVolume,DishonoredGame,640,640,0,0x0,0x0,0x8ea3f0,0x88b560,DishonoredGame,AVolume,AVolume,UObject,0x0,0x0,0x0,0x0,Engine,0x8ec840,0x88b560,0x8d96d0,0x88ae10,0x1004d30,0xf7d4f0,0x8e9180,0x89a8b0,640
ADisProjectile,DishonoredGame,736,736,0,0x1,0x1,0x8996c0,0x83f090,DishonoredGame,AActor,AActor,UObject,0x0,0x0,0x0,0x0,Engine,0x89c310,0x83f090,0x8873f0,0x83c720,0xff6080,0xf717d0,0x898de0,0x859b50,736
ADisProjectileLauncher,DishonoredGame,688,704,16,0x0,0x0,0x6783e0,0x628250,DishonoredGame,ADisSkeletalBreakable,ADisSkeletalBreakable,UObject,0x0,0x0,0x0,0x0,Engine,0x67bb90,0x628250,0x67aa20,0x6215a0,0xf74248,0xef2948,0x677b50,0x63d930,688
ADisProjectile_Arrow,DishonoredGame,768,768,0,0x0,0x0,0x899750,0x843b20,DishonoredGame,ADisProjectile,ADisProjectile,UObject,0x0,0x0,0x0,0x0,Engine,0x89e3a0,0x843b20,0x89c340,0x83f860,0xff5cf0,0xf71b40,0x898ea0,0x859b70,768
ADisProjectile_Arrow_Explosive,DishonoredGame,784,784,0,0x0,0x0,0x8997e0,0x84b350,DishonoredGame,ADisProjectile_Arrow,ADisProjectile_Arrow,UObject,0x0,0x0,0x0,0x0,Engine,0x89f620,0x84b350,0x89e4f0,0x844780,0xff5798,0xf72068,0x898ec0,0x859b90,784
ADisProjectile_Arrow_Flare,DishonoredGame,784,784,0,0x0,0x0,0x899870,0x84b3b0,DishonoredGame,ADisProjectile_Arrow,ADisProjectile_Arrow,UObject,0x0,0x0,0x0,0x0,Engine,0x89f650,0x84b3b0,0x89e5a0,0x8447c0,0xff5408,0xf723d8,0x898ee0,0x859bb0,784
ADisProjectile_Grenade,DishonoredGame,752,752,0,0x0,0x0,0x899900,0x850c30,DishonoredGame,ADisProjectile_GrenadeBase,ADisProjectile_GrenadeBase,UObject,0x0,0x0,0x0,0x0,Engine,0x8a0460,0x850c30,0x89f680,0x84b420,0xff5240,0xf72590,0x898f20,0x859bf0,752
ADisProjectile_GrenadeBase,DishonoredGame,752,752,0,0x1,0x1,0x899990,0x8448c0,DishonoredGame,ADisProjectile,ADisProjectile,UObject,0x0,0x0,0x0,0x0,Engine,0x89e650,0x8448c0,0x89c360,0x83fc20,0xff4eb0,0xf72900,0x898f00,0x859bd0,752
ADisProjectile_StickyGrenade,DishonoredGame,752,752,0,0x0,0x0,0x899a20,0x84b550,DishonoredGame,ADisProjectile_GrenadeBase,ADisProjectile_GrenadeBase,UObject,0x0,0x0,0x0,0x0,Engine,0x89f6c0,0x84b550,0x89e710,0x844980,0xff4b20,0xf72c70,0x898f40,0x859c10,752
ADisProjectile_ThrownObject,DishonoredGame,736,736,0,0x0,0x0,0x899ab0,0x844a00,DishonoredGame,ADisProjectile,ADisProjectile,UObject,0x0,0x0,0x0,0x0,Engine,0x89e7c0,0x844a00,0x89c380,0x83ff10,0xff4790,0xf72fe0,0x898f60,0x859c30,736
ADisProjectile_Whiskey,DishonoredGame,752,752,0,0x0,0x0,0x899b40,0x844ac0,DishonoredGame,ADisProjectile,ADisProjectile,UObject,0x0,0x0,0x0,0x0,Engine,0x89e880,0x844ac0,0x89c3a0,0x8400d0,0xff4400,0xf73350,0x898fb0,0x859c80,752
ADisProtectionTuneSource,DishonoredGame,624,624,0,0x0,0x0,0x651f10,0x61bac0,DishonoredGame,AActor,AActor,UObject,0x0,0x0,0x0,0x0,Engine,0x653af0,0x61bac0,0x630c00,0x617e30,0xf61dc0,0xef0378,0x650a80,0x63d890,624
ADisPylon,DishonoredGame,960,960,0,0x0,0x0,0x6a8160,0x6472a0,DishonoredGame,APylon,APylon,UObject,0x0,0x0,0x0,0x0,Engine,0x6a8920,0x6472a0,0x6919d0,0x643a50,0xf79cd8,0xefbd30,0x6a7eb0,0x65e050,960
ADisRatRepulsor,DishonoredGame,608,608,0,0x0,0x0,0x651fa0,0x61bcd0,DishonoredGame,AActor,AActor,UObject,0x0,0x0,0x0,0x0,Engine,0x653b20,0x61bcd0,0x630c40,0x617ea0,0xf61a30,0xef06e8,0x651310,0x63dd40,608
ADisRatSpawner,DishonoredGame,704,704,0,0x0,0x0,0x6a4b10,0x646e40,DishonoredGame,ADisGameCrowdDynamicSpawnPoint,ADisGameCrowdDynamicSpawnPoint,UObject,0x0,0x0,0x0,0x0,Engine,0x6a6cc0,0x646e40,0x6916a0,0x643450,0xf7b5c8,0xefa520,0x6a4af0,0x65cf60,704
ADisRatSwarm,DishonoredGame,800,800,0,0x0,0x0,0x8ca260,0x86cad0,DishonoredGame,ADisGameCrowdDynamicSpawnPoint,ADisGameCrowdDynamicSpawnPoint,UObject,0x0,0x0,0x0,0x0,Engine,0x8cd050,0x86cad0,0x8cc300,0x868a70,0xffed78,0xf79398,0x8ca050,0x87fb30,800
ADisRiverKrust,DishonoredGame,992,1008,16,0x0,0x0,0x6ac7c0,0x6489a0,DishonoredGame,AActor,AActor,UObject,0x0,0x0,0x0,0x0,Engine,0x6ad8d0,0x6489a0,0x6921b0,0x6445c0,0xf775a8,0xefe4b8,0x6ac6c0,0x65f780,992
ADisRiverKrustBodyPart,DishonoredGame,912,912,0,0x0,0x0,0x6a5820,0x648e40,DishonoredGame,ADishonoredKActor,ADishonoredKActor,UObject,0x0,0x0,0x0,0x0,Item,0x6a7100,0x648e40,0x6925b0,0x644a60,0xf773e0,0xefe828,0x6a47b0,0x65ca70,912
ADisSkeletalBreakable,DishonoredGame,672,672,0,0x0,0x0,0x678470,0x61ca50,DishonoredGame,ASkeletalMeshActor,ASkeletalMeshActor,UObject,0x0,0x0,0x0,0x0,Engine,0x67a220,0x61ca50,0x669c90,0x618be0,0xf74080,0xef2b00,0x677a30,0x63d8d0,672
ADisSkeletalMeshActorMAT,DishonoredGame,656,672,16,0x0,0x0,0x6c8d00,0x682210,DishonoredGame,ASkeletalMeshActorMAT,ASkeletalMeshActorMAT,UObject,0x0,0x0,0x0,0x0,Engine,0x6ca1f0,0x682210,0x6b1cf0,0x67d770,0xf7cfe0,0xf09788,0x6c73a0,0x69e4f0,656
ADisSoundCaptureBox,DishonoredGame,592,592,0,0x0,0x0,0x814c50,0x78c130,DishonoredGame,AActor,AActor,UObject,0x0,0x0,0x0,0x0,Game,0x816da0,0x78c130,0x7f4020,0x787470,0xfd5978,0xf50970,0x814340,0x7b0690,592
ADisSoundSource,DishonoredGame,608,608,0,0x0,0x0,0x6520c0,0x61bff0,DishonoredGame,AActor,AActor,UObject,0x0,0x0,0x0,0x0,Engine,0x653b80,0x61bff0,0x630f60,0x617fb0,0xf616a0,0xef0a58,0x650ac0,0x63d950,608
ADisSpeakerGroup_PA,DishonoredGame,640,672,32,0x0,0x0,0x6a5380,0x64ced0,DishonoredGame,ADisDialogInanimateDummy,ADisDialogInanimateDummy,UObject,0x0,0x0,0x0,0x0,Engine,0x6a8220,0x64ced0,0x6a6fc0,0x647730,0xf78cd0,0xefcca8,0x6a48d0,0x65cb50,640
ADisSpeaker_PA,DishonoredGame,1024,1072,48,0x0,0x0,0x6aa930,0x647700,DishonoredGame,ADishonoredBreakable,ADishonoredBreakable,UObject,0x0,0x0,0x0,0x0,Item,0x6ac790,0x647700,0x691cd0,0x643f20,0xf78e98,0xefcaf0,0x6a9ee0,0x65ee00,1024
ADisSplineLoftActor,DishonoredGame,752,752,0,0x0,0x0,0x652270,0x61c160,DishonoredGame,ASplineLoftActor,ASplineLoftActor,UObject,0x0,0x0,0x0,0x0,Engine,0x653c10,0x61c160,0x631030,0x618050,0xf60f80,0xef1138,0x651380,0x63dd70,752
ADisSpotLightMovable,DishonoredGame,608,608,0,0x0,0x0,0x8e97a0,0x8693f0,DishonoredGame,ASpotLightMovable,ASpotLightMovable,UObject,0x0,0x0,0x0,0x0,Engine,0x8ebdc0,0x8693f0,0x8d9040,0x865680,0x1008468,0xf79fa0,0x8e8f40,0x87fa80,608
ADisStatPickup,DishonoredGame,992,1024,32,0x0,0x0,0x678c50,0x62b5e0,DishonoredGame,ADisPickup_Base,ADisPickup_Base,UObject,0x0,0x0,0x0,0x0,Item,0x67be10,0x62b5e0,0x67b0d0,0x622780,0xf70948,0xef6048,0x677cf0,0x63dbd0,992
ADisStaticCollisionActor,DishonoredGame,608,608,0,0x0,0x0,0x652150,0x61c080,DishonoredGame,AStaticMeshActor,AStaticMeshActor,UObject,0x0,0x0,0x0,0x0,Engine,0x653bb0,0x61c080,0x630fa0,0x618000,0xf61310,0xef0dc8,0x650b20,0x63d9b0,608
ADisStaticMeshActor,DishonoredGame,608,608,0,0x0,0x0,0x6521e0,0x61c110,DishonoredGame,AStaticMeshActor,AStaticMeshActor,UObject,0x0,0x0,0x0,0x0,Engine,0x653be0,0x61c110,0x631010,0x618030,0xf61148,0xef0f80,0x6513c0,0x63ddb0,608
ADisStealthVolume,DishonoredGame,656,656,0,0x0,0x0,0x8ea4b0,0x88b5c0,DishonoredGame,AVolume,AVolume,UObject,0x0,0x0,0x0,0x0,Engine,0x8ec870,0x88b5c0,0x8d96f0,0x88ae40,0x1004b68,0xf7d6a8,0x8ea480,0x89aa50,656
ADisTallboyAttachment,DishonoredGame,1056,1072,16,0x0,0x0,0x7ecd90,0x64fdf0,DishonoredGame,ADishonoredMovable,ADisNPCAttachment,UObject,0x0,0x0,0x0,0x0,Item,0x7eeea0,0x64fdf0,0x7c9930,0x64b020,0xfd2088,0xef9ff8,0x7ecd70,0x65ede0,1056
ADisTallboyNPCPawn,DishonoredGame,3392,3632,240,0x4,0x4,0x7f00e0,0x7719e0,DishonoredGame,ADishonoredNPCPawn,ADishonoredNPCPawn,UObject,0x0,0x0,0x0,0x0,NPC,0x7f0bf0,0x7719e0,0x7c9990,0x76eee0,0xfd1b30,0xf3a080,0x7efc10,0x785030,3392
ADisTetherVolume,DishonoredGame,640,640,0,0x0,0x0,0x8ea540,0x892b10,DishonoredGame,ADisToggleableVolume,ADisToggleableVolume,UObject,0x0,0x0,0x0,0x0,Engine,0x8ef600,0x892b10,0x8ee3d0,0x88c350,0x10049a0,0xf7d860,0x8e8fd0,0x89a7b0,640
ADisToggleableVolume,DishonoredGame,640,640,0,0x1,0x1,0x8ea5d0,0x88b720,DishonoredGame,AVolume,AVolume,UObject,0x0,0x0,0x0,0x0,Engine,0x8ec8a0,0x88b720,0x8d9720,0x88ae80,0x10047d8,0xf7da18,0x8e8f70,0x89a750,640
ADisTravelSpawner,DishonoredGame,1184,1200,16,0x4,0x4,0x6a4c30,0x64b850,DishonoredGame,ADishonoredSpawner,ADishonoredSpawner,UObject,0x0,0x0,0x0,0x0,NPC,0x6a8050,0x64b850,0x6a6d10,0x646f70,0xf7ace0,0xefadb8,0x6a4820,0x65cae0,1184
ADisTrigger,DishonoredGame,624,624,0,0x0,0x0,0x678500,0x61cb30,DishonoredGame,ATrigger,ATrigger,UObject,0x0,0x0,0x0,0x0,Engine,0x67a250,0x61cb30,0x66a010,0x618e70,0xf73960,0xef31e0,0x677b70,0x63d9f0,624
ADisTriggerAbstractItem,DishonoredGame,640,640,0,0x0,0x0,0x678590,0x621950,DishonoredGame,ADisTrigger,ADisTrigger,UObject,0x0,0x0,0x0,0x0,Engine,0x67abf0,0x621950,0x67a280,0x61cc30,0xf735d0,0xef3550,0x677b90,0x63da10,640
ADisTripwire,DishonoredGame,656,672,16,0x0,0x0,0x678620,0x61ce10,DishonoredGame,ASkeletalMeshActor,ASkeletalMeshActor,UObject,0x0,0x0,0x0,0x0,Engine,0x67a2a0,0x61ce10,0x66a190,0x618fe0,0xf73240,0xef38c0,0x677bb0,0x63da30,656
ADisUpgrade,DishonoredGame,624,624,0,0x0,0x0,0x6791f0,0x645a00,DishonoredGame,AActor,AActor,UObject,0x0,0x0,0x0,0x0,Engine,0x67a480,0x645a00,0x66b550,0x6424a0,0xf6dcc0,0xef8b58,0x677bd0,0x65c9f0,624
ADisWallOfLight,DishonoredGame,768,768,0,0x0,0x0,0x6786b0,0x61cf60,DishonoredGame,ADynamicSMActor,ADynamicSMActor,UObject,0x0,0x0,0x0,0x0,Engine,0x67a2d0,0x61cf60,0x66a2b0,0x6191f0,0xf73078,0xef3a78,0x677d30,0x63dc10,768
ADisWatchTower,DishonoredGame,1024,1024,0,0x0,0x0,0x6821c0,0x61d050,DishonoredGame,AActor,AActor,UObject,0x0,0x0,0x0,0x0,Engine,0x685d90,0x61d050,0x66a450,0x619540,0xf725c8,0xef44c8,0x681660,0x642020,1024
ADisWatchTowerPlatform,DishonoredGame,608,608,0,0x0,0x0,0x6787d0,0x61d480,DishonoredGame,AActor,AActor,UObject,0x0,0x0,0x0,0x0,Engine,0x67a300,0x61d480,0x66a750,0x619870,0xf72070,0xef49f0,0x677bf0,0x63da50,608
ADisWaterSource,DishonoredGame,768,784,16,0x0,0x0,0x678860,0x61d4d0,DishonoredGame,ADishonoredUsableObject,ADishonoredUsableObject,UObject,0x0,0x0,0x0,0x0,Engine,0x67c610,0x61d4d0,0x67bd40,0x619900,0xf71ea8,0xef4ba8,0x677b30,0x63d910,768
ADisWhaleBoneCharm,DishonoredGame,960,976,16,0x0,0x0,0x678ce0,0x62b670,DishonoredGame,ADisPickup_Base,ADisPickup_Base,UObject,0x0,0x0,0x0,0x0,Item,0x67be90,0x62b670,0x67b2a0,0x622920,0xf70228,0xef6728,0x677d10,0x63dbf0,960
ADisWhaleOilBattery,DishonoredGame,1104,1120,16,0x0,0x0,0x8f0af0,0x869420,DishonoredGame,ADishonoredMovable,ADishonoredMovable,UObject,0x0,0x0,0x0,0x0,Item,0x8f2020,0x869420,0x8d9060,0x8656b0,0x10082a0,0xf7a158,0x8f0a50,0x888790,1104
ADisWhaleOilReceptacle,DishonoredGame,688,688,0,0x0,0x0,0x8e9830,0x869820,DishonoredGame,ADynamicSMActor,ADynamicSMActor,UObject,0x0,0x0,0x0,0x0,Engine,0x8ebdf0,0x869820,0x8d91f0,0x865c10,0x10079b8,0xf7a9f0,0x8e9000,0x87fab0,688
ADisWhiskeyBottle,DishonoredGame,704,704,0,0x0,0x0,0x899bd0,0x840290,DishonoredGame,ADishonoredKAsset,ADishonoredKAsset,UObject,0x0,0x0,0x0,0x0,Item,0x89c3c0,0x840290,0x887a20,0x83cc50,0xff4070,0xf736c0,0x898dc0,0x859b30,704
ADishonoredAudioListenerTest,DishonoredGame,672,672,0,0x0,0x0,0x818b60,0x78bdc0,DishonoredGame,AActor,AActor,UObject,0x0,0x0,0x0,0x0,Engine,0x81b430,0x78bdc0,0x7f3d90,0x786db0,0xfd6458,0xf4ff20,0x818490,0x7b5fd0,672
ADishonoredAudioPortal,DishonoredGame,720,720,0,0x0,0x0,0x814a10,0x78be00,DishonoredGame,AGenericPortal,AGenericPortal,UObject,0x0,0x0,0x0,0x0,Engine,0x816ce0,0x78be00,0x7f3dc0,0x786dd0,0xfd6290,0xf500d8,0x814290,0x7b0600,720
ADishonoredAudioVolume,DishonoredGame,688,688,0,0x0,0x0,0x814bc0,0x78c0e0,DishonoredGame,AInOutVolume,AInOutVolume,UObject,0x0,0x0,0x0,0x0,Engine,0x816d70,0x78c0e0,0x7f3fa0,0x7873f0,0xfd5b40,0xf507b8,0x814310,0x7b0660,688
ADishonoredAutoTestManager,DishonoredGame,784,784,0,0x4,0x4,0x85a110,0x7eb480,DishonoredGame,AAutoTestManager,AAutoTestManager,UObject,0x0,0x0,0x0,0x0,Game,0x85b480,0x7eb480,0x849750,0x7e7f30,0xfe1c00,0xf5c688,0x85a0a0,0x7fbbd0,784
ADishonoredBreakable,DishonoredGame,1008,1008,0,0x0,0x0,0x65c810,0x626120,DishonoredGame,ADishonoredKActor,ADishonoredKActor,UObject,0x0,0x0,0x0,0x0,Item,0x65f060,0x626120,0x631390,0x620980,0xf604d0,0xef1b88,0x658410,0x641de0,1008
ADishonoredBreakableNavBlock,DishonoredGame,1072,1072,0,0x0,0x0,0x65c8d0,0x630570,DishonoredGame,ADishonoredBreakable,ADishonoredBreakable,UObject,0x0,0x0,0x0,0x0,Item,0x660fb0,0x630570,0x65f090,0x627100,0xf60140,0xef1ef8,0x658430,0x642070,1072
ADishonoredDecalActor,DishonoredGame,592,592,0,0x0,0x0,0x652df0,0x5fb390,DishonoredGame,ADishonoredDecalActorBase,ADishonoredDecalActorBase,UObject,0x0,0x0,0x0,0x0,Engine,0x654a90,0x5fb390,0x652e80,0x5f8920,0xf6b6f0,0xee66e0,0x652c00,0x60c340,592
ADishonoredDecalActorBase,DishonoredGame,592,592,0,0x1,0x1,0x650d50,0x5f88f0,DishonoredGame,AActor,AActor,UObject,0x0,0x0,0x0,0x0,Engine,0x652dc0,0x5f88f0,0x62b820,0x5e3e50,0xf6b8b8,0xee6528,0x6508f0,0x60ad70,592
ADishonoredDynamicUsableObject,DishonoredGame,768,784,16,0x0,0x0,0x679160,0x649450,DishonoredGame,ADishonoredUsableObject,ADishonoredUsableObject,UObject,0x0,0x0,0x0,0x0,Engine,0x67c040,0x649450,0x67b6a0,0x645380,0xf6e050,0xef87e8,0x677b10,0x65dd50,768
ADishonoredEmitterPool,DishonoredGame,672,672,0,0xc,0xc,0x650ef0,0x5f90a0,DishonoredGame,AEmitterPool,AEmitterPool,UObject,0x0,0x0,0x0,0x0,Game,0x653040,0x5f90a0,0x62b930,0x5e3fb0,0xf6b360,0xee6a50,0x6509d0,0x60adc0,672
ADishonoredGameInfo,DishonoredGame,5632,5680,48,0x4,0x4,0x658510,0x5f9e30,DishonoredGame,AGameInfo,AGameInfo,UObject,0x0,0x0,0x0,0x0,Game,0x65d860,0x5f9e30,0x62f7a0,0x5e9ac0,0xf6ac40,0xee7130,0x6583c0,0x6160d0,5632
ADishonoredHUD,DishonoredGame,1344,1344,0,0xc,0xc,0x654ea0,0x5fa680,DishonoredGame,AHUD,AHUD,UObject,0x0,0x0,0x0,0x0,Game,0x655f20,0x5fa680,0x62fc60,0x5ea020,0xf6a358,0xee7810,0x654580,0x60c3a0,1344
ADishonoredInventoryPickup,DishonoredGame,1008,1024,16,0x0,0x0,0x87d4f0,0x802d50,DishonoredGame,ADisStatPickup,ADisStatPickup,UObject,0x0,0x0,0x0,0x0,Item,0x87fcd0,0x802d50,0x861ce0,0x7ff100,0xff1408,0xf5dea8,0x87d1a0,0x8179c0,1008
ADishonoredKActor,DishonoredGame,880,880,0,0x0,0x0,0x677ef0,0x61c6a0,DishonoredGame,AKActor,AKActor,UObject,0x0,0x0,0x0,0x0,Item,0x67a1c0,0x61c6a0,0x669850,0x6185d0,0xf74b30,0xef20b0,0x677a90,0x63d7d0,880
ADishonoredKAsset,DishonoredGame,672,672,0,0x0,0x0,0x677f80,0x61c7e0,DishonoredGame,AKAsset,AKAsset,UObject,0x0,0x0,0x0,0x0,Item,0x67a1f0,0x61c7e0,0x669960,0x618860,0xf74968,0xef2268,0x677ab0,0x63d7f0,672
ADishonoredMovable,DishonoredGame,1056,1072,16,0x0,0x0,0x681530,0x645bc0,DishonoredGame,ADishonoredBreakable,ADishonoredBreakable,UObject,0x0,0x0,0x0,0x0,Item,0x6846e0,0x645bc0,0x66b630,0x6427f0,0xf6d768,0xef9080,0x67d090,0x65eda0,1056
ADishonoredNPCController,DishonoredGame,944,944,0,0x4,0x4,0x7be930,0x74e660,DishonoredGame,AController,AController,UObject,0x0,0x0,0x0,0x0,NPC,0x7bed50,0x74e660,0x7ab020,0x74aa50,0xfbb120,0xf38f50,0x7be7f0,0x767bf0,944
ADishonoredNPCPawn,DishonoredGame,3328,3584,256,0x4,0x4,0x7c7400,0x7592d0,DishonoredGame,ADisPossessablePawn,ADisPossessablePawn,UObject,0x0,0x0,0x0,0x0,NPC,0x7c84d0,0x7592d0,0x7c8070,0x752250,0xfbaf58,0xf39108,0x7c7290,0x76da00,3328
ADishonoredNavPoint,DishonoredGame,816,816,0,0x0,0x0,0x6a80a0,0x6470d0,DishonoredGame,ANavigationPoint,ANavigationPoint,UObject,0x0,0x0,0x0,0x0,Engine,0x6a88f0,0x6470d0,0x6917d0,0x6437b0,0xf7a3f8,0xefb650,0x6a7e70,0x65e010,816
ADishonoredNote,DishonoredGame,656,656,0,0x0,0x0,0x6a4d50,0x646f90,DishonoredGame,AActor,AActor,UObject,0x0,0x0,0x0,0x0,Engine,0x6a6d30,0x646f90,0x691730,0x643610,0xf7a950,0xefb128,0x6a45d0,0x65c8b0,656
ADishonoredPawn,DishonoredGame,2000,2192,192,0x5,0x5,0x7a5b10,0x74d070,DishonoredGame,AGamePawn,AGamePawn,UObject,0x0,0x0,0x0,0x0,Pawn,0x7a5d10,0x74d070,0x78e1b0,0x748ea0,0xfb6ae8,0xf373d0,0x7a5440,0x76d9c0,2000
ADishonoredPlayerCamera,DishonoredGame,1392,1392,0,0xc,0xc,0x718790,0x6c4b80,DishonoredGame,ACamera,ACamera,UObject,0x0,0x0,0x0,0x0,Camera,0x719040,0x6c4b80,0x6fbf20,0x6c01d0,0xf946e8,0xf19b18,0x717c90,0x6dced0,1392
ADishonoredPlayerController,DishonoredGame,1840,1840,0,0x4,0x4,0x6f5350,0x6a29e0,DishonoredGame,ADisPlayerControllerBase,ADisPlayerControllerBase,UObject,0x0,0x0,0x0,0x0,Player,0x6f6970,0x6a29e0,0x6d0f10,0x6a06c0,0xf86738,0xf16938,0x6f5070,0x6bd1f0,1840
ADishonoredPlayerPawn,DishonoredGame,3856,4688,832,0x4,0x4,0x71f680,0x6a36c0,DishonoredGame,ADishonoredPawn,ADishonoredPawn,UObject,0x0,0x0,0x0,0x0,Player,0x71fe10,0x6a36c0,0x6fa8e0,0x6a1370,0xf971a8,0xf17018,0x71f570,0x6bf9a0,3856
ADishonoredRiver,DishonoredGame,640,640,0,0x0,0x0,0x651d60,0x61b940,DishonoredGame,AActor,AActor,UObject,0x0,0x0,0x0,0x0,Engine,0x653a60,0x61b940,0x630a50,0x617cc0,0xf62318,0xeefc98,0x650a30,0x63d830,640
ADishonoredRiverExtremity,DishonoredGame,592,592,0,0x0,0x0,0x651df0,0x61b970,DishonoredGame,AActor,AActor,UObject,0x0,0x0,0x0,0x0,Engine,0x653a90,0x61b970,0x630a70,0x617ce0,0xf62150,0xeefe50,0x4b8940,0x3c5ef0,592
ADishonoredRoute,DishonoredGame,672,672,0,0x0,0x0,0x6a4f00,0x647100,DishonoredGame,ARoute,ARoute,UObject,0x0,0x0,0x0,0x0,Engine,0x6a6dc0,0x647100,0x6917f0,0x6437d0,0xf7a230,0xefb808,0x6a4600,0x65c8e0,672
ADishonoredScout,DishonoredGame,1312,1312,0,0xc,0xc,0x6a6df0,0x6471f0,DishonoredGame,AScout,AScout,UObject,0x0,0x0,0x0,0x0,Game,0x6a8130,0x6471f0,0x691970,0x643950,0xf7a068,0xefb9c0,0x6a6aa0,0x65dd30,1312
ADishonoredSpawner,DishonoredGame,1184,1184,0,0x4,0x4,0x6a4a60,0x646d90,DishonoredGame,ASpawner,ASpawner,UObject,0x0,0x0,0x0,0x0,NPC,0x6a6c90,0x646d90,0x691500,0x6431b0,0xf7b790,0xefa368,0x6a4800,0x65cac0,1184
ADishonoredUsableObject,DishonoredGame,768,784,16,0x0,0x0,0x6790d0,0x6452c0,DishonoredGame,ADisSkeletalBreakable,ADisSkeletalBreakable,UObject,0x0,0x0,0x0,0x0,Engine,0x67b5e0,0x6452c0,0x67a460,0x6421e0,0xf6e770,0xef8108,0x677a50,0x65c950,768
ADishonoredWaterVolume,DishonoredGame,720,720,0,0x0,0x0,0x651e80,0x61b9a0,DishonoredGame,APhysicsVolume,APhysicsVolume,UObject,0x0,0x0,0x0,0x0,Game,0x653ac0,0x61b9a0,0x630a90,0x617d00,0xf61f88,0xef0008,0x6507b0,0x63d790,720
ADominantDirectionalLight,Engine,592,592,0,0x0,0x0,0x18e600,0x17d6c0,Engine,ADirectionalLight,ADirectionalLight,UObject,0x0,0x0,0x0,0x0,Engine,0x1933b0,0x17d6c0,0x190c00,0x1791b0,0xee92b8,0xe7f598,0x18cd90,0x186440,592
ADominantDirectionalLightMovable,Engine,592,592,0,0x0,0x0,0x18e690,0x182f30,Engine,ADominantDirectionalLight,ADominantDirectionalLight,UObject,0x0,0x0,0x0,0x0,Engine,0x195710,0x182f30,0x1933e0,0x17d700,0xee90f0,0xe7f750,0x18cdc0,0x186470,592
ADominantPointLight,Engine,592,592,0,0x0,0x0,0x18e960,0x17d800,Engine,APointLight,APointLight,UObject,0x0,0x0,0x0,0x0,Engine,0x193490,0x17d800,0x190cb0,0x1792a0,0xee8808,0xe7ffe8,0x18ce20,0x1864d0,592
ADominantSpotLight,Engine,592,592,0,0x0,0x0,0x18ec30,0x17d920,Engine,ASpotLight,ASpotLight,UObject,0x0,0x0,0x0,0x0,Engine,0x193550,0x17d920,0x190d60,0x179350,0xee7f20,0xe80880,0x18cf40,0x1865f0,592
ADynamicBlockingVolume,Engine,640,640,0,0x0,0x0,0x18c1d0,0x1830c0,Engine,ABlockingVolume,ABlockingVolume,UObject,0x0,0x0,0x0,0x0,Engine,0x195810,0x1830c0,0x193830,0x17dd90,0xee39a8,0xe84b88,0x18b1b0,0x185470,640
ADynamicCameraActor,Engine,752,752,0,0x0,0x0,0x219500,0x1e58e0,Engine,ACameraActor,ACameraActor,UObject,0x0,0x0,0x0,0x0,Engine,0x21aa00,0x1e58e0,0x21a4c0,0x1dd5c0,0xef87f8,0xe90348,0x216c60,0x201fa0,752
ADynamicGameCrowdDestination,GameFramework,704,704,0,0x0,0x0,0x5abba0,0x569980,GameFramework,AGameCrowdDestination,AGameCrowdDestination,UObject,0x0,0x0,0x0,0x0,Engine,0x5ae9e0,0x569980,0x5ad4e0,0x566c20,0xf56688,0xedc388,0x5aaea0,0x56cdf0,704
ADynamicSMActor,Engine,640,640,0,0x1,0x1,0x392620,0x35a4f0,Engine,AActor,AActor,UObject,0x0,0x0,0x0,0x0,Engine,0x395c80,0x35a4f0,0x37b410,0x358a90,0xf1cbf0,0xeb4b78,0x3925f0,0x3714d0,640
AEmitter,Engine,608,608,0,0x0,0x0,0x4e42b0,0x4a3d40,Engine,AActor,AActor,UObject,0x0,0x0,0x0,0x0,Engine,0x4e6db0,0x4a3d40,0x4c1450,0x49d320,0xf3e2d0,0xec6898,0x4e4280,0x4c1620,608
AEmitterCameraLensEffectBase,Engine,640,640,0,0x1,0x1,0x4e6de0,0x4a8830,Engine,AEmitter,AEmitter,UObject,0x0,0x0,0x0,0x0,Engine,0x4e9630,0x4a8830,0x4e6e70,0x4a3d70,0xf3e108,0xec6a50,0x4e61f0,0x4c54e0,640
AEmitterPool,Engine,672,672,0,0xc,0xc,0x18c380,0x173460,Engine,AActor,AActor,UObject,0x0,0x0,0x0,0x0,Game,0x190550,0x173460,0x18f000,0x16c8b0,0xee30c0,0xe85420,0x18b2a0,0x185590,672
AFileLog,Engine,608,608,0,0x0,0x0,0xd1f20,0xb4580,Engine,AFileWriter,AFileWriter,UObject,0x0,0x0,0x0,0x0,Engine,0xd5bd0,0xb4580,0xd3010,0xb0b30,0xed2040,0xe70e78,0xd0410,0xd3610,608
AFileWriter,Engine,608,608,0,0x0,0x0,0xd1e90,0xb0b00,Engine,AInfo,AInfo,UObject,0x0,0x0,0x0,0x0,Engine,0xd2fe0,0xb0b00,0xac5d0,0xaf280,0xed2208,0xe70cc0,0xd03e0,0xd35e0,608
AFluidInfluenceActor,,608,,,0x0,,0x51df50,,Engine,AActor,,,0x0,,0x0,,,0x51e8a0,,0x4f4790,,0xf3f6e8,,0x51df20,,608
AFluidSurfaceActor,,592,,,0x0,,0x5374c0,,Engine,AActor,,,0x0,,0x0,,,0x537d40,,0x526570,,0xf42a68,,0x5373d0,,592
AFluidSurfaceActorMovable,,592,,,0x0,,0x537430,,Engine,AFluidSurfaceActor,,,0x0,,0x0,,,0x53a530,,0x539c00,,0xf42c30,,0x537400,,592
AFoliageActor,,592,,,0x0,,0x51db70,,Engine,AStaticMeshActor,,,0x0,,0x0,,,0x51e1f0,,0x4f4190,,0xf40360,,0x51d9f0,,592
AFoliageFactory,,672,,,0x0,,0x51dd60,,Engine,AVolume,,,0x0,,0x0,,,0x51e270,,0x4f43c0,,0xf3fe08,,0x51d9c0,,672
AFrameworkGame,GameFramework,992,992,0,0x4,0x4,0x5b0b00,0x55e980,GameFramework,AGameInfo,AGameInfo,UObject,0x0,0x0,0x0,0x0,Game,0x5b0f50,0x55e980,0x59b070,0x55a530,0xf54840,0xedd4b8,0x5ad9a0,0x56dd60,992
AGameCameraBlockingVolume,GameFramework,640,640,0,0x0,0x0,0x5ab9c0,0x55ae70,GameFramework,ABlockingVolume,ABlockingVolume,UObject,0x0,0x0,0x0,0x0,Engine,0x5ac500,0x55ae70,0x598e50,0x558430,0xf534a8,0xedc8b0,0x5aade0,0x56cd30,640
AGameCrowdAgent,GameFramework,976,976,0,0x1,0x1,0x5abcc0,0x55ce60,GameFramework,ACrowdAgentBase,ACrowdAgentBase,UObject,0x0,0x0,0x0,0x0,Engine,0x5ac590,0x55ce60,0x599f30,0x559550,0xf57138,0xedd300,0x5aae10,0x56cd60,976
AGameCrowdAgentSkeletal,GameFramework,1024,1024,0,0x1,0x1,0x5abd50,0x560f00,GameFramework,AGameCrowdAgent,AGameCrowdAgent,UObject,0x0,0x0,0x0,0x0,Engine,0x5acbc0,0x560f00,0x5ac5c0,0x55e490,0xf53f58,0xedcdd8,0x5aae30,0x56cd80,1024
AGameCrowdDestination,GameFramework,704,704,0,0x0,0x0,0x5abde0,0x561350,GameFramework,AGameCrowdInteractionPoint,AGameCrowdInteractionPoint,UObject,0x0,0x0,0x0,0x0,Engine,0x5acbf0,0x561350,0x5ac5e0,0x55e4d0,0xf54f60,0xeddb98,0x5aae80,0x56cdd0,704
AGameCrowdDestinationQueuePoint,GameFramework,624,624,0,0x0,0x0,0x5abe70,0x561380,GameFramework,AGameCrowdInteractionPoint,AGameCrowdInteractionPoint,UObject,0x0,0x0,0x0,0x0,Engine,0x5acc20,0x561380,0x5ac600,0x55e4f0,0xf56a18,0xedcf90,0x5aaec0,0x56ce10,624
AGameCrowdForcePoint,GameFramework,608,608,0,0x0,0x0,0x5aba80,0x566bf0,GameFramework,AGameCrowdInteractionPoint,AGameCrowdInteractionPoint,UObject,0x0,0x0,0x0,0x0,Engine,0x5ad4b0,0x566bf0,0x5acba0,0x55fc20,0xf55da0,0xeda9c0,0x5aaef0,0x56ce40,608
AGameCrowdInteractionPoint,GameFramework,592,592,0,0x1,0x1,0x5abb10,0x55ccb0,GameFramework,AActor,AActor,UObject,0x0,0x0,0x0,0x0,Engine,0x5ac530,0x55ccb0,0x599ed0,0x5594d0,0xf542e8,0xeda650,0x5aae50,0x56cda0,592
AGameDecalManager,GameFramework,656,656,0,0x5,0x5,0x5abfb0,0x55e8c0,GameFramework,ADecalManager,ADecalManager,UObject,0x0,0x0,0x0,0x0,Game,0x5ac620,0x55e8c0,0x59ac20,0x55a2a0,0xf56be0,0xedad30,0x5abf80,0x56d760,656
AGameInfo,Engine,976,976,0,0x4,0x4,0x193580,0x17d9c0,Engine,AInfo,AInfo,UObject,0x0,0x0,0x0,0x0,Game,0x195760,0x17d9c0,0x190d80,0x179370,0xee79c8,0xe80da8,0x193360,0x189840,976
AGameKActorSpawnableEffect,GameFramework,816,816,0,0x0,0x0,0x5ac0f0,0x55e9b0,GameFramework,AKActor,AKActor,UObject,0x0,0x0,0x0,0x0,Engine,0x5ac680,0x55e9b0,0x59b090,0x55a550,0xf564c0,0xeda498,0x5aaf40,0x56ce70,816
AGamePawn,GameFramework,1184,1200,16,0x5,0x5,0x5ac6b0,0x55e9e0,GameFramework,APawn,APawn,UObject,0x0,0x0,0x0,0x0,Game,0x5acc50,0x55e9e0,0x59b100,0x55a5d0,0xf56da8,0xedca68,0x2ded70,0x56d810,1184
AGamePlayerCamera,GameFramework,1152,1152,0,0x8,0x8,0x5ab900,0x55add0,GameFramework,ACamera,ACamera,UObject,0x0,0x0,0x0,0x0,Camera,0x5ac4d0,0x55add0,0x598e10,0x5583c0,0xf552f0,0xedcc20,0x5ab8d0,0x56d710,1152
AGamePlayerController,GameFramework,1328,1328,0,0x5,0x5,0x5acb10,0x55cbe0,GameFramework,APlayerController,APlayerController,UObject,0x0,0x0,0x0,0x0,Game,0x5ad1e0,0x55cbe0,0x599e50,0x559440,0xf53670,0xedd670,0x5aca90,0x56da00,1328
AGameReplicationInfo,Engine,640,640,0,0x4,0x4,0x18ee10,0x17dae0,Engine,AReplicationInfo,AReplicationInfo,UObject,0x0,0x0,0x0,0x0,Game,0x1936f0,0x17dae0,0x190f40,0x1797b0,0xee5d48,0xe82928,0x18d0c0,0x1866e0,640
AGeneratedMeshAreaLight,Engine,592,592,0,0x0,0x0,0x18eba0,0x17d8e0,Engine,ASpotLight,ASpotLight,UObject,0x0,0x0,0x0,0x0,Engine,0x193520,0x17d8e0,0x190d40,0x179330,0xee80e8,0xe806c8,0x18cf70,0x186620,592
AGenericPortal,Engine,688,688,0,0x0,0x0,0x1217c0,0x10edc0,Engine,AActor,AActor,UObject,0x0,0x0,0x0,0x0,Engine,0x121dc0,0x10edc0,0x10fcd0,0x10ce40,0xedaf90,0xe74f70,0x1215a0,0x120720,688
AHUD,Engine,1232,1232,0,0xc,0xc,0x190250,0x173150,Engine,AActor,AActor,UObject,0x0,0x0,0x0,0x0,Game,0x190ee0,0x173150,0x18ed40,0x16c6a0,0xee6468,0xe82248,0x18fba0,0x188840,1232
AInOutVolume,Engine,640,640,0,0x0,0x0,0xf9550,0xe2350,Engine,AVolume,AVolume,UObject,0x0,0x0,0x0,0x0,Engine,0xfbc10,0xe2350,0xda790,0xdc080,0xed2b80,0xe74c98,0xf7a00,0xf8520,640
AInfo,Engine,592,592,0,0x1,0x1,0x18bca0,0x173180,Engine,AActor,AActor,UObject,0x0,0x0,0x0,0x0,Engine,0x1902e0,0x173180,0x18ed60,0x16c6f0,0xee60d8,0xe825b8,0x4b8940,0x3c5ef0,592
AInteractiveFoliageActor,,688,,,0x0,,0x51dc00,,Engine,AFoliageActor,,,0x0,,0x0,,,0x51ed50,,0x51e220,,0xf40198,,0x51da20,,688
AInterpActor,Engine,656,656,0,0x0,0x0,0x246bd0,0x2147f0,Engine,ADynamicSMActor,ADynamicSMActor,UObject,0x0,0x0,0x0,0x0,Engine,0x24a140,0x2147f0,0x22a660,0x2125a0,0xf01638,0xe944b8,0x245c10,0x2325a0,656
AKActor,Engine,816,816,0,0x0,0x0,0x3b5380,0x385370,Engine,ADynamicSMActor,ADynamicSMActor,UObject,0x0,0x0,0x0,0x0,Engine,0x3b77f0,0x385370,0x3a3aa0,0x3824e0,0xf1e048,0xeb61f0,0x3b4dc0,0x394260,816
AKActorFromStatic,Engine,832,832,0,0x8,0x8,0x3ebf80,0x3a9630,Engine,AKActor,AKActor,UObject,0x0,0x0,0x0,0x0,Engine,0x3ec3d0,0x3a9630,0x3c5f10,0x3a4230,0xf20c30,0xeb7fa8,0x3e8680,0x3c6c40,832
AKActorSpawnable,Engine,816,816,0,0x0,0x0,0x3b5410,0x3894d0,Engine,AKActor,AKActor,UObject,0x0,0x0,0x0,0x0,Engine,0x3b9540,0x3894d0,0x3b7820,0x3853a0,0xf1de80,0xeb63a8,0x3b4df0,0x394290,816
AKAsset,Engine,608,608,0,0x0,0x0,0x3b54a0,0x3853c0,Engine,AActor,AActor,UObject,0x0,0x0,0x0,0x0,Engine,0x3b7840,0x3853c0,0x3a3ac0,0x382520,0xf1dcb8,0xeb6560,0x3b4e20,0x3942c0,608
AKeypoint,Engine,592,592,0,0x1,0x1,0x18ba60,0x1730b0,Engine,AActor,AActor,UObject,0x0,0x0,0x0,0x0,Engine,0x1901b0,0x1730b0,0x18ed00,0x16c660,0xee6b88,0xe81b68,0x4b8940,0x3c5ef0,592
ALensFlareSource,Engine,592,592,0,0x0,0x0,0x51ddf0,0x4d3ca0,Engine,AActor,AActor,UObject,0x0,0x0,0x0,0x0,Engine,0x51e2a0,0x4d3ca0,0x4f4450,0x4cd260,0xf3f8b0,0xecffd8,0x4b8940,0x3c5ef0,592
ALevelGridVolume,Engine,768,768,0,0x0,0x0,0x121940,0x10ee50,Engine,AVolume,AVolume,UObject,0x0,0x0,0x0,0x0,Engine,0x121e20,0x10ee50,0x10fde0,0x10cf50,0xedac00,0xe752e0,0x121570,0x120500,768
ALevelStreamingVolume,Engine,656,656,0,0x0,0x0,0x18c260,0x17ddc0,Engine,AVolume,AVolume,UObject,0x0,0x0,0x0,0x0,Engine,0x193880,0x17ddc0,0x191120,0x179940,0xee3618,0xe84ef8,0x18b210,0x1854d0,656
ALight,Engine,592,592,0,0x0,0x0,0x18e4c0,0x172ed0,Engine,AActor,AActor,UObject,0x0,0x0,0x0,0x0,Engine,0x18fd90,0x172ed0,0x18e550,0x16c5d0,0xee9648,0xe7f228,0x18cd00,0x1863b0,592
ALightVolume,Engine,640,640,0,0x0,0x0,0x271710,0x244ff0,Engine,AVolume,AVolume,UObject,0x0,0x0,0x0,0x0,Engine,0x271ec0,0x244ff0,0x25d630,0x243480,0xf029a8,0xe9b860,0x271520,0x2018b0,640
ALightmassCharacterIndirectDetailVolume,Engine,640,640,0,0x0,0x0,0x219100,0x1e43e0,Engine,AVolume,AVolume,UObject,0x0,0x0,0x0,0x0,Engine,0x21a100,0x1e43e0,0x1ef4a0,0x1d8c70,0xef5448,0xe93520,0x271520,0x2018b0,640
ALightmassImportanceVolume,Engine,640,640,0,0x0,0x0,0x218f50,0x1e4350,Engine,AVolume,AVolume,UObject,0x0,0x0,0x0,0x0,Engine,0x21a070,0x1e4350,0x1ef440,0x1d8c00,0xef59a0,0xe92ff8,0x271520,0x2018b0,640
AMaterialInstanceActor,Engine,592,592,0,0x0,0x0,0x145840,0x12d880,Engine,AActor,AActor,UObject,0x0,0x0,0x0,0x0,Engine,0x146ed0,0x12d880,0x12bb20,0x127c90,0xeddc20,0xe79cf0,0x4b8940,0x3c5ef0,592
AMatineeActor,Engine,768,768,0,0x0,0x0,0x246c60,0x214820,Engine,AActor,AActor,UObject,0x0,0x0,0x0,0x0,Engine,0x24a170,0x214820,0x22a680,0x2125d0,0xf01470,0xe94670,0x245c40,0x2325d0,768
AMatineePawn,Engine,1184,1200,16,0x4,0x4,0x2dee50,0x2b4cc0,Engine,APawn,APawn,UObject,0x0,0x0,0x0,0x0,Game,0x2e04d0,0x2b4cc0,0x2dfd80,0x2a8370,0xf06f78,0xe9f438,0x2ded70,0x56d810,1184
AMatineePreviewPlayerPawn,Engine,1200,1200,0,0x4,0x4,0x5491b0,0x4fe090,Engine,APawn,APawn,UObject,0x0,0x0,0x0,0x0,Editor,0x5493c0,0x4fe090,0x53bfe0,0x4fcee0,0xf43640,0xed55e0,0x548bb0,0x509100,1200
AMatineePreviewPlayerSpawner,Engine,592,592,0,0x0,0x0,0x548ac0,0x4fe0c0,Engine,ASpawner,ASpawner,UObject,0x0,0x0,0x0,0x0,Engine,0x549240,0x4fe0c0,0x53c000,0x4fcf20,0xf43478,0xed5798,0x548520,0x5090a0,592
AMatineeVolume,Engine,640,640,0,0x100,0x100,0x5482d0,0x4fe0f0,Engine,AVolume,AVolume,UObject,0x0,0x0,0x0,0x0,Engine,0x548b50,0x4fe0f0,0x53c0b0,0x4fd010,0xf432b0,0xed5950,0x548210,0x5090d0,640
AMutator,Engine,608,608,0,0x1,0x1,0x18bd30,0x179800,Engine,AInfo,AInfo,UObject,0x0,0x0,0x0,0x0,Engine,0x190ff0,0x179800,0x190380,0x173220,0xee57f0,0xe82e50,0x18b320,0x185640,608
ANavMeshBlockToggleable,Engine,608,608,0,0x0,0x0,0x55f1d0,0x50adc0,Engine,AActor,AActor,UObject,0x0,0x0,0x0,0x0,Engine,0x560ad0,0x50adc0,0x549b10,0x5092e0,0xf49ce8,0xed5b70,0x55f190,0x51e6b0,608
ANavigationPoint,Engine,784,784,0,0x0,0x0,0x18fee0,0x173020,Engine,AActor,AActor,UObject,0x0,0x0,0x0,0x0,Engine,0x190dc0,0x173020,0x18ece0,0x16c610,0xee7470,0xe812d0,0x18fbf0,0x188870,784
ANote,Engine,608,608,0,0x0,0x0,0x18b940,0x172ff0,Engine,AActor,AActor,UObject,0x0,0x0,0x0,0x0,Engine,0x18fe20,0x172ff0,0x18ecc0,0x16c5f0,0xee7d58,0xe80a38,0x18b3f0,0x185770,608
ANxCylindricalForceField,Engine,704,704,0,0x1,0x1,0x40ae20,0x3d5cb0,Engine,ANxForceField,ANxForceField,UObject,0x0,0x0,0x0,0x0,Engine,0x414e00,0x3d5cb0,0x412af0,0x3d1dc0,0xf27608,0xebb628,0x40a5e0,0x3f2150,704
ANxCylindricalForceFieldCapsule,Engine,704,704,0,0x0,0x0,0x40aeb0,0x3da060,Engine,ANxCylindricalForceField,ANxCylindricalForceField,UObject,0x0,0x0,0x0,0x0,Engine,0x416f00,0x3da060,0x414e30,0x3d5ce0,0xf27440,0xebb7e0,0x40a610,0x3f2180,704
ANxForceField,Engine,656,656,0,0x1,0x1,0x40ad00,0x3d1d70,Engine,AActor,AActor,UObject,0x0,0x0,0x0,0x0,Engine,0x412aa0,0x3d1d70,0x3ef6e0,0x3cccf0,0xf27998,0xebb2b8,0x40a5b0,0x3f2120,656
ANxForceFieldGeneric,Engine,832,832,0,0x0,0x0,0x40a880,0x3d9f30,Engine,ANxForceField,ANxForceField,UObject,0x0,0x0,0x0,0x0,Engine,0x416dd0,0x3d9f30,0x414d30,0x3d5a50,0xf287d8,0xeba4f8,0x40a640,0x3f21b0,832
ANxForceFieldRadial,Engine,688,688,0,0x0,0x0,0x40a910,0x3d9f60,Engine,ANxForceField,ANxForceField,UObject,0x0,0x0,0x0,0x0,Engine,0x416e00,0x3d9f60,0x414d50,0x3d5b40,0xf28610,0xeba6b0,0x40a670,0x3f21e0,688
ANxForceFieldTornado,Engine,704,704,0,0x0,0x0,0x40a9a0,0x3d9f90,Engine,ANxForceField,ANxForceField,UObject,0x0,0x0,0x0,0x0,Engine,0x416e30,0x3d9f90,0x414d70,0x3d5ba0,0xf28448,0xeba868,0x40a6a0,0x3f2210,704
ANxGenericForceField,Engine,816,816,0,0x1,0x1,0x40af40,0x3d5d00,Engine,ANxForceField,ANxForceField,UObject,0x0,0x0,0x0,0x0,Engine,0x414e50,0x3d5d00,0x412b10,0x3d1de0,0xf27278,0xebb998,0x40a6d0,0x3f2240,816
ANxGenericForceFieldBox,Engine,832,832,0,0x0,0x0,0x40afd0,0x3da090,Engine,ANxGenericForceField,ANxGenericForceField,UObject,0x0,0x0,0x0,0x0,Engine,0x416f30,0x3da090,0x414e80,0x3d5d30,0xf270b0,0xebbb50,0x40a700,0x3f2270,832
ANxGenericForceFieldBrush,Engine,832,832,0,0x0,0x0,0x40b0f0,0x3d1e00,Engine,AVolume,AVolume,UObject,0x0,0x0,0x0,0x0,Engine,0x412b30,0x3d1e00,0x3ef700,0x3ccd10,0xf26d20,0xebbec0,0x40a550,0x3f20c0,832
ANxGenericForceFieldCapsule,Engine,816,816,0,0x0,0x0,0x40b060,0x3da0c0,Engine,ANxGenericForceField,ANxGenericForceField,UObject,0x0,0x0,0x0,0x0,Engine,0x416f60,0x3da0c0,0x414ea0,0x3d5d50,0xf26ee8,0xebbd08,0x40a730,0x3f22a0,816
ANxRadialCustomForceField,Engine,688,688,0,0x0,0x0,0x40aa30,0x3dd270,Engine,ANxRadialForceField,ANxRadialForceField,UObject,0x0,0x0,0x0,0x0,Engine,0x41d930,0x3dd270,0x416e60,0x3d9fc0,0xf28280,0xebaa20,0x40a790,0x3f2300,688
ANxRadialForceField,Engine,672,672,0,0x0,0x0,0x40ad90,0x3d5c80,Engine,ANxForceField,ANxForceField,UObject,0x0,0x0,0x0,0x0,Engine,0x414dd0,0x3d5c80,0x412ad0,0x3d1da0,0xf277d0,0xebb470,0x40a760,0x3f22d0,672
ANxTornadoAngularForceField,Engine,704,704,0,0x1,0x1,0x40aac0,0x3d9fe0,Engine,ANxForceField,ANxForceField,UObject,0x0,0x0,0x0,0x0,Engine,0x416e80,0x3d9fe0,0x414d90,0x3d5bc0,0xf280b8,0xebabd8,0x40a7c0,0x3f2330,704
ANxTornadoAngularForceFieldCapsule,Engine,704,704,0,0x0,0x0,0x40ac70,0x3dd2c0,Engine,ANxTornadoAngularForceField,ANxTornadoAngularForceField,UObject,0x0,0x0,0x0,0x0,Engine,0x41d980,0x3dd2c0,0x416ee0,0x3da040,0xf27b60,0xebb100,0x40a7f0,0x3f2360,704
ANxTornadoForceField,Engine,704,704,0,0x1,0x1,0x40abe0,0x3da010,Engine,ANxForceField,ANxForceField,UObject,0x0,0x0,0x0,0x0,Engine,0x416eb0,0x3da010,0x414db0,0x3d5c20,0xf27d28,0xebaf48,0x40a820,0x3f2390,704
ANxTornadoForceFieldCapsule,Engine,704,704,0,0x0,0x0,0x40ab50,0x3e2e30,Engine,ANxTornadoForceField,ANxTornadoForceField,UObject,0x0,0x0,0x0,0x0,Engine,0x420760,0x3e2e30,0x41d960,0x3dd2a0,0xf27ef0,0xebad90,0x40a850,0x3f23c0,704
AParticleEventManager,Engine,592,592,0,0x1,0x1,0x4b8b70,0x475370,Engine,AActor,AActor,UObject,0x0,0x0,0x0,0x0,Game,0x4b9850,0x475370,0x497030,0x46e0d0,0xf345a0,0xec39e8,0x4b8940,0x3c5ef0,592
APathBlockingVolume,Engine,640,640,0,0x0,0x0,0x2de7b0,0x2a8010,Engine,AVolume,AVolume,UObject,0x0,0x0,0x0,0x0,Engine,0x2deaf0,0x2a8010,0x2bb390,0x2a0450,0xf074d0,0xe9ef10,0x271520,0x2018b0,640
APathNode,Engine,784,784,0,0x0,0x0,0x18fe50,0x17da20,Engine,ANavigationPoint,ANavigationPoint,UObject,0x0,0x0,0x0,0x0,Engine,0x195790,0x17da20,0x193640,0x1793b0,0xee7638,0xe81118,0x18fc30,0x1888b0,784
APathTargetPoint,Engine,592,592,0,0x0,0x0,0x29fc90,0x262e50,Engine,AKeypoint,AKeypoint,UObject,0x0,0x0,0x0,0x0,Engine,0x2a1220,0x262e50,0x279740,0x25f610,0xf03440,0xe9eaf8,0x29fb90,0x285760,592
APawn,Engine,1184,1184,0,0x5,0x5,0x2dedc0,0x2a8340,Engine,AActor,AActor,UObject,0x0,0x0,0x0,0x0,Game,0x2dfd50,0x2a8340,0x2bb450,0x2a0710,0xf07140,0xe9f280,0x2ded50,0x2c46e0,1184
APhysXEmitterSpawnable,Engine,608,608,0,0x0,0x0,0x145e40,0x12fd80,Engine,AEmitter,AEmitter,UObject,0x0,0x0,0x0,0x0,Engine,0x147000,0x12fd80,0x12d550,0x128f40,0xedd500,0xe7a3d0,0x145c60,0x13ddf0,608
APhysicsVolume,Engine,704,704,0,0x0,0x0,0x18bf70,0x17dc00,Engine,AVolume,AVolume,UObject,0x0,0x0,0x0,0x0,Engine,0x193750,0x17dc00,0x191080,0x179890,0xee4d40,0xe838a0,0x18b240,0x185500,704
APlayerController,Engine,1328,1328,0,0x4,0x4,0x190f60,0x1797d0,Engine,AController,AController,UObject,0x0,0x0,0x0,0x0,Game,0x193720,0x1797d0,0x190360,0x173200,0xee59b8,0xe82c98,0x1905c0,0x188b50,1328
APlayerStart,Engine,800,800,0,0x0,0x0,0x190120,0x1796f0,Engine,ANavigationPoint,ANavigationPoint,UObject,0x0,0x0,0x0,0x0,Engine,0x1936c0,0x1796f0,0x190e60,0x173090,0xee6d50,0xe819b0,0x18fcb0,0x188950,800
APointLight,Engine,592,592,0,0x0,0x0,0x18e7b0,0x179210,Engine,ALight,ALight,UObject,0x0,0x0,0x0,0x0,Engine,0x190c40,0x179210,0x18fde0,0x172f80,0xee8d60,0xe7fac0,0x18cdf0,0x1864a0,592
APointLightMovable,Engine,592,592,0,0x0,0x0,0x18e840,0x17d780,Engine,APointLight,APointLight,UObject,0x0,0x0,0x0,0x0,Engine,0x193430,0x17d780,0x190c70,0x179260,0xee8b98,0xe7fc78,0x18ce50,0x186500,592
APointLightToggleable,Engine,592,592,0,0x0,0x0,0x18e8d0,0x17d7c0,Engine,APointLight,APointLight,UObject,0x0,0x0,0x0,0x0,Engine,0x193460,0x17d7c0,0x190c90,0x179280,0xee89d0,0xe7fe30,0x18ce80,0x186530,592
APortalMarker,Engine,800,800,0,0x0,0x0,0x1904c0,0x179910,Engine,ANavigationPoint,ANavigationPoint,UObject,0x0,0x0,0x0,0x0,Engine,0x193850,0x179910,0x191100,0x173440,0xee37e0,0xe84d40,0x18fcf0,0x188990,800
APortalTeleporter,Engine,624,624,0,0x1,0x1,0x308900,0x2e7cd0,Engine,ASceneCapturePortalActor,ASceneCapturePortalActor,UObject,0x0,0x0,0x0,0x0,Engine,0x319550,0x2e7cd0,0x3149e0,0x2df1d0,0xf15cf0,0xea1ed0,0x3066e0,0x2f1920,624
APortalVolume,Engine,640,640,0,0x0,0x0,0x144ad0,0x130880,Engine,AVolume,AVolume,UObject,0x0,0x0,0x0,0x0,Engine,0x145ed0,0x130880,0x12da20,0x1296f0,0xedcfa8,0xe7a8f8,0x144aa0,0x13d4d0,640
APrecomputedVisibilityOverrideVolume,Engine,656,656,0,0x0,0x0,0x219070,0x1e43b0,Engine,AVolume,AVolume,UObject,0x0,0x0,0x0,0x0,Engine,0x21a0d0,0x1e43b0,0x1ef480,0x1d8c50,0xef5610,0xe93368,0x216050,0x2018e0,656
APrecomputedVisibilityVolume,Engine,640,640,0,0x0,0x0,0x218fe0,0x1e4380,Engine,AVolume,AVolume,UObject,0x0,0x0,0x0,0x0,Engine,0x21a0a0,0x1e4380,0x1ef460,0x1d8c20,0xef57d8,0xe931b0,0x271520,0x2018b0,640
APrefabInstance,Engine,784,784,0,0x0,0x0,0x3193c0,0x2cfdb0,Engine,AActor,AActor,UObject,0x0,0x0,0x0,0x0,Engine,0x31b210,0x2cfdb0,0x2e34b0,0x2c83b0,0xf175e0,0xea06c0,0x319370,0x30b880,784
APylon,Engine,928,928,0,0x0,0x0,0x18ff70,0x1793d0,Engine,ANavigationPoint,ANavigationPoint,UObject,0x0,0x0,0x0,0x0,Engine,0x193660,0x1793d0,0x190df0,0x173050,0xee72a8,0xe81488,0x18fd30,0x1889d0,928
APylonSeed,Engine,592,592,0,0x0,0x0,0x29fd20,0x262e80,Engine,AActor,AActor,UObject,0x0,0x0,0x0,0x0,Engine,0x2a1250,0x262e80,0x279760,0x25f640,0xf03278,0xe9ecb0,0x29fbc0,0x285790,592
ARB_ConstraintActor,Engine,624,624,0,0x1,0x1,0x3ec0a0,0x3b4e40,Engine,ARigidBodyBase,ARigidBodyBase,UObject,0x0,0x0,0x0,0x0,Engine,0x3ecb80,0x3b4e40,0x3ec430,0x3a97b0,0xf208a0,0xeb8318,0x3e86b0,0x3c6c70,624
ARB_CylindricalForceActor,Engine,640,640,0,0x0,0x0,0x3b4420,0x3854b0,Engine,ARigidBodyBase,ARigidBodyBase,UObject,0x0,0x0,0x0,0x0,Engine,0x3b5710,0x3854b0,0x3a3b60,0x382610,0xf1d3d0,0xeb6df8,0x3b4290,0x393950,640
ARB_ForceFieldExcludeVolume,Engine,640,640,0,0x0,0x0,0x40b180,0x3d1e30,Engine,AVolume,AVolume,UObject,0x0,0x0,0x0,0x0,Engine,0x412b60,0x3d1e30,0x3ef720,0x3ccd30,0xf26b58,0xebc078,0x40a580,0x3f20f0,640
ARB_LineImpulseActor,Engine,608,608,0,0x0,0x0,0x3b55c0,0x385420,Engine,ARigidBodyBase,ARigidBodyBase,UObject,0x0,0x0,0x0,0x0,Engine,0x3b78a0,0x385420,0x3a3b00,0x382580,0xf1d928,0xeb68d0,0x3b4e50,0x3942f0,608
ARB_RadialForceActor,Engine,624,624,0,0x0,0x0,0x3b4390,0x385480,Engine,ARigidBodyBase,ARigidBodyBase,UObject,0x0,0x0,0x0,0x0,Engine,0x3b56e0,0x385480,0x3a3b40,0x3825e0,0xf1d598,0xeb6c40,0x3b42c0,0x393980,624
ARB_RadialImpulseActor,Engine,608,608,0,0x0,0x0,0x3b5650,0x385450,Engine,ARigidBodyBase,ARigidBodyBase,UObject,0x0,0x0,0x0,0x0,Engine,0x3b78d0,0x385450,0x3a3b20,0x3825b0,0xf1d760,0xeb6a88,0x3b4e80,0x394320,608
ARB_Thruster,Engine,592,592,0,0x0,0x0,0x3b5530,0x3853f0,Engine,ARigidBodyBase,ARigidBodyBase,UObject,0x0,0x0,0x0,0x0,Engine,0x3b7870,0x3853f0,0x3a3ae0,0x382550,0xf1daf0,0xeb6718,0x3b4eb0,0x394350,592
AReplicationInfo,Engine,592,592,0,0x1,0x1,0x18ed80,0x179780,Engine,AInfo,AInfo,UObject,0x0,0x0,0x0,0x0,Engine,0x190f10,0x179780,0x190310,0x1731b0,0xee5f10,0xe82770,0x18d090,0x1866b0,592
ARigidBodyBase,Engine,592,592,0,0x1,0x1,0x3ec010,0x3a9780,Engine,AActor,AActor,UObject,0x0,0x0,0x0,0x0,Engine,0x3ec400,0x3a9780,0x3c5f70,0x3a42a0,0xf20a68,0xeb8160,0x4b8940,0x3c5ef0,592
ARoute,Engine,624,624,0,0x0,0x0,0x2deb20,0x2a8040,Engine,AInfo,AInfo,UObject,0x0,0x0,0x0,0x0,Engine,0x2ded90,0x2a8040,0x2bb3b0,0x2a0470,0xf07308,0xe9f0c8,0x2de840,0x2c4590,624
ASceneCapture2DActor,Engine,592,592,0,0x0,0x0,0x3086c0,0x2d4160,Engine,ASceneCaptureActor,ASceneCaptureActor,UObject,0x0,0x0,0x0,0x0,Engine,0x312340,0x2d4160,0x30b090,0x2d0650,0xf16410,0xea17f0,0x306620,0x2f1860,592
ASceneCaptureActor,Engine,592,592,0,0x1,0x1,0x308630,0x2d0620,Engine,AActor,AActor,UObject,0x0,0x0,0x0,0x0,Engine,0x30b060,0x2d0620,0x2e6550,0x2cb440,0xf165d8,0xea1638,0x3065f0,0x2f1830,592
ASceneCaptureCubeMapActor,Engine,608,608,0,0x0,0x0,0x308750,0x2d4190,Engine,ASceneCaptureActor,ASceneCaptureActor,UObject,0x0,0x0,0x0,0x0,Engine,0x312370,0x2d4190,0x30b0b0,0x2d0670,0xf16248,0xea19a8,0x306650,0x2f1890,608
ASceneCapturePortalActor,Engine,608,608,0,0x0,0x0,0x308870,0x2df1a0,Engine,ASceneCaptureReflectActor,ASceneCaptureReflectActor,UObject,0x0,0x0,0x0,0x0,Engine,0x3149b0,0x2df1a0,0x3123d0,0x2d41f0,0xf15eb8,0xea1d18,0x3066b0,0x2f18f0,608
ASceneCaptureReflectActor,Engine,608,608,0,0x0,0x0,0x3087e0,0x2d41c0,Engine,ASceneCaptureActor,ASceneCaptureActor,UObject,0x0,0x0,0x0,0x0,Engine,0x3123a0,0x2d41c0,0x30b0d0,0x2d0690,0xf16080,0xea1b60,0x306680,0x2f18c0,608
AScout,Engine,1312,1312,0,0xc,0xc,0x190000,0x16c630,Engine,APawn,APawn,UObject,0x0,0x0,0x0,0x0,Game,0x190e10,0x16c630,0x170a50,0x166a30,0xee70e0,0xe81640,0x18fbc0,0x188820,1312
ASkeletalMeshActor,Engine,640,640,0,0x0,0x0,0x365270,0x3138a0,Engine,AActor,AActor,UObject,0x0,0x0,0x0,0x0,Engine,0x36a1a0,0x3138a0,0x3310e0,0x30e800,0xf185a0,0xeb3980,0x359d40,0x3367c0,640
ASkeletalMeshActorBasedOnExtremeContent,Engine,656,656,0,0x0,0x0,0x365420,0x31ae10,Engine,ASkeletalMeshActor,ASkeletalMeshActor,UObject,0x0,0x0,0x0,0x0,Engine,0x371bb0,0x31ae10,0x36a1f0,0x3138f0,0xf18048,0xeb3ea8,0x359d70,0x3367f0,656
ASkeletalMeshActorMAT,Engine,656,656,0,0x0,0x0,0x365390,0x321b40,Engine,ASkeletalMeshCinematicActor,ASkeletalMeshCinematicActor,UObject,0x0,0x0,0x0,0x0,Engine,0x372610,0x321b40,0x371b90,0x31adf0,0xf18210,0xeb3cf0,0x359dd0,0x336850,656
ASkeletalMeshActorSpawnable,Engine,640,640,0,0x0,0x0,0x3654b0,0x31ae40,Engine,ASkeletalMeshActor,ASkeletalMeshActor,UObject,0x0,0x0,0x0,0x0,Engine,0x371be0,0x31ae40,0x36a210,0x313910,0xf17e80,0xeb4060,0x359da0,0x336820,640
ASkeletalMeshCinematicActor,Engine,640,640,0,0x0,0x0,0x365300,0x31adc0,Engine,ASkeletalMeshActor,ASkeletalMeshActor,UObject,0x0,0x0,0x0,0x0,Engine,0x371b60,0x31adc0,0x36a1d0,0x3138d0,0xf183d8,0xeb3b38,0x359da0,0x336820,640
ASkyLight,Engine,592,592,0,0x0,0x0,0x18f020,0x179980,Engine,ALight,ALight,UObject,0x0,0x0,0x0,0x0,Engine,0x191160,0x179980,0x190580,0x173490,0xee2ef8,0xe855d8,0x18ceb0,0x186560,592
ASkyLightToggleable,Engine,592,592,0,0x0,0x0,0x18f0b0,0x17df90,Engine,ASkyLight,ASkyLight,UObject,0x0,0x0,0x0,0x0,Engine,0x1938e0,0x17df90,0x191190,0x1799b0,0xee2d30,0xe85790,0x18cee0,0x186590,592
ASpawner,Engine,592,592,0,0x0,0x0,0x57c040,0x533820,Engine,AActor,AActor,UObject,0x0,0x0,0x0,0x0,Engine,0x57c860,0x533820,0x574710,0x532d70,0xf52570,0xed90c0,0x57c010,0x53b6b0,592
ASpeedTreeActor,Engine,592,592,0,0x0,0x0,0x548380,0x4fd230,Engine,AActor,AActor,UObject,0x0,0x0,0x0,0x0,Engine,0x548b80,0x4fd230,0x53abc0,0x4fc250,0xf47bb8,0xed12d8,0x4b8940,0x3c5ef0,592
ASplineActor,Engine,672,672,0,0x0,0x0,0x1610f0,0x149180,Engine,AActor,AActor,UObject,0x0,0x0,0x0,0x0,Engine,0x161f20,0x149180,0x1507e0,0x147450,0xedf8d0,0xe7cb10,0x161040,0x158d00,672
ASplineLoftActor,Engine,736,736,0,0x0,0x0,0x161210,0x14c7d0,Engine,ASplineActor,ASplineActor,UObject,0x0,0x0,0x0,0x0,Engine,0x162d30,0x14c7d0,0x161f80,0x1494a0,0xedf540,0xe7ce80,0x161070,0x1599e0,736
ASplineLoftActorMovable,Engine,736,736,0,0x0,0x0,0x1612a0,0x151060,Engine,ASplineLoftActor,ASplineLoftActor,UObject,0x0,0x0,0x0,0x0,Engine,0x1640b0,0x151060,0x162d60,0x14c800,0xedf378,0xe7d038,0x1610a0,0x159a10,736
ASpotLight,Engine,592,592,0,0x0,0x0,0x18e9f0,0x1792c0,Engine,ALight,ALight,UObject,0x0,0x0,0x0,0x0,Engine,0x190cd0,0x1792c0,0x18fe00,0x172fd0,0xee8640,0xe801a0,0x18cf10,0x1865c0,592
ASpotLightMovable,Engine,592,592,0,0x0,0x0,0x18ea80,0x17d850,Engine,ASpotLight,ASpotLight,UObject,0x0,0x0,0x0,0x0,Engine,0x1934c0,0x17d850,0x190d00,0x1792f0,0xee8478,0xe80358,0x18cfa0,0x186650,592
ASpotLightToggleable,Engine,592,592,0,0x0,0x0,0x18eb10,0x17d8a0,Engine,ASpotLight,ASpotLight,UObject,0x0,0x0,0x0,0x0,Engine,0x1934f0,0x17d8a0,0x190d20,0x179310,0xee82b0,0xe80510,0x18cfd0,0x186680,592
AStaticLightCollectionActor,Engine,608,608,0,0x4,0x4,0x2717a0,0x245020,Engine,ALight,ALight,UObject,0x0,0x0,0x0,0x0,Engine,0x271ef0,0x245020,0x25d650,0x2434a0,0xf027e0,0xe9ba18,0x271550,0x257e10,608
AStaticMeshActor,Engine,592,592,0,0x0,0x0,0x395b60,0x35e500,Engine,AStaticMeshActorBase,AStaticMeshActorBase,UObject,0x0,0x0,0x0,0x0,Engine,0x398b90,0x35e500,0x397970,0x35a4b0,0xf1cf80,0xeb4808,0x393f70,0x372770,592
AStaticMeshActorBase,Engine,592,592,0,0x1,0x1,0x395ad0,0x35a480,Engine,AActor,AActor,UObject,0x0,0x0,0x0,0x0,Engine,0x397940,0x35a480,0x37b3f0,0x358a50,0xf1d148,0xeb4650,0x393f40,0x372740,592
AStaticMeshActorBasedOnExtremeContent,Engine,624,624,0,0x0,0x0,0x395cb0,0x35a550,Engine,AActor,AActor,UObject,0x0,0x0,0x0,0x0,Engine,0x3979b0,0x35a550,0x37b450,0x358ae0,0xf1c860,0xeb4ee8,0x393fd0,0x3727d0,624
AStaticMeshCollectionActor,Engine,608,608,0,0x4,0x4,0x395bf0,0x35e530,Engine,AStaticMeshActorBase,AStaticMeshActorBase,UObject,0x0,0x0,0x0,0x0,Engine,0x398bc0,0x35e530,0x397990,0x35a4d0,0xf1cdb8,0xeb49c0,0x393fa0,0x3727a0,608
ATargetPoint,Engine,608,608,0,0x0,0x0,0x18baf0,0x179720,Engine,AKeypoint,AKeypoint,UObject,0x0,0x0,0x0,0x0,Engine,0x190e80,0x179720,0x1901e0,0x1730e0,0xee69c0,0xe81d20,0x18b3c0,0x185740,608
ATeamInfo,Engine,624,624,0,0x0,0x0,0x18ef70,0x17dca0,Engine,AReplicationInfo,AReplicationInfo,UObject,0x0,0x0,0x0,0x0,Engine,0x1937d0,0x17dca0,0x1910c0,0x1798d0,0xee47e8,0xe83dc8,0x18d0f0,0x186710,624
ATeleporter,Engine,832,832,0,0x0,0x0,0x190090,0x1796c0,Engine,ANavigationPoint,ANavigationPoint,UObject,0x0,0x0,0x0,0x0,Engine,0x193690,0x1796c0,0x190e40,0x173070,0xee6f18,0xe817f8,0x18fd50,0x1889f0,832
ATestSplittingVolume,Engine,640,640,0,0x0,0x0,0x29fc00,0x262cc0,Engine,AVolume,AVolume,UObject,0x0,0x0,0x0,0x0,Engine,0x2a0e60,0x262cc0,0x279350,0x25f200,0xf037d0,0xe9e788,0x29fb50,0x285720,640
ATrigger,Engine,608,608,0,0x0,0x0,0x18bb80,0x173100,Engine,AActor,AActor,UObject,0x0,0x0,0x0,0x0,Engine,0x190200,0x173100,0x18ed20,0x16c680,0xee67f8,0xe81ed8,0x18b420,0x1857a0,608
ATriggerStreamingLevel,Engine,608,608,0,0x0,0x0,0x18c4a0,0x17a920,Engine,ATrigger,ATrigger,UObject,0x0,0x0,0x0,0x0,Engine,0x191c50,0x17a920,0x1905e0,0x174e70,0xee27a8,0xe85cb8,0x18b480,0x185800,608
ATriggerVolume,Engine,640,640,0,0x0,0x0,0x18c140,0x17dd30,Engine,AVolume,AVolume,UObject,0x0,0x0,0x0,0x0,Engine,0x193800,0x17dd30,0x1910e0,0x1798f0,0xee3d38,0xe84818,0x271520,0x185560,640
ATrigger_LOS,Engine,608,608,0,0x0,0x0,0x18bc10,0x179750,Engine,ATrigger,ATrigger,UObject,0x0,0x0,0x0,0x0,Engine,0x190eb0,0x179750,0x190230,0x173130,0xee6630,0xe82090,0x18b450,0x1857d0,608
AVolume,Engine,640,640,0,0x0,0x0,0x18bee0,0x179860,Engine,ABrush,ABrush,UObject,0x0,0x0,0x0,0x0,Engine,0x191050,0x179860,0x1903f0,0x1732c0,0xee4f08,0xe836e8,0x18b180,0x185440,640
AVolumePathNode,Engine,800,800,0,0x0,0x0,0x190430,0x183090,Engine,APathNode,APathNode,UObject,0x0,0x0,0x0,0x0,Engine,0x197000,0x183090,0x1957f0,0x17dd70,0xee3b70,0xe849d0,0x18fc70,0x188fa0,800
AWaterVolume,Engine,704,704,0,0x0,0x0,0x2de880,0x2b0460,Engine,APhysicsVolume,APhysicsVolume,UObject,0x0,0x0,0x0,0x0,Engine,0x2debb0,0x2b0460,0x2bf0f0,0x2a43c0,0xf06db0,0xe9f5f0,0x2de780,0x2c4430,704
AWindPointSource,Engine,592,592,0,0x0,0x0,0x18c530,0x17a9e0,Engine,AInfo,AInfo,UObject,0x0,0x0,0x0,0x0,Engine,0x191c80,0x17a9e0,0x190670,0x175660,0xee2250,0xe861e0,0x18b350,0x1856a0,592
AWorldInfo,Engine,1904,1904,0,0x4,0x4,0x196f70,0x185a00,Engine,AZoneInfo,AZoneInfo,UObject,0x0,0x0,0x0,0x0,Game,0x1983f0,0x185a00,0x195740,0x182f60,0xee7b90,0xe80bf0,0x196f20,0x18c1e0,1904
AZoneInfo,Engine,608,608,0,0x0,0x0,0x18b9d0,0x17d9f0,Engine,AInfo,AInfo,UObject,0x0,0x0,0x0,0x0,Engine,0x193610,0x17d9f0,0x190da0,0x179390,0xee7800,0xe80f60,0x18b380,0x1856d0,608
UActorComponent,Engine,84,84,0,0x101,0x101,0x177ea0,0x16e1b0,Engine,UComponent,UComponent,UObject,0x0,0x0,0x0,0x0,Engine,0x17ef30,0x16e1b0,0x173260,0x169570,0xee25e0,0xe85e70,0x175f90,0x16c030,84
UActorFactory,Engine,88,88,0,0x5,0x5,0x1a95d0,0x18d530,Engine,UObject,UObject,UObject,0x0,0x0,0x0,0x0,Editor,0x1b0370,0x18d530,0x1987d0,0x18c470,0xef3f48,0xe86c90,0x1a8210,0x19c740,88
UActorFactoryActor,Engine,92,92,0,0x4,0x4,0x1a9660,0x191960,Engine,UActorFactory,UActorFactory,UObject,0x0,0x0,0x0,0x0,Editor,0x1b9740,0x191960,0x1b03a0,0x18d560,0xef3d80,0xe86e48,0x1a8230,0x19c760,92
UActorFactoryAkAmbientSound,AkAudio,92,92,0,0x4,0x4,0x5f6f10,0x5afa10,AkAudio,UActorFactory,UActorFactory,UObject,0x0,0x0,0x0,0x0,Editor,0x5f7990,0x5afa10,0x5f4f30,0x5ae740,0xf5d560,0xee16f8,0x5f6e50,0x5b0eb0,92
UActorFactoryArchetype,Engine,92,92,0,0x4,0x4,0x1a9ff0,0x191cc0,Engine,UActorFactory,UActorFactory,UObject,0x0,0x0,0x0,0x0,Editor,0x1b9a00,0x191cc0,0x1b0560,0x18d720,0xef1f38,0xe88b80,0x1a8250,0x19c780,92
UActorFactoryDecal,Engine,92,92,0,0x4,0x4,0x1a9ed0,0x191c50,Engine,UActorFactory,UActorFactory,UObject,0x0,0x0,0x0,0x0,Editor,0x1b99b0,0x191c50,0x1b0540,0x18d700,0xef22c8,0xe88810,0x1a9570,0x19d320,92
UActorFactoryDecalMovable,Engine,92,92,0,0x4,0x4,0x1a9f60,0x197510,Engine,UActorFactoryDecal,UActorFactoryDecal,UObject,0x0,0x0,0x0,0x0,Editor,0x1c1790,0x197510,0x1b99e0,0x191c90,0xef2100,0xe889c8,0x1a9590,0x19d340,92
UActorFactoryDominantDirectionalLight,Engine,88,88,0,0x4,0x4,0x1a9810,0x191a10,Engine,UActorFactory,UActorFactory,UObject,0x0,0x0,0x0,0x0,Editor,0x1b97d0,0x191a10,0x1b0400,0x18d5c0,0xef3828,0xe87370,0x1a8270,0x19c7a0,88
UActorFactoryDominantDirectionalLightMovable,Engine,88,88,0,0x4,0x4,0x1a98a0,0x191a50,Engine,UActorFactory,UActorFactory,UObject,0x0,0x0,0x0,0x0,Editor,0x1b9800,0x191a50,0x1b0420,0x18d5e0,0xef3660,0xe87528,0x1a8330,0x19c8e0,88
UActorFactoryDynamicSM,Engine,112,112,0,0x5,0x5,0x1a9e40,0x191c10,Engine,UActorFactory,UActorFactory,UObject,0x0,0x0,0x0,0x0,Editor,0x1b9980,0x191c10,0x1b0520,0x18d6e0,0xef2490,0xe88658,0x1a8290,0x19c7c0,112
UActorFactoryEmitter,Engine,92,92,0,0x4,0x4,0x1a9c90,0x191b60,Engine,UActorFactory,UActorFactory,UObject,0x0,0x0,0x0,0x0,Editor,0x1b98f0,0x191b60,0x1b04c0,0x18d680,0xef29e8,0xe88130,0x1a82f0,0x19c880,92
UActorFactoryFoliage,,104,,,0x4,,0x1aa1a0,,Engine,UActorFactoryStaticMesh,,,0x0,,0x0,,,0x1c17f0,,0x1b9a80,,0xef19e0,,0x1a95b0,,104
UActorFactoryInteractiveFoliage,,104,,,0x4,,0x1aa110,,Engine,UActorFactoryStaticMesh,,,0x0,,0x0,,,0x1c17c0,,0x1b9a60,,0xef1ba8,,0x1a95b0,,104
UActorFactoryLensFlare,Engine,92,92,0,0x4,0x4,0x1aa080,0x191d00,Engine,UActorFactory,UActorFactory,UObject,0x0,0x0,0x0,0x0,Editor,0x1b9a30,0x191d00,0x1b0580,0x18d740,0xef1d70,0xe88d38,0x1a8310,0x19c8a0,92
UActorFactoryLight,Engine,88,88,0,0x4,0x4,0x1a9780,0x1919e0,Engine,UActorFactory,UActorFactory,UObject,0x0,0x0,0x0,0x0,Editor,0x1b97a0,0x1919e0,0x1b03e0,0x18d5a0,0xef39f0,0xe871b8,0x1a8330,0x19c8e0,88
UActorFactoryMover,Engine,112,112,0,0x4,0x4,0x1a9c00,0x19d390,Engine,UActorFactoryDynamicSM,UActorFactoryDynamicSM,UObject,0x0,0x0,0x0,0x0,Editor,0x1c2170,0x19d390,0x1c1770,0x1974e0,0xef2bb0,0xe87f78,0x1a82b0,0x19c7e0,112
UActorFactoryPathNode,Engine,88,88,0,0x4,0x4,0x1a99c0,0x191ac0,Engine,UActorFactory,UActorFactory,UObject,0x0,0x0,0x0,0x0,Editor,0x1b9860,0x191ac0,0x1b0460,0x18d620,0xef32d0,0xe87898,0x1a8330,0x19c8e0,88
UActorFactoryPhysicsAsset,Engine,124,124,0,0x4,0x4,0x1a9ae0,0x191b20,Engine,UActorFactory,UActorFactory,UObject,0x0,0x0,0x0,0x0,Editor,0x1b98c0,0x191b20,0x1b04a0,0x18d660,0xef2f40,0xe87c08,0x1a8350,0x19c8c0,124
UActorFactoryPlayerStart,Engine,88,88,0,0x4,0x4,0x1a9db0,0x191be0,Engine,UActorFactory,UActorFactory,UObject,0x0,0x0,0x0,0x0,Editor,0x1b9950,0x191be0,0x1b0500,0x18d6c0,0xef2658,0xe884a0,0x1a8330,0x19c8e0,88
UActorFactoryPylon,Engine,88,88,0,0x4,0x4,0x1a9a50,0x191af0,Engine,UActorFactory,UActorFactory,UObject,0x0,0x0,0x0,0x0,Editor,0x1b9890,0x191af0,0x1b0480,0x18d640,0xef3108,0xe87a50,0x1a8330,0x19c8e0,88
UActorFactoryRigidBody,Engine,148,148,0,0x4,0x4,0x1a9b70,0x19d360,Engine,UActorFactoryDynamicSM,UActorFactoryDynamicSM,UObject,0x0,0x0,0x0,0x0,Editor,0x1c2140,0x19d360,0x1c1750,0x1974b0,0xef2d78,0xe87dc0,0x1a82d0,0x19c830,148
UActorFactorySkeletalMesh,Engine,104,104,0,0x4,0x4,0x1a9d20,0x191ba0,Engine,UActorFactory,UActorFactory,UObject,0x0,0x0,0x0,0x0,Editor,0x1b9920,0x191ba0,0x1b04e0,0x18d6a0,0xef2820,0xe882e8,0x1a8370,0x19c900,104
UActorFactoryStaticMesh,Engine,104,104,0,0x4,0x4,0x1a96f0,0x1919a0,Engine,UActorFactory,UActorFactory,UObject,0x0,0x0,0x0,0x0,Editor,0x1b9770,0x1919a0,0x1b03c0,0x18d580,0xef3bb8,0xe87000,0x1a8390,0x19cc20,104
UActorFactoryTargetPoint,Engine,88,88,0,0x4,0x4,0x1aa230,0x191d40,Engine,UActorFactory,UActorFactory,UObject,0x0,0x0,0x0,0x0,Editor,0x1b9aa0,0x191d40,0x1b05a0,0x18d760,0xef1818,0xe88ef0,0x1a8330,0x19c8e0,88
UActorFactoryTrigger,Engine,88,88,0,0x4,0x4,0x1a9930,0x191a80,Engine,UActorFactory,UActorFactory,UObject,0x0,0x0,0x0,0x0,Editor,0x1b9830,0x191a80,0x1b0440,0x18d600,0xef3498,0xe876e0,0x1a8330,0x19c8e0,88
UAkAudioDevice,AkAudio,136,136,0,0x1000000c,0x1000000c,0x5fb1b0,0x5afca0,AkAudio,USubsystem,USubsystem,UObject,0x0,0x0,0x0,0x0,Engine,0x5fbf10,0x5afca0,0x5f5460,0x5aec60,0xf5e010,0xee2670,0x5fa5f0,0x5b44a0,136
UAkBank,Engine,64,64,0,0x0,0x0,0xb1860,0xb0b50,Engine,UObject,UObject,UObject,0x0,0x0,0x0,0x0,Engine,0xc3450,0xb0b50,0xac610,0xaf2b0,0xed1e78,0xe71030,0xb02d0,0xb31c0,64
UAkBaseSoundObject,Engine,56,56,0,0x1,0x1,0xb18f0,0xb0b80,Engine,UObject,UObject,UObject,0x0,0x0,0x0,0x0,Engine,0xc3980,0xb0b80,0xac630,0xaf2e0,0xed1cb0,0xe711e8,0xb02f0,0xb31e0,56
UAkComponent,AkAudio,108,108,0,0x0,0x0,0x5f7d20,0x5af750,AkAudio,UActorComponent,UActorComponent,UObject,0x0,0x0,0x0,0x0,Engine,0x5f7fd0,0x5af750,0x5f4d70,0x5ae510,0xf5ce40,0xee1f90,0x5f7d00,0x5b24b0,108
UAkEvent,Engine,68,68,0,0x0,0x0,0xb1980,0xb45b0,Engine,UAkBaseSoundObject,UAkBaseSoundObject,UObject,0x0,0x0,0x0,0x0,Engine,0xc7210,0xb45b0,0xc39b0,0xb0bb0,0xed1ae8,0xe713a0,0xb0310,0xb3200,68
UAnimMetaData,Engine,56,56,0,0x1,0x1,0x3346d0,0x3120d0,Engine,UObject,UObject,UObject,0x0,0x0,0x0,0x0,Engine,0x337fa0,0x3120d0,0x330240,0x30d3e0,0xf1a3e8,0xeb1c48,0x332220,0x30fa10,56
UAnimMetaData_SkelControl,Engine,80,80,0,0x0,0x0,0x3528b0,0x315850,Engine,UAnimMetaData,UAnimMetaData,UObject,0x0,0x0,0x0,0x0,Engine,0x363c00,0x315850,0x337fd0,0x312100,0xf1a220,0xeb1e00,0x351fe0,0x3307c0,80
UAnimMetaData_SkelControlKeyFrame,Engine,92,92,0,0x0,0x0,0x352940,0x320210,Engine,UAnimMetaData_SkelControl,UAnimMetaData_SkelControl,UObject,0x0,0x0,0x0,0x0,Engine,0x368bb0,0x320210,0x363c30,0x315880,0xf1a058,0xeb1fb8,0x352000,0x336890,92
UAnimNode,Engine,208,208,0,0x1,0x1,0x1b0810,0x1927d0,Engine,UAnimObject,UAnimObject,UObject,0x0,0x0,0x0,0x0,Engine,0x1ba390,0x1927d0,0x1ab340,0x1913b0,0xef0f30,0xe89788,0x1afc40,0x1a3270,208
UAnimNodeAdditiveBlending,Engine,256,256,0,0x0,0x0,0x1b0d20,0x1a3940,Engine,UAnimNodeBlend,UAnimNodeBlend,UObject,0x0,0x0,0x0,0x0,Engine,0x1c2e70,0x1a3940,0x1c2430,0x19e830,0xeee800,0xe8bd58,0x1afca0,0x1a32d0,256
UAnimNodeAimOffset,Engine,304,304,0,0x0,0x0,0x1c2c60,0x19e700,Engine,UAnimNodeBlendBase,UAnimNodeBlendBase,UObject,0x0,0x0,0x0,0x0,Engine,0x1c3bd0,0x19e700,0x1c1930,0x19ab50,0xeef478,0xe8b150,0x1c2970,0x1b8920,304
UAnimNodeBlend,Engine,240,240,0,0x0,0x0,0x1b0930,0x19e500,Engine,UAnimNodeBlendBase,UAnimNodeBlendBase,UObject,0x0,0x0,0x0,0x0,Engine,0x1c21f0,0x19e500,0x1c1870,0x19aa50,0xef0ba0,0xe89af8,0x1afc80,0x1a32b0,240
UAnimNodeBlendBase,Engine,224,224,0,0x1,0x1,0x1b08a0,0x19a9c0,Engine,UAnimNode,UAnimNode,UObject,0x0,0x0,0x0,0x0,Engine,0x1c1840,0x19a9c0,0x1ba3c0,0x192800,0xef0d68,0xe89940,0x1afc60,0x1a3290,224
UAnimNodeBlendByBase,Engine,288,288,0,0x0,0x0,0x1ba740,0x1a3840,Engine,UAnimNodeBlendList,UAnimNodeBlendList,UObject,0x0,0x0,0x0,0x0,Engine,0x1c2c30,0x1a3840,0x1c2340,0x19e680,0xeef9d0,0xe8ac28,0x1b95f0,0x1b6db0,288
UAnimNodeBlendByPhysics,Engine,256,256,0,0x0,0x0,0x1ba620,0x1a3770,Engine,UAnimNodeBlendList,UAnimNodeBlendList,UObject,0x0,0x0,0x0,0x0,Engine,0x1c2bd0,0x1a3770,0x1c2300,0x19e640,0xeefd60,0xe8a8b8,0x1b9610,0x1b6dd0,256
UAnimNodeBlendByPosture,Engine,256,256,0,0x0,0x0,0x1ba590,0x1a3730,Engine,UAnimNodeBlendList,UAnimNodeBlendList,UObject,0x0,0x0,0x0,0x0,Engine,0x1c2ba0,0x1a3730,0x1c22e0,0x19e620,0xeeff28,0xe8a700,0x1b9630,0x1b6df0,256
UAnimNodeBlendByProperty,Engine,320,320,0,0x0,0x0,0x1ba860,0x1a3970,Engine,UAnimNodeBlendList,UAnimNodeBlendList,UObject,0x0,0x0,0x0,0x0,Engine,0x1c2ea0,0x1a3970,0x1c2450,0x19e850,0xeee638,0xe8bf10,0x1b9650,0x1b6e10,320
UAnimNodeBlendBySpeed,Engine,304,304,0,0x0,0x0,0x1ba6b0,0x1a37b0,Engine,UAnimNodeBlendList,UAnimNodeBlendList,UObject,0x0,0x0,0x0,0x0,Engine,0x1c2c00,0x1a37b0,0x1c2320,0x19e660,0xeefb98,0xe8aa70,0x1b9670,0x1b6e30,304
UAnimNodeBlendDirectional,Engine,256,256,0,0x0,0x0,0x1b0a50,0x19e5f0,Engine,UAnimNodeBlendBase,UAnimNodeBlendBase,UObject,0x0,0x0,0x0,0x0,Engine,0x1c22b0,0x19e5f0,0x1c18d0,0x19aad0,0xef00f0,0xe8a548,0x1afdf0,0x1a3380,256
UAnimNodeBlendList,Engine,256,256,0,0x0,0x0,0x1ba470,0x19e5a0,Engine,UAnimNodeBlendBase,UAnimNodeBlendBase,UObject,0x0,0x0,0x0,0x0,Engine,0x1c2260,0x19e5a0,0x1c18b0,0x19aab0,0xef0480,0xe8a1d8,0x1b95d0,0x1ac710,256
UAnimNodeBlendMultiBone,Engine,256,256,0,0x0,0x0,0x1c3b40,0x19e6d0,Engine,UAnimNodeBlendBase,UAnimNodeBlendBase,UObject,0x0,0x0,0x0,0x0,Engine,0x1c74c0,0x19e6d0,0x1c1910,0x19ab30,0xeef640,0xe8af98,0x1c3990,0x1b8e80,256
UAnimNodeBlendPerBone,Engine,304,304,0,0x0,0x0,0x1ba3e0,0x1a3580,Engine,UAnimNodeBlend,UAnimNodeBlend,UObject,0x0,0x0,0x0,0x0,Engine,0x1c2b40,0x1a3580,0x1c2240,0x19e550,0xef0810,0xe89e68,0x1b95b0,0x1ac6c0,304
UAnimNodeCrossfader,Engine,256,256,0,0x0,0x0,0x1b09c0,0x1a3550,Engine,UAnimNodeBlend,UAnimNodeBlend,UObject,0x0,0x0,0x0,0x0,Engine,0x1c2b10,0x1a3550,0x1c2220,0x19e530,0xef09d8,0xe89cb0,0x1afd90,0x1a32f0,256
UAnimNodeMirror,Engine,240,240,0,0x0,0x0,0x1b0ae0,0x19e6a0,Engine,UAnimNodeBlendBase,UAnimNodeBlendBase,UObject,0x0,0x0,0x0,0x0,Engine,0x1c2360,0x19e6a0,0x1c18f0,0x19ab00,0xeef808,0xe8ade0,0x1b0230,0x1a33a0,240
UAnimNodePlayCustomAnim,Engine,256,256,0,0x0,0x0,0x1b0c90,0x1a38b0,Engine,UAnimNodeBlend,UAnimNodeBlend,UObject,0x0,0x0,0x0,0x0,Engine,0x1c2db0,0x1a38b0,0x1c23e0,0x19e7b0,0xeeed58,0xe8b830,0x1afdd0,0x1a3360,256
UAnimNodeRandom,Engine,288,288,0,0x0,0x0,0x1ba500,0x1a36a0,Engine,UAnimNodeBlendList,UAnimNodeBlendList,UObject,0x0,0x0,0x0,0x0,Engine,0x1c2b70,0x1a36a0,0x1c2290,0x19e5d0,0xef02b8,0xe8a390,0x1b9690,0x1b6e50,288
UAnimNodeScalePlayRate,Engine,240,240,0,0x0,0x0,0x1b0b70,0x19e760,Engine,UAnimNodeBlendBase,UAnimNodeBlendBase,UObject,0x0,0x0,0x0,0x0,Engine,0x1c2390,0x19e760,0x1c1970,0x19ab90,0xeef0e8,0xe8b4c0,0x1b0250,0x1a33c0,240
UAnimNodeScaleRateBySpeed,Engine,240,240,0,0x0,0x0,0x1b0c00,0x1a3880,Engine,UAnimNodeScalePlayRate,UAnimNodeScalePlayRate,UObject,0x0,0x0,0x0,0x0,Engine,0x1c2d80,0x1a3880,0x1c23c0,0x19e790,0xeeef20,0xe8b678,0x1b0270,0x1a33e0,240
UAnimNodeSequence,Engine,288,288,0,0x0,0x0,0x1b0660,0x19d4b0,Engine,UAnimNode,UAnimNode,UObject,0x0,0x0,0x0,0x0,Engine,0x1c21a0,0x19d4b0,0x1c1820,0x197fe0,0xef1650,0xe890a8,0x1afdb0,0x1a3310,288
UAnimNodeSequenceBlendBase,Engine,288,288,0,0x1,0x1,0x1b06f0,0x1a3500,Engine,UAnimNodeSequence,UAnimNodeSequence,UObject,0x0,0x0,0x0,0x0,Engine,0x1c2ac0,0x1a3500,0x1c21d0,0x19d540,0xef1488,0xe89260,0x1b0330,0x1ac8d0,288
UAnimNodeSequenceBlendByAim,Engine,400,400,0,0x0,0x0,0x1b0780,0x1aca70,Engine,UAnimNodeSequenceBlendBase,UAnimNodeSequenceBlendBase,UObject,0x0,0x0,0x0,0x0,Engine,0x1c3a80,0x1aca70,0x1c2af0,0x1a3530,0xef12c0,0xe89418,0x1b0350,0x1ac8f0,400
UAnimNodeSlot,Engine,272,272,0,0x0,0x0,0x1ba7d0,0x19e7d0,Engine,UAnimNodeBlendBase,UAnimNodeBlendBase,UObject,0x0,0x0,0x0,0x0,Engine,0x1c2400,0x19e7d0,0x1c1990,0x19abe0,0xeeeb90,0xe8b9e8,0x1b96b0,0x1ac880,272
UAnimNodeSynch,Engine,240,240,0,0x0,0x0,0x1c2cf0,0x19e730,Engine,UAnimNodeBlendBase,UAnimNodeBlendBase,UObject,0x0,0x0,0x0,0x0,Engine,0x1c3c00,0x19e730,0x1c1950,0x19ab70,0xeef2b0,0xe8b308,0x1c2a80,0x1b8970,240
UAnimNode_MultiBlendPerBone,Engine,256,256,0,0x0,0x0,0x1c3ab0,0x19e570,Engine,UAnimNodeBlendBase,UAnimNodeBlendBase,UObject,0x0,0x0,0x0,0x0,Engine,0x1c7490,0x19e570,0x1c1890,0x19aa90,0xef0648,0xe8a020,0x1c3950,0x1b8e60,256
UAnimNotify,Engine,60,60,0,0x1,0x1,0x334640,0x3120a0,Engine,UObject,UObject,UObject,0x0,0x0,0x0,0x0,Engine,0x337f70,0x3120a0,0x330220,0x30d3b0,0xf1a5b0,0xeb1a90,0x332240,0x30fa60,60
UAnimNotify_AkEvent,Engine,84,84,0,0x0,0x0,0x334760,0x316e20,Engine,UAnimNotify,UAnimNotify,UObject,0x0,0x0,0x0,0x0,Engine,0x342ce0,0x316e20,0x339570,0x312120,0xf19e90,0xeb2170,0x332260,0x314d50,84
UAnimNotify_CameraEffect,Engine,64,64,0,0x0,0x0,0x334b00,0x316ff0,Engine,UAnimNotify,UAnimNotify,UObject,0x0,0x0,0x0,0x0,Engine,0x343010,0x316ff0,0x3396f0,0x312310,0xf193e0,0xeb2bc0,0x332280,0x314d70,64
UAnimNotify_Footstep,Engine,64,64,0,0x0,0x0,0x3349f0,0x316fc0,Engine,UAnimNotify,UAnimNotify,UObject,0x0,0x0,0x0,0x0,Engine,0x342fe0,0x316fc0,0x3396d0,0x312270,0xf195a8,0xeb2a08,0x3322a0,0x314d90,64
UAnimNotify_Kismet,Engine,68,68,0,0x0,0x0,0x334910,0x316f90,Engine,UAnimNotify,UAnimNotify,UObject,0x0,0x0,0x0,0x0,Engine,0x342fb0,0x316f90,0x3396b0,0x312200,0xf19770,0xeb2850,0x3322c0,0x314db0,68
UAnimNotify_PawnMaterialParam,Engine,72,72,0,0x0,0x0,0x352aa0,0x324550,Engine,UAnimNotify_Scripted,UAnimNotify_Scripted,UObject,0x0,0x0,0x0,0x0,Engine,0x363ce0,0x324550,0x3462e0,0x320b30,0xf19cc8,0xeb2328,0x352020,0x330840,72
UAnimNotify_PlayParticleEffect,Engine,84,84,0,0x0,0x0,0x334b90,0x317020,Engine,UAnimNotify,UAnimNotify,UObject,0x0,0x0,0x0,0x0,Engine,0x343040,0x317020,0x339710,0x312330,0xf19218,0xeb2d78,0x3322e0,0x314dd0,84
UAnimNotify_Rumble,Engine,76,76,0,0x0,0x0,0x334c20,0x3173b0,Engine,UAnimNotify,UAnimNotify,UObject,0x0,0x0,0x0,0x0,Engine,0x343070,0x3173b0,0x339a90,0x312350,0xf19050,0xeb2f30,0x332300,0x314df0,76
UAnimNotify_Script,Engine,84,84,0,0x0,0x0,0x3347f0,0x316e50,Engine,UAnimNotify,UAnimNotify,UObject,0x0,0x0,0x0,0x0,Engine,0x342f50,0x316e50,0x339590,0x312140,0xf19b00,0xeb24e0,0x332320,0x314e10,84
UAnimNotify_Scripted,Engine,60,60,0,0x1,0x1,0x334880,0x316e80,Engine,UAnimNotify,UAnimNotify,UObject,0x0,0x0,0x0,0x0,Engine,0x342f80,0x316e80,0x3395b0,0x3121e0,0xf19938,0xeb2698,0x332340,0x314f10,60
UAnimNotify_SoireeAccent,Engine,60,60,0,0x0,0x0,0x53d1a0,0x4fdf00,Engine,UAnimNotify,UAnimNotify,UObject,0x0,0x0,0x0,0x0,Engine,0x540050,0x4fdf00,0x53be40,0x4fcd10,0xf44480,0xed4820,0x53c3c0,0x4fd500,60
UAnimNotify_SoireeApex,Engine,60,60,0,0x0,0x0,0x53d230,0x4fdf30,Engine,UAnimNotify,UAnimNotify,UObject,0x0,0x0,0x0,0x0,Engine,0x540080,0x4fdf30,0x53be60,0x4fcd30,0xf442b8,0xed49d8,0x53c3c0,0x4fd500,60
UAnimNotify_SoireeEnd,Engine,60,60,0,0x0,0x0,0x53d350,0x4fdf90,Engine,UAnimNotify,UAnimNotify,UObject,0x0,0x0,0x0,0x0,Engine,0x5400e0,0x4fdf90,0x53bea0,0x4fcd80,0xf43f28,0xed4d48,0x53c3c0,0x4fd500,60
UAnimNotify_SoireeIn,Engine,60,60,0,0x0,0x0,0x53d3e0,0x4fdfc0,Engine,UAnimNotify,UAnimNotify,UObject,0x0,0x0,0x0,0x0,Engine,0x540110,0x4fdfc0,0x53bec0,0x4fcda0,0xf43d60,0xed4f00,0x53c3c0,0x4fd500,60
UAnimNotify_SoireeLoop,Engine,60,60,0,0x0,0x0,0x53d2c0,0x4fdf60,Engine,UAnimNotify,UAnimNotify,UObject,0x0,0x0,0x0,0x0,Engine,0x5400b0,0x4fdf60,0x53be80,0x4fcd60,0xf440f0,0xed4b90,0x53c3c0,0x4fd500,60
UAnimNotify_SoireeOut,Engine,60,60,0,0x0,0x0,0x53d470,0x4fdff0,Engine,UAnimNotify,UAnimNotify,UObject,0x0,0x0,0x0,0x0,Engine,0x540140,0x4fdff0,0x53bee0,0x4fcdc0,0xf43b98,0xed50b8,0x53c3c0,0x4fd500,60
UAnimNotify_Trails,Engine,144,144,0,0x0,0x0,0x34f0a0,0x317590,Engine,UAnimNotify,UAnimNotify,UObject,0x0,0x0,0x0,0x0,Engine,0x352b30,0x317590,0x339cf0,0x3123c0,0xf18cc0,0xeb32a0,0x34e510,0x32ce50,144
UAnimObject,Engine,92,92,0,0x1,0x1,0x1a6940,0x191380,Engine,UObject,UObject,UObject,0x0,0x0,0x0,0x0,Engine,0x1ab310,0x191380,0x198da0,0x18c9c0,0xef10f8,0xe895d0,0x1a33c0,0x197390,92
UAnimSequence,Engine,332,332,0,0x4,0x4,0x373070,0x312040,Engine,UObject,UObject,UObject,0x0,0x0,0x0,0x0,Engine,0x373680,0x312040,0x3301e0,0x30d370,0xf1a940,0xeb1720,0x372ec0,0x3539e0,332
UAnimSet,Engine,268,268,0,0x0,0x0,0x3736b0,0x312070,Engine,UObject,UObject,UObject,0x0,0x0,0x0,0x0,Engine,0x374190,0x312070,0x330200,0x30d390,0xf1a778,0xeb18d8,0x373660,0x3540b0,268
UAnimTree,Engine,496,496,0,0x0,0x0,0x1c2de0,0x19e800,Engine,UAnimNodeBlendBase,UAnimNodeBlendBase,UObject,0x0,0x0,0x0,0x0,Engine,0x1c3c30,0x19e800,0x1c19b0,0x19ac00,0xeee9c8,0xe8bba0,0x1c2aa0,0x1b8990,496
UAnimationCompressionAlgorithm,Engine,76,76,0,0x1,0x1,0xc7560,0xb0f70,Engine,UObject,UObject,UObject,0x0,0x0,0x0,0x0,Engine,0xceb40,0xb0f70,0xac9f0,0xaf700,0xed1920,0xe71558,0xc7430,0xcdb60,76
UAnimationCompressionAlgorithm_Automatic,Engine,84,84,0,0x0,0x0,0xc75f0,0xb4640,Engine,UAnimationCompressionAlgorithm,UAnimationCompressionAlgorithm,UObject,0x0,0x0,0x0,0x0,Engine,0xd0070,0xb4640,0xceb70,0xb0fa0,0xed1758,0xe71710,0xc7450,0xcdb80,84
UAnimationCompressionAlgorithm_BitwiseCompressOnly,Engine,76,76,0,0x0,0x0,0xc7680,0xb4680,Engine,UAnimationCompressionAlgorithm,UAnimationCompressionAlgorithm,UObject,0x0,0x0,0x0,0x0,Engine,0xd00a0,0xb4680,0xceb90,0xb0fc0,0xed1590,0xe718c8,0xc7470,0xcdba0,76
UAnimationCompressionAlgorithm_EdgeAnim,Engine,100,100,0,0x0,0x0,0xc7710,0xb46b0,Engine,UAnimationCompressionAlgorithm,UAnimationCompressionAlgorithm,UObject,0x0,0x0,0x0,0x0,Engine,0xd00d0,0xb46b0,0xcebb0,0xb0fe0,0xed13c8,0xe71a80,0xc7490,0xcdbc0,100
UAnimationCompressionAlgorithm_PerTrackCompression,Engine,180,180,0,0x0,0x0,0xcebd0,0xcdbe0,Engine,UAnimationCompressionAlgorithm_RemoveLinearKeys,UAnimationCompressionAlgorithm_RemoveLinearKeys,UObject,0x0,0x0,0x0,0x0,Engine,0xd3030,0xcdbe0,0xd1fb0,0xc7cc0,0xed1200,0xe71c38,0xceb20,0xd1d00,180
UAnimationCompressionAlgorithm_RemoveEverySecondKey,Engine,84,84,0,0x0,0x0,0xc77a0,0xb46f0,Engine,UAnimationCompressionAlgorithm,UAnimationCompressionAlgorithm,UObject,0x0,0x0,0x0,0x0,Engine,0xd0100,0xb46f0,0xcec60,0xb1000,0xed1038,0xe71df0,0xc7450,0xcdb80,84
UAnimationCompressionAlgorithm_RemoveLinearKeys,Engine,100,100,0,0x0,0x0,0xc7830,0xb4720,Engine,UAnimationCompressionAlgorithm,UAnimationCompressionAlgorithm,UObject,0x0,0x0,0x0,0x0,Engine,0xd0130,0xb4720,0xcec80,0xb1020,0xed0e70,0xe71fa8,0xc7490,0xcdbc0,100
UAnimationCompressionAlgorithm_RemoveTrivialKeys,Engine,84,84,0,0x0,0x0,0xc78c0,0xb4750,Engine,UAnimationCompressionAlgorithm,UAnimationCompressionAlgorithm,UObject,0x0,0x0,0x0,0x0,Engine,0xd0160,0xb4750,0xceca0,0xb1040,0xed0ca8,0xe72160,0xc7450,0xcdb80,84
UAnimationCompressionAlgorithm_RevertToRaw,Engine,76,76,0,0x0,0x0,0xc7950,0xb4780,Engine,UAnimationCompressionAlgorithm,UAnimationCompressionAlgorithm,UObject,0x0,0x0,0x0,0x0,Engine,0xd0190,0xb4780,0xcecc0,0xb1060,0xed0ae0,0xe72318,0xc7470,0xcdba0,76
UApexAsset,Engine,68,68,0,0x0,0x0,0x56e410,0x527660,Engine,UObject,UObject,UObject,0x0,0x0,0x0,0x0,Engine,0x56f340,0x527660,0x568090,0x526e70,0xf4c670,0xed7f88,0x56e3d0,0x52d5c0,68
UApexComponentBase,Engine,496,496,0,0x0,0x0,0x5701c0,0x527690,Engine,UMeshComponent,UMeshComponent,UObject,0x0,0x0,0x0,0x0,Engine,0x570660,0x527690,0x5680b0,0x526e90,0xf4c4a8,0xed8140,0x570130,0x52ebe0,496
UApexDynamicComponent,Engine,496,496,0,0x0,0x0,0x5702e0,0x5286e0,Engine,UApexComponentBase,UApexComponentBase,UObject,0x0,0x0,0x0,0x0,Engine,0x570ad0,0x5286e0,0x5706b0,0x5276e0,0xf4c118,0xed84b0,0x570160,0x52ec10,496
UApexGenericAsset,Engine,72,72,0,0x0,0x0,0x56e4a0,0x528710,Engine,UApexAsset,UApexAsset,UObject,0x0,0x0,0x0,0x0,Engine,0x570370,0x528710,0x56f370,0x527700,0xf4bf50,0xed8668,0x56e3f0,0x52d5e0,72
UApexStaticComponent,Engine,496,496,0,0x0,0x0,0x570250,0x5286b0,Engine,UApexComponentBase,UApexComponentBase,UObject,0x0,0x0,0x0,0x0,Engine,0x570aa0,0x5286b0,0x570690,0x5276c0,0xf4c2e0,0xed82f8,0x570190,0x52ec40,496
UArkAnimNodeBlendPose,Engine,288,288,0,0x0,0x0,0x55ea30,0x50bba0,Engine,UAnimNodeBlendBase,UAnimNodeBlendBase,UObject,0x0,0x0,0x0,0x0,Engine,0x55fd00,0x50bba0,0x54a230,0x5099a0,0xf485c0,0xed71c8,0x55e9d0,0x51dfb0,288
UArkAnimNodeLocomotion,Engine,688,688,0,0x0,0x0,0x55eac0,0x50bbd0,Engine,UAnimNodeBlendBase,UAnimNodeBlendBase,UObject,0x0,0x0,0x0,0x0,Engine,0x55fd30,0x50bbd0,0x54a2b0,0x509a20,0xf483f8,0xed7380,0x55e9f0,0x51e000,688
UArkAnimNodeLookAt,Engine,480,480,0,0x0,0x0,0x565c60,0x50c050,Engine,UAnimNodeSequenceBlendBase,UAnimNodeSequenceBlendBase,UObject,0x0,0x0,0x0,0x0,Engine,0x566f80,0x50c050,0x54a850,0x509fc0,0xf48230,0xed7538,0x565c40,0x524d40,480
UArkAnimNodeRat,Engine,384,384,0,0x0,0x0,0x55eb50,0x50cda0,Engine,UAnimNodeBlendBase,UAnimNodeBlendBase,UObject,0x0,0x0,0x0,0x0,Engine,0x55fd60,0x50cda0,0x54b0e0,0x50a850,0xf48068,0xed76f0,0x55ea10,0x51e050,384
UArkAnimNodeStack,Engine,240,240,0,0x0,0x0,0x57c120,0x533ad0,Engine,UAnimNodeBlendBase,UAnimNodeBlendBase,UObject,0x0,0x0,0x0,0x0,Engine,0x57c920,0x533ad0,0x574d70,0x533430,0xf521e0,0xed8b98,0x57c0d0,0x53b6e0,240
UArkAvoidable,Engine,124,124,0,0x0,0x0,0x529c70,0x4f1760,Engine,UObject,UObject,UObject,0x0,0x0,0x0,0x0,Engine,0x52f700,0x4f1760,0x526d10,0x4f0b40,0xf414d0,0xed1108,0x529c50,0x4f1710,124
UArkBinkOverlayManager,Engine,56,56,0,0x0,0x0,0x5750a0,0x533760,Engine,UObject,UObject,UObject,0x0,0x0,0x0,0x0,Engine,0x575610,0x533760,0x5744f0,0x532b40,0xf52018,0xed95e8,0x575060,0x533660,56
UArkComponentContainer,Engine,96,96,0,0x0,0x0,0x579440,0x533940,Engine,UActorComponent,UActorComponent,UObject,0x0,0x0,0x0,0x0,Engine,0x57aa60,0x533940,0x574800,0x532e70,0xf52900,0xed9b10,0x578e60,0x5383b0,96
UArkComponentLocomotionConfig,Engine,332,336,4,0x0,0x0,0x57e4f0,0x5339e0,Engine,UObject,UObject,UObject,0x0,0x0,0x0,0x0,Engine,0x57e730,0x5339e0,0x574b00,0x5331b0,0xf51e50,0xed89e0,0x57e420,0x53db10,332
UArkComponentLookatConfig,Engine,120,120,0,0x0,0x0,0x57e760,0x533a10,Engine,UObject,UObject,UObject,0x0,0x0,0x0,0x0,Engine,0x57ec90,0x533a10,0x574c00,0x5332b0,0xf51c88,0xed9958,0x57e710,0x53db60,120
UArkDLCManagementBridge,Engine,96,112,16,0x0,0x0,0xd1fd0,0xb29e0,Engine,UObject,UObject,UObject,0x0,0x0,0x0,0x0,Engine,0xd3060,0xb29e0,0xacd00,0xafa10,0xed0918,0xe724d0,0xd1d80,0xd40a0,96
UArkHealthInterface,Engine,56,56,0,0x4001,0x4001,0x575470,0x533a40,Engine,UInterface,UInterface,UObject,0x0,0x0,0x0,0x0,Engine,0x575e40,0x533a40,0x574c20,0x5332d0,0xf52ac8,0xed8f08,0x696f80,0x6e8cb0,56
UArkPpNode,Engine,104,104,0,0x1,0x1,0x55d860,0x50b450,Engine,UObject,UObject,UObject,0x0,0x0,0x0,0x0,Engine,0x55e920,0x50b450,0x549fb0,0x509710,0xf49238,0xed65c0,0x55d500,0x51cf10,104
UArkPpNodeAA,Engine,144,144,0,0x0,0x0,0x55d620,0x5156c0,Engine,UArkPpNode,UArkPpNode,UObject,0x0,0x0,0x0,0x0,Engine,0x561080,0x5156c0,0x55f370,0x50e070,0xf49b20,0xed5d28,0x55d520,0x51dd20,144
UArkPpNodeBlur,Engine,256,256,0,0x0,0x0,0x55d6b0,0x5156f0,Engine,UArkPpNode,UArkPpNode,UObject,0x0,0x0,0x0,0x0,Engine,0x562690,0x5156f0,0x55f390,0x50e2d0,0xf49958,0xed5ee0,0x55d540,0x51dd70,256
UArkPpNodeCommonTarget,Engine,128,128,0,0x0,0x0,0x55d980,0x50f620,Engine,UArkPpNode,UArkPpNode,UObject,0x0,0x0,0x0,0x0,Engine,0x55fc70,0x50f620,0x55e970,0x50b4a0,0xf48ea8,0xed6930,0x55d560,0x51ddc0,128
UArkPpNodeController,Engine,56,56,0,0x1,0x1,0x54bcd0,0x50b530,Engine,UObject,UObject,UObject,0x0,0x0,0x0,0x0,Engine,0x54fd70,0x50b530,0x549ff0,0x509750,0xf48788,0xed7010,0x54b7e0,0x50af40,56
UArkPpNodeDof,Engine,208,208,0,0x0,0x0,0x55d740,0x515720,Engine,UArkPpNode,UArkPpNode,UObject,0x0,0x0,0x0,0x0,Engine,0x563020,0x515720,0x55f3b0,0x50e700,0xf49790,0xed6098,0x55d580,0x51dde0,208
UArkPpNodeKuwa,Engine,120,120,0,0x0,0x0,0x55d7d0,0x515750,Engine,UArkPpNode,UArkPpNode,UObject,0x0,0x0,0x0,0x0,Engine,0x564120,0x515750,0x55f3d0,0x50f1b0,0xf495c8,0xed6250,0x55d5a0,0x51de30,120
UArkPpNodeMaterial,Engine,228,228,0,0x0,0x0,0x564720,0x515780,Engine,UArkPpNode,UArkPpNode,UObject,0x0,0x0,0x0,0x0,Engine,0x564bf0,0x515780,0x55f3f0,0x50f2c0,0xf49400,0xed6408,0x561060,0x5203a0,228
UArkPpNodeSceneColor,Engine,112,112,0,0x0,0x0,0x55da10,0x50f650,Engine,UArkPpNode,UArkPpNode,UObject,0x0,0x0,0x0,0x0,Engine,0x55fca0,0x50f650,0x55e990,0x50b4c0,0xf48ce0,0xed6ae8,0x55d5c0,0x51de80,112
UArkPpNodeSwitch,Engine,128,128,0,0x0,0x0,0x55daa0,0x50f680,Engine,UArkPpNode,UArkPpNode,UObject,0x0,0x0,0x0,0x0,Engine,0x55fcd0,0x50f680,0x55e9b0,0x50b4e0,0xf48b18,0xed6ca0,0x55d5e0,0x51dea0,128
UArkPpNodeTarget,Engine,108,108,0,0x0,0x0,0x55d8f0,0x50f5f0,Engine,UArkPpNode,UArkPpNode,UObject,0x0,0x0,0x0,0x0,Engine,0x55fc40,0x50f5f0,0x55e950,0x50b480,0xf49070,0xed6778,0x55d600,0x51dec0,108
UArkPpSettings,Engine,56,56,0,0x0,0x0,0x54fce0,0x50b500,Engine,UObject,UObject,UObject,0x0,0x0,0x0,0x0,Engine,0x555ca0,0x50b500,0x549fd0,0x509730,0xf48950,0xed6e58,0x5b8ed0,0x8ab340,56
UArkProfileSettings,Engine,1008,1008,0,0x0,0x0,0x57de30,0x533b30,Engine,UOnlineProfileSettings,UOnlineProfileSettings,UObject,0x0,0x0,0x0,0x0,Engine,0x57e1c0,0x533b30,0x574e00,0x5334b0,0xf51ac0,0xed9278,0x57da90,0x53d430,1008
UArkSeqAct_ChangePylonConnection,Engine,248,248,0,0x0,0x0,0x57dda0,0x533aa0,Engine,USequenceAction,USequenceAction,UObject,0x0,0x0,0x0,0x0,Engine,0x57e030,0x533aa0,0x574c60,0x533310,0xf523a8,0xed9430,0x57dab0,0x53d450,248
UArkSettingsListenerInterface,Engine,56,56,0,0x10004001,0x10004001,0x575500,0x533b00,Engine,UInterface,UInterface,UObject,0x0,0x0,0x0,0x0,Engine,0x576b30,0x533b00,0x574de0,0x533490,0xf51730,0xed8828,0x696f80,0x6e8cb0,56
UArrayProperty,Core,112,112,0,0x10000000,0x10000000,0x7d470,0x7c030,Core,UProperty,UProperty,UField,0x200000,0x200000,0x0,0x0,Engine,0x7e790,0x7c030,0x7d500,0x79e40,0xe44a68,0xe6e700,0x7c530,0x73d70,112
UArrowComponent,Engine,464,464,0,0x100,0x100,0x146500,0x133b10,Engine,UPrimitiveComponent,UPrimitiveComponent,UObject,0x0,0x0,0x0,0x0,Engine,0x147270,0x133b10,0x146590,0x130920,0xedc6c0,0xe7b190,0x145cd0,0x13de60,464
UAudioPropagationInfo,Engine,56,56,0,0x1,0x1,0x3a8fe0,0x384500,Engine,UObject,UObject,UObject,0x0,0x0,0x0,0x0,Engine,0x3acd80,0x384500,0x3a23c0,0x380e70,0xf1ee88,0xeb5430,0x5b8ed0,0x8ab340,56
UAudioSystem,Engine,56,56,0,0x1,0x1,0x3a8f50,0x3844d0,Engine,UObject,UObject,UObject,0x0,0x0,0x0,0x0,Engine,0x3acd50,0x3844d0,0x3a23a0,0x380e40,0xf1f050,0xeb5278,0x3a5cc0,0x3850e0,56
UBookMark,Engine,80,80,0,0x0,0x0,0x176540,0x16c7d0,Engine,UObject,UObject,UObject,0x0,0x0,0x0,0x0,Engine,0x17cda0,0x16c7d0,0x170ad0,0x166b30,0xee4458,0xe84138,0x176290,0x16c370,80
UBookMark2D,Engine,68,68,0,0x0,0x0,0x1765d0,0x16c800,Engine,UObject,UObject,UObject,0x0,0x0,0x0,0x0,Engine,0x17cdd0,0x16c800,0x170af0,0x166b60,0xee4290,0xe842f0,0x1762b0,0x16c3c0,68
UBoolProperty,Core,112,112,0,0x10000000,0x10000000,0x7cf30,0x7be70,Core,UProperty,UProperty,UField,0x20000,0x20000,0x0,0x0,Engine,0x7e5d0,0x7be70,0x7cfc0,0x79d80,0xe44df8,0xe6f830,0x7c3b0,0x73bf0,112
UBrushComponent,Engine,544,544,0,0x100,0x100,0x1c26b0,0x191480,Engine,UPrimitiveComponent,UPrimitiveComponent,UObject,0x0,0x0,0x0,0x0,Engine,0x1c34f0,0x191480,0x199430,0x18d080,0xeee470,0xe8c0c8,0x1c2100,0x1b8540,544
UByteProperty,Core,112,112,0,0x10000000,0x10000000,0x7cd20,0x7bde0,Core,UProperty,UProperty,UField,0x40,0x40,0x0,0x0,Engine,0x7e540,0x7bde0,0x7cdb0,0x79d20,0xe43818,0xe6c9c8,0x7c350,0x73b90,112
UCameraConeComponent,Engine,464,464,0,0x100,0x100,0x146710,0x133bc0,Engine,UPrimitiveComponent,UPrimitiveComponent,UObject,0x0,0x0,0x0,0x0,Engine,0x1473b0,0x133bc0,0x1467a0,0x130980,0xedbfa0,0xe7b870,0x145d70,0x13df00,464
UCameraModifier,Engine,84,84,0,0x0,0x0,0x1fb730,0x1dd5e0,Engine,UObject,UObject,UObject,0x0,0x0,0x0,0x0,Engine,0x208b50,0x1dd5e0,0x1cf220,0x1bcef0,0xef8630,0xe90500,0x1f7f20,0x1e2280,84
UCanvas,Engine,160,160,0,0x8,0x8,0x3f63d0,0x3d3c20,Engine,UObject,UObject,UObject,0x0,0x0,0x0,0x0,Engine,0x3f8c80,0x3d3c20,0x3ef9f0,0x3cd0b0,0xf26990,0xebc230,0x3f2ca0,0x3d28f0,160
UCheatManager,Engine,92,92,0,0x0,0x0,0x20b4a0,0x1e0040,Engine,UObject,UObject,APlayerController,0x0,0x0,0x0,0x0,Engine,0x210cd0,0x1e0040,0x1df1c0,0x1c9e50,0xef7d40,0xe90d98,0x20b400,0x1f5180,92
UClass,Core,456,436,-20,0x10000000,0x10000000,0x6c710,0x24850,Core,UState,UState,UPackage,0x20,0x20,0x0,0x0,Engine,0x6d2a0,0x24850,0x6cbd0,0x23e00,0xe45e10,0xe6f678,0x6c080,0x79f90,456
UClassProperty,Core,116,116,0,0x10000000,0x10000000,0x7d140,0x7e8e0,Core,UObjectProperty,UObjectProperty,UField,0x400,0x400,0x0,0x0,Engine,0x848d0,0x7e8e0,0x7e660,0x7bf00,0xe448a0,0xe6daf8,0x7c470,0x73cb0,116
UClient,Engine,80,80,0,0x10000005,0x10000005,0x1fc430,0x1ddb40,Engine,UObject,UObject,UObject,0x0,0x0,0x0,0x0,Engine,0x208c50,0x1ddb40,0x1d2750,0x1bd100,0xef8468,0xe906b8,0x1fb5c0,0x1e67e0,80
UClipPadEntry,Engine,80,80,0,0x0,0x0,0x182a00,0x16c850,Engine,UObject,UObject,UObject,0x0,0x0,0x0,0x0,Engine,0x1858c0,0x16c850,0x170b10,0x166b90,0xee3f00,0xe84660,0x182750,0x179020,80
UCodecMovie,Engine,60,60,0,0x9,0x9,0x1fcd70,0x1ddfb0,Engine,UObject,UObject,UObject,0x0,0x0,0x0,0x0,Engine,0x209250,0x1ddfb0,0x1d4250,0x1be370,0xef8298,0xe90870,0x1f59f0,0x1e0000,60
UCodecMovieBink,Engine,92,92,0,0x10000008,0x10000008,0x1fce90,0x1e6f90,Engine,UCodecMovie,UCodecMovie,UObject,0x0,0x0,0x0,0x0,Engine,0x20fa20,0x1e6f90,0x2092a0,0x1de000,0xef7f08,0xe90be0,0x1fcd30,0x1e6f20,92
UCodecMovieFallback,Engine,64,64,0,0x8,0x8,0x1fce00,0x1e6f60,Engine,UCodecMovie,UCodecMovie,UObject,0x0,0x0,0x0,0x0,Engine,0x20f9f0,0x1e6f60,0x209280,0x1ddfe0,0xef80d0,0xe90a28,0x1f5a10,0x1e0020,64
UCommandlet,Core,120,120,0,0x9,0x9,0x7a640,0x794f0,Core,UObject,UObject,UObject,0x0,0x0,0x0,0x0,Engine,0x7c9f0,0x794f0,0x71580,0x287b0,0xe45a80,0xe6e548,0x561e0,0x6c290,120
UComponent,Core,68,68,0,0x1,0x1,0x7a930,0x79520,Core,UObject,UObject,UObject,0x1000000,0x1000000,0x0,0x0,Engine,0x7ca20,0x79520,0x715c0,0x28840,0xe43f88,0xe6ba50,0x45f90,0x6c2e0,68
UComponentProperty,Core,112,112,0,0x10000000,0x10000000,0x7d1d0,0x7e910,Core,UObjectProperty,UObjectProperty,UField,0x200,0x200,0x0,0x0,Engine,0x84900,0x7e910,0x7e680,0x7bf20,0xe8f868,0xe6e8b8,0x7c440,0x73c80,112
UConsole,Engine,448,448,0,0xc,0xc,0x415410,0x3daa60,Engine,UInteraction,UInteraction,UGameViewportClient,0x0,0x0,0x0,0x0,Input,0x418fa0,0x3daa60,0x3fdf00,0x3d6ea0,0xf26438,0xebc758,0x414ee0,0x3f4a50,448
UConst,Core,72,72,0,0x10000000,0x10000000,0x7a400,0x79430,Core,UField,UField,UStruct,0x2,0x2,0x0,0x0,Engine,0x7c930,0x79430,0x6ed50,0x25e00,0xe863f0,0xe6d260,0x46120,0x73b70,72
UCurveEdPresetCurve,Engine,80,80,0,0x0,0x0,0x216ae0,0x1e1930,Engine,UObject,UObject,UObject,0x0,0x0,0x0,0x0,Engine,0x219ce0,0x1e1930,0x1e12e0,0x1cb340,0xef79b0,0xe91108,0x216640,0x201e30,80
UCustomPropertyItemHandler,Engine,56,56,0,0x4001,0x4001,0x43d0f0,0x412f10,Engine,UInterface,UInterface,UObject,0x0,0x0,0x0,0x0,Engine,0x442690,0x412f10,0x433c70,0x40fe60,0xf2acf0,0xec1230,0x696f80,0x6e8cb0,56
UCylinderComponent,Engine,480,480,0,0x100,0x100,0x146450,0x133ae0,Engine,UPrimitiveComponent,UPrimitiveComponent,UObject,0x0,0x0,0x0,0x0,Engine,0x147240,0x133ae0,0x1464e0,0x130900,0xedc888,0xe7afd8,0x145cb0,0x13de40,480
UDEPRECATED_DisSeqAct_AddHeartTarget,,248,,,0x2000000,,0x7e7cb0,,DishonoredGame,UDisSeqAct_PlayerAction,,,0x0,,0x0,,,0x7f0320,,0x7eeff0,,0xfcc940,,0x7e5d10,,248
UDEPRECATED_DisSeqAct_ClearHeartTargets,,248,,,0x2000000,,0x7e7dd0,,DishonoredGame,UDisSeqAct_PlayerAction,,,0x0,,0x0,,,0x7f0380,,0x7ef030,,0xfcc5b0,,0x7e5d10,,248
UDEPRECATED_DisSeqAct_RemoveHeartTarget,,248,,,0x2000000,,0x7e7d40,,DishonoredGame,UDisSeqAct_PlayerAction,,,0x0,,0x0,,,0x7f0350,,0x7ef010,,0xfcc778,,0x7e5d10,,248
UDEPRECATED_DisTweaks_GFxMoviePlayerGameOver,,184,,,0x2000000,,0x8403a0,,DishonoredGame,UDisTweaks_GFxMoviePlayerBase,,,0x0,,0x0,,,0x840890,,0x822ad0,,0xfdfa50,,0x840240,,184
UDEPRECATED_PBRuleNodeBase,,56,,,0x2000001,,0x1512a0,,Engine,UObject,,,0x0,,0x0,,,0x1536e0,,0x14fea0,,0xee03e8,,0x5b8ed0,,56
UDamageType,Engine,88,88,0,0x1,0x1,0x176420,0x16c730,Engine,UObject,UObject,UObject,0x0,0x0,0x0,0x0,Engine,0x17cd50,0x16c730,0x170a90,0x166a80,0xee5628,0xe83008,0x1762d0,0x16c410,88
UDataStoreClient,Engine,116,116,0,0x4,0x4,0x4154a0,0x3d41f0,Engine,UUIRoot,UUIRoot,UObject,0x0,0x0,0x0,0x0,Engine,0x419060,0x3d41f0,0x3f1510,0x3ced00,0xf25ee0,0xebcc80,0x414ec0,0x3f4a30,116
UDebugManager,Engine,60,60,0,0x8,0x8,0x1f8840,0x1e28a0,Engine,UObject,UObject,UObject,0x0,0x0,0x0,0x0,Engine,0x205750,0x1e28a0,0x1eeff0,0x1d8770,0xef60c0,0xe92918,0x4c5360,0x4a0dc0,60
UDecalComponent,Engine,752,752,0,0x0,0x0,0xf9fa0,0xdd820,Engine,UPrimitiveComponent,UPrimitiveComponent,UObject,0x0,0x0,0x0,0x0,Engine,0xfc590,0xdd820,0xd6e00,0xd9410,0xed52c8,0xe72da8,0xf9dd0,0xf7b30,752
UDecalMaterial,Engine,912,912,0,0x0,0x0,0x109600,0xde330,Engine,UMaterial,UMaterial,UObject,0x0,0x0,0x0,0x0,Engine,0x109d00,0xde330,0xd7bc0,0xda070,0xed4f38,0xe73118,0x1095e0,0xdd0e0,912
UDelegateProperty,Core,116,116,0,0x10000000,0x10000000,0x7ce80,0x7be40,Core,UProperty,UProperty,UField,0x800000,0x800000,0x0,0x0,Engine,0x7e5a0,0x7be40,0x7cf10,0x79d60,0xe44fc0,0xe6c130,0x7c5c0,0x73e00,116
UDirectionalLightComponent,Engine,464,464,0,0x0,0x0,0x104f30,0xe03f0,Engine,ULightComponent,ULightComponent,UObject,0x0,0x0,0x0,0x0,Engine,0x1070c0,0xe03f0,0xd7ea0,0xda450,0xed4d60,0xe732d0,0x104ed0,0x105aa0,464
UDisAIBehaviorWithDesires,DishonoredGame,160,160,0,0x1,0x1,0x735ef0,0x6c6f70,DishonoredGame,UDishonoredAIBehavior,UDishonoredAIBehavior,UObject,0x0,0x0,0x0,0x0,Engine,0x7388d0,0x6c6f70,0x722440,0x6c1f50,0xf9ca98,0xf20238,0x735a60,0x6dcf10,160
UDisAIBlackboard,DishonoredGame,68,68,0,0x0,0x0,0x7a0610,0x72c570,DishonoredGame,UObject,UObject,UObject,0x0,0x0,0x0,0x0,Engine,0x7a1f20,0x72c570,0x78d5e0,0x728bf0,0xfb8af8,0xf354e0,0x7a02d0,0x7444e0,68
UDisAIBrainProcess,DishonoredGame,76,76,0,0x1,0x1,0x798770,0x72c860,DishonoredGame,UObject,UObject,UObject,0x0,0x0,0x0,0x0,Engine,0x79b040,0x72c860,0x78d750,0x728d60,0xfb8930,0xf35698,0x796c80,0x731c80,76
UDisAIBrainProcessAttention,DishonoredGame,192,192,0,0x0,0x0,0x7a06a0,0x7301a0,DishonoredGame,UDisAIBrainProcess,UDisAIBrainProcess,UObject,0x0,0x0,0x0,0x0,Engine,0x7a1f50,0x7301a0,0x79b0d0,0x72c9c0,0xfb85a0,0xf35a08,0x7a02f0,0x744500,192
UDisAIBrainProcessBattleSense,DishonoredGame,84,88,4,0x0,0x0,0x7993a0,0x74ce80,DishonoredGame,UDisAIBrainProcess,UDisAIBrainProcess,UObject,0x0,0x0,0x0,0x0,Engine,0x79d2a0,0x74ce80,0x79b300,0x748ab0,0xfb7598,0xf36980,0x796fc0,0x755270,84
UDisAIBrainProcessHideoutWatcher,DishonoredGame,84,84,0,0x0,0x0,0x799280,0x74ce20,DishonoredGame,UDisAIBrainProcess,UDisAIBrainProcess,UObject,0x0,0x0,0x0,0x0,Engine,0x79d240,0x74ce20,0x79b2c0,0x748950,0xfb7928,0xf36610,0x796cb0,0x7551e0,84
UDisAIBrainProcessPanic,DishonoredGame,92,92,0,0x0,0x0,0x79ec00,0x74cf60,DishonoredGame,UDisAIBrainProcess,UDisAIBrainProcess,UObject,0x0,0x0,0x0,0x0,Engine,0x7a0ac0,0x74cf60,0x79b320,0x748cc0,0xfb7208,0xf36cf0,0x79e100,0x766330,92
UDisAIBrainProcessRatCrusher,DishonoredGame,84,84,0,0x0,0x0,0x799430,0x74cf90,DishonoredGame,UDisAIBrainProcess,UDisAIBrainProcess,UObject,0x0,0x0,0x0,0x0,Engine,0x79d2d0,0x74cf90,0x79b340,0x748da0,0xfb7040,0xf36ea8,0x796ce0,0x755210,84
UDisAIBrainProcessWolfhound,DishonoredGame,76,76,0,0x0,0x0,0x799310,0x74ce50,DishonoredGame,UDisAIBrainProcess,UDisAIBrainProcess,UObject,0x0,0x0,0x0,0x0,Engine,0x79d270,0x74ce50,0x79b2e0,0x748a20,0xfb7760,0xf367c8,0x796d10,0x755240,76
UDisAINoiseManager,DishonoredGame,84,84,0,0x4,0x4,0x899cf0,0x840c30,DishonoredGame,UObject,UObject,UObject,0x0,0x0,0x0,0x0,AI,0x89c440,0x840c30,0x888120,0x83d570,0xff2228,0xf753f8,0x898cd0,0x859ad0,84
UDisAIRangedBehaviorInterface,DishonoredGame,56,56,0,0x4001,0x4001,0x749350,0x703a20,DishonoredGame,UInterface,UInterface,UObject,0x0,0x0,0x0,0x0,Engine,0x74d640,0x703a20,0x745d30,0x700b90,0xfa5658,0xf2a588,0x696f80,0x6e8cb0,56
UDisAISubProcess,DishonoredGame,104,104,0,0x1,0x1,0x774760,0x72ac50,DishonoredGame,UObject,UObject,UObject,0x0,0x0,0x0,0x0,Engine,0x776180,0x72ac50,0x765d00,0x728400,0xfadca0,0xf31f98,0x771e70,0x731cb0,104
UDisAISubProcessAmbientAnims,DishonoredGame,108,108,0,0x0,0x0,0x7748a0,0x72f150,DishonoredGame,UDisAISubProcess,UDisAISubProcess,UObject,0x0,0x0,0x0,0x0,Engine,0x777c80,0x72f150,0x776400,0x72ae80,0xfad910,0xf32308,0x771e90,0x731cd0,108
UDisAISubProcessAmbientBarks,DishonoredGame,112,112,0,0x0,0x0,0x774930,0x72f1b0,DishonoredGame,UDisAISubProcess,UDisAISubProcess,UObject,0x0,0x0,0x0,0x0,Engine,0x777cb0,0x72f1b0,0x776420,0x72aef0,0xfad580,0xf32678,0x771ec0,0x731d00,112
UDisAISubProcessCombatBarks,DishonoredGame,132,132,0,0x0,0x0,0x7749c0,0x72f270,DishonoredGame,UDisAISubProcess,UDisAISubProcess,UObject,0x0,0x0,0x0,0x0,Engine,0x777e80,0x72f270,0x776440,0x72af80,0xfad1f0,0xf329e8,0x771ef0,0x731d30,132
UDisAISubProcessDistractions,DishonoredGame,208,208,0,0x0,0x0,0x778040,0x7399a0,DishonoredGame,UDisAISubProcessWithDesires,UDisAISubProcessWithDesires,UObject,0x0,0x0,0x0,0x0,Engine,0x77c270,0x7399a0,0x765de0,0x734db0,0xface60,0xf32d58,0x776870,0x73bbe0,208
UDisAISubProcessFleetingGaze,DishonoredGame,220,220,0,0x0,0x0,0x776460,0x7399d0,DishonoredGame,UDisAISubProcessWithDesires,UDisAISubProcessWithDesires,UObject,0x0,0x0,0x0,0x0,Engine,0x7780d0,0x7399d0,0x765f20,0x734e10,0xfacad0,0xf330c8,0x774cf0,0x737510,220
UDisAISubProcessGenericBark,DishonoredGame,128,128,0,0x0,0x0,0x774a90,0x72f450,DishonoredGame,UDisAISubProcess,UDisAISubProcess,UObject,0x0,0x0,0x0,0x0,Engine,0x778190,0x72f450,0x776560,0x72b200,0xfac740,0xf33438,0x771f10,0x731d50,128
UDisAISubProcessHeadTrackBark,DishonoredGame,128,128,0,0x0,0x0,0x797330,0x73e5a0,DishonoredGame,UDisAISubProcessHeadTrackBase,UDisAISubProcessHeadTrackBase,UObject,0x0,0x0,0x0,0x0,Engine,0x7a0490,0x73e5a0,0x79e1c0,0x73ac40,0xfb95a8,0xf34a90,0x796db0,0x731eb0,128
UDisAISubProcessHeadTrackBase,DishonoredGame,124,124,0,0x1,0x1,0x7973c0,0x734fa0,DishonoredGame,UDisAISubProcessWithDesires,UDisAISubProcessWithDesires,UObject,0x0,0x0,0x0,0x0,Engine,0x79bd60,0x734fa0,0x79abc0,0x72f9f0,0xfb9218,0xf34e00,0x796d90,0x731e90,124
UDisAISubProcessHeadTrackPause,DishonoredGame,312,312,0,0x0,0x0,0x79aca0,0x73ad80,DishonoredGame,UDisAISubProcessHeadTrackBase,UDisAISubProcessHeadTrackBase,UObject,0x0,0x0,0x0,0x0,Engine,0x79e1e0,0x73ad80,0x79be70,0x735020,0xfb9050,0xf34fb8,0x79a720,0x737530,312
UDisAISubProcessManageAttacks,DishonoredGame,168,168,0,0x0,0x0,0x774b20,0x72f4b0,DishonoredGame,UDisAISubProcess,UDisAISubProcess,UObject,0x0,0x0,0x0,0x0,Engine,0x778220,0x72f4b0,0x776630,0x72b270,0xfac3b0,0xf337a8,0x7727e0,0x732530,168
UDisAISubProcessPersonalSpace,DishonoredGame,412,412,0,0x0,0x0,0x776650,0x73a6c0,DishonoredGame,UDisAISubProcessWithDesires,UDisAISubProcessWithDesires,UObject,0x0,0x0,0x0,0x0,Engine,0x778250,0x73a6c0,0x766220,0x734e30,0xfac020,0xf33b18,0x774d10,0x737550,412
UDisAISubProcessStandardBodyIntention,DishonoredGame,128,128,0,0x0,0x0,0x796ff0,0x73a8f0,DishonoredGame,UDisAISubProcessWithDesires,UDisAISubProcessWithDesires,UObject,0x0,0x0,0x0,0x0,Engine,0x79e130,0x73a8f0,0x79bb30,0x734e50,0xfba220,0xf33e88,0x796f30,0x732080,128
UDisAISubProcessWatchPoints,DishonoredGame,228,228,0,0x0,0x0,0x79bb50,0x73a920,DishonoredGame,UDisAISubProcessWithDesires,UDisAISubProcessWithDesires,UObject,0x0,0x0,0x0,0x0,Engine,0x79e160,0x73a920,0x79bbe0,0x734ea0,0xfb9e90,0xf341f8,0x79bb10,0x73bc00,228
UDisAISubProcessWithDesires,DishonoredGame,108,108,0,0x1,0x1,0x7971f0,0x72f910,DishonoredGame,UDisAISubProcess,UDisAISubProcess,UObject,0x0,0x0,0x0,0x0,Engine,0x79aaf0,0x72f910,0x78d260,0x72b880,0xfb9b00,0xf34568,0x796d40,0x731d80,108
UDisAISubProcessWolfHoundCount,DishonoredGame,112,112,0,0x0,0x0,0x7972a0,0x72f940,DishonoredGame,UDisAISubProcess,UDisAISubProcess,UObject,0x0,0x0,0x0,0x0,Engine,0x79ab20,0x72f940,0x78d2d0,0x72b8f0,0xfb9938,0xf34720,0x796f80,0x7320e0,112
UDisAISubState,DishonoredGame,204,204,0,0x1,0x1,0x7731a0,0x705770,DishonoredGame,UDishonoredNativeState,UDishonoredNativeState,UObject,0x0,0x0,0x0,0x0,Engine,0x7750a0,0x705770,0x765250,0x702000,0xfb34f0,0xf2cb58,0x772230,0x70ddd0,204
UDisAISubStateCombatBase,DishonoredGame,228,228,0,0x0,0x0,0x774450,0x72ebc0,DishonoredGame,UDisAISubStateWithDesires,UDisAISubStateWithDesires,UObject,0x0,0x0,0x0,0x0,Engine,0x77bfe0,0x72ebc0,0x777b60,0x72a6b0,0xfaeca8,0xf31020,0x772800,0x732550,228
UDisAISubStateCower,DishonoredGame,332,332,0,0x0,0x0,0x773510,0x705e60,DishonoredGame,UDisAISubStateWithDesires,UDisAISubStateWithDesires,UObject,0x0,0x0,0x0,0x0,Engine,0x780000,0x705e60,0x77b9d0,0x702050,0xfb3060,0xf2cec8,0x7722f0,0x70ddf0,332
UDisAISubStateDoAttractSpell,DishonoredGame,332,332,0,0x0,0x0,0x7735a0,0x705f90,DishonoredGame,UDisAISubStateWithDesires,UDisAISubStateWithDesires,UObject,0x0,0x0,0x0,0x0,Engine,0x780030,0x705f90,0x77b9f0,0x7020c0,0xfb2cd0,0xf2d238,0x772b20,0x70de10,332
UDisAISubStateDoWeaponManoeuver,DishonoredGame,236,236,0,0x0,0x0,0x773630,0x7060c0,DishonoredGame,UDisAISubStateWithDesires,UDisAISubStateWithDesires,UObject,0x0,0x0,0x0,0x0,Engine,0x7801d0,0x7060c0,0x77ba10,0x702140,0xfb2940,0xf2d5a8,0x772b40,0x70de30,236
UDisAISubStateFindShootingPosition,DishonoredGame,476,476,0,0x0,0x0,0x777420,0x732860,DishonoredGame,UDisAISubStateWithDesires,UDisAISubStateWithDesires,UObject,0x0,0x0,0x0,0x0,Engine,0x780200,0x732860,0x77ba30,0x72d700,0xfb25b0,0xf2d920,0x776890,0x73bc50,476
UDisAISubStateFirePistol,DishonoredGame,536,536,0,0x0,0x0,0x775470,0x732c20,DishonoredGame,UDisAISubStateWithDesires,UDisAISubStateWithDesires,UObject,0x0,0x0,0x0,0x0,Engine,0x780230,0x732c20,0x77bb50,0x72da50,0xfb2218,0xf2dc90,0x774fa0,0x737810,536
UDisAISubStateFlee,DishonoredGame,344,344,0,0x0,0x0,0x775780,0x733090,DishonoredGame,UDisAISubStateWithDesires,UDisAISubStateWithDesires,UObject,0x0,0x0,0x0,0x0,Engine,0x7802b0,0x733090,0x77bb70,0x72dba0,0xfb1e88,0xf2e000,0x774d30,0x737610,344
UDisAISubStateFollow,DishonoredGame,336,336,0,0x0,0x0,0x7738e0,0x733430,DishonoredGame,UDisAISubStateWithDesires,UDisAISubStateWithDesires,UObject,0x0,0x0,0x0,0x0,Engine,0x7802e0,0x733430,0x77bb90,0x72dd00,0xfb1af8,0xf2e370,0x772480,0x732260,336
UDisAISubStateGenericAction,DishonoredGame,224,224,0,0x0,0x0,0x773ab0,0x729c60,DishonoredGame,UDisAISubState,UDisAISubState,UObject,0x0,0x0,0x0,0x0,Engine,0x7776e0,0x729c60,0x775810,0x727770,0xfb1768,0xf2e6e0,0x772250,0x732110,224
UDisAISubStateInit,DishonoredGame,204,204,0,0x0,0x0,0x773b40,0x729d70,DishonoredGame,UDisAISubState,UDisAISubState,UObject,0x0,0x0,0x0,0x0,Engine,0x777710,0x729d70,0x775830,0x727840,0xfb13d8,0xf2ea50,0x772280,0x732140,204
UDisAISubStateInvestigate,DishonoredGame,556,556,0,0x0,0x0,0x7758b0,0x733820,DishonoredGame,UDisAISubStateWithDesires,UDisAISubStateWithDesires,UObject,0x0,0x0,0x0,0x0,Engine,0x780310,0x733820,0x77bca0,0x72df80,0xfb1048,0xf2edc0,0x775850,0x738410,556
UDisAISubStateLieInWait,DishonoredGame,400,400,0,0x0,0x0,0x775a00,0x733c20,DishonoredGame,UDisAISubStateWithDesires,UDisAISubStateWithDesires,UObject,0x0,0x0,0x0,0x0,Engine,0x780340,0x733c20,0x77bcc0,0x72e250,0xfb0cb8,0xf2f130,0x774fc0,0x737830,400
UDisAISubStateMachine,DishonoredGame,208,208,0,0x4,0x4,0x7881b0,0x72a1b0,DishonoredGame,UDishonoredNativeStateMachine,UDishonoredNativeStateMachine,UObject,0x0,0x0,0x0,0x0,Game,0x78b960,0x72a1b0,0x765700,0x727af0,0xfb0928,0xf2f4a0,0x785d80,0x748290,208
UDisAISubStateMaintainDistance,DishonoredGame,416,416,0,0x0,0x0,0x775b10,0x733ec0,DishonoredGame,UDisAISubStateWithDesires,UDisAISubStateWithDesires,UObject,0x0,0x0,0x0,0x0,Engine,0x780370,0x733ec0,0x77be00,0x72e4a0,0xfb0760,0xf2f658,0x774d50,0x737660,416
UDisAISubStateMeleeChase,DishonoredGame,432,432,0,0x0,0x0,0x775f10,0x734bc0,DishonoredGame,UDisAISubStateCombatBase,UDisAISubStateCombatBase,UObject,0x0,0x0,0x0,0x0,Engine,0x780490,0x734bc0,0x77c010,0x72ecd0,0xfaeae0,0xf311d8,0x774dc0,0x737700,432
UDisAISubStateMeleeEngage,DishonoredGame,520,520,0,0x0,0x0,0x775fa0,0x734bf0,DishonoredGame,UDisAISubStateCombatBase,UDisAISubStateCombatBase,UObject,0x0,0x0,0x0,0x0,Engine,0x7804c0,0x734bf0,0x77c030,0x72ed00,0xfae750,0xf31548,0x774de0,0x737720,520
UDisAISubStateMenace,DishonoredGame,332,332,0,0x0,0x0,0x7742a0,0x733f20,DishonoredGame,UDisAISubStateWithDesires,UDisAISubStateWithDesires,UObject,0x0,0x0,0x0,0x0,Engine,0x7803a0,0x733f20,0x77be80,0x72e780,0xfb03d0,0xf2f9c8,0x772630,0x732390,332
UDisAISubStateStand,DishonoredGame,460,460,0,0x0,0x0,0x774330,0x7341d0,DishonoredGame,UDisAISubStateWithDesires,UDisAISubStateWithDesires,UObject,0x0,0x0,0x0,0x0,Engine,0x7803d0,0x7341d0,0x77bea0,0x72e810,0xfb0040,0xf2fd38,0x772650,0x7323e0,460
UDisAISubStateStareAtUnreachable,DishonoredGame,396,396,0,0x0,0x0,0x775ba0,0x734340,DishonoredGame,UDisAISubStateWithDesires,UDisAISubStateWithDesires,UObject,0x0,0x0,0x0,0x0,Engine,0x780400,0x734340,0x77bec0,0x72e8b0,0xfafcb0,0xf300a8,0x775870,0x738430,396
UDisAISubStateTakeActorPosition,DishonoredGame,520,520,0,0x0,0x0,0x775c30,0x73c770,DishonoredGame,UDisAISubStateTakePosition,UDisAISubStateTakePosition,UObject,0x0,0x0,0x0,0x0,Engine,0x783880,0x73c770,0x7821c0,0x738b50,0xfaf920,0xf30418,0x774d90,0x7376a0,520
UDisAISubStateTakePosition,DishonoredGame,512,512,0,0x0,0x0,0x775d80,0x7343c0,DishonoredGame,UDisAISubStateWithDesires,UDisAISubStateWithDesires,UObject,0x0,0x0,0x0,0x0,Engine,0x780430,0x7343c0,0x77bfa0,0x72e990,0xfaf590,0xf30788,0x774d70,0x737680,512
UDisAISubStateTrackTarget,DishonoredGame,428,428,0,0x0,0x0,0x775e60,0x734650,DishonoredGame,UDisAISubStateWithDesires,UDisAISubStateWithDesires,UObject,0x0,0x0,0x0,0x0,Engine,0x780460,0x734650,0x77bfc0,0x72ea60,0xfaf200,0xf30af8,0x775890,0x738450,428
UDisAISubStateWHCombatLongDistance,DishonoredGame,472,472,0,0x0,0x0,0x7746d0,0x734cd0,DishonoredGame,UDisAISubStateCombatBase,UDisAISubStateCombatBase,UObject,0x0,0x0,0x0,0x0,Engine,0x7804f0,0x734cd0,0x77c050,0x72eec0,0xfae3c0,0xf318b8,0x774540,0x734c20,472
UDisAISubStateWHCombatShortDistance,DishonoredGame,436,436,0,0x0,0x0,0x7760f0,0x734d00,DishonoredGame,UDisAISubStateCombatBase,UDisAISubStateCombatBase,UObject,0x0,0x0,0x0,0x0,Engine,0x780800,0x734d00,0x77c070,0x72f110,0xfade68,0xf31de0,0x776030,0x7390e0,436
UDisAISubStateWithDesires,DishonoredGame,208,208,0,0x1,0x1,0x7743c0,0x72a640,DishonoredGame,UDisAISubState,UDisAISubState,UObject,0x0,0x0,0x0,0x0,Engine,0x777b30,0x72a640,0x775ef0,0x728130,0xfaee70,0xf30e68,0x7722b0,0x732170,208
UDisAbstractItem,DishonoredGame,116,116,0,0x0,0x0,0x8942a0,0x8404d0,DishonoredGame,UObject,UObject,UObject,0x0,0x0,0x0,0x0,Engine,0x895eb0,0x8404d0,0x887b80,0x83ceb0,0xff35c0,0xf74110,0x893990,0x84f070,116
UDisAbstractItemAudioLog,DishonoredGame,124,124,0,0x0,0x0,0x6a0090,0x6487f0,DishonoredGame,UDisAbstractItem,UDisAbstractItem,UObject,0x0,0x0,0x0,0x0,Engine,0x6a1d30,0x6487f0,0x691e90,0x644070,0xf783e8,0xefd540,0x69e720,0x653b10,124
UDisActivePowerComponent_DarkVision,DishonoredGame,184,184,0,0x0,0x0,0x83ab30,0x7f3000,DishonoredGame,UDishonoredActivePowerComponent,UDishonoredActivePowerComponent,UObject,0x0,0x0,0x0,0x0,Power,0x83ddd0,0x7f3000,0x83abc0,0x7ecaf0,0xfd9a20,0xf59b90,0x839630,0x7fbc00,184
UDisActorFactoryNPCPawn,DishonoredGame,100,100,0,0x4,0x4,0x7b98f0,0x74e440,DishonoredGame,UActorFactory,UActorFactory,UObject,0x0,0x0,0x0,0x0,Editor,0x7bd0a0,0x74e440,0x7aafa0,0x74a890,0xfbb840,0xf38870,0x7b9790,0x75b3e0,100
UDisActorFactoryTweakObj,DishonoredGame,92,92,0,0x4,0x4,0x69fcb0,0x6473d0,DishonoredGame,UActorFactory,UActorFactory,UObject,0x0,0x0,0x0,0x0,Editor,0x6a1590,0x6473d0,0x691ab0,0x643c30,0xf79780,0xefc258,0x69e700,0x653af0,92
UDisAkComponent,DishonoredGame,168,168,0,0x0,0x0,0x818f30,0x78c010,DishonoredGame,UAkComponent,UAkComponent,UObject,0x0,0x0,0x0,0x0,Engine,0x81b460,0x78c010,0x7f3e40,0x787290,0xfd5d38,0xf50600,0x818470,0x7b5fb0,168
UDisAlarmBellComponent,DishonoredGame,464,464,0,0x0,0x0,0x678e20,0x61e380,DishonoredGame,UPrimitiveComponent,UPrimitiveComponent,UObject,0x0,0x0,0x0,0x0,Engine,0x67a410,0x61e380,0x66ac80,0x619f50,0xf6f778,0xef7178,0x677a10,0x61f420,464
UDisAlarmGlobalManager,DishonoredGame,76,76,0,0x4,0x4,0x890a60,0x840c60,DishonoredGame,UObject,UObject,UObject,0x0,0x0,0x0,0x0,Level,0x892ea0,0x840c60,0x8881c0,0x83d610,0xff2060,0xf755b0,0x88bb70,0x843640,76
UDisAmbushComponent,DishonoredGame,464,464,0,0x0,0x0,0x6a54a0,0x647780,DishonoredGame,UPrimitiveComponent,UPrimitiveComponent,UObject,0x0,0x0,0x0,0x0,Engine,0x6a7010,0x647780,0x691de0,0x643f90,0xf78940,0xefd018,0x6a44c0,0x649210,464
UDisAmbushGlobalManager,DishonoredGame,76,76,0,0x0,0x0,0x89a4d0,0x840d00,DishonoredGame,UObject,UObject,ADishonoredGameInfo,0x0,0x0,0x0,0x0,Engine,0x89c470,0x840d00,0x888280,0x83d6e0,0xff1e98,0xf75768,0x898cb0,0x859a90,76
UDisAmbushRenderProxyComponent,DishonoredGame,464,464,0,0x0,0x0,0x6a55c0,0x648700,DishonoredGame,UDisRenderProxyComponent,UDisRenderProxyComponent,UObject,0x0,0x0,0x0,0x0,Engine,0x6a7070,0x648700,0x691e70,0x644040,0xf785b0,0xefd388,0x6a4570,0x649260,464
UDisAnimDefinitions,DishonoredGame,68,68,0,0x0,0x0,0x8d8570,0x841b70,DishonoredGame,UObject,UObject,UObject,0x0,0x0,0x0,0x0,Engine,0x8d8a00,0x841b70,0x8af2b0,0x83e080,0x10004a0,0xf77d38,0x8d82c0,0x863ee0,68
UDisAnimNode3StateBlend,DishonoredGame,288,288,0,0x0,0x0,0x6c8d90,0x682240,DishonoredGame,UAnimNodeBlendList,UAnimNodeBlendList,UObject,0x0,0x0,0x0,0x0,Engine,0x6ca220,0x682240,0x6b1d50,0x67d7e0,0xf7ce18,0xf09940,0x6c7280,0x69df80,288
UDisAnimNodeBlendByAssassinationState,DishonoredGame,272,272,0,0x0,0x0,0x6f3590,0x68a310,DishonoredGame,UDisAnimNodeBlendList,UDisAnimNodeBlendList,UObject,0x0,0x0,0x0,0x0,Engine,0x6f5180,0x68a310,0x6f4cd0,0x682990,0xf90ea8,0xf0c7a8,0x6f1ce0,0x69e1a0,272
UDisAnimNodeBlendByCorpseBeingCarried,DishonoredGame,272,272,0,0x0,0x0,0x6c8e20,0x682270,DishonoredGame,UAnimNodeBlendList,UAnimNodeBlendList,UObject,0x0,0x0,0x0,0x0,Engine,0x6ca250,0x682270,0x6b1e20,0x67d8e0,0xf7cc50,0xf09af8,0x6c72a0,0x69dfc0,272
UDisAnimNodeBlendByCorpseDropType,DishonoredGame,256,256,0,0x0,0x0,0x6c8eb0,0x682370,DishonoredGame,UAnimNodeBlendList,UAnimNodeBlendList,UObject,0x0,0x0,0x0,0x0,Engine,0x6ca340,0x682370,0x6b1e40,0x67d910,0xf7ca88,0xf09cb0,0x6c72c0,0x69dfe0,256
UDisAnimNodeBlendByGrenadeState,DishonoredGame,272,272,0,0x0,0x0,0x6f37d0,0x68a480,DishonoredGame,UDisAnimNodeBlendList,UDisAnimNodeBlendList,UObject,0x0,0x0,0x0,0x0,Engine,0x6f5240,0x68a480,0x6f4d50,0x682a10,0xf90788,0xf0ce88,0x6f1d00,0x69e1c0,272
UDisAnimNodeBlendByHeadBob,DishonoredGame,,224,,,0x0,,0x682450,,,UAnimNodeBlendBase,UObject,,0x0,,0x0,Engine,,0x682450,,0x67d940,,0xf09e68,,0x69e000,
UDisAnimNodeBlendByLocoType,DishonoredGame,272,272,0,0x0,0x0,0x6c8f40,0x682480,DishonoredGame,UAnimNodeBlendList,UAnimNodeBlendList,UObject,0x0,0x0,0x0,0x0,Engine,0x6ca420,0x682480,0x6b1e60,0x67d970,0xf7c8c0,0xf0a020,0x6c72e0,0x69e020,272
UDisAnimNodeBlendByMeleeBlockState,DishonoredGame,272,272,0,0x0,0x0,0x6f3620,0x68a3f0,DishonoredGame,UDisAnimNodeBlendList,UDisAnimNodeBlendList,UObject,0x0,0x0,0x0,0x0,Engine,0x6f51b0,0x68a3f0,0x6f4cf0,0x6829b0,0xf90ce0,0xf0c960,0x6f1d20,0x69e1e0,272
UDisAnimNodeBlendByMeleeState,DishonoredGame,272,272,0,0x0,0x0,0x6f36b0,0x68a420,DishonoredGame,UDisAnimNodeBlendList,UDisAnimNodeBlendList,UObject,0x0,0x0,0x0,0x0,Engine,0x6f51e0,0x68a420,0x6f4d10,0x6829d0,0xf90b18,0xf0cb18,0x6f1d40,0x69e200,272
UDisAnimNodeBlendByParryState,DishonoredGame,272,272,0,0x0,0x0,0x6f3740,0x68a450,DishonoredGame,UDisAnimNodeBlendList,UDisAnimNodeBlendList,UObject,0x0,0x0,0x0,0x0,Engine,0x6f5210,0x68a450,0x6f4d30,0x6829f0,0xf90950,0xf0ccd0,0x6f1d60,0x69e220,272
UDisAnimNodeBlendByPhysicalCondition,DishonoredGame,256,256,0,0x0,0x0,0x6c8fd0,0x6824b0,DishonoredGame,UAnimNodeAdditiveBlending,UAnimNodeAdditiveBlending,UObject,0x0,0x0,0x0,0x0,Engine,0x6ca450,0x6824b0,0x6b1e80,0x67d9a0,0xf7c6f8,0xf0a1d8,0x6c7300,0x69e040,256
UDisAnimNodeBlendByPlayerSneak,DishonoredGame,272,272,0,0x0,0x0,0x6c9060,0x6824e0,DishonoredGame,UAnimNodeBlendList,UAnimNodeBlendList,UObject,0x0,0x0,0x0,0x0,Engine,0x6ca480,0x6824e0,0x6b1ea0,0x67d9d0,0xf7c530,0xf0a390,0x6c7320,0x69e060,272
UDisAnimNodeBlendByPlayerSpringRazorState,DishonoredGame,272,272,0,0x0,0x0,0x6f3860,0x68a4b0,DishonoredGame,UDisAnimNodeBlendList,UDisAnimNodeBlendList,UObject,0x0,0x0,0x0,0x0,Engine,0x6f5270,0x68a4b0,0x6f4d70,0x682a30,0xf905c0,0xf0d040,0x6f1d80,0x69e240,272
UDisAnimNodeBlendByPlayerStance,DishonoredGame,272,272,0,0x0,0x0,0x6c90f0,0x682510,DishonoredGame,UAnimNodeBlendList,UAnimNodeBlendList,UObject,0x0,0x0,0x0,0x0,Engine,0x6ca4b0,0x682510,0x6b1ec0,0x67da00,0xf7c368,0xf0a548,0x6c7340,0x69e080,272
UDisAnimNodeBlendBySpeedPercent,DishonoredGame,288,288,0,0x0,0x0,0x6c9290,0x682540,DishonoredGame,UAnimNodeBlendBase,UAnimNodeBlendBase,UObject,0x0,0x0,0x0,0x0,Engine,0x6ca4e0,0x682540,0x6b1ee0,0x67da30,0xf7c1a0,0xf0a700,0x6c7360,0x69e0a0,288
UDisAnimNodeBlendByStepUpMantle,DishonoredGame,256,256,0,0x0,0x0,0x6f20f0,0x682570,DishonoredGame,UAnimNodeAdditiveBlending,UAnimNodeAdditiveBlending,UObject,0x0,0x0,0x0,0x0,Engine,0x6f4960,0x682570,0x6cfd40,0x67db30,0xf92cf0,0xf0a8b8,0x6f1c40,0x69e0c0,256
UDisAnimNodeBlendBySwimState,DishonoredGame,272,272,0,0x0,0x0,0x6f2180,0x6825a0,DishonoredGame,UAnimNodeBlendList,UAnimNodeBlendList,UObject,0x0,0x0,0x0,0x0,Engine,0x6f4990,0x6825a0,0x6cfd60,0x67db60,0xf92b28,0xf0aa70,0x6f1c60,0x69e0e0,272
UDisAnimNodeBlendByVulnerability,DishonoredGame,272,272,0,0x0,0x0,0x6f2210,0x6825d0,DishonoredGame,UAnimNodeBlendList,UAnimNodeBlendList,UObject,0x0,0x0,0x0,0x0,Engine,0x6f49c0,0x6825d0,0x6cfd80,0x67db90,0xf92960,0xf0ac28,0x6f1c80,0x69e100,272
UDisAnimNodeBlendCastPower,DishonoredGame,304,304,0,0x0,0x0,0x6f22a0,0x689140,DishonoredGame,UDisAnimNode3StateBlend,UDisAnimNode3StateBlend,UObject,0x0,0x0,0x0,0x0,Engine,0x6f49f0,0x689140,0x6cfda0,0x682600,0xf92798,0xf0ade0,0x6f1c20,0x69dfa0,304
UDisAnimNodeBlendDirectional,DishonoredGame,256,256,0,0x0,0x0,0x6f2330,0x682620,DishonoredGame,UAnimNodeBlendDirectional,UAnimNodeBlendDirectional,UObject,0x0,0x0,0x0,0x0,Engine,0x6f4a20,0x682620,0x6cfdc0,0x67dbd0,0xf925d0,0xf0af98,0x6f1ca0,0x69e120,256
UDisAnimNodeBlendHeartAdditive,DishonoredGame,,256,,,0x0,,0x682650,,,UAnimNodeAdditiveBlending,UObject,,0x0,,0x0,Engine,,0x682650,,0x67dc00,,0xf0b150,,0x69e140,
UDisAnimNodeBlendItemAimAdditive,DishonoredGame,256,256,0,0x0,0x0,0x6c8bd0,0x682100,DishonoredGame,UAnimNodeAdditiveBlending,UAnimNodeAdditiveBlending,UObject,0x0,0x0,0x0,0x0,Engine,0x6ca1c0,0x682100,0x6b1a70,0x67d4d0,0xf7da90,0xf08d38,0x6c7380,0x69e160,256
UDisAnimNodeBlendList,DishonoredGame,272,272,0,0x1,0x1,0x6f23c0,0x682680,DishonoredGame,UAnimNodeBlendList,UAnimNodeBlendList,UObject,0x0,0x0,0x0,0x0,Engine,0x6f4a50,0x682680,0x6cfde0,0x67dc30,0xf92408,0xf0b308,0x6f1cc0,0x69e180,272
UDisAnimNodeBlendPerBone,DishonoredGame,368,368,0,0x0,0x0,0x6f2450,0x6826c0,DishonoredGame,UAnimNodeBlendPerBone,UAnimNodeBlendPerBone,UObject,0x0,0x0,0x0,0x0,Engine,0x6f4a80,0x6826c0,0x6cfe00,0x67dc60,0xf92240,0xf0b4c0,0x6f1da0,0x69e260,368
UDisAnimNodeSeqPlayer,DishonoredGame,368,368,0,0x0,0x0,0x6f3b30,0x697730,DishonoredGame,UDishonoredAnimNodeSeq,UDishonoredAnimNodeSeq,UObject,0x0,0x0,0x0,0x0,Engine,0x6f6940,0x697730,0x6f52a0,0x68f0c0,0xf87c98,0xf15498,0x6f1e80,0x69e340,368
UDisAnimNodeSlot,DishonoredGame,288,288,0,0x0,0x0,0x6f24e0,0x6826f0,DishonoredGame,UAnimNodeSlot,UAnimNodeSlot,UObject,0x0,0x0,0x0,0x0,Engine,0x6f4ab0,0x6826f0,0x6cfe90,0x67dcf0,0xf92078,0xf0b678,0x6f1dc0,0x69e280,288
UDisAnimStateComponent,DishonoredGame,284,284,0,0x0,0x0,0x6cea80,0x682130,DishonoredGame,UObject,UObject,UObject,0x0,0x0,0x0,0x0,Engine,0x6cfb90,0x682130,0x6b1a90,0x67d500,0xf7d8c8,0xf08ef0,0x6cdb10,0x6a05e0,284
UDisAnimStateFiringInterface,DishonoredGame,56,56,0,0x4001,0x4001,0x6bdba0,0x682160,DishonoredGame,UInterface,UInterface,UObject,0x0,0x0,0x0,0x0,Engine,0x6c0cf0,0x682160,0x6b1ad0,0x67d540,0xf7d700,0xf090a8,0x696f80,0x6e8cb0,56
UDisAnimStateOwnerInterface,DishonoredGame,56,56,0,0x4001,0x4001,0x6bdc30,0x6889f0,DishonoredGame,UDisAnimStateFiringInterface,UDisAnimStateFiringInterface,UObject,0x0,0x0,0x0,0x0,Engine,0x6c3500,0x6889f0,0x6c0d20,0x682190,0xf7d538,0xf09260,0x6b6000,0x3d6e80,56
UDisAnimStatePool,DishonoredGame,68,68,0,0x0,0x0,0x8a0840,0x840d30,DishonoredGame,UObject,UObject,UObject,0x0,0x0,0x0,0x0,Engine,0x8a5380,0x840d30,0x8883a0,0x83d800,0xff1cd0,0xf75920,0x8a0010,0x860c00,68
UDisAttentionDefs,DishonoredGame,56,56,0,0x1,0x1,0x7493e0,0x703a50,DishonoredGame,UObject,UObject,UObject,0x0,0x0,0x0,0x0,Engine,0x74d670,0x703a50,0x745d50,0x700bb0,0xfa5490,0xf2a740,0x5b8ed0,0x8ab340,56
UDisAttentionInfo_Base,DishonoredGame,140,140,0,0x1,0x1,0x79b0f0,0x74bf60,DishonoredGame,UObject,UObject,UObject,0x0,0x0,0x0,0x0,Engine,0x79cdf0,0x74bf60,0x78da60,0x7482b0,0xfb83d8,0xf35bc0,0x79a6d0,0x75b390,140
UDisAttentionInfo_Complex,DishonoredGame,1644,1644,0,0x0,0x0,0x7a2090,0x74f8f0,DishonoredGame,UDisAttentionInfo_Base,UDisAttentionInfo_Base,UObject,0x0,0x0,0x0,0x0,Engine,0x7a37f0,0x74f8f0,0x79ce20,0x74c1b0,0xfb8210,0xf35d78,0x7a1890,0x768c30,1644
UDisAttentionInfo_Simple,DishonoredGame,160,160,0,0x0,0x0,0x79b230,0x750000,DishonoredGame,UDisAttentionInfo_Base,UDisAttentionInfo_Base,UObject,0x0,0x0,0x0,0x0,Engine,0x79eb40,0x750000,0x79d220,0x74c750,0xfb8048,0xf35f30,0x79a6f0,0x75b3b0,160
UDisAttentionTargetComponent,DishonoredGame,464,464,0,0x0,0x0,0x7a0900,0x74cd40,DishonoredGame,UPrimitiveComponent,UPrimitiveComponent,UObject,0x0,0x0,0x0,0x0,Engine,0x7a2440,0x74cd40,0x78de50,0x7488a0,0xfb7e80,0xf360e8,0x7a02b0,0x74f8b0,464
UDisAttentionTargetInterface,DishonoredGame,56,56,0,0x4001,0x4001,0x793d80,0x74cdb0,DishonoredGame,UInterface,UInterface,UObject,0x0,0x0,0x0,0x0,Engine,0x799190,0x74cdb0,0x78de70,0x7488d0,0xfb7cb8,0xf362a0,0x696f80,0x6e8cb0,56
UDisAttributes,DishonoredGame,128,128,0,0x0,0x0,0x8f8530,0x8699f0,DishonoredGame,UObject,UObject,UObject,0x0,0x0,0x0,0x0,Engine,0x8f85c0,0x8699f0,0x8d9380,0x865da0,0x10069b0,0xf7b968,0x8f84e0,0x88ada0,128
UDisAttributesInterface,DishonoredGame,56,56,0,0x4001,0x4001,0x8dc7d0,0x869a20,DishonoredGame,UInterface,UInterface,UObject,0x0,0x0,0x0,0x0,Engine,0x8e0310,0x869a20,0x8d9440,0x865e60,0x10067e8,0xf7bb20,0x696f80,0x6e8cb0,56
UDisAudioListenerTestComponent,DishonoredGame,464,464,0,0x0,0x0,0x8148f0,0x78bd60,DishonoredGame,UPrimitiveComponent,UPrimitiveComponent,UObject,0x0,0x0,0x0,0x0,Engine,0x816c80,0x78bd60,0x7f3cf0,0x786d00,0xfd67e8,0xf4fbb0,0x814240,0x78db00,464
UDisAudioPropagationInfo,DishonoredGame,108,108,0,0x0,0x0,0x814980,0x78bd90,DishonoredGame,UAudioPropagationInfo,UAudioPropagationInfo,UObject,0x0,0x0,0x0,0x0,Engine,0x816cb0,0x78bd90,0x7f3d10,0x786d30,0xfd6620,0xf4fd68,0x814260,0x7b05d0,108
UDisBehaviorAmbush,DishonoredGame,192,192,0,0x0,0x0,0x735f80,0x6ccd10,DishonoredGame,UDisAIBehaviorWithDesires,UDisAIBehaviorWithDesires,UObject,0x0,0x0,0x0,0x0,Engine,0x739900,0x6ccd10,0x738900,0x6c6ff0,0xf9c8d0,0xf203f0,0x735d60,0x6dcfd0,192
UDisBehaviorAssassinCombat,DishonoredGame,304,304,0,0x0,0x0,0x757150,0x702f50,DishonoredGame,UDisBehaviorCombatMelee,UDisBehaviorCombatMelee,UObject,0x0,0x0,0x0,0x0,Engine,0x75bcc0,0x702f50,0x75af60,0x700150,0xfa79f8,0xf28328,0x7566f0,0x7200a0,304
UDisBehaviorAttentionBase,DishonoredGame,,176,,,0x0,,0x6cce20,,,UDisAIBehaviorWithDesires,UObject,,0x0,,0x0,Engine,,0x6cce20,,0x6c7120,,0xf20760,,0x6dcf50,
UDisBehaviorBattleVictory,DishonoredGame,468,468,0,0x0,0x0,0x736010,0x6cce50,DishonoredGame,UDisAIBehaviorWithDesires,UDisAIBehaviorWithDesires,UObject,0x0,0x0,0x0,0x0,Engine,0x7399c0,0x6cce50,0x738920,0x6c7180,0xf9c540,0xf20918,0x735aa0,0x6dcf70,468
UDisBehaviorBlockingDialog,DishonoredGame,276,276,0,0x0,0x0,0x7360a0,0x6cce80,DishonoredGame,UDisAIBehaviorWithDesires,UDisAIBehaviorWithDesires,UObject,0x0,0x0,0x0,0x0,Engine,0x739a80,0x6cce80,0x738940,0x6c7340,0xf9c1b0,0xf20c88,0x735ac0,0x6dcf90,276
UDisBehaviorCombat,DishonoredGame,300,300,0,0x1,0x1,0x756fa0,0x6e86c0,DishonoredGame,UDisAIBehaviorWithDesires,UDisBehaviorAttentionBase,UObject,0x0,0x0,0x0,0x0,Engine,0x759d30,0x6e86c0,0x7457a0,0x6e4fa0,0xfa84a8,0xf278d8,0x756690,0x6fcda0,300
UDisBehaviorCombatCityGuard,DishonoredGame,304,304,0,0x0,0x0,0x7571e0,0x702fb0,DishonoredGame,UDisBehaviorCombatMelee,UDisBehaviorCombatMelee,UObject,0x0,0x0,0x0,0x0,Engine,0x75bcf0,0x702fb0,0x75b010,0x700230,0xfa7668,0xf28698,0x756730,0x7200e0,304
UDisBehaviorCombatEliteGuard,DishonoredGame,312,312,0,0x0,0x0,0x757270,0x703010,DishonoredGame,UDisBehaviorCombatMelee,UDisBehaviorCombatMelee,UObject,0x0,0x0,0x0,0x0,Engine,0x75bd20,0x703010,0x75b0c0,0x700320,0xfa72d8,0xf28a08,0x756770,0x720120,312
UDisBehaviorCombatMelee,DishonoredGame,304,304,0,0x0,0x0,0x757030,0x6eb310,DishonoredGame,UDisBehaviorCombat,UDisBehaviorCombat,UObject,0x0,0x0,0x0,0x0,Engine,0x75ad50,0x6eb310,0x759d60,0x6e8970,0xfa82e0,0xf27a90,0x7566b0,0x6fcdc0,304
UDisBehaviorCombatRatSwarm,DishonoredGame,200,200,0,0x0,0x0,0x757800,0x703400,DishonoredGame,UDisAIBehaviorWithDesires,UDisAIBehaviorWithDesires,UObject,0x0,0x0,0x0,0x0,Engine,0x759de0,0x703400,0x745ba0,0x7008b0,0xfa5d78,0xf29ea8,0x7568b0,0x720260,200
UDisBehaviorCombatRatSwarmEliteGuard,DishonoredGame,200,204,4,0x0,0x0,0x757890,0x70b190,DishonoredGame,UDisBehaviorCombatRatSwarm,UDisBehaviorCombatRatSwarm,UObject,0x0,0x0,0x0,0x0,Engine,0x75b570,0x70b190,0x759e10,0x703690,0xfa59e8,0xf2a218,0x7568f0,0x7202a0,200
UDisBehaviorCombatWolfhound,DishonoredGame,308,308,0,0x0,0x0,0x757300,0x7030a0,DishonoredGame,UDisBehaviorCombat,UDisBehaviorCombat,UObject,0x0,0x0,0x0,0x0,Engine,0x75b170,0x7030a0,0x759da0,0x700470,0xfa6f48,0xf28d78,0x756a00,0x7202f0,308
UDisBehaviorEnemyUnreachable,DishonoredGame,292,292,0,0x0,0x0,0x736130,0x6ccee0,DishonoredGame,UDisAIBehaviorWithDesires,UDisAIBehaviorWithDesires,UObject,0x0,0x0,0x0,0x0,Engine,0x739b40,0x6ccee0,0x738960,0x6c74c0,0xf9be20,0xf20ff8,0x735da0,0x6dd010,292
UDisBehaviorEscapeExplosion,DishonoredGame,204,288,84,0x0,0x0,0x7361c0,0x6e5d00,DishonoredGame,UDisAIBehaviorWithDesires,UDisAIBehaviorWithDesires,UObject,0x0,0x0,0x0,0x0,Engine,0x739c00,0x6e5d00,0x738980,0x6e3980,0xf9ba90,0xf21370,0x735ae0,0x6fc7d0,204
UDisBehaviorEscapePlague,DishonoredGame,184,184,0,0x0,0x0,0x736250,0x6ebf70,DishonoredGame,UDishonoredAIBehavior,UDishonoredAIBehavior,UObject,0x0,0x0,0x0,0x0,Engine,0x7389a0,0x6ebf70,0x722dd0,0x6e9130,0xf9b538,0xf21898,0x735d00,0x6fca70,184
UDisBehaviorFollow,DishonoredGame,160,160,0,0x0,0x0,0x736340,0x6ebfd0,DishonoredGame,UDishonoredAIBehavior,UDishonoredAIBehavior,UObject,0x0,0x0,0x0,0x0,Engine,0x7389d0,0x6ebfd0,0x722ee0,0x6e91e0,0xf9b1a8,0xf21c08,0x735d30,0x6fcad0,160
UDisBehaviorGoHome,DishonoredGame,392,392,0,0x0,0x0,0x7363d0,0x6e5fa0,DishonoredGame,UDisAIBehaviorWithDesires,UDisAIBehaviorWithDesires,UObject,0x0,0x0,0x0,0x0,Engine,0x739e10,0x6e5fa0,0x738a00,0x6e39f0,0xf9ae18,0xf21f78,0x735b20,0x6fc7f0,392
UDisBehaviorGoTo,DishonoredGame,408,408,0,0x0,0x0,0x756e80,0x6edab0,DishonoredGame,UDisBehaviorGoTo_Base,UDisBehaviorGoTo_Base,UObject,0x0,0x0,0x0,0x0,Engine,0x75bc50,0x6edab0,0x75aca0,0x6eb190,0xfa8bc8,0xf271f8,0x7565d0,0x6fc830,408
UDisBehaviorGoTo_Base,DishonoredGame,384,384,0,0x1,0x1,0x756f10,0x6e84a0,DishonoredGame,UDisAIBehaviorWithDesires,UDisAIBehaviorWithDesires,UObject,0x0,0x0,0x0,0x0,Engine,0x759d00,0x6e84a0,0x745530,0x6e4d30,0xfa8838,0xf27568,0x7565b0,0x6fc810,384
UDisBehaviorGuard,DishonoredGame,376,376,0,0x0,0x0,0x736490,0x6e6240,DishonoredGame,UDisAIBehaviorWithDesires,UDisAIBehaviorWithDesires,UObject,0x0,0x0,0x0,0x0,Engine,0x739ed0,0x6e6240,0x738a20,0x6e3b30,0xf9aa88,0xf222e8,0x735b40,0x6fc860,376
UDisBehaviorIdle,DishonoredGame,244,244,0,0x0,0x0,0x736550,0x6e6390,DishonoredGame,UDisAIBehaviorWithDesires,UDisAIBehaviorWithDesires,UObject,0x0,0x0,0x0,0x0,Engine,0x739f90,0x6e6390,0x738a40,0x6e3b60,0xf9a6f8,0xf22658,0x735b60,0x6fc880,244
UDisBehaviorInhibited,DishonoredGame,,160,,,0x0,,0x6ec400,,,UDishonoredAIBehavior,UObject,,0x0,,0x0,Engine,,0x6ec400,,0x6e93e0,,0xf229c8,,0x6fcb30,
UDisBehaviorInteract,DishonoredGame,404,404,0,0x0,0x0,0x7365e0,0x6e6570,DishonoredGame,UDisAIBehaviorWithDesires,UDisAIBehaviorWithDesires,UObject,0x0,0x0,0x0,0x0,Engine,0x73a050,0x6e6570,0x738a60,0x6e3be0,0xf9a368,0xf22d38,0x735b80,0x6fc8d0,404
UDisBehaviorMagicResponse,DishonoredGame,192,192,0,0x0,0x0,0x736670,0x6e6940,DishonoredGame,UDisAIBehaviorWithDesires,UDisAIBehaviorWithDesires,UObject,0x0,0x0,0x0,0x0,Engine,0x73a110,0x6e6940,0x738a80,0x6e3d20,0xf99fd8,0xf230a8,0x735ba0,0x6fc8f0,192
UDisBehaviorMusicalCombat,DishonoredGame,384,384,0,0x0,0x0,0x7570c0,0x702df0,DishonoredGame,UDisBehaviorCombat,UDisBehaviorCombat,UObject,0x0,0x0,0x0,0x0,Engine,0x75aea0,0x702df0,0x759d80,0x700020,0xfa7d88,0xf27fb8,0x756870,0x720220,384
UDisBehaviorNotice,DishonoredGame,468,468,0,0x0,0x0,0x736700,0x6e69e0,DishonoredGame,UDisAIBehaviorWithDesires,UDisBehaviorAttentionBase,UObject,0x0,0x0,0x0,0x0,Engine,0x73a1d0,0x6e69e0,0x738aa0,0x6e3e00,0xf99c48,0xf23418,0x735be0,0x6fc7b0,468
UDisBehaviorOverseerCombat,DishonoredGame,320,320,0,0x0,0x0,0x757390,0x703150,DishonoredGame,UDisBehaviorCombatMelee,UDisBehaviorCombatMelee,UObject,0x0,0x0,0x0,0x0,Engine,0x75bd50,0x703150,0x75b230,0x700540,0xfa6bb8,0xf290e8,0x7567f0,0x7201a0,320
UDisBehaviorOverseerHMasterCombat,DishonoredGame,312,312,0,0x0,0x0,0x757650,0x70b0a0,DishonoredGame,UDisBehaviorCombatEliteGuard,UDisBehaviorCombatEliteGuard,UObject,0x0,0x0,0x0,0x0,Engine,0x75c2f0,0x70b0a0,0x75bd80,0x703220,0xfa6828,0xf29458,0x7567b0,0x720160,312
UDisBehaviorPanic,DishonoredGame,400,400,0,0x0,0x0,0x736790,0x6e6b90,DishonoredGame,UDisAIBehaviorWithDesires,UDisAIBehaviorWithDesires,UObject,0x0,0x0,0x0,0x0,Engine,0x73a290,0x6e6b90,0x738ac0,0x6e3eb0,0xf998b8,0xf23788,0x735c00,0x6fc930,400
UDisBehaviorPatrol,DishonoredGame,284,284,0,0x0,0x0,0x736850,0x6e6df0,DishonoredGame,UDisAIBehaviorWithDesires,UDisAIBehaviorWithDesires,UObject,0x0,0x0,0x0,0x0,Engine,0x73a350,0x6e6df0,0x738ae0,0x6e3f40,0xf99528,0xf23af8,0x735c20,0x6fc950,284
UDisBehaviorPatrolSearch,DishonoredGame,304,304,0,0x0,0x0,0x736950,0x6e9ab0,DishonoredGame,UDisBehaviorPatrol,UDisBehaviorPatrol,UObject,0x0,0x0,0x0,0x0,Engine,0x73aec0,0x6e9ab0,0x73a430,0x6e6ef0,0xf99198,0xf23e68,0x7368e0,0x6fd580,304
UDisBehaviorRatStomp,DishonoredGame,376,376,0,0x0,0x0,0x7369e0,0x6e7040,DishonoredGame,UDisAIBehaviorWithDesires,UDisAIBehaviorWithDesires,UObject,0x0,0x0,0x0,0x0,Engine,0x73a4e0,0x6e7040,0x738b90,0x6e3fc0,0xf98e08,0xf241d8,0x735c40,0x6fc970,376
UDisBehaviorReact,DishonoredGame,268,268,0,0x0,0x0,0x736a70,0x6e71b0,DishonoredGame,UDisAIBehaviorWithDesires,UDisAIBehaviorWithDesires,UObject,0x0,0x0,0x0,0x0,Engine,0x73a5a0,0x6e71b0,0x738bb0,0x6e40b0,0xf98a78,0xf24548,0x735c60,0x6fc990,268
UDisBehaviorReturnTravel,DishonoredGame,176,176,0,0x0,0x0,0x736b00,0x6e7370,DishonoredGame,UDisAIBehaviorWithDesires,UDisAIBehaviorWithDesires,UObject,0x0,0x0,0x0,0x0,Engine,0x73a660,0x6e7370,0x738c20,0x6e4210,0xf986e8,0xf248b8,0x735c80,0x6fc9b0,176
UDisBehaviorSearch,DishonoredGame,492,492,0,0x0,0x0,0x736b90,0x6e73f0,DishonoredGame,UDisAIBehaviorWithDesires,UDisBehaviorAttentionBase,UObject,0x0,0x0,0x0,0x0,Engine,0x73a720,0x6e73f0,0x738c40,0x6e42a0,0xf98358,0xf24c28,0x736910,0x6fd540,492
UDisBehaviorShoot,DishonoredGame,372,372,0,0x0,0x0,0x736c20,0x6e7580,DishonoredGame,UDisAIBehaviorWithDesires,UDisAIBehaviorWithDesires,UObject,0x0,0x0,0x0,0x0,Engine,0x73a7e0,0x6e7580,0x738c60,0x6e44c0,0xf97fc8,0xf24f98,0x735dc0,0x6fce00,372
UDisBehaviorSoiree,DishonoredGame,200,204,4,0x0,0x0,0x736cb0,0x6e78c0,DishonoredGame,UDisAIBehaviorWithDesires,UDisAIBehaviorWithDesires,UObject,0x0,0x0,0x0,0x0,Engine,0x73a8a0,0x6e78c0,0x738c80,0x6e4550,0xf97c38,0xf25308,0x735cc0,0x6fc9f0,200
UDisBehaviorStationarySearch,DishonoredGame,380,380,0,0x0,0x0,0x736d40,0x6e7a70,DishonoredGame,UDisAIBehaviorWithDesires,UDisBehaviorAttentionBase,UObject,0x0,0x0,0x0,0x0,Engine,0x73a960,0x6e7a70,0x738ca0,0x6e45e0,0xf978a8,0xf25678,0x736930,0x6fd560,380
UDisBehaviorStolen,DishonoredGame,160,160,0,0x0,0x0,0x756970,0x6ed1e0,DishonoredGame,UDishonoredAIBehavior,UDishonoredAIBehavior,UObject,0x0,0x0,0x0,0x0,Engine,0x75bb90,0x6ed1e0,0x75a8c0,0x6ea0f0,0xfaa128,0xf259e8,0x756640,0x6fcb90,160
UDisBehaviorSummonWolfHound,DishonoredGame,176,176,0,0x0,0x0,0x756a70,0x6ed240,DishonoredGame,UDishonoredAIBehavior,UDishonoredAIBehavior,UObject,0x0,0x0,0x0,0x0,Engine,0x75bbc0,0x6ed240,0x75a9b0,0x6ea170,0xfa9d98,0xf25d58,0x756a30,0x6fda90,176
UDisBehaviorTallBoyCombat,DishonoredGame,384,384,0,0x0,0x0,0x7576e0,0x703260,DishonoredGame,UDisBehaviorCombat,UDisBehaviorCombat,UObject,0x0,0x0,0x0,0x0,Engine,0x75b370,0x703260,0x759dc0,0x700740,0xfa6498,0xf297c8,0x756890,0x720240,384
UDisBehaviorTallboyShoot,DishonoredGame,376,376,0,0x0,0x0,0x756b40,0x6ea1b0,DishonoredGame,UDisBehaviorShoot,UDisBehaviorShoot,UObject,0x0,0x0,0x0,0x0,Engine,0x759ac0,0x6ea1b0,0x745040,0x6e7d40,0xfa9a08,0xf260c8,0x756930,0x6fce20,376
UDisBehaviorThugCombat,DishonoredGame,304,304,0,0x0,0x0,0x757770,0x703370,DishonoredGame,UDisBehaviorCombatMelee,UDisBehaviorCombatMelee,UObject,0x0,0x0,0x0,0x0,Engine,0x75bda0,0x703370,0x75b430,0x7007d0,0xfa6108,0xf29b38,0x756830,0x7201e0,304
UDisBehaviorTriggerAlarm,DishonoredGame,312,312,0,0x0,0x0,0x756bf0,0x6e7e00,DishonoredGame,UDisAIBehaviorWithDesires,UDisAIBehaviorWithDesires,UObject,0x0,0x0,0x0,0x0,Engine,0x759af0,0x6e7e00,0x7451d0,0x6e48c0,0xfa9678,0xf26438,0x756bd0,0x6fdc20,312
UDisBehaviorWeep,DishonoredGame,204,204,0,0x0,0x0,0x756d60,0x6e8070,DishonoredGame,UDisAIBehaviorWithDesires,UDisAIBehaviorWithDesires,UObject,0x0,0x0,0x0,0x0,Engine,0x759be0,0x6e8070,0x7452e0,0x6e49e0,0xfa92e8,0xf267a8,0x756600,0x6fca30,204
UDisBinkOverlayManager,DishonoredGame,656,656,0,0x4,0x4,0x817f10,0x78c200,DishonoredGame,UArkBinkOverlayManager,UArkBinkOverlayManager,UObject,0x0,0x0,0x0,0x0,UI,0x81a1b0,0x78c200,0x7f40a0,0x787510,0xfd55e8,0xf50ce0,0x8178e0,0x7b5000,656
UDisBlindedPpController,DishonoredGame,76,76,0,0x0,0x0,0x84b8f0,0x7ea540,DishonoredGame,UArkPpNodeController,UArkPpNodeController,UObject,0x0,0x0,0x0,0x0,Engine,0x84ff80,0x7ea540,0x8493a0,0x7e7ad0,0xfe26b0,0xf5ba80,0x84b8b0,0x7ee5f0,76
UDisBlinderInterface,DishonoredGame,56,56,0,0x4001,0x4001,0x641c00,0x5f65a0,DishonoredGame,UInterface,UInterface,UObject,0x0,0x0,0x0,0x0,Engine,0x647b70,0x5f65a0,0x62b7a0,0x5e3dc0,0xf6bfd8,0xee5e48,0x696f80,0x6e8cb0,56
UDisBlockTracker,DishonoredGame,68,68,0,0x0,0x0,0x6e1720,0x685750,DishonoredGame,UDisTutorialTracker,UDisTutorialTracker,UObject,0x0,0x0,0x0,0x0,Engine,0x6eb5a0,0x685750,0x6d0dd0,0x67fd70,0xf871e8,0xf15ee8,0x6d8630,0x686840,68
UDisCamera_Aim,DishonoredGame,96,96,0,0x4,0x4,0x729620,0x6caee0,DishonoredGame,UDishonoredCameraInfluence,UDishonoredCameraInfluence,UObject,0x0,0x0,0x0,0x0,Camera,0x72cbb0,0x6caee0,0x721bd0,0x6c6040,0xfa1c88,0xf1b328,0x729420,0x6c7c50,96
UDisCamera_DLC05_FlyingKillCam,DishonoredGame,,256,,,0x4,,0x8aa750,,,UDishonoredCameraInfluence,UObject,,0x0,,0x0,Camera,,0x8aa750,,0x8a8140,,0xf87180,,0x8ae2f0,
UDisCamera_DisableArmFollow_Secondary,DishonoredGame,96,96,0,0x4,0x4,0x70a510,0x6d0340,DishonoredGame,UDishonoredCamera_DisableArmFollow,UDishonoredCamera_DisableArmFollow,UObject,0x0,0x0,0x0,0x0,Camera,0x714cb0,0x6d0340,0x710c10,0x6caa10,0xf93c38,0xf1a568,0x701c70,0x6c7d50,96
UDisCamera_DisableArmOffset_Secondary,DishonoredGame,96,96,0,0x4,0x4,0x70a630,0x6d0370,DishonoredGame,UDishonoredCamera_DisableArmOffset,UDishonoredCamera_DisableArmOffset,UObject,0x0,0x0,0x0,0x0,Camera,0x714ce0,0x6d0370,0x710c60,0x6caa60,0xf938a8,0xf1a8d8,0x701cb0,0x6c7d90,96
UDisCamera_FollowProjectile,DishonoredGame,200,200,0,0x4,0x4,0x7296b0,0x6caf10,DishonoredGame,UDishonoredCameraInfluence,UDishonoredCameraInfluence,UObject,0x0,0x0,0x0,0x0,Camera,0x72cbe0,0x6caf10,0x721bf0,0x6c60a0,0xfa1ac0,0xf1b4e0,0x729440,0x6c7c70,200
UDisCamera_Look,DishonoredGame,124,124,0,0x4,0x4,0x7297b0,0x6cb0c0,DishonoredGame,UDishonoredCameraInfluence,UDishonoredCameraInfluence,UObject,0x0,0x0,0x0,0x0,Camera,0x72ce50,0x6cb0c0,0x721c10,0x6c6110,0xfa18f8,0xf1b698,0x729460,0x6c7c90,124
UDisCamera_Possess,DishonoredGame,128,128,0,0x4,0x4,0x72ce80,0x6cb0f0,DishonoredGame,UDishonoredCameraInfluence,UDishonoredCameraInfluence,UObject,0x0,0x0,0x0,0x0,Camera,0x72f380,0x6cb0f0,0x721c60,0x6c61f0,0xfa1730,0xf1b850,0x72c840,0x6cd6d0,128
UDisCamera_Rumble,DishonoredGame,104,104,0,0x4,0x4,0x718820,0x6ca890,DishonoredGame,UDishonoredCameraInfluence,UDishonoredCameraInfluence,UObject,0x0,0x0,0x0,0x0,Camera,0x719070,0x6ca890,0x70e740,0x6c4fd0,0xf94520,0xf19cd0,0x717c70,0x6dce90,104
UDisCamera_StepUpMantleOffset,DishonoredGame,104,104,0,0x4,0x4,0x70a360,0x6ca950,DishonoredGame,UDishonoredCameraInfluence,UDishonoredCameraInfluence,UObject,0x0,0x0,0x0,0x0,Camera,0x710b50,0x6ca950,0x70e760,0x6c4ff0,0xf94358,0xf19e88,0x701b80,0x6c7cb0,104
UDisCamera_UnpossessDeath,DishonoredGame,104,104,0,0x4,0x4,0x729840,0x6cb2a0,DishonoredGame,UDishonoredCameraInfluence,UDishonoredCameraInfluence,UObject,0x0,0x0,0x0,0x0,Camera,0x72cf10,0x6cb2a0,0x721cb0,0x6c6210,0xfa1568,0xf1ba08,0x729510,0x6c7cd0,104
UDisContactPhysicalMaterial,DishonoredGame,68,68,0,0x0,0x0,0x82bbe0,0x7be540,DishonoredGame,UPhysicalMaterialPropertyBase,UPhysicalMaterialPropertyBase,UObject,0x0,0x0,0x0,0x0,Engine,0x831fe0,0x7be540,0x8232f0,0x7ba920,0xfddf98,0xf55880,0x828df0,0x7c0790,68
UDisContactSubIntersection,DishonoredGame,68,68,0,0x1,0x1,0x8376f0,0x7be3e0,DishonoredGame,UObject,UObject,UObject,0x0,0x0,0x0,0x0,Engine,0x839ba0,0x7be3e0,0x823270,0x7ba8a0,0xfdefa0,0xf54908,0x835ae0,0x7d0e60,68
UDisContactSub_AINoise,DishonoredGame,96,96,0,0x0,0x0,0x837810,0x7c61a0,DishonoredGame,UDisContactSubIntersection,UDisContactSubIntersection,UObject,0x0,0x0,0x0,0x0,Engine,0x83cf20,0x7c61a0,0x839bf0,0x7be430,0xfdec10,0xf54c78,0x835b20,0x7d0ea0,96
UDisContactSub_CameraEffectEmitter,DishonoredGame,88,88,0,0x0,0x0,0x836e20,0x7ceee0,DishonoredGame,UDisContactSubIntersection,UDisContactSubIntersection,UObject,0x0,0x0,0x0,0x0,Engine,0x83ea00,0x7ceee0,0x83ceb0,0x7c60c0,0xfdf330,0xf54598,0x835b40,0x7d0ec0,88
UDisContactSub_CameraShake,DishonoredGame,76,76,0,0x0,0x0,0x837930,0x7c6250,DishonoredGame,UDisContactSubIntersection,UDisContactSubIntersection,UObject,0x0,0x0,0x0,0x0,Engine,0x83cf80,0x7c6250,0x839c50,0x7be490,0xfde6b8,0xf551a0,0x835b60,0x7d0f10,76
UDisContactSub_Decal,DishonoredGame,140,140,0,0x0,0x0,0x83ea60,0x7c6220,DishonoredGame,UDisContactSubIntersection,UDisContactSubIntersection,UObject,0x0,0x0,0x0,0x0,Engine,0x83fd20,0x7c6220,0x839c30,0x7be470,0xfde880,0xf54fe8,0x83e9b0,0x7e1bd0,140
UDisContactSub_Particle,DishonoredGame,84,84,0,0x0,0x0,0x836eb0,0x7cef20,DishonoredGame,UDisContactSubIntersection,UDisContactSubIntersection,UObject,0x0,0x0,0x0,0x0,Engine,0x83ea30,0x7cef20,0x83ced0,0x7c60e0,0xfdf168,0xf54750,0x835b80,0x7d0f30,84
UDisContactSub_Rumble,DishonoredGame,100,100,0,0x0,0x0,0x8378a0,0x7c61e0,DishonoredGame,UDisContactSubIntersection,UDisContactSubIntersection,UObject,0x0,0x0,0x0,0x0,Engine,0x83cf50,0x7c61e0,0x839c10,0x7be450,0xfdea48,0xf54e30,0x835ba0,0x7d0f80,100
UDisContactSub_SoundCue,DishonoredGame,88,88,0,0x0,0x0,0x837780,0x7c6160,DishonoredGame,UDisContactSubIntersection,UDisContactSubIntersection,UObject,0x0,0x0,0x0,0x0,Engine,0x83cef0,0x7c6160,0x839bd0,0x7be410,0xfdedd8,0xf54ac0,0x835b00,0x7d0e80,88
UDisContactType,DishonoredGame,84,84,0,0x4,0x4,0x837d40,0x7be570,DishonoredGame,UObject,UObject,UObject,0x0,0x0,0x0,0x0,ContactSystem,0x839cb0,0x7be570,0x823310,0x7ba950,0xfdddd0,0xf55a38,0x835bc0,0x7d0fa0,84
UDisContactTypeInterface,DishonoredGame,56,56,0,0x4001,0x4001,0x82b9e0,0x7be4b0,DishonoredGame,UInterface,UInterface,UObject,0x0,0x0,0x0,0x0,Engine,0x831fb0,0x7be4b0,0x823290,0x7ba8c0,0xfde4f0,0xf55358,0x696f80,0x6e8cb0,56
UDisContactType_Body,DishonoredGame,84,84,0,0x4,0x4,0x838400,0x7c68d0,DishonoredGame,UDisContactType,UDisContactType,UObject,0x0,0x0,0x0,0x0,ContactSystem,0x83d150,0x7c68d0,0x839d60,0x7be620,0xfdc870,0xf56ed8,0x835c40,0x7d1020,84
UDisContactType_Body_Head,DishonoredGame,84,84,0,0x4,0x4,0x838490,0x7cf600,DishonoredGame,UDisContactType_Body,UDisContactType_Body,UObject,0x0,0x0,0x0,0x0,ContactSystem,0x83ecd0,0x7cf600,0x83d180,0x7c6900,0xfdc6a8,0xf57090,0x835c20,0x7d0fc0,84
UDisContactType_BreakingBones,DishonoredGame,84,84,0,0x4,0x4,0x838760,0x7cf6e0,DishonoredGame,UDisContactType_Body,UDisContactType_Body,UObject,0x0,0x0,0x0,0x0,ContactSystem,0x83edb0,0x7cf6e0,0x83d200,0x7c6990,0xfdbdc0,0xf57928,0x835c20,0x7d0fc0,84
UDisContactType_BreakingBones_Player,DishonoredGame,84,84,0,0x4,0x4,0x8387f0,0x7d7010,DishonoredGame,UDisContactType_BreakingBones,UDisContactType_BreakingBones,UObject,0x0,0x0,0x0,0x0,ContactSystem,0x83fdb0,0x7d7010,0x83ede0,0x7cf710,0xfdbbf8,0xf57ae0,0x835c00,0x7d0fe0,84
UDisContactType_Corpse,DishonoredGame,84,84,0,0x4,0x4,0x8385b0,0x7cf660,DishonoredGame,UDisContactType_Body,UDisContactType_Body,UObject,0x0,0x0,0x0,0x0,ContactSystem,0x83ed30,0x7cf660,0x83d1c0,0x7c6950,0xfdc318,0xf57400,0x835c20,0x7d0fc0,84
UDisContactType_Env_DeepWater,DishonoredGame,84,84,0,0x4,0x4,0x837e60,0x7cf4b0,DishonoredGame,UDisContactType_Environment,UDisContactType_Environment,UObject,0x0,0x0,0x0,0x0,ContactSystem,0x83eb80,0x7cf4b0,0x83cfe0,0x7c6750,0xfdda40,0xf55da8,0x835c20,0x7d0fc0,84
UDisContactType_Env_Foliage,DishonoredGame,84,84,0,0x4,0x2000004,0x837ef0,0x7cf4e0,DishonoredGame,UDisContactType_Environment,UDisContactType_Environment,UObject,0x0,0x0,0x0,0x0,ContactSystem,0x83ebb0,0x7cf4e0,0x83d000,0x7c6770,0xfdd878,0xf55f60,0x835c20,0x7d0fc0,84
UDisContactType_Environment,DishonoredGame,84,84,0,0x4,0x4,0x837dd0,0x7c6720,DishonoredGame,UDisContactType,UDisContactType,UObject,0x0,0x0,0x0,0x0,ContactSystem,0x83cfb0,0x7c6720,0x839ce0,0x7be5a0,0xfddc08,0xf55bf0,0x835c40,0x7d1020,84
UDisContactType_Explosion,DishonoredGame,84,84,0,0x4,0x4,0x64bc60,0x5faaa0,DishonoredGame,UDisContactType,UDisContactType,UObject,0x0,0x0,0x0,0x0,ContactSystem,0x64d260,0x5faaa0,0x6304f0,0x5ea940,0xf688a0,0xee91d8,0x835c40,0x7d1020,84
UDisContactType_Footfall,DishonoredGame,84,84,0,0x4,0x4,0x8389a0,0x7cf760,DishonoredGame,UDisContactType_Body,UDisContactType_Body,UObject,0x0,0x0,0x0,0x0,ContactSystem,0x83ee30,0x7cf760,0x83d270,0x7c6a00,0xfdb6a0,0xf58008,0x835c20,0x7d0fc0,84
UDisContactType_Footfall_Run,DishonoredGame,84,84,0,0x4,0x4,0x838be0,0x7d70d0,DishonoredGame,UDisContactType_Footfall,UDisContactType_Footfall,UObject,0x0,0x0,0x0,0x0,ContactSystem,0x83fe70,0x7d70d0,0x83eec0,0x7cf7f0,0xfdaf80,0xf586e8,0x835c00,0x7d0fe0,84
UDisContactType_Footfall_Run_Player,DishonoredGame,84,84,0,0x4,0x4,0x838d90,0x7dcf60,DishonoredGame,UDisContactType_Footfall_Run,UDisContactType_Footfall_Run,UObject,0x0,0x0,0x0,0x0,ContactSystem,0x8404e0,0x7dcf60,0x83ff00,0x7d7160,0xfdaa28,0xf58c10,0x835be0,0x7d1000,84
UDisContactType_Footfall_Run_Player_Silent,DishonoredGame,84,84,0,0x4,0x4,0x838e20,0x7d7180,DishonoredGame,UDisContactType_Footfall,UDisContactType_Footfall,UObject,0x0,0x0,0x0,0x0,ContactSystem,0x83ff20,0x7d7180,0x83ef20,0x7cf850,0xfda860,0xf58dc8,0x835c00,0x7d0fe0,84
UDisContactType_Footfall_Sneak,DishonoredGame,84,84,0,0x4,0x4,0x838c70,0x7d7100,DishonoredGame,UDisContactType_Footfall,UDisContactType_Footfall,UObject,0x0,0x0,0x0,0x0,ContactSystem,0x83fea0,0x7d7100,0x83eee0,0x7cf810,0xfdadb8,0xf588a0,0x835c00,0x7d0fe0,84
UDisContactType_Footfall_Sneak_Player,DishonoredGame,84,84,0,0x4,0x4,0x838eb0,0x7dcf90,DishonoredGame,UDisContactType_Footfall_Sneak,UDisContactType_Footfall_Sneak,UObject,0x0,0x0,0x0,0x0,ContactSystem,0x840510,0x7dcf90,0x83ff50,0x7d71b0,0xfda698,0xf58f80,0x835be0,0x7d1000,84
UDisContactType_Footfall_Sprint,DishonoredGame,84,84,0,0x4,0x4,0x838d00,0x7d7130,DishonoredGame,UDisContactType_Footfall,UDisContactType_Footfall,UObject,0x0,0x0,0x0,0x0,ContactSystem,0x83fed0,0x7d7130,0x83ef00,0x7cf830,0xfdabf0,0xf58a58,0x835c00,0x7d0fe0,84
UDisContactType_Footfall_Sprint_Player,DishonoredGame,84,84,0,0x4,0x4,0x838f40,0x7dcfc0,DishonoredGame,UDisContactType_Footfall_Sprint,UDisContactType_Footfall_Sprint,UObject,0x0,0x0,0x0,0x0,ContactSystem,0x840540,0x7dcfc0,0x83ff70,0x7d71d0,0xfda4d0,0xf59138,0x835be0,0x7d1000,84
UDisContactType_Footfall_Tallboy,DishonoredGame,84,84,0,0x4,0x4,0x838a30,0x7d7040,DishonoredGame,UDisContactType_Footfall,UDisContactType_Footfall,UObject,0x0,0x0,0x0,0x0,ContactSystem,0x83fde0,0x7d7040,0x83ee60,0x7cf790,0xfdb4d8,0xf581c0,0x835c00,0x7d0fe0,84
UDisContactType_Footfall_Wolfhound,DishonoredGame,84,84,0,0x4,0x4,0x838ac0,0x7d7070,DishonoredGame,UDisContactType_Footfall,UDisContactType_Footfall,UObject,0x0,0x0,0x0,0x0,ContactSystem,0x83fe10,0x7d7070,0x83ee80,0x7cf7b0,0xfdb310,0xf58378,0x835c00,0x7d0fe0,84
UDisContactType_Footfall_Wolfhound_Run,DishonoredGame,84,84,0,0x4,0x4,0x838b50,0x7d70a0,DishonoredGame,UDisContactType_Footfall,UDisContactType_Footfall,UObject,0x0,0x0,0x0,0x0,ContactSystem,0x83fe40,0x7d70a0,0x83eea0,0x7cf7d0,0xfdb148,0xf58530,0x835c00,0x7d0fe0,84
UDisContactType_JumpLand,DishonoredGame,84,84,0,0x4,0x4,0x838fd0,0x7cf870,DishonoredGame,UDisContactType_Body,UDisContactType_Body,UObject,0x0,0x0,0x0,0x0,ContactSystem,0x83ef40,0x7cf870,0x83d290,0x7c6a40,0xfda308,0xf592f0,0x835c20,0x7d0fc0,84
UDisContactType_JumpLand_Big,DishonoredGame,84,84,0,0x4,0x4,0x8390f0,0x7d7220,DishonoredGame,UDisContactType_JumpLand,UDisContactType_JumpLand,UObject,0x0,0x0,0x0,0x0,ContactSystem,0x83ffc0,0x7d7220,0x83ef90,0x7cf8c0,0xfd9f78,0xf59660,0x835c00,0x7d0fe0,84
UDisContactType_JumpLand_Stealth,DishonoredGame,84,84,0,0x4,0x4,0x839060,0x7d71f0,DishonoredGame,UDisContactType_JumpLand,UDisContactType_JumpLand,UObject,0x0,0x0,0x0,0x0,ContactSystem,0x83ff90,0x7d71f0,0x83ef70,0x7cf8a0,0xfda140,0xf594a8,0x835c00,0x7d0fe0,84
UDisContactType_Limb,DishonoredGame,84,84,0,0x4,0x4,0x69e740,0x6469c0,DishonoredGame,UDisContactType_Corpse,UDisContactType_Corpse,UObject,0x0,0x0,0x0,0x0,ContactSystem,0x6a0800,0x6469c0,0x6910b0,0x642bf0,0xf7b958,0xef9ad0,0x835c00,0x7d0fe0,84
UDisContactType_PistolBlast,DishonoredGame,84,84,0,0x4,0x4,0x838010,0x7cf510,DishonoredGame,UDisContactType_Weapon,UDisContactType_Weapon,UObject,0x0,0x0,0x0,0x0,ContactSystem,0x83ebe0,0x7cf510,0x83d050,0x7c67c0,0xfdd4e8,0xf562d0,0x835c20,0x7d0fc0,84
UDisContactType_Player,DishonoredGame,84,84,0,0x4,0x4,0x8386d0,0x7cf6b0,DishonoredGame,UDisContactType_Body,UDisContactType_Body,UObject,0x0,0x0,0x0,0x0,ContactSystem,0x83ed80,0x7cf6b0,0x83d1e0,0x7c6970,0xfdbf88,0xf57770,0x835c20,0x7d0fc0,84
UDisContactType_Projectile,DishonoredGame,84,84,0,0x4,0x4,0x838370,0x7c6890,DishonoredGame,UDisContactType,UDisContactType,UObject,0x0,0x0,0x0,0x0,ContactSystem,0x83d120,0x7c6890,0x839d40,0x7be600,0xfdca38,0xf56d20,0x835c40,0x7d1020,84
UDisContactType_ProtectedNPC,DishonoredGame,84,84,0,0x4,0x4,0x838520,0x7cf630,DishonoredGame,UDisContactType_Body,UDisContactType_Body,UObject,0x0,0x0,0x0,0x0,ContactSystem,0x83ed00,0x7cf630,0x83d1a0,0x7c6920,0xfdc4e0,0xf57248,0x835c20,0x7d0fc0,84
UDisContactType_Rat,DishonoredGame,84,84,0,0x4,0x4,0x8c3250,0x8683d0,DishonoredGame,UDisContactType,UDisContactType,UObject,0x0,0x0,0x0,0x0,ContactSystem,0x8c6de0,0x8683d0,0x8b02a0,0x864b10,0xfff2d0,0xf78e70,0x835c40,0x7d1020,84
UDisContactType_RiverKrustFlesh,DishonoredGame,84,84,0,0x4,0x4,0x838880,0x7cf730,DishonoredGame,UDisContactType_Body,UDisContactType_Body,UObject,0x0,0x0,0x0,0x0,ContactSystem,0x83ee00,0x7cf730,0x83d220,0x7c69b0,0xfdba30,0xf57c98,0x835c20,0x7d0fc0,84
UDisContactType_SleepingBody,DishonoredGame,84,84,0,0x4,0x4,0x838640,0x7d6fe0,DishonoredGame,UDisContactType_Corpse,UDisContactType_Corpse,UObject,0x0,0x0,0x0,0x0,ContactSystem,0x83fd80,0x7d6fe0,0x83ed60,0x7cf690,0xfdc150,0xf575b8,0x835c00,0x7d0fe0,84
UDisContactType_Slide,DishonoredGame,84,84,0,0x4,0x4,0x839180,0x7c6a60,DishonoredGame,UDisContactType,UDisContactType,UObject,0x0,0x0,0x0,0x0,ContactSystem,0x83d2b0,0x7c6a60,0x839da0,0x7be660,0xfd9db0,0xf59818,0x835c40,0x7d1020,84
UDisContactType_SlideImpact,DishonoredGame,84,84,0,0x4,0x4,0x839210,0x7c6a90,DishonoredGame,UDisContactType,UDisContactType,UObject,0x0,0x0,0x0,0x0,ContactSystem,0x83d2e0,0x7c6a90,0x839dc0,0x7be680,0xfd9be8,0xf599d0,0x835c40,0x7d1020,84
UDisContactType_SpawnRatSwarm,DishonoredGame,84,84,0,0x4,0x4,0x838910,0x7c69d0,DishonoredGame,UDisContactType,UDisContactType,UObject,0x0,0x0,0x0,0x0,ContactSystem,0x83d240,0x7c69d0,0x839d80,0x7be640,0xfdb868,0xf57e50,0x835c40,0x7d1020,84
UDisContactType_Weapon,DishonoredGame,84,84,0,0x4,0x4,0x837f80,0x7c6790,DishonoredGame,UDisContactType,UDisContactType,UObject,0x0,0x0,0x0,0x0,ContactSystem,0x83d020,0x7c6790,0x839d00,0x7be5c0,0xfdd6b0,0xf56118,0x835c40,0x7d1020,84
UDisContactType_Windblast,DishonoredGame,84,84,0,0x4,0x4,0x8380a0,0x7c67e0,DishonoredGame,UDisContactType,UDisContactType,UObject,0x0,0x0,0x0,0x0,ContactSystem,0x83d070,0x7c67e0,0x839d20,0x7be5e0,0xfdd320,0xf56488,0x835c40,0x7d1020,84
UDisContactType_Windblast_Ceil,DishonoredGame,84,84,0,0x4,0x4,0x838130,0x7cf540,DishonoredGame,UDisContactType_Windblast,UDisContactType_Windblast,UObject,0x0,0x0,0x0,0x0,ContactSystem,0x83ec10,0x7cf540,0x83d0a0,0x7c6810,0xfdd158,0xf56640,0x835c20,0x7d0fc0,84
UDisContactType_Windblast_Floor,DishonoredGame,84,84,0,0x4,0x4,0x8381c0,0x7cf570,DishonoredGame,UDisContactType_Windblast,UDisContactType_Windblast,UObject,0x0,0x0,0x0,0x0,ContactSystem,0x83ec40,0x7cf570,0x83d0c0,0x7c6830,0xfdcf90,0xf567f8,0x835c20,0x7d0fc0,84
UDisContactType_Windblast_Ground,DishonoredGame,84,84,0,0x4,0x4,0x838250,0x7cf5a0,DishonoredGame,UDisContactType_Windblast,UDisContactType_Windblast,UObject,0x0,0x0,0x0,0x0,ContactSystem,0x83ec70,0x7cf5a0,0x83d0e0,0x7c6850,0xfdcdc8,0xf569b0,0x835c20,0x7d0fc0,84
UDisContactType_Windblast_Wall,DishonoredGame,84,84,0,0x4,0x4,0x8382e0,0x7cf5d0,DishonoredGame,UDisContactType_Windblast,UDisContactType_Windblast,UObject,0x0,0x0,0x0,0x0,ContactSystem,0x83eca0,0x7cf5d0,0x83d100,0x7c6870,0xfdcc00,0xf56b68,0x835c20,0x7d0fc0,84
UDisConvGlobalMan,DishonoredGame,2016,2044,28,0x0,0x0,0x8f8320,0x88bb20,DishonoredGame,UObject,UObject,UObject,0x0,0x0,0x0,0x0,Conversation,0x8f8430,0x88bb20,0x8d9a00,0x88b110,0x1002990,0xf7f750,0x8f8000,0x8a74c0,2016
UDisConvOneShotOwnerInterface,DishonoredGame,56,56,0,0x4001,0x4001,0x8faa00,0x88bb90,DishonoredGame,UInterface,UInterface,UObject,0x0,0x0,0x0,0x0,Engine,0x8fd2d0,0x88bb90,0x8f8650,0x88b160,0x1010998,0xf7fac0,0x696f80,0x6e8cb0,56
UDisConvSpeakerInterface,DishonoredGame,56,56,0,0x4001,0x4001,0x8faa90,0x88bbc0,DishonoredGame,UInterface,UInterface,UObject,0x0,0x0,0x0,0x0,Engine,0x8fd300,0x88bbc0,0x8f8670,0x88b180,0x10107d0,0xf7fc78,0x696f80,0x6e8cb0,56
UDisConv_Action,DishonoredGame,128,136,8,0x1,0x1,0x90cb70,0x8a9330,DishonoredGame,UDisConv_Node,UDisConv_Node,UObject,0x0,0x0,0x0,0x0,Conversation,0x90dea0,0x8a9330,0x8f8a10,0x8a7910,0x100b970,0xf84840,0x90a980,0x8bcd40,128
UDisConv_Blurb,DishonoredGame,228,236,8,0x0,0x0,0x8ee3f0,0x892c80,DishonoredGame,UDisConv_Node,UDisConv_Node,UObject,0x0,0x0,0x0,0x0,Conversation,0x8f1490,0x892c80,0x8f0750,0x88c510,0x1004610,0xf7dbd0,0x8ed990,0x89da80,228
UDisConv_Blurb_InGameData,DishonoredGame,180,180,0,0x0,0x0,0x8ea660,0x892cb0,DishonoredGame,UDisConv_Node_InGameData,UDisConv_Node_InGameData,UObject,0x0,0x0,0x0,0x0,Conversation,0x8ec8d0,0x892cb0,0x8e3250,0x88c530,0x1004448,0xf7dd88,0x8e9060,0x89a7f0,180
UDisConv_Branch,DishonoredGame,128,136,8,0x1,0x1,0x8ee4b0,0x892e50,DishonoredGame,UDisConv_Node,UDisConv_Node,UObject,0x0,0x0,0x0,0x0,Conversation,0x8f14c0,0x892e50,0x8f0770,0x88c6e0,0x1004280,0xf7df40,0x8ed9d0,0x89db00,128
UDisConv_CheckSpeakerRelationship,DishonoredGame,132,140,8,0x0,0x0,0x90c0c0,0x8abb20,DishonoredGame,UDisConv_Condition,UDisConv_Condition,UObject,0x0,0x0,0x0,0x0,Conversation,0x90e640,0x8abb20,0x90dcd0,0x8a8fc0,0x100e0a0,0xf82270,0x90ab80,0x8bcf40,132
UDisConv_CheckSpeakerSuspicionLevel,DishonoredGame,128,136,8,0x0,0x0,0x90b7c0,0x8b00d0,DishonoredGame,UDisConv_Condition,UDisConv_Condition,UObject,0x0,0x0,0x0,0x0,Conversation,0x90ee80,0x8b00d0,0x90e3a0,0x8ab470,0x100fd20,0xf806f0,0x90aba0,0x8bcf60,128
UDisConv_CheckStoryFlag,DishonoredGame,148,156,8,0x0,0x0,0x90b850,0x8b0100,DishonoredGame,UDisConv_Condition,UDisConv_Condition,UObject,0x0,0x0,0x0,0x0,Conversation,0x90eeb0,0x8b0100,0x90e3c0,0x8ab510,0x100fb58,0xf808a8,0x90abc0,0x8bcf80,148
UDisConv_CheckTaskState,DishonoredGame,136,144,8,0x0,0x0,0x90b8e0,0x8b0230,DishonoredGame,UDisConv_Condition,UDisConv_Condition,UObject,0x0,0x0,0x0,0x0,Conversation,0x90eee0,0x8b0230,0x90e3e0,0x8ab530,0x100f990,0xf80a60,0x90abe0,0x8bcfa0,136
UDisConv_Comment,DishonoredGame,160,168,8,0x0,0x0,0x8ee5d0,0x892f90,DishonoredGame,UDisConv_Node,UDisConv_Node,UObject,0x0,0x0,0x0,0x0,Conversation,0x8f1510,0x892f90,0x8f0790,0x88c700,0x1003ef0,0xf7e2b0,0x8eda10,0x89db80,160
UDisConv_CompareDarknessLevel,DishonoredGame,132,140,8,0x0,0x0,0x90c150,0x8b0de0,DishonoredGame,UDisConv_Comparison,UDisConv_Comparison,UObject,0x0,0x0,0x0,0x0,Conversation,0x90ef10,0x8b0de0,0x90e670,0x8abc50,0x100ded8,0xf82428,0x90ac20,0x8bcfe0,132
UDisConv_Comparison,DishonoredGame,128,136,8,0x1,0x1,0x90ba00,0x8ab550,DishonoredGame,UDisConv_Condition,UDisConv_Condition,UObject,0x0,0x0,0x0,0x0,Conversation,0x90e400,0x8ab550,0x90db50,0x8a8d30,0x100f600,0xf80dd0,0x90ac00,0x8bcfc0,128
UDisConv_Condition,DishonoredGame,128,136,8,0x1,0x1,0x90b970,0x8a8d00,DishonoredGame,UDisConv_Node,UDisConv_Node,UObject,0x0,0x0,0x0,0x0,Conversation,0x90db20,0x8a8d00,0x8f87c0,0x8a74e0,0x100f7c8,0xf80c18,0x90ab60,0x8bcf20,128
UDisConv_ConversationFired,DishonoredGame,140,148,8,0x0,0x0,0x90bd60,0x8ab7e0,DishonoredGame,UDisConv_Condition,UDisConv_Condition,UObject,0x0,0x0,0x0,0x0,Conversation,0x90e520,0x8ab7e0,0x90dc10,0x8a8e90,0x100eb50,0xf81820,0x90ac40,0x8bd000,140
UDisConv_ConversationRef,DishonoredGame,128,136,8,0x0,0x0,0x8ee660,0x892fc0,DishonoredGame,UDisConv_Node,UDisConv_Node,UObject,0x0,0x0,0x0,0x0,Conversation,0x8f1540,0x892fc0,0x8f07b0,0x88c720,0x1003d28,0xf7e468,0x8eda50,0x89dbf0,128
UDisConv_DialogHook,DishonoredGame,148,156,8,0x0,0x0,0x90c1e0,0x8a9020,DishonoredGame,UDisConv_Node,UDisConv_Node,UObject,0x0,0x0,0x0,0x0,Conversation,0x90dcf0,0x8a9020,0x8f8840,0x8a7760,0x100dd10,0xf825e0,0x90ada0,0x8bd160,148
UDisConv_FactionBranch,DishonoredGame,140,148,8,0x0,0x0,0x90d230,0x8a97e0,DishonoredGame,UDisConv_Branch,UDisConv_Branch,UObject,0x0,0x0,0x0,0x0,Conversation,0x90e020,0x8a97e0,0x8f8c20,0x8a7be0,0x100a248,0xf85e98,0x90aa80,0x8bce40,140
UDisConv_HadConversation,DishonoredGame,140,148,8,0x0,0x0,0x90bdf0,0x8ab810,DishonoredGame,UDisConv_Condition,UDisConv_Condition,UObject,0x0,0x0,0x0,0x0,Conversation,0x90e550,0x8ab810,0x90dc30,0x8a8f20,0x100e988,0xf819d8,0x90ac60,0x8bd020,140
UDisConv_HasAbstractItem,DishonoredGame,136,144,8,0x0,0x0,0x90be80,0x8ab840,DishonoredGame,UDisConv_Condition,UDisConv_Condition,UObject,0x0,0x0,0x0,0x0,Conversation,0x90e580,0x8ab840,0x90dc50,0x8a8f40,0x100e7c0,0xf81b90,0x90ac80,0x8bd040,136
UDisConv_HasInventoryItem,DishonoredGame,136,144,8,0x0,0x0,0x90ba90,0x8ab580,DishonoredGame,UDisConv_Condition,UDisConv_Condition,UObject,0x0,0x0,0x0,0x0,Conversation,0x90e430,0x8ab580,0x90db70,0x8a8d50,0x100f438,0xf80f88,0x90aca0,0x8bd060,136
UDisConv_HasInventoryItemEquipped,DishonoredGame,132,140,8,0x0,0x0,0x90bb20,0x8ab5b0,DishonoredGame,UDisConv_Condition,UDisConv_Condition,UObject,0x0,0x0,0x0,0x0,Conversation,0x90e460,0x8ab5b0,0x90db90,0x8a8d70,0x100f270,0xf81140,0x90acc0,0x8bd080,132
UDisConv_HasObjective,DishonoredGame,132,140,8,0x0,0x0,0x90bcd0,0x8ab640,DishonoredGame,UDisConv_Condition,UDisConv_Condition,UObject,0x0,0x0,0x0,0x0,Conversation,0x90e4f0,0x8ab640,0x90dbf0,0x8a8dd0,0x100ed18,0xf81668,0x90ace0,0x8bd0a0,132
UDisConv_Hook_DeathMode,DishonoredGame,148,156,8,0x0,0x0,0x90c270,0x8abcf0,DishonoredGame,UDisConv_DialogHook,UDisConv_DialogHook,UObject,0x0,0x0,0x0,0x0,Conversation,0x90e690,0x8abcf0,0x90dd20,0x8a9050,0x100db48,0xf82798,0x90b020,0x8bd630,148
UDisConv_Hook_Distance,DishonoredGame,160,168,8,0x0,0x0,0x90c300,0x8abd20,DishonoredGame,UDisConv_DialogHook,UDisConv_DialogHook,UObject,0x0,0x0,0x0,0x0,Conversation,0x90e6c0,0x8abd20,0x90dd40,0x8a90e0,0x100d980,0xf82950,0x90adc0,0x8bd180,160
UDisConv_Hook_Distance_InGameData,DishonoredGame,76,76,0,0x0,0x0,0x9000b0,0x8a9100,DishonoredGame,UDisConv_Node_InGameData,UDisConv_Node_InGameData,UObject,0x0,0x0,0x0,0x0,Conversation,0x900d50,0x8a9100,0x8f88d0,0x8a7810,0x100d7b8,0xf82b08,0x8ffdd0,0x8b39f0,76
UDisConv_Hook_Distraction,DishonoredGame,160,168,8,0x0,0x0,0x90c390,0x8abe70,DishonoredGame,UDisConv_DialogHook,UDisConv_DialogHook,UObject,0x0,0x0,0x0,0x0,Conversation,0x90e6f0,0x8abe70,0x90dd60,0x8a9130,0x100d5f0,0xf82cc0,0x90ade0,0x8bd1a0,160
UDisConv_Hook_HeartTargeted,DishonoredGame,172,180,8,0x0,0x0,0x90c420,0x8b3ae0,DishonoredGame,UDisConv_Hook_SplitByTypeAndActor,UDisConv_Hook_SplitByTypeAndActor,UObject,0x0,0x0,0x0,0x0,Conversation,0x90f770,0x8b3ae0,0x90ef40,0x8b0f20,0x100d428,0xf82e78,0x90aee0,0x8bd2a0,172
UDisConv_Hook_Investigate,DishonoredGame,148,156,8,0x0,0x0,0x90c4b0,0x8ac2f0,DishonoredGame,UDisConv_DialogHook,UDisConv_DialogHook,UObject,0x0,0x0,0x0,0x0,Conversation,0x90e720,0x8ac2f0,0x90dd80,0x8a9150,0x100d260,0xf83030,0x90ae00,0x8bd1c0,148
UDisConv_Hook_KismetActivated,DishonoredGame,184,192,8,0x0,0x0,0x90c540,0x8ac320,DishonoredGame,UDisConv_DialogHook,UDisConv_DialogHook,UObject,0x0,0x0,0x0,0x0,Conversation,0x90e750,0x8ac320,0x90dda0,0x8a91a0,0x100d098,0xf831e8,0x90ae20,0x8bd1e0,184
UDisConv_Hook_Notice,DishonoredGame,148,156,8,0x0,0x0,0x90c5d0,0x8ac420,DishonoredGame,UDisConv_DialogHook,UDisConv_DialogHook,UObject,0x0,0x0,0x0,0x0,Conversation,0x90e780,0x8ac420,0x90ddc0,0x8a91c0,0x100ced0,0xf833a0,0x90ae40,0x8bd200,148
UDisConv_Hook_NoticeBroken,DishonoredGame,172,180,8,0x0,0x0,0x90c660,0x8b3b10,DishonoredGame,UDisConv_Hook_SplitByTypeAndActor,UDisConv_Hook_SplitByTypeAndActor,UObject,0x0,0x0,0x0,0x0,Conversation,0x90f7a0,0x8b3b10,0x90ef60,0x8b0f40,0x100cd08,0xf83558,0x90af00,0x8bd2f0,172
UDisConv_Hook_PlayAudioLog,DishonoredGame,184,192,8,0x0,0x0,0x90c6f0,0x8ac520,DishonoredGame,UDisConv_DialogHook,UDisConv_DialogHook,UObject,0x0,0x0,0x0,0x0,Conversation,0x90e7b0,0x8ac520,0x90dde0,0x8a91e0,0x100cb40,0xf83710,0x90ae60,0x8bd220,184
UDisConv_Hook_PlayerLoiter,DishonoredGame,160,168,8,0x4,0x4,0x90c780,0x8ac620,DishonoredGame,UDisConv_DialogHook,UDisConv_DialogHook,UObject,0x0,0x0,0x0,0x0,Conversation,0x90e7e0,0x8ac620,0x90de00,0x8a9220,0x100c978,0xf838c8,0x90ae80,0x8bd240,160
UDisConv_Hook_PlayerLoiter_InGameData,DishonoredGame,76,76,0,0x0,0x0,0x8fb990,0x8a9240,DishonoredGame,UDisConv_Node_InGameData,UDisConv_Node_InGameData,UObject,0x0,0x0,0x0,0x0,Conversation,0x8feb10,0x8a9240,0x8f8930,0x8a7870,0x100c7b0,0xf83a80,0x8fa980,0x8ab3f0,76
UDisConv_Hook_PlayerLookAt,DishonoredGame,164,172,8,0x0,0x0,0x90c810,0x8ac680,DishonoredGame,UDisConv_DialogHook,UDisConv_DialogHook,UObject,0x0,0x0,0x0,0x0,Conversation,0x90e810,0x8ac680,0x90de20,0x8a9270,0x100c5e8,0xf83c38,0x90aea0,0x8bd260,164
UDisConv_Hook_PlayerLookAt_InGameData,DishonoredGame,72,72,0,0x0,0x0,0x8fba20,0x8a9290,DishonoredGame,UDisConv_Node_InGameData,UDisConv_Node_InGameData,UObject,0x0,0x0,0x0,0x0,Conversation,0x8feb40,0x8a9290,0x8f8970,0x8a78a0,0x100c420,0xf83df0,0x8fa9a0,0x8ab410,72
UDisConv_Hook_SplitByTypeAndActor,DishonoredGame,172,180,8,0x1,0x1,0x90c8a0,0x8ac6e0,DishonoredGame,UDisConv_DialogHook,UDisConv_DialogHook,UObject,0x0,0x0,0x0,0x0,Conversation,0x90e840,0x8ac6e0,0x90de40,0x8a92c0,0x100c258,0xf83fa8,0x90aec0,0x8bd280,172
UDisConv_Hook_SuspicionDist,DishonoredGame,152,160,8,0x0,0x0,0x90c9c0,0x8b0f60,DishonoredGame,UDisConv_Hook_SuspicionLevel,UDisConv_Hook_SuspicionLevel,UObject,0x0,0x0,0x0,0x0,Conversation,0x90ef80,0x8b0f60,0x90e8a0,0x8ac890,0x100bec8,0xf84318,0x90af60,0x8bd380,152
UDisConv_Hook_SuspicionLevel,DishonoredGame,148,156,8,0x0,0x0,0x90c930,0x8ac860,DishonoredGame,UDisConv_DialogHook,UDisConv_DialogHook,UObject,0x0,0x0,0x0,0x0,Conversation,0x90e870,0x8ac860,0x90de60,0x8a92f0,0x100c090,0xf84160,0x90af40,0x8bd360,148
UDisConv_Hook_WitnessedInteraction,DishonoredGame,172,180,8,0x0,0x0,0x90ca50,0x8b0f90,DishonoredGame,UDisConv_Hook_SplitByTypeAndActor,UDisConv_Hook_SplitByTypeAndActor,UObject,0x0,0x0,0x0,0x0,Conversation,0x90efb0,0x8b0f90,0x90e8c0,0x8ac940,0x100bd00,0xf844d0,0x90af20,0x8bd340,172
UDisConv_Hook_WitnessedMagic,DishonoredGame,160,168,8,0x0,0x0,0x90cae0,0x8ac960,DishonoredGame,UDisConv_DialogHook,UDisConv_DialogHook,UObject,0x0,0x0,0x0,0x0,Conversation,0x90e8e0,0x8ac960,0x90de80,0x8a9310,0x100bb38,0xf84688,0x90af80,0x8bd3a0,160
UDisConv_InitiatorSpeaker,DishonoredGame,156,164,8,0x0,0x0,0x90d1a0,0x8ad1e0,DishonoredGame,UDisConv_Speaker,UDisConv_Speaker,UObject,0x0,0x0,0x0,0x0,Conversation,0x90eab0,0x8ad1e0,0x90e000,0x8a9780,0x100a410,0xf85ce0,0x90afc0,0x8bd3e0,156
UDisConv_IsObjectiveComplete,DishonoredGame,132,140,8,0x0,0x0,0x90bc40,0x8ab610,DishonoredGame,UDisConv_Condition,UDisConv_Condition,UObject,0x0,0x0,0x0,0x0,Conversation,0x90e4c0,0x8ab610,0x90dbd0,0x8a8db0,0x100eee0,0xf814b0,0x90ad00,0x8bd0c0,132
UDisConv_IsPossessed,DishonoredGame,128,136,8,0x0,0x0,0x90bf10,0x8ab8f0,DishonoredGame,UDisConv_Condition,UDisConv_Condition,UObject,0x0,0x0,0x0,0x0,Conversation,0x90e5b0,0x8ab8f0,0x90dc70,0x8a8f60,0x100e5f8,0xf81d48,0x90ad20,0x8bd0e0,128
UDisConv_IsSpeakerAvailable,DishonoredGame,128,136,8,0x0,0x0,0x90bfa0,0x8ab9d0,DishonoredGame,UDisConv_Condition,UDisConv_Condition,UObject,0x0,0x0,0x0,0x0,Conversation,0x90e5e0,0x8ab9d0,0x90dc90,0x8a8f80,0x100e430,0xf81f00,0x90ad40,0x8bd100,128
UDisConv_KismetActivateRemoteEvent,DishonoredGame,144,152,8,0x0,0x0,0x90cc00,0x8aca60,DishonoredGame,UDisConv_Action,UDisConv_Action,UObject,0x0,0x0,0x0,0x0,Conversation,0x90e910,0x8aca60,0x90ded0,0x8a9360,0x100b7a8,0xf849f8,0x90a9a0,0x8bcd60,144
UDisConv_MeSpeaker,DishonoredGame,152,160,8,0x0,0x0,0x90d110,0x8ad1b0,DishonoredGame,UDisConv_Speaker,UDisConv_Speaker,UObject,0x0,0x0,0x0,0x0,Conversation,0x90ea80,0x8ad1b0,0x90dfe0,0x8a9760,0x100a5d8,0xf85b28,0x90afe0,0x8bd400,152
UDisConv_Node,DishonoredGame,128,136,8,0x1,0x1,0x8ee6f0,0x88b770,DishonoredGame,UObject,UObject,UObject,0x0,0x0,0x0,0x0,Conversation,0x8ef630,0x88b770,0x8d97a0,0x88af00,0x1003b60,0xf7e620,0x8ed970,0x89da60,128
UDisConv_Node_InGameData,DishonoredGame,60,60,0,0x1,0x1,0x8dd850,0x88b7c0,DishonoredGame,UObject,UObject,UObject,0x0,0x0,0x0,0x0,Conversation,0x8e12b0,0x88b7c0,0x8d9810,0x88af30,0x1003998,0xf7e7d8,0x8db080,0x88c060,60
UDisConv_NonWord,DishonoredGame,228,236,8,0x0,0x0,0x8ee780,0x894aa0,DishonoredGame,UDisConv_Blurb,UDisConv_Blurb,UObject,0x0,0x0,0x0,0x0,Conversation,0x8f21e0,0x894aa0,0x8f1570,0x892ff0,0x10037d0,0xf7e990,0x8ed9b0,0x89f8f0,228
UDisConv_OneShotSpeaker,DishonoredGame,152,160,8,0x0,0x0,0x90cff0,0x8b1c10,DishonoredGame,UDisConv_Speaker,UDisConv_Speaker,UObject,0x0,0x0,0x0,0x0,Conversation,0x90efe0,0x8b1c10,0x90ea60,0x8ad190,0x100a968,0xf857b8,0x90b000,0x8bd420,152
UDisConv_PlayerChoice,DishonoredGame,168,176,8,0x0,0x0,0x8f4c00,0x88c850,DishonoredGame,UDisConv_Node,UDisConv_Node,UObject,0x0,0x0,0x0,0x0,Conversation,0x8f6740,0x88c850,0x8ef660,0x88b7f0,0x1003608,0xf7eb48,0x8f3d10,0x8a36a0,168
UDisConv_PlayerLookAtActor,DishonoredGame,172,180,8,0x0,0x0,0x90cc90,0x8aca90,DishonoredGame,UDisConv_Action,UDisConv_Action,UObject,0x0,0x0,0x0,0x0,Conversation,0x90e940,0x8aca90,0x90def0,0x8a9380,0x100b5e0,0xf84bb0,0x90a9e0,0x8bcda0,172
UDisConv_PlayerLookAtSpeaker,DishonoredGame,172,180,8,0x0,0x0,0x90cd20,0x8acc50,DishonoredGame,UDisConv_Action,UDisConv_Action,UObject,0x0,0x0,0x0,0x0,Conversation,0x90e970,0x8acc50,0x90df10,0x8a93a0,0x100b418,0xf84d68,0x90a9c0,0x8bcd80,172
UDisConv_PlayerStopLookAt,DishonoredGame,128,136,8,0x0,0x0,0x90cdb0,0x8acdc0,DishonoredGame,UDisConv_Action,UDisConv_Action,UObject,0x0,0x0,0x0,0x0,Conversation,0x90e9a0,0x8acdc0,0x90df30,0x8a93c0,0x100b250,0xf84f20,0x90aa00,0x8bcdc0,128
UDisConv_RandomBranch,DishonoredGame,144,152,8,0x0,0x0,0x90d2c0,0x8a9810,DishonoredGame,UDisConv_Branch,UDisConv_Branch,UObject,0x0,0x0,0x0,0x0,Conversation,0x90e050,0x8a9810,0x8f8c40,0x8a7c00,0x100a080,0xf86050,0x90aaa0,0x8bce60,144
UDisConv_RandomSequentialBranch,DishonoredGame,144,152,8,0x0,0x0,0x90d350,0x8b2040,DishonoredGame,UDisConv_SequentialBranch,UDisConv_SequentialBranch,UObject,0x0,0x0,0x0,0x0,Conversation,0x90f010,0x8b2040,0x90eae0,0x8ad960,0x1009eb8,0xf86208,0x90aae0,0x8bcea0,144
UDisConv_RandomSequentialBranch_InGameData,DishonoredGame,92,92,0,0x0,0x0,0x90a8f0,0x8b2070,DishonoredGame,UDisConv_SequentialBranch_InGameData,UDisConv_SequentialBranch_InGameData,UObject,0x0,0x0,0x0,0x0,Conversation,0x90d3e0,0x8b2070,0x900240,0x8ad980,0x1009cf0,0xf863c0,0x909f60,0x8bc7c0,92
UDisConv_SeenDialogLabel,DishonoredGame,148,156,8,0x0,0x0,0x90bbb0,0x8ab5e0,DishonoredGame,UDisConv_Condition,UDisConv_Condition,UObject,0x0,0x0,0x0,0x0,Conversation,0x90e490,0x8ab5e0,0x90dbb0,0x8a8d90,0x100f0a8,0xf812f8,0x90ad60,0x8bd120,148
UDisConv_SequentialBranch,DishonoredGame,144,152,8,0x0,0x0,0x90d410,0x8a9840,DishonoredGame,UDisConv_Branch,UDisConv_Branch,UObject,0x0,0x0,0x0,0x0,Conversation,0x90e0d0,0x8a9840,0x8f8cb0,0x8a7c70,0x1009b28,0xf86578,0x90aac0,0x8bce80,144
UDisConv_SequentialBranch_InGameData,DishonoredGame,68,68,0,0x0,0x0,0x8fc790,0x8a9870,DishonoredGame,UDisConv_Node_InGameData,UDisConv_Node_InGameData,UObject,0x0,0x0,0x0,0x0,Conversation,0x8ff7a0,0x8a9870,0x8f8cd0,0x8a7c90,0x1009960,0xf86730,0x8fa9c0,0x8ab430,68
UDisConv_SetStoryFlag,DishonoredGame,152,160,8,0x0,0x0,0x90ce40,0x8ace40,DishonoredGame,UDisConv_Action,UDisConv_Action,UObject,0x0,0x0,0x0,0x0,Conversation,0x90e9d0,0x8ace40,0x90df50,0x8a93e0,0x100b088,0xf850d8,0x90aa20,0x8bcde0,152
UDisConv_Soiree,DishonoredGame,172,180,8,0x0,0x0,0x90ced0,0x8ace70,DishonoredGame,UDisConv_Action,UDisConv_Action,UObject,0x0,0x0,0x0,0x0,Conversation,0x90ea00,0x8ace70,0x90df70,0x8a9480,0x100aec0,0xf85290,0x90aa40,0x8bce00,172
UDisConv_Soiree_InGameData,DishonoredGame,68,68,0,0x0,0x0,0x8fbd30,0x8a94a0,DishonoredGame,UDisConv_Node_InGameData,UDisConv_Node_InGameData,UObject,0x0,0x0,0x0,0x0,Conversation,0x8ff0f0,0x8a94a0,0x8f8a90,0x8a7a30,0x100acf8,0xf85448,0x8fa9e0,0x8ab450,68
UDisConv_SpawnerBranch,DishonoredGame,140,148,8,0x0,0x0,0x90d4a0,0x8a99a0,DishonoredGame,UDisConv_Branch,UDisConv_Branch,UObject,0x0,0x0,0x0,0x0,Conversation,0x90e100,0x8a99a0,0x8f8cf0,0x8a7cc0,0x1009798,0xf868e8,0x90ab00,0x8bcec0,140
UDisConv_Speaker,DishonoredGame,148,156,8,0x1,0x1,0x90d080,0x8a9730,DishonoredGame,UDisConv_Node,UDisConv_Node,UObject,0x0,0x0,0x0,0x0,Conversation,0x90dfb0,0x8a9730,0x8f8bc0,0x8a7b80,0x100a7a0,0xf85970,0x90afa0,0x8bd3c0,148
UDisConv_SpeakerCombatStatus,DishonoredGame,128,136,8,0x0,0x0,0x90c030,0x8aba20,DishonoredGame,UDisConv_Condition,UDisConv_Condition,UObject,0x0,0x0,0x0,0x0,Conversation,0x90e610,0x8aba20,0x90dcb0,0x8a8fa0,0x100e268,0xf820b8,0x90ad80,0x8bd140,128
UDisConv_SpeakerHasTweaks,DishonoredGame,140,148,8,0x0,0x0,0x90d530,0x8a99d0,DishonoredGame,UDisConv_Branch,UDisConv_Branch,UObject,0x0,0x0,0x0,0x0,Conversation,0x90e130,0x8a99d0,0x8f8d10,0x8a7ce0,0x10095d0,0xf86aa0,0x90ab20,0x8bcee0,140
UDisConv_SpeakerInStoryGroup,DishonoredGame,140,148,8,0x0,0x0,0x90d5c0,0x8a9a10,DishonoredGame,UDisConv_Branch,UDisConv_Branch,UObject,0x0,0x0,0x0,0x0,Conversation,0x90e160,0x8a9a10,0x8f8d30,0x8a7d00,0x1009408,0xf86c58,0x90ab40,0x8bcf00,140
UDisConv_SpeakerSupportsDialogTree,DishonoredGame,140,148,8,0x0,0x0,0x8ee540,0x894910,DishonoredGame,UDisConv_Branch,UDisConv_Branch,UObject,0x0,0x0,0x0,0x0,Conversation,0x8f2050,0x894910,0x8f14f0,0x892e80,0x10040b8,0xf7e0f8,0x8ed9f0,0x89f910,140
UDisConv_TimeLimit,DishonoredGame,136,144,8,0x0,0x0,0x8ee810,0x88b900,DishonoredGame,UDisConv_Condition,UDisConv_Condition,UObject,0x0,0x0,0x0,0x0,Conversation,0x8ef680,0x88b900,0x8d9870,0x88b000,0x1003440,0xf7ed00,0x8eda30,0x89dbd0,136
UDisConv_TimeLimit_InGameData,DishonoredGame,68,68,0,0x0,0x0,0x8de080,0x88cc70,DishonoredGame,UDisConv_Node_InGameData,UDisConv_Node_InGameData,UObject,0x0,0x0,0x0,0x0,Conversation,0x8e3580,0x88cc70,0x8e12e0,0x88b930,0x1003278,0xf7eeb8,0x8fa9c0,0x8ab430,68
UDisConv_TryFallbackTree,DishonoredGame,128,136,8,0x0,0x0,0x90cf60,0x8ad160,DishonoredGame,UDisConv_Action,UDisConv_Action,UObject,0x0,0x0,0x0,0x0,Conversation,0x90ea30,0x8ad160,0x90df90,0x8a9710,0x100ab30,0xf85600,0x90aa60,0x8bce20,128
UDisConversation,DishonoredGame,192,200,8,0x0,0x0,0x8ee8a0,0x88cca0,DishonoredGame,UDisConv_Node,UDisConv_Node,UObject,0x0,0x0,0x0,0x0,Conversation,0x8f07d0,0x88cca0,0x8ef6b0,0x88b950,0x10030b0,0xf7f070,0x8eda70,0x89dc40,192
UDisConversationComponent,DishonoredGame,412,412,0,0x4,0x4,0x8f6ec0,0x88b990,DishonoredGame,UActorComponent,UActorComponent,UObject,0x0,0x0,0x0,0x0,Conversation,0x8f7270,0x88b990,0x8d9890,0x88b030,0x1002b58,0xf7f598,0x8f6870,0x8a4b40,412
UDisConversation_InGameData,DishonoredGame,92,92,0,0x0,0x0,0x8ea7c0,0x894b60,DishonoredGame,UDisConversation_InGameData_Base,UDisConversation_InGameData_Base,UObject,0x0,0x0,0x0,0x0,Conversation,0x8ef6d0,0x894b60,0x8ee930,0x8936e0,0x1002ee8,0xf7f228,0x8e90c0,0x89a850,92
UDisConversation_InGameData_Base,DishonoredGame,76,76,0,0x0,0x0,0x8ea850,0x88d040,DishonoredGame,UDisConv_Node_InGameData,UDisConv_Node_InGameData,UObject,0x0,0x0,0x0,0x0,Conversation,0x8ec900,0x88d040,0x8e1750,0x88b970,0x1002d20,0xf7f3e0,0x8e90a0,0x89a830,76
UDisCorpseDiscoveredTracker,DishonoredGame,68,68,0,0x0,0x0,0x6f16c0,0x685780,DishonoredGame,UObject,UObject,UObject,0x0,0x0,0x0,0x0,Engine,0x6f3e90,0x685780,0x6d0e10,0x67fdc0,0xf87020,0xf160a0,0x210d20,0x69cf70,68
UDisCorpseInterface,DishonoredGame,56,56,0,0x4001,0x4001,0x6996f0,0x6488b0,DishonoredGame,UInterface,UInterface,UObject,0x0,0x0,0x0,0x0,Engine,0x69dd20,0x6488b0,0x692120,0x6444f0,0xf77cc8,0xefdc20,0x696f80,0x6e8cb0,56
UDisDLC05BehaviorIdle,DishonoredGame,,244,,,0x0,,0x6ea710,,,UDisBehaviorIdle,UObject,,0x0,,0x0,Engine,,0x6ea710,,0x6e81c0,,0xf26b18,,0x6fc8a0,
UDisDLC05ChallengeRule_Base,DishonoredGame,,56,,,0x1,,0x8c17c0,,,UObject,UObject,,0x0,,0x0,Engine,,0x8c17c0,,0x8be3a0,,0xf8c090,,0x8c0340,
UDisDLC05ChallengeRule_Combo_Base,DishonoredGame,,84,,,0x1,,0x8d8c60,,,UDisDLC05ChallengeRule_Multiplier,UObject,,0x0,,0x0,Engine,,0x8d8c60,,0x8cd150,,0xf8c248,,0x8c4cc0,
UDisDLC05ChallengeRule_Combo_Blast,DishonoredGame,,96,,,0x0,,0x8d8c90,,,UDisDLC05ChallengeRule_Multiplier,UObject,,0x0,,0x0,Engine,,0x8d8c90,,0x8cd170,,0xf8c400,,0x8c4d40,
UDisDLC05ChallengeRule_Combo_Boom,DishonoredGame,,92,,,0x0,,0x8d8cc0,,,UDisDLC05ChallengeRule_Multiplier,UObject,,0x0,,0x0,Engine,,0x8d8cc0,,0x8cd380,,0xf8c5b8,,0x8c4d90,
UDisDLC05ChallengeRule_Combo_BrutalStreak,DishonoredGame,,96,,,0x0,,0x8d8cf0,,,UDisDLC05ChallengeRule_Multiplier,UObject,,0x0,,0x0,Engine,,0x8d8cf0,,0x8cd530,,0xf8c770,,0x8c4de0,
UDisDLC05ChallengeRule_Combo_DeathStreak,DishonoredGame,,92,,,0x0,,0x8dccb0,,,UDisDLC05ChallengeRule_Combo_Base,UObject,,0x0,,0x0,Engine,,0x8dccb0,,0x8d8d20,,0xf8c928,,0x8cc990,
UDisDLC05ChallengeRule_Combo_MultipleShots,DishonoredGame,,104,,,0x0,,0x8d8d40,,,UDisDLC05ChallengeRule_Multiplier,UObject,,0x0,,0x0,Engine,,0x8d8d40,,0x8cd7f0,,0xf8cae0,,0x8dc5c0,
UDisDLC05ChallengeRule_Combo_StealthyStreak,DishonoredGame,,96,,,0x0,,0x8d8d70,,,UDisDLC05ChallengeRule_Multiplier,UObject,,0x0,,0x0,Engine,,0x8d8d70,,0x8cda40,,0xf8cc98,,0x8c4e30,
UDisDLC05ChallengeRule_Combo_Survivor,DishonoredGame,,100,,,0x0,,0x8d8da0,,,UDisDLC05ChallengeRule_Multiplier,UObject,,0x0,,0x0,Engine,,0x8d8da0,,0x8cdc10,,0xf8ce50,,0x8c4e80,
UDisDLC05ChallengeRule_Multiplier,DishonoredGame,,64,,,0x1,,0x8c68c0,,,UDisDLC05ChallengeRule_Base,UObject,,0x0,,0x0,Engine,,0x8c68c0,,0x8c1860,,0xf8d008,,0x8c4ca0,
UDisDLC05ChallengeScoringManager,DishonoredGame,,92,,,0x0,,0x8aaae0,,,UObject,UObject,,0x0,,0x0,Engine,,0x8aaae0,,0x8a81a0,,0xf874f0,,0x8aa490,
UDisDLC05GlobalProjectileManager,DishonoredGame,,64,,,0x0,,0x8c37c0,,,UDisGlobalProjectileManager,UObject,,0x0,,0x0,Engine,,0x8c37c0,,0x8bec80,,0xf938e0,,0x8c55c0,
UDisDLC05MoviePlayerBrief,DishonoredGame,,456,,,0x0,,0x8c1de0,,,UDisGFxMoviePlayerBase,UObject,,0x0,,0x0,UI,,0x8c1de0,,0x8be980,,0xf92b20,,0x8d83c0,
UDisDLC05MoviePlayerChallengeMenu,DishonoredGame,,532,,,0x4,,0x8d2820,,,UDisDLC05MoviePlayerLeaderboard,UObject,,0x0,,0x0,UI,,0x8d2820,,0x8c78f0,,0xf92cd8,,0x8e1770,
UDisDLC05MoviePlayerHUD,DishonoredGame,,1840,,,0x4,,0x8c2130,,,UDisGFxMoviePlayerHUD,UObject,,0x0,,0x0,UI,,0x8c2130,,0x8be9c0,,0xf93048,,0x8e5c50,
UDisDLC05MoviePlayerLeaderboard,DishonoredGame,,516,,,0x4,,0x8c2ff0,,,UDisGFxMoviePlayerBase,UObject,,0x0,,0x0,UI,,0x8c2ff0,,0x8beba0,,0xf933b8,,0x8dc770,
UDisDLC05MoviePlayerPauseMenu,DishonoredGame,,524,,,0x0,,0x8c3250,,,UDisGFxMoviePlayerPauseMenu,UObject,,0x0,,0x0,UI,,0x8c3250,,0x8bebc0,,0xf93570,,0x8e6b30,
UDisDLC05MoviePlayerResultsMenu,DishonoredGame,,548,,,0x4,,0x8cac70,,,UDisDLC05MoviePlayerLeaderboard,UObject,,0x0,,0x0,UI,,0x8cac70,,0x8c33d0,,0xf93728,,0x8e17d0,
UDisDLC05ScoringBonus_BTM_Kills,DishonoredGame,,132,,,0x0,,0x8d8dd0,,,UDisDLC05ScoringRule_Base,UObject,,0x0,,0x0,Engine,,0x8d8dd0,,0x8cde00,,0xf8d1c0,,0x8c5130,
UDisDLC05ScoringBonus_Expeditious,DishonoredGame,,80,,,0x0,,0x8d8e00,,,UDisDLC05ScoringRule_Base,UObject,,0x0,,0x0,Engine,,0x8d8e00,,0x8cdfa0,,0xf8d378,,0x8c5180,
UDisDLC05ScoringBonus_Fencer,DishonoredGame,,76,,,0x0,,0x8d8e30,,,UDisDLC05ScoringRule_Base,UObject,,0x0,,0x0,Engine,,0x8d8e30,,0x8ce0d0,,0xf8d530,,0x8c51d0,
UDisDLC05ScoringBonus_Ghost,DishonoredGame,,76,,,0x0,,0x8d8e60,,,UDisDLC05ScoringRule_Base,UObject,,0x0,,0x0,Engine,,0x8d8e60,,0x8ce250,,0xf8d6e8,,0x8c5220,
UDisDLC05ScoringBonus_Invincible,DishonoredGame,,76,,,0x0,,0x8d8e90,,,UDisDLC05ScoringRule_Base,UObject,,0x0,,0x0,Engine,,0x8d8e90,,0x8ce3a0,,0xf8d8a0,,0x8c5270,
UDisDLC05ScoringBonus_SharpShooter,DishonoredGame,,76,,,0x0,,0x8d8ec0,,,UDisDLC05ScoringRule_Base,UObject,,0x0,,0x0,Engine,,0x8d8ec0,,0x8ce4f0,,0xf8da58,,0x8c52c0,
UDisDLC05ScoringBonus_Skinflint,DishonoredGame,,76,,,0x0,,0x8d8ef0,,,UDisDLC05ScoringRule_Base,UObject,,0x0,,0x0,Engine,,0x8d8ef0,,0x8ce670,,0xf8dc10,,0x8c5310,
UDisDLC05ScoringModifier_Adrenaline,DishonoredGame,,104,,,0x0,,0x8d8f20,,,UDisDLC05ScoringModifier_Base,UObject,,0x0,,0x0,Engine,,0x8d8f20,,0x8ce7c0,,0xf8ddc8,,0x8c4ef0,
UDisDLC05ScoringModifier_Assassinate,DishonoredGame,,104,,,0x0,,0x8d8f50,,,UDisDLC05ScoringModifier_Base,UObject,,0x0,,0x0,Engine,,0x8d8f50,,0x8ce9d0,,0xf8df80,,0x8c4f40,
UDisDLC05ScoringModifier_Base,DishonoredGame,,80,,,0x1,,0x8c6990,,,UDisDLC05ChallengeRule_Base,UObject,,0x0,,0x0,Engine,,0x8c6990,,0x8c1910,,0xf8e138,,0x8c4ed0,
UDisDLC05ScoringModifier_Bellup,DishonoredGame,,104,,,0x0,,0x8ceb30,,,UDisDLC05ScoringModifier_Base,UObject,,0x0,,0x0,Engine,,0x8ceb30,,0x8c69c0,,0xf8e2f0,,0x8c4f90,
UDisDLC05ScoringModifier_DarkKill,DishonoredGame,,116,,,0x0,,0x8cec90,,,UDisDLC05ScoringModifier_Base,UObject,,0x0,,0x0,Engine,,0x8cec90,,0x8c69e0,,0xf8e4a8,,0x8c4fb0,
UDisDLC05ScoringModifier_EatenAlive,DishonoredGame,,100,,,0x0,,0x8cee50,,,UDisDLC05ScoringModifier_Base,UObject,,0x0,,0x0,Engine,,0x8cee50,,0x8c6a00,,0xf8e660,,0x8c4fd0,
UDisDLC05ScoringModifier_FactionCombo,DishonoredGame,,104,,,0x0,,0x8cef70,,,UDisDLC05ScoringModifier_Base,UObject,,0x0,,0x0,Engine,,0x8cef70,,0x8c6a20,,0xf8e818,,0x8c4ff0,
UDisDLC05ScoringModifier_Getback,DishonoredGame,,104,,,0x0,,0x8cf0c0,,,UDisDLC05ScoringModifier_Base,UObject,,0x0,,0x0,Engine,,0x8cf0c0,,0x8c6a40,,0xf8e9d0,,0x8c5010,
UDisDLC05ScoringModifier_Headshot,DishonoredGame,,100,,,0x0,,0x8cf2f0,,,UDisDLC05ScoringModifier_Base,UObject,,0x0,,0x0,Engine,,0x8cf2f0,,0x8c6a60,,0xf8eb88,,0x8c5030,
UDisDLC05ScoringModifier_InFlames,DishonoredGame,,100,,,0x0,,0x8cf470,,,UDisDLC05ScoringModifier_Base,UObject,,0x0,,0x0,Engine,,0x8cf470,,0x8c6a80,,0xf8ed40,,0x8c5050,
UDisDLC05ScoringModifier_LimbSevered,DishonoredGame,,100,,,0x0,,0x8cf590,,,UDisDLC05ScoringModifier_Base,UObject,,0x0,,0x0,Engine,,0x8cf590,,0x8c6aa0,,0xf8eef8,,0x8c5070,
UDisDLC05ScoringModifier_Payback,DishonoredGame,,108,,,0x0,,0x8cf710,,,UDisDLC05ScoringModifier_Base,UObject,,0x0,,0x0,Engine,,0x8cf710,,0x8c6ac0,,0xf8f0b0,,0x8c5090,
UDisDLC05ScoringModifier_PerfectBlock,DishonoredGame,,104,,,0x0,,0x8cf880,,,UDisDLC05ScoringModifier_Base,UObject,,0x0,,0x0,Engine,,0x8cf880,,0x8c6ae0,,0xf8f268,,0x8c50b0,
UDisDLC05ScoringModifier_PowerCombo,DishonoredGame,,104,,,0x0,,0x8cfaa0,,,UDisDLC05ScoringModifier_Base,UObject,,0x0,,0x0,Engine,,0x8cfaa0,,0x8c6b00,,0xf8f420,,0x8c50d0,
UDisDLC05ScoringModifier_Suicide,DishonoredGame,,100,,,0x0,,0x8cfdf0,,,UDisDLC05ScoringModifier_Base,UObject,,0x0,,0x0,Engine,,0x8cfdf0,,0x8c6b20,,0xf8f5d8,,0x8c50f0,
UDisDLC05ScoringRule_Accuracy,DishonoredGame,,96,,,0x0,,0x8d8f80,,,UDisDLC05ScoringRule_Base,UObject,,0x0,,0x0,Engine,,0x8d8f80,,0x8cff10,,0xf8f790,,0x8dc5e0,
UDisDLC05ScoringRule_BTM_Kill,DishonoredGame,,88,,,0x0,,0x8ddcb0,,,UDisDLC05ScoringRule_WithModifiers,UObject,,0x0,,0x0,Engine,,0x8ddcb0,,0x8d8fb0,,0xf8fcb8,,0x8dc6d0,
UDisDLC05ScoringRule_Base,DishonoredGame,,56,,,0x1,,0x8c6b40,,,UDisDLC05ChallengeRule_Base,UObject,,0x0,,0x0,Engine,,0x8c6b40,,0x8c1930,,0xf8f948,,0x8c5110,
UDisDLC05ScoringRule_BrutalStreak,DishonoredGame,,88,,,0x0,,0x8d01a0,,,UDisDLC05ScoringRule_Base,UObject,,0x0,,0x0,Engine,,0x8d01a0,,0x8c6b70,,0xf8fb00,,0x8c5360,
UDisDLC05ScoringRule_ChainKill,DishonoredGame,,80,,,0x0,,0x8d04f0,,,UDisDLC05ScoringRule_Base,UObject,,0x0,,0x0,Engine,,0x8d04f0,,0x8c6b90,,0xf8fe70,,0x8c5380,
UDisDLC05ScoringRule_Chrono,DishonoredGame,,84,,,0x0,,0x8d06d0,,,UDisDLC05ScoringRule_Base,UObject,,0x0,,0x0,Engine,,0x8d06d0,,0x8c6bb0,,0xf90028,,0x8c53a0,
UDisDLC05ScoringRule_ChronoBonus,DishonoredGame,,140,,,0x0,,0x8d07e0,,,UDisDLC05ScoringRule_Base,UObject,,0x0,,0x0,Engine,,0x8d07e0,,0x8c6bd0,,0xf901e0,,0x8c53c0,
UDisDLC05ScoringRule_Custom,DishonoredGame,,84,,,0x0,,0x8d0a00,,,UDisDLC05ScoringRule_Base,UObject,,0x0,,0x0,Engine,,0x8d0a00,,0x8c6bf0,,0xf90398,,0x8c53e0,
UDisDLC05ScoringRule_DropAssassination,DishonoredGame,,108,,,0x0,,0x8d0b10,,,UDisDLC05ScoringRule_Base,UObject,,0x0,,0x0,Engine,,0x8d0b10,,0x8c6c10,,0xf90550,,0x8c5400,
UDisDLC05ScoringRule_Ghost,DishonoredGame,,92,,,0x0,,0x8d0b40,,,UDisDLC05ScoringRule_Base,UObject,,0x0,,0x0,Engine,,0x8d0b40,,0x8c6c30,,0xf90708,,0x8c5420,
UDisDLC05ScoringRule_Headshot,DishonoredGame,,88,,,0x0,,0x8d0c90,,,UDisDLC05ScoringRule_Base,UObject,,0x0,,0x0,Engine,,0x8d0c90,,0x8c6c50,,0xf908c0,,0x8dc600,
UDisDLC05ScoringRule_Hostage,DishonoredGame,,88,,,0x0,,0x8d0ec0,,,UDisDLC05ScoringRule_Base,UObject,,0x0,,0x0,Engine,,0x8d0ec0,,0x8c6c70,,0xf90a78,,0x8dc620,
UDisDLC05ScoringRule_Kill,DishonoredGame,,76,,,0x0,,0x8d1080,,,UDisDLC05ScoringRule_Base,UObject,,0x0,,0x0,Engine,,0x8d1080,,0x8c6c90,,0xf90c30,,0x8c5440,
UDisDLC05ScoringRule_Mayhem,DishonoredGame,,84,,,0x0,,0x8d1180,,,UDisDLC05ScoringRule_Base,UObject,,0x0,,0x0,Engine,,0x8d1180,,0x8c6cb0,,0xf90de8,,0x8c5460,
UDisDLC05ScoringRule_MysteryMan,DishonoredGame,,296,,,0x0,,0x8d1290,,,UDisDLC05ScoringRule_Base,UObject,,0x0,,0x0,Engine,,0x8d1290,,0x8c6cd0,,0xf90fa0,,0x8e1700,
UDisDLC05ScoringRule_OilRain_Accuracy,DishonoredGame,,84,,,0x0,,0x8d1320,,,UDisDLC05ScoringRule_Base,UObject,,0x0,,0x0,Engine,,0x8d1320,,0x8c6e10,,0xf91158,,0x8c5480,
UDisDLC05ScoringRule_OilRain_BoilingOil,DishonoredGame,,84,,,0x0,,0x8d1540,,,UDisDLC05ScoringRule_Base,UObject,,0x0,,0x0,Engine,,0x8d1540,,0x8c6e30,,0xf91310,,0x8c54a0,
UDisDLC05ScoringRule_OilRain_Combo,DishonoredGame,,84,,,0x0,,0x8d1650,,,UDisDLC05ScoringRule_Base,UObject,,0x0,,0x0,Engine,,0x8d1650,,0x8c6e50,,0xf914c8,,0x8c54c0,
UDisDLC05ScoringRule_OilRain_Destroy,DishonoredGame,,76,,,0x0,,0x8d17e0,,,UDisDLC05ScoringRule_Base,UObject,,0x0,,0x0,Engine,,0x8d17e0,,0x8c6e70,,0xf91680,,0x8c54e0,
UDisDLC05ScoringRule_OilRain_PerfectWave,DishonoredGame,,80,,,0x0,,0x8d18f0,,,UDisDLC05ScoringRule_Base,UObject,,0x0,,0x0,Engine,,0x8d18f0,,0x8c6e90,,0xf91838,,0x8c5500,
UDisDLC05ScoringRule_PlayerStat,DishonoredGame,,80,,,0x0,,0x8d1a10,,,UDisDLC05ScoringRule_Base,UObject,,0x0,,0x0,Engine,,0x8d1a10,,0x8c6eb0,,0xf919f0,,0x8c5520,
UDisDLC05ScoringRule_Shoot,DishonoredGame,,88,,,0x0,,0x8d1b40,,,UDisDLC05ScoringRule_Base,UObject,,0x0,,0x0,Engine,,0x8d1b40,,0x8c6ed0,,0xf91ba8,,0x8dc640,
UDisDLC05ScoringRule_Slash,DishonoredGame,,76,,,0x0,,0x8d1d60,,,UDisDLC05ScoringRule_Base,UObject,,0x0,,0x0,Engine,,0x8d1d60,,0x8c6ef0,,0xf91d60,,0x8c5540,
UDisDLC05ScoringRule_SurpriseShot,DishonoredGame,,88,,,0x0,,0x8d1ea0,,,UDisDLC05ScoringRule_Base,UObject,,0x0,,0x0,Engine,,0x8d1ea0,,0x8c6f10,,0xf91f18,,0x8dc660,
UDisDLC05ScoringRule_Thief,DishonoredGame,,236,,,0x0,,0x8d20d0,,,UDisDLC05ScoringRule_Base,UObject,,0x0,,0x0,Engine,,0x8d20d0,,0x8c6f30,,0xf920d0,,0x8e1750,
UDisDLC05ScoringRule_TimeMarkerBonus,DishonoredGame,,80,,,0x0,,0x8d2150,,,UDisDLC05ScoringRule_Base,UObject,,0x0,,0x0,Engine,,0x8d2150,,0x8c7090,,0xf92288,,0x8c5560,
UDisDLC05ScoringRule_TripwireFree,DishonoredGame,,76,,,0x0,,0x8d2270,,,UDisDLC05ScoringRule_Base,UObject,,0x0,,0x0,Engine,,0x8d2270,,0x8c70b0,,0xf92440,,0x8c5580,
UDisDLC05ScoringRule_Vanish,DishonoredGame,,104,,,0x0,,0x8d2390,,,UDisDLC05ScoringRule_Base,UObject,,0x0,,0x0,Engine,,0x8d2390,,0x8c70d0,,0xf925f8,,0x8c55a0,
UDisDLC05ScoringRule_WaveKill,DishonoredGame,,112,,,0x0,,0x8df5c0,,,UDisDLC05ScoringRule_WithModifiers,UObject,,0x0,,0x0,Engine,,0x8df5c0,,0x8d9140,,0xf927b0,,0x8dc720,
UDisDLC05ScoringRule_WithModifiers,DishonoredGame,,68,,,0x1,,0x8d2790,,,UDisDLC05ScoringRule_Base,UObject,,0x0,,0x0,Engine,,0x8d2790,,0x8c7160,,0xf92968,,0x8dc6b0,
UDisDLC05Tweaks_AIBehavior_Idle,DishonoredGame,,168,,,0x0,,0x6efc50,,,UDisTweaks_AIBehavior_Idle,UObject,,0x0,,0x0,Engine,,0x6efc50,,0x6ed8d0,,0xf26cd0,,0x6feff0,
UDisDLC05Tweaks_ChallengeScoringRuleset,DishonoredGame,,180,,,0x0,,0x8aaa30,,,UDisTweaksBase,UObject,,0x0,,0x0,Engine,,0x8aaa30,,0x8a8170,,0xf87338,,0x8bd650,
UDisDLC05Tweaks_Movable,DishonoredGame,,288,,,0x0,,0x8c3990,,,UDisTweaks_Movable,UObject,,0x0,,0x0,Engine,,0x8c3990,,0x8bee30,,0xf944e8,,0x8e6380,
UDisDLC05Tweaks_WhaleOilBattery,DishonoredGame,,364,,,0x0,,0x8c3a80,,,UDisTweaks_WhaleOilBattery,UObject,,0x0,,0x0,Engine,,0x8c3a80,,0x8bf010,,0xf94d80,,0x8e63a0,
UDisDLC06AIBrainProcessSummonedAssassin,DishonoredGame,,88,,,0x0,,0x8ea9b0,,,UDisAIBrainProcess,UObject,,0x0,,0x0,Engine,,0x8ea9b0,,0x8e7040,,0xf99780,,0x8f3330,
UDisDLC06ActivePowerComponent_DarkVision,DishonoredGame,,208,,,0x0,,0x8ea210,,,UDisActivePowerComponent_DarkVision,UObject,,0x0,,0x0,Power,,0x8ea210,,0x8e6f40,,0xf990a0,,0x907fb0,
UDisDLC06ActivePowerComponent_SummonAssassin,DishonoredGame,,260,,,0x0,,0x8ea2a0,,,UDishonoredActivePowerComponent,UObject,,0x0,,0x0,Power,,0x8ea2a0,,0x8e6f80,,0xf99410,,0x900790,
UDisDLC06ActivePowerComponent_Transversal,DishonoredGame,,368,,,0x4,,0x8ea050,,,UDishonoredActivePowerComponent_Blink,UObject,,0x0,,0x0,Power,,0x8ea050,,0x8e6ed0,,0xf98d30,,0x9041d0,
UDisDLC06BehaviorAssassinSalute,DishonoredGame,,356,,,0x0,,0x8eaaa0,,,UDisAIBehaviorWithDesires,UObject,,0x0,,0x0,Engine,,0x8eaaa0,,0x8e7210,,0xf99e60,,0x907f30,
UDisDLC06BehaviorButcherCombat,DishonoredGame,,304,,,0x0,,0x8eacb0,,,UDisBehaviorCombatMelee,UObject,,0x0,,0x0,Engine,,0x8eacb0,,0x8e7390,,0xf9a1d0,,0x907ff0,
UDisDLC06BehaviorSummonedAssassinIdle,DishonoredGame,,160,,,0x0,,0x8eaa10,,,UDishonoredAIBehavior,UObject,,0x0,,0x0,Engine,,0x8eaa10,,0x8e7160,,0xf99af0,,0x907f50,
UDisDLC06CheatManager,DishonoredGame,,264,,,0x4,,0x8d61b0,,,UDishonoredCheatManager,ADisDLC06PlayerController,,0x0,,0x0,Game,,0x8d61b0,,0x8cb590,,0xf950f0,,0x8e2530,
UDisDLC06Conv_HasPower,DishonoredGame,,148,,,0x0,,0x8ebf60,,,UDisConv_Condition,UObject,,0x0,,0x0,Conversation,,0x8ebf60,,0x8e7db0,,0xf9e320,,0x908ee0,
UDisDLC06DamageType_WitchScream,DishonoredGame,,136,,,0x4,,0x8c4560,,,UDishonoredDamageType,UObject,,0x0,,0x0,Weapon,,0x8c4560,,0x8bf730,,0xf96fe0,,0x61f550,
UDisDLC06Gadget_ArcMine,DishonoredGame,,284,,,0x0,,0x8c48c0,,,UDisGadget_SpringRazor,UObject,,0x0,,0x0,DLC06Gadget,,0x8c48c0,,0x8bfae0,,0xf982c8,,0x8e6de0,
UDisDLC06Gadget_ArcMineStun,DishonoredGame,,284,,,0x0,,0x8c48f0,,,UDisGadget_SpringRazor,UObject,,0x0,,0x0,DLC06Gadget,,0x8c48f0,,0x8bfb20,,0xf98480,,0x8e6e30,
UDisDLC06GrenadeComponent,DishonoredGame,,208,,,0x0,,0x8c47a0,,,UDisGrenadeComponent,UObject,,0x0,,0x0,Engine,,0x8c47a0,,0x8bf850,,0xf97878,,0x8d61e0,
UDisDLC06ItemContext_NPCFireSaw,DishonoredGame,,304,,,0x0,,0x8c4430,,,UDisItemContext_ProjectileAttack,UObject,,0x0,,0x0,WeaponRanged,,0x8c4430,,0x8bf640,,0xf96900,,0x8d65a0,
UDisDLC06ItemContext_NPCSawCut,DishonoredGame,,268,,,0x4,,0x8c44b0,,,UDisItemContext_MeleeAttackNPCBase,UObject,,0x0,,0x0,Weapon,,0x8c44b0,,0x8bf6a0,,0xf96ab8,,0x8e47a0,
UDisDLC06ItemContext_NPCWitchScream,DishonoredGame,,200,,,0x0,,0x8c44e0,,,UDisItemContext,UObject,,0x0,,0x0,Engine,,0x8c44e0,,0x8bf6e0,,0xf96c70,,0x8cb7c0,
UDisDLC06ItemContext_NPCWitchTeleport,DishonoredGame,,272,,,0x0,,0x8c46e0,,,UDisItemContext,UObject,,0x0,,0x0,Engine,,0x8c46e0,,0x8bf790,,0xf97198,,0x8dfbe0,
UDisDLC06MoviePlayerHUD,DishonoredGame,,1448,,,0x4,,0x8ebff0,,,UDisGFxMoviePlayerHUD,UObject,,0x0,,0x0,UI,,0x8ebff0,,0x8e7de0,,0xf9e4d8,,0x908f00,
UDisDLC06MoviePlayerMainMenu,DishonoredGame,,792,,,0x4,,0x8ec050,,,UDisGFxMoviePlayerMainMenu,UObject,,0x0,,0x0,UI,,0x8ec050,,0x8e7e20,,0xf9e848,,0x90b2e0,
UDisDLC06Notify_ClearBodyIntention,DishonoredGame,,64,,,0x0,,0x8ebed0,,,UAnimNotify,UObject,,0x0,,0x0,Engine,,0x8ebed0,,0x8e7d30,,0xf9ddf8,,0x8f0700,
UDisDLC06Notify_EquipItem,DishonoredGame,,68,,,0x0,,0x8ebf00,,,UAnimNotify,UObject,,0x0,,0x0,Engine,,0x8ebf00,,0x8e7d60,,0xf9dfb0,,0x8f0720,
UDisDLC06SeqAct_DestroyArcMines,DishonoredGame,,248,,,0x0,,0x8eb3b0,,,USequenceAction,UObject,,0x0,,0x0,Engine,,0x8eb3b0,,0x8e76a0,,0xf9b148,,0x909c50,
UDisDLC06SeqAct_EndDLC06,DishonoredGame,,268,,,0x0,,0x8eb3e0,,,UDisSeqAct_Latent,UObject,,0x0,,0x0,Engine,,0x8eb3e0,,0x8e76d0,,0xf9b300,,0x909cb0,
UDisDLC06SeqAct_EndGame,DishonoredGame,,248,,,0x2000000,,0x8c40a0,,,UDisSeqAct_PlayerAction,UObject,,0x0,,0x0,Engine,,0x8c40a0,,0x8bf3f0,,0xf95618,,0x7b8160,
UDisDLC06SeqAct_NPCAddPutPocketInteraction,DishonoredGame,,252,,,0x0,,0x74f090,,,USequenceAction,UObject,,0x0,,0x0,Engine,,0x74f090,,0x74b580,,0xf39630,,0x8e60c0,
UDisDLC06SeqAct_NPCSetHeadMesh,DishonoredGame,,252,,,0x0,,0x8ebd60,,,USequenceAction,UObject,,0x0,,0x0,Engine,,0x8ebd60,,0x8e7b60,,0xf9d038,,0x8e60c0,
UDisDLC06SeqAct_SetObjectiveOptional,DishonoredGame,,268,,,0x0,,0x8eb410,,,UDisSeqAct_ObjectiveAction,UObject,,0x0,,0x0,Engine,,0x8eb410,,0x8e7730,,0xf9b4b8,,0x909c10,
UDisDLC06SeqAct_VectorAdd,DishonoredGame,,284,,,0x0,,0x8f52b0,,,UDisDLC06SeqAct_VectorBinOp,UObject,,0x0,,0x0,Engine,,0x8f52b0,,0x8eff80,,0xf9b670,,0x909cf0,
UDisDLC06SeqAct_VectorBinOp,DishonoredGame,,284,,,0x1,,0x8eb510,,,USequenceAction,UObject,,0x0,,0x0,Engine,,0x8eb510,,0x8e7780,,0xf9b828,,0x909cd0,
UDisDLC06SeqAct_VectorNormalize,DishonoredGame,,272,,,0x0,,0x8eb540,,,USequenceAction,UObject,,0x0,,0x0,Engine,,0x8eb540,,0x8e77b0,,0xf9b9e0,,0x909d30,
UDisDLC06SeqAct_VectorScale,DishonoredGame,,276,,,0x0,,0x8eb570,,,USequenceAction,UObject,,0x0,,0x0,Engine,,0x8eb570,,0x8e77e0,,0xf9bb98,,0x909d50,
UDisDLC06SeqAct_VectorSubtract,DishonoredGame,,284,,,0x0,,0x8f02d0,,,UDisDLC06SeqAct_VectorBinOp,UObject,,0x0,,0x0,Engine,,0x8f02d0,,0x8eb5a0,,0xf9bd50,,0x909d10,
UDisDLC06SeqEvent_AssassinSummoned,DishonoredGame,,272,,,0x0,,0x8eb660,,,UDisSeqEvent_PlayerEvent,UObject,,0x0,,0x0,Engine,,0x8eb660,,0x8e7850,,0xf9c0c0,,0x7b85c0,
UDisDLC06SeqEvent_Attention,DishonoredGame,,272,,,0x0,,0x8eb690,,,USequenceEvent,UObject,,0x0,,0x0,Engine,,0x8eb690,,0x8e7870,,0xf9c278,,0x909c70,
UDisDLC06SeqEvent_AttentionDecreasedTo,DishonoredGame,,272,,,0x0,,0x8f03e0,,,UDisDLC06SeqEvent_Attention,UObject,,0x0,,0x0,Engine,,0x8f03e0,,0x8eb6e0,,0xf9c5e8,,0x909c90,
UDisDLC06SeqEvent_AttentionIncreasedTo,DishonoredGame,,272,,,0x0,,0x8f03b0,,,UDisDLC06SeqEvent_Attention,UObject,,0x0,,0x0,Engine,,0x8f03b0,,0x8eb6c0,,0xf9c430,,0x909c90,
UDisDLC06SeqEvent_DropAssassinate,DishonoredGame,,272,,,0x0,,0x803d40,,,UDisSeqEvent_PlayerEvent,UObject,,0x0,,0x0,Engine,,0x803d40,,0x7ffd30,,0xf60108,,0x7b85c0,
UDisDLC06SeqEvent_Landed,DishonoredGame,,272,,,0x0,,0x6a36f0,,,UDisSeqEvent_PlayerEvent,UObject,,0x0,,0x0,Engine,,0x6a36f0,,0x6a1390,,0xf171d0,,0x7b85c0,
UDisDLC06SeqEvent_NPCPutPocketed,DishonoredGame,,272,,,0x0,,0x74f0c0,,,USequenceEvent,UObject,,0x0,,0x0,Engine,,0x74f0c0,,0x74b5a0,,0xf397e8,,0x9118e0,
UDisDLC06StateNPCSmokeBombed,DishonoredGame,,140,,,0x4,,0x8eb770,,,UStateNPCMasterPlayAnim,UObject,,0x0,,0x0,NPC,,0x8eb770,,0x8e78b0,,0xf9c7a0,,0x8ef400,
UDisDLC06Tweaks_AIBehavior_AssassinSalute,DishonoredGame,,176,,,0x0,,0x8eac20,,,UDisTweaks_AIBehavior,UObject,,0x0,,0x0,Engine,,0x8eac20,,0x8e7360,,0xf9a018,,0x908e40,
UDisDLC06Tweaks_AIBehavior_ButcherCombat,DishonoredGame,,216,,,0x0,,0x8ead10,,,UDisTweaks_AIBehavior_CombatMelee,UObject,,0x0,,0x0,Engine,,0x8ead10,,0x8e74b0,,0xf9a388,,0x908ea0,
UDisDLC06Tweaks_AIBehavior_SummonedAssassinIdle,DishonoredGame,,168,,,0x0,,0x8eaa70,,,UDisTweaks_AIBehavior,UObject,,0x0,,0x0,Engine,,0x8eaa70,,0x8e71f0,,0xf99ca8,,0x6ff010,
UDisDLC06Tweaks_AIBrainProcess_SummonedAssassin,DishonoredGame,,148,,,0x0,,0x8ea9e0,,,UDisTweaks_AIBrainProcess,UDisTweaks_AIBrain,,0x0,,0x0,Engine,,0x8ea9e0,,0x8e7130,,0xf99938,,0x908e60,
UDisDLC06Tweaks_ArcMine,DishonoredGame,,284,,,0x0,,0x8c49a0,,,UDisTweaks_SpringRazor,UObject,,0x0,,0x0,Engine,,0x8c49a0,,0x8bfb80,,0xf987f0,,0x8e5f40,
UDisDLC06Tweaks_ArcMinePlaced,DishonoredGame,,340,,,0x0,,0x8c49f0,,,UDisTweaksBase,UObject,,0x0,,0x0,Engine,,0x8c49f0,,0x8bfbc0,,0xf98b60,,0x8e5f20,
UDisDLC06Tweaks_ArcMineStun,DishonoredGame,,284,,,0x0,,0x8cc600,,,UDisDLC06Tweaks_ArcMine,UObject,,0x0,,0x0,Engine,,0x8cc600,,0x8c49d0,,0xf989a8,,0x8e5f60,
UDisDLC06Tweaks_Arrow_Explosive,DishonoredGame,,336,,,0x0,,0x8c47d0,,,UDisTweaks_Arrow_Explosive,UObject,,0x0,,0x0,Engine,,0x8c47d0,,0x8bf8c0,,0xf97a30,,0x8e5ee0,
UDisDLC06Tweaks_AssassinNPCPawn,DishonoredGame,,932,,,0x0,,0x8f5310,,,UDisDLC06Tweaks_NPCPawn,UObject,,0x0,,0x0,Engine,,0x8f5310,,0x8f04a0,,0xf9cb10,,0x90b610,
UDisDLC06Tweaks_ButcherNPCPawn,DishonoredGame,,940,,,0x0,,0x8f5870,,,UDisDLC06Tweaks_NPCPawn,UObject,,0x0,,0x0,Engine,,0x8f5870,,0x8f06e0,,0xf9d718,,0x90b650,
UDisDLC06Tweaks_DarkVision,DishonoredGame,,772,,,0x0,,0x8ea270,,,UDisTweaks_DarkVision,UObject,,0x0,,0x0,Engine,,0x8ea270,,0x8e6f60,,0xf99258,,0x908e80,
UDisDLC06Tweaks_Effects,DishonoredGame,,280,,,0x0,,0x7eadd0,,,UDisTweaksBase,UObject,,0x0,,0x0,Engine,,0x7eadd0,,0x7e7d70,,0xf5c4d0,,0x7fd770,
UDisDLC06Tweaks_Explosion,DishonoredGame,,308,,,0x0,,0x8eb030,,,UDisTweaks_Explosion,UObject,,0x0,,0x0,Engine,,0x8eb030,,0x8e7530,,0xf9a8b0,,0x908ec0,
UDisDLC06Tweaks_GrenadeComponent,DishonoredGame,,172,,,0x0,,0x8c4890,,,UDisTweaks_GrenadeComponent,UDisTweaks_Projectile_GrenadeBase,,0x0,,0x0,Engine,,0x8c4890,,0x8bfab0,,0xf98110,,0x8e5ea0,
UDisDLC06Tweaks_NPCAttachment,DishonoredGame,,288,,,0x0,,0x8eb2c0,,,UDisTweaks_NPCAttachment,UObject,,0x0,,0x0,Engine,,0x8eb2c0,,0x8e7620,,0xf9af90,,0x909c30,
UDisDLC06Tweaks_NPCFireSaw,DishonoredGame,,1192,,,0x0,,0x8c4740,,,UDisTweaks_ProjectileAttack,UDisTweaks_InventoryItem_PawnSpecific,,0x0,,0x0,Engine,,0x8c4740,,0x8bf810,,0xf97508,,0x8e6000,
UDisDLC06Tweaks_NPCPawn,DishonoredGame,,928,,,0x0,,0x8ebe00,,,UDisTweaks_NPCPawn,UObject,,0x0,,0x0,Engine,,0x8ebe00,,0x8e7ce0,,0xf9d8d0,,0x90b5f0,
UDisDLC06Tweaks_NPCPawn_Shared,DishonoredGame,,148,,,0x0,,0x8ebe30,,,UDisTweaksBase,UObject,,0x0,,0x0,Engine,,0x8ebe30,,0x8e7d10,,0xf9da88,,0x6de230,
UDisDLC06Tweaks_NPCSawCut,DishonoredGame,,468,,,0x0,,0x8c4770,,,UDisTweaks_MeleeAttackNPCBase,UDisTweaks_InventoryItem_PawnSpecific,,0x0,,0x0,Engine,,0x8c4770,,0x8bf830,,0xf976c0,,0x8e5fe0,
UDisDLC06Tweaks_NPCWitchScream,DishonoredGame,,228,,,0x0,,0x8c4530,,,UDisTweaks_ItemContext,UDisTweaks_InventoryItem_PawnSpecific,,0x0,,0x0,Engine,,0x8c4530,,0x8bf700,,0xf96e28,,0x8e5fa0,
UDisDLC06Tweaks_NPCWitchTeleport,DishonoredGame,,272,,,0x0,,0x8c4710,,,UDisTweaks_ItemContext,UDisTweaks_InventoryItem_PawnSpecific,,0x0,,0x0,Engine,,0x8c4710,,0x8bf7b0,,0xf97350,,0x8e5fc0,
UDisDLC06Tweaks_PlayerPawn,DishonoredGame,,1892,,,0x0,,0x8c4190,,,UDisTweaks_PlayerPawn,UObject,,0x0,,0x0,Engine,,0x8c4190,,0x8bf4b0,,0xf957d0,,0x8e6b90,
UDisDLC06Tweaks_PlayerPawn_Attributes,DishonoredGame,,2404,,,0x0,,0x8cb760,,,UDisTweaks_PlayerPawn_Attributes,UDisDLC06Tweaks_PlayerPawn,,0x0,,0x0,Engine,,0x8cb760,,0x8c41c0,,0xf95988,,0x8e5e60,
UDisDLC06Tweaks_Projectile_SmokeGrenade,DishonoredGame,,276,,,0x0,,0x8c4860,,,UDisTweaks_Projectile_Grenade,UObject,,0x0,,0x0,Engine,,0x8c4860,,0x8bfa80,,0xf97f58,,0x8e5f00,
UDisDLC06Tweaks_SummonAssassin,DishonoredGame,,516,,,0x0,,0x8ea980,,,UDisTweaks_ActivePowerBase,UObject,,0x0,,0x0,Engine,,0x8ea980,,0x8e7020,,0xf995c8,,0x908e20,
UDisDLC06Tweaks_SummonedAssassinNPCPawn,DishonoredGame,,932,,,0x0,,0x8fbb90,,,UDisDLC06Tweaks_AssassinNPCPawn,UObject,,0x0,,0x0,Engine,,0x8fbb90,,0x8f58a0,,0xf9dc40,,0x90b630,
UDisDLC06Tweaks_Transversal,DishonoredGame,,584,,,0x0,,0x8ea080,,,UDisTweaks_Blink,UObject,,0x0,,0x0,Engine,,0x8ea080,,0x8e6f10,,0xf98ee8,,0x908e00,
UDisDLC06Tweaks_VulnerabilityEx,DishonoredGame,,148,,,0x0,,0x8ebf30,,,UDisTweaksBase,UObject,,0x0,,0x0,Engine,,0x8ebf30,,0x8e7d90,,0xf9e168,,0x6de230,
UDisDLC06Tweaks_WepCrossbow,DishonoredGame,,312,,,0x0,,0x8c41e0,,,UDisTweaks_WepCrossbow,UObject,,0x0,,0x0,Engine,,0x8c41e0,,0x8bf4e0,,0xf95b40,,0x8e5ec0,
UDisDLC06Tweaks_WepGrenade,DishonoredGame,,296,,,0x0,,0x8c4210,,,UDisTweaks_WepGrenade,UObject,,0x0,,0x0,Engine,,0x8c4210,,0x8bf510,,0xf95cf8,,0x8e5cc0,
UDisDLC06Tweaks_WepGrenade_Attributes,DishonoredGame,,252,,,0x0,,0x8cb790,,,UDisTweaks_WeaponRanged_Attributes,UDisDLC06Tweaks_WepGrenade,,0x0,,0x0,Engine,,0x8cb790,,0x8c4240,,0xf95eb0,,0x8e5e80,
UDisDLC06Tweaks_WepSaw,DishonoredGame,,360,,,0x0,,0x8c43a0,,,UDisTweaks_WeaponRanged,UObject,,0x0,,0x0,Engine,,0x8c43a0,,0x8bf5c0,,0xf963d8,,0x8e5f80,
UDisDLC06Tweaks_WepWitchHand,DishonoredGame,,296,,,0x0,,0x8c4400,,,UDisTweaks_WeaponRanged,UObject,,0x0,,0x0,Engine,,0x8c4400,,0x8bf620,,0xf96748,,0x83b230,
UDisDLC06WepCrossbow,DishonoredGame,,320,,,0x4,,0x8c4260,,,UDisWepCrossbow,UObject,,0x0,,0x0,WeaponRanged,,0x8c4260,,0x8bf540,,0xf96068,,0x8e6d90,
UDisDLC06WepSaw,DishonoredGame,,320,,,0x4,,0x8c4370,,,UDishonoredWeapon_Ranged,UObject,,0x0,,0x0,Weapon,,0x8c4370,,0x8bf580,,0xf96220,,0x8e6e80,
UDisDLC06WepWitchHand,DishonoredGame,,312,,,0x4,,0x8c43d0,,,UDishonoredWeapon_Ranged,UObject,,0x0,,0x0,Weapon,,0x8c43d0,,0x8bf5e0,,0xf96590,,0x8e6d40,
UDisDLC07AISubStateDoPullSpell,DishonoredGame,,320,,,0x0,,0x8eea60,,,UDisAISubStateWithDesires,UObject,,0x0,,0x0,Engine,,0x8eea60,,0x8e9460,,0xfa4db0,,0x8f7ab0,
UDisDLC07AISubStateTentacleAttack,DishonoredGame,,260,,,0x0,,0x8eec10,,,UDisAISubState,UObject,,0x0,,0x0,Engine,,0x8eec10,,0x8e9530,,0xfa5120,,0x8f7ad0,
UDisDLC07AISubStateTentacleSpawn,DishonoredGame,,208,,,0x0,,0x8eedf0,,,UDisAISubState,UObject,,0x0,,0x0,Engine,,0x8eedf0,,0x8e9620,,0xfa5648,,0x8f7b10,
UDisDLC07ActivePowerComponent_Pull,DishonoredGame,,188,,,0x0,,0x8ec5a0,,,UDishonoredActivePowerComponent,UObject,,0x0,,0x0,Power,,0x8ec5a0,,0x8e8130,,0xf9f978,,0x900710,
UDisDLC07AnimNodeBlendByPull,DishonoredGame,,256,,,0x0,,0x8ec6c0,,,UAnimNodeBlendList,UObject,,0x0,,0x0,Engine,,0x8ec6c0,,0x8e8260,,0xfa0210,,0x908370,
UDisDLC07BehaviorAssassinVsRiverKrustCombat,DishonoredGame,,196,,,0x0,,0x8eee50,,,UDisAIBehaviorWithDesires,UObject,,0x0,,0x0,Engine,,0x8eee50,,0x8e9680,,0xfa59b8,,0x908440,
UDisDLC07BehaviorTentacleIdle,DishonoredGame,,348,,,0x0,,0x8ef0d0,,,UDisAIBehaviorWithDesires,UObject,,0x0,,0x0,Engine,,0x8ef0d0,,0x8e97a0,,0xfa5d28,,0x908480,
UDisDLC07CheatManager,DishonoredGame,,264,,,0x4,,0x8f5c20,,,UDisDLC06CheatManager,ADisDLC07PlayerController,,0x0,,0x0,Game,,0x8f5c20,,0x8f0970,,0xf9ebb8,,0x905120,
UDisDLC07ContactType_SkeletalMovable,DishonoredGame,,84,,,0x4,,0x8edb80,,,UDisContactType,UObject,,0x0,,0x0,ContactSystem,,0x8edb80,,0x8e8b20,,0xfa2b50,,0x7d1020,
UDisDLC07ContactType_TentacleAOE,DishonoredGame,,84,,,0x4,,0x8eeca0,,,UDisContactType,UObject,,0x0,,0x0,ContactSystem,,0x8eeca0,,0x8e9580,,0xfa5490,,0x7d1020,
UDisDLC07DamageType_DeadEelsBottleExplosion,DishonoredGame,,136,,,0x4,,0x61fef0,,,UDishonoredDamageType,UObject,,0x0,,0x0,Weapon,,0x61fef0,,0x61b8e0,,0xeef770,,0x61f550,
UDisDLC07DamageType_Pull,DishonoredGame,,136,,,0x4,,0x61ff20,,,UDishonoredDamageType,UObject,,0x0,,0x0,Weapon,,0x61ff20,,0x61b900,,0xeef928,,0x61f550,
UDisDLC07DamageType_TentacleAOE,DishonoredGame,,136,,,0x4,,0x61ff50,,,UDishonoredDamageType,UObject,,0x0,,0x0,Weapon,,0x61ff50,,0x61b920,,0xeefae0,,0x61f550,
UDisDLC07ItemContext_NPCPullSpell,DishonoredGame,,196,,,0x0,,0x90cbe0,,,UDisItemContext,UObject,,0x0,,0x0,Engine,,0x90cbe0,,0x90ba40,,0xfa6ca0,,0x90d5a0,
UDisDLC07ItemContext_NPCPullSpellCoupDeGrace,DishonoredGame,,264,,,0x4,,0x90cd10,,,UDisItemContext_MeleeAttackNPCBase,UObject,,0x0,,0x0,Weapon,,0x90cd10,,0x90bad0,,0xfa7010,,0x910e40,
UDisDLC07ItemContext_NPCSummonTentacle,DishonoredGame,,176,,,0x0,,0x90cad0,,,UDisItemContext,UObject,,0x0,,0x0,Engine,,0x90cad0,,0x90b8f0,,0xfa65c0,,0x90d5d0,
UDisDLC07ItemContext_NPCTentacleGrab,DishonoredGame,,292,,,0x4,,0x90cb30,,,UDisItemContext_Minigame,UObject,,0x0,,0x0,Weapon,,0x90cb30,,0x90b960,,0xfa6930,,0x910e70,
UDisDLC07MoviePlayerHUD,DishonoredGame,,1452,,,0x4,,0x90d140,,,UDisDLC06MoviePlayerHUD,UObject,,0x0,,0x0,UI,,0x90d140,,0x90bdc0,,0xfa8d48,,0x911300,
UDisDLC07MoviePlayerJournal,DishonoredGame,,928,,,0x4,,0x90d1a0,,,UDisGFxMoviePlayerJournal,UObject,,0x0,,0x0,UI,,0x90d1a0,,0x90be20,,0xfa90b8,,0x911000,
UDisDLC07MoviePlayerMainMenu,DishonoredGame,,792,,,0x4,,0x8f5a80,,,UDisDLC06MoviePlayerMainMenu,UObject,,0x0,,0x0,UI,,0x8f5a80,,0x8f0830,,0xf9e690,,0x90b310,
UDisDLC07NavMeshGoal_CombatVsRiverKrustPosition,DishonoredGame,,2116,,,0x0,,0x90bfe0,,,UNavMeshPathGoalEvaluator,UObject,,0x0,,0x0,Engine,,0x90bfe0,,0x90b740,,0xfa6250,,0x90e630,
UDisDLC07NavMeshGoal_GravehoundSpawnPosition,DishonoredGame,,2716,,,0x0,,0x90c5e0,,,UNavMeshPathGoalEvaluator,UObject,,0x0,,0x0,Engine,,0x90c5e0,,0x90b870,,0xfa6408,,0x90e650,
UDisDLC07Notify_PullIn,DishonoredGame,,60,,,0x0,,0x8ec630,,,UAnimNotify,UObject,,0x0,,0x0,Engine,,0x8ec630,,0x8e81a0,,0xf9fea0,,0x8f0c30,
UDisDLC07Notify_PullOut,DishonoredGame,,60,,,0x0,,0x8ec600,,,UAnimNotify,UObject,,0x0,,0x0,Engine,,0x8ec600,,0x8e8170,,0xf9fce8,,0x8f0c50,
UDisDLC07Notify_WitchScreamDamage,DishonoredGame,,60,,,0x0,,0x8ec6f0,,,UAnimNotify,UObject,,0x0,,0x0,Engine,,0x8ec6f0,,0x8e8290,,0xfa03c8,,0x8f0c70,
UDisDLC07PullTargetInterface,DishonoredGame,,56,,,0x4001,,0x8ec660,,,UInterface,UObject,,0x0,,0x0,Engine,,0x8ec660,,0x8e81d0,,0xfa0058,,0x6e8cb0,
UDisDLC07PullerInterface,DishonoredGame,,56,,,0x4001,,0x8ec810,,,UInterface,UObject,,0x0,,0x0,Engine,,0x8ec810,,0x8e83d0,,0xfa0c60,,0x6e8cb0,
UDisDLC07SeqAct_CheckPlayerInventoryItem,DishonoredGame,,252,,,0x0,,0x90cf00,,,UDisSeqAct_PlayerAction,UObject,,0x0,,0x0,Engine,,0x90cf00,,0x90bbc0,,0xfa78a8,,0x911900,
UDisDLC07SeqAct_CheckPlayerUpgrade,DishonoredGame,,252,,,0x0,,0x90cf30,,,UDisSeqAct_PlayerAction,UObject,,0x0,,0x0,Engine,,0x90cf30,,0x90bbf0,,0xfa7a60,,0x911920,
UDisDLC07SeqAct_ClearPersonalRelationship,DishonoredGame,,264,,,0x0,,0x90cf60,,,USequenceAction,UObject,,0x0,,0x0,Engine,,0x90cf60,,0x90bc20,,0xfa7c18,,0x911860,
UDisDLC07SeqAct_ClearTutorials,DishonoredGame,,248,,,0x0,,0x8ec390,,,UDisSeqAct_PlayerAction,UObject,,0x0,,0x0,Engine,,0x8ec390,,0x8e7fc0,,0xf9f298,,0x7b8160,
UDisDLC07SeqAct_EndDLC07,DishonoredGame,,248,,,0x0,,0x8ec360,,,UDisSeqAct_PlayerAction,UObject,,0x0,,0x0,Engine,,0x8ec360,,0x8e7fa0,,0xf9f0e0,,0x7b8160,
UDisDLC07SeqAct_IgnoreIdealMaximumCountForCorpseCleanup,DishonoredGame,,248,,,0x0,,0x90cf90,,,USequenceAction,UObject,,0x0,,0x0,Engine,,0x90cf90,,0x90bc40,,0xfa7dd0,,0x911880,
UDisDLC07SeqAct_ImportTransitionPlayerData,DishonoredGame,,252,,,0x0,,0x90cfc0,,,UDisSeqAct_PlayerAction,UObject,,0x0,,0x0,Engine,,0x90cfc0,,0x90bc70,,0xfa7f88,,0x911940,
UDisDLC07SeqAct_NPCEnrage,DishonoredGame,,248,,,0x0,,0x8ee4c0,,,USequenceAction,UObject,,0x0,,0x0,Engine,,0x8ee4c0,,0x8e90d0,,0xfa4360,,0x30a320,
UDisDLC07SeqAct_PermaKill,DishonoredGame,,248,,,0x0,,0x8ed600,,,USequenceAction,UObject,,0x0,,0x0,Engine,,0x8ed600,,0x8e86f0,,0xfa1f48,,0x30a320,
UDisDLC07SeqAct_SetBoneCharmCrackedEffect,DishonoredGame,,252,,,0x0,,0x90cff0,,,USequenceAction,UObject,,0x0,,0x0,Engine,,0x90cff0,,0x90bca0,,0xfa8140,,0x8e60c0,
UDisDLC07SeqAct_SetPlayerArmsMesh,DishonoredGame,,252,,,0x0,,0x90d020,,,USequenceAction,UObject,,0x0,,0x0,Engine,,0x90d020,,0x90bcc0,,0xfa82f8,,0x9118a0,
UDisDLC07SeqAct_SetPullOverride,DishonoredGame,,248,,,0x0,,0x90d050,,,USequenceAction,UObject,,0x0,,0x0,Engine,,0x90d050,,0x90bcf0,,0xfa84b0,,0x9118c0,
UDisDLC07SeqAct_ToggleSaving,DishonoredGame,,248,,,0x0,,0x8ec330,,,UDisSeqAct_PlayerAction,UObject,,0x0,,0x0,Engine,,0x8ec330,,0x8e7f80,,0xf9ef28,,0x7b8160,
UDisDLC07SeqEvent_GrabbedByTentacle,DishonoredGame,,272,,,0x0,,0x90d080,,,USequenceEvent,UObject,,0x0,,0x0,Engine,,0x90d080,,0x90bd20,,0xfa8668,,0x9118e0,
UDisDLC07SeqEvent_GrannyRecipe,DishonoredGame,,280,,,0x0,,0x90d0b0,,,USequenceEvent,UObject,,0x0,,0x0,Engine,,0x90d0b0,,0x90bd40,,0xfa8820,,0x30aa60,
UDisDLC07SeqEvent_GravehoundSkullDestroyed,DishonoredGame,,272,,,0x0,,0x8ed630,,,USequenceEvent,UObject,,0x0,,0x0,Engine,,0x8ed630,,0x8e8710,,0xfa2100,,0x9118e0,
UDisDLC07SeqEvent_HostileToPlayer,DishonoredGame,,272,,,0x0,,0x90d0e0,,,USequenceEvent,UObject,,0x0,,0x0,Engine,,0x90d0e0,,0x90bd70,,0xfa89d8,,0x9118e0,
UDisDLC07SeqEvent_NPCPulled,DishonoredGame,,272,,,0x0,,0x8ec7e0,,,USequenceEvent,UObject,,0x0,,0x0,Engine,,0x8ec7e0,,0x8e83b0,,0xfa0aa8,,0x9118e0,
UDisDLC07SeqEvent_PlayerFiredWeapon,DishonoredGame,,276,,,0x0,,0x90d110,,,UDisSeqEvent_PlayerEvent,UObject,,0x0,,0x0,Engine,,0x90d110,,0x90bd90,,0xfa8b90,,0x911960,
UDisDLC07StateNPCCoughing,DishonoredGame,,116,,,0x4,,0x8ec720,,,UStateNPCMasterPlayAnim,UObject,,0x0,,0x0,NPC,,0x8ec720,,0x8e82c0,,0xfa0580,,0x8efb30,
UDisDLC07StateNPCMasterDead_Pulled,DishonoredGame,,180,,,0x4,,0x8ec750,,,UStateNPCMasterDead,UObject,,0x0,,0x0,NPC,,0x8ec750,,0x8e82e0,,0xfa0738,,0x8efa50,
UDisDLC07StateNPCMasterPullSpell,DishonoredGame,,116,,,0x4,,0x8ed130,,,UStateNPCMasterPlayAnim,UObject,,0x0,,0x0,DLC07,,0x8ed130,,0x8e8490,,0xfa0e18,,0x8efa70,
UDisDLC07StateNPCMasterPulled,DishonoredGame,,172,,,0x4,,0x8ec7b0,,,UStateNPCInstigatedMasterAction,UObject,,0x0,,0x0,NPC,,0x8ec7b0,,0x8e8380,,0xfa08f0,,0x8efa30,
UDisDLC07StateNPCTentacleAttractNPC,DishonoredGame,,180,,,0x4,,0x8ed1d0,,,UStateNPCMasterPlayAnim,UObject,,0x0,,0x0,NPC,,0x8ed1d0,,0x8e84e0,,0xfa0fd0,,0x8efab0,
UDisDLC07StateNPCTentacleAttractPlayer,DishonoredGame,,120,,,0x4,,0x8ed200,,,UStateNPCMasterPlayAnim,UObject,,0x0,,0x0,NPC,,0x8ed200,,0x8e8510,,0xfa1188,,0x8efaf0,
UDisDLC07StateNPCTentacleDespawn,DishonoredGame,,116,,,0x4,,0x8ed3f0,,,UStateNPCMasterPlayAnim,UObject,,0x0,,0x0,NPC,,0x8ed3f0,,0x8e8540,,0xfa1340,,0x8efb30,
UDisDLC07StateNPCTentacleGrabWindup,DishonoredGame,,116,,,0x4,,0x8ed420,,,UStateNPCMasterPlayAnim,UObject,,0x0,,0x0,NPC,,0x8ed420,,0x8e8570,,0xfa14f8,,0x8efb70,
UDisDLC07StateNPCTentacleLoseGrab,DishonoredGame,,116,,,0x4,,0x8ed480,,,UStateNPCMasterPlayAnim,UObject,,0x0,,0x0,NPC,,0x8ed480,,0x8e85d0,,0xfa16b0,,0x8efbb0,
UDisDLC07StateNPCTentaclePulled,DishonoredGame,,124,,,0x4,,0x8ed4b0,,,UStateNPCMasterPlayAnim,UObject,,0x0,,0x0,NPC,,0x8ed4b0,,0x8e8600,,0xfa1868,,0x8efbd0,
UDisDLC07TentacleGlobalManager,DishonoredGame,,92,,,0x4,,0x8f1980,,,UObject,ADisDLC07GameInfo,,0x0,,0x0,DLC07,,0x8f1980,,0x8edda0,,0xfa2ec0,,0x8f0850,
UDisDLC07TentacleSpawnerComponent,DishonoredGame,,464,,,0x0,,0x8fe820,,,UPrimitiveComponent,ADisDLC07TentacleSpawner,,0x0,,0x0,Engine,,0x8fe820,,0x8f7cb0,,0xfa3230,,0x8eadd0,
UDisDLC07Tweaks_AIBehavior_AssassinVsRiverKrustCombat,DishonoredGame,,204,,,0x0,,0x8eee80,,,UDisTweaks_AIBehavior,UObject,,0x0,,0x0,Engine,,0x8eee80,,0x8e96c0,,0xfa5b70,,0x909b80,
UDisDLC07Tweaks_AIBehavior_TentacleIdle,DishonoredGame,,168,,,0x0,,0x8ef1a0,,,UDisTweaks_AIBehavior,UObject,,0x0,,0x0,Engine,,0x8ef1a0,,0x8e97c0,,0xfa5ee0,,0x6ff010,
UDisDLC07Tweaks_AIBrain_Tentacle,DishonoredGame,,204,,,0x0,,0x90bfb0,,,UDisTweaks_AIBrain,UObject,,0x0,,0x0,Engine,,0x90bfb0,,0x90b710,,0xfa6098,,0x911220,
UDisDLC07Tweaks_AISubState_DoPullSpell,DishonoredGame,,140,,,0x0,,0x8eeb20,,,UDisTweaks_AISubState,UDisTweaks_AIBehavior,,0x0,,0x0,Engine,,0x8eeb20,,0x8e9480,,0xfa4f68,,0x746000,
UDisDLC07Tweaks_AISubState_TentacleAttack,DishonoredGame,,444,,,0x0,,0x8eec70,,,UDisTweaks_AISubState,UDisTweaks_AIBehavior,,0x0,,0x0,Engine,,0x8eec70,,0x8e9550,,0xfa52d8,,0x909ba0,
UDisDLC07Tweaks_AISubState_TentacleSpawn,DishonoredGame,,144,,,0x0,,0x8eee20,,,UDisTweaks_AISubState,UDisTweaks_AIBehavior,,0x0,,0x0,Engine,,0x8eee20,,0x8e9660,,0xfa5800,,0x722500,
UDisDLC07Tweaks_AssassinNPCPawn,DishonoredGame,,1008,,,0x0,,0x8fea80,,,UDisDLC07Tweaks_NPCPawn,UObject,,0x0,,0x0,Engine,,0x8fea80,,0x8f7f60,,0xfa3c80,,0x90b690,
UDisDLC07Tweaks_GFxMoviePlayerJournal,DishonoredGame,,264,,,0x0,,0x90d1d0,,,UDisTweaks_GFxMoviePlayerJournal,UObject,,0x0,,0x0,Engine,,0x90d1d0,,0x90be60,,0xfa9270,,0x9112e0,
UDisDLC07Tweaks_Gravehound,DishonoredGame,,1164,,,0x0,,0x8feab0,,,UDisDLC07Tweaks_NPCPawn,UObject,,0x0,,0x0,Engine,,0x8feab0,,0x8f7f80,,0xfa3e38,,0x90b6f0,
UDisDLC07Tweaks_GravehoundSkull,DishonoredGame,,284,,,0x0,,0x8ed5d0,,,UDisTweaks_Movable,UObject,,0x0,,0x0,Engine,,0x8ed5d0,,0x8e86c0,,0xfa1bd8,,0x65e440,
UDisDLC07Tweaks_NPCPawn,DishonoredGame,,1004,,,0x0,,0x8f2620,,,UDisDLC06Tweaks_NPCPawn,UObject,,0x0,,0x0,Engine,,0x8f2620,,0x8eea40,,0xfa4bf8,,0x90b670,
UDisDLC07Tweaks_NPCPullSpell,DishonoredGame,,308,,,0x0,,0x90cc10,,,UDisTweaks_ItemContext,UDisTweaks_InventoryItem_PawnSpecific,,0x0,,0x0,Engine,,0x90cc10,,0x90ba80,,0xfa6e58,,0x911260,
UDisDLC07Tweaks_NPCPullSpellCoupDeGrace,DishonoredGame,,408,,,0x0,,0x90cd40,,,UDisTweaks_MeleeAttackNPCBase,UDisTweaks_InventoryItem_PawnSpecific,,0x0,,0x0,Engine,,0x90cd40,,0x90bb10,,0xfa71c8,,0x9112a0,
UDisDLC07Tweaks_NPCSummonTentacle,DishonoredGame,,212,,,0x0,,0x90cb00,,,UDisTweaks_ItemContext,UDisTweaks_InventoryItem_PawnSpecific,,0x0,,0x0,Engine,,0x90cb00,,0x90b930,,0xfa6778,,0x911280,
UDisDLC07Tweaks_NPCTentacleGrab,DishonoredGame,,476,,,0x0,,0x90cb60,,,UDisTweaks_Minigame,UDisTweaks_InventoryItem_PawnSpecific,,0x0,,0x0,Engine,,0x90cb60,,0x90b9a0,,0xfa6ae8,,0x9112c0,
UDisDLC07Tweaks_PlayerPawn,DishonoredGame,,2376,,,0x0,,0x8ec490,,,UDisDLC06Tweaks_PlayerPawn,UObject,,0x0,,0x0,Engine,,0x8ec490,,0x8e8100,,0xf9f608,,0x90b390,
UDisDLC07Tweaks_PlayerPawn_Attributes,DishonoredGame,,2432,,,0x0,,0x8f0c00,,,UDisDLC06Tweaks_PlayerPawn_Attributes,UDisDLC07Tweaks_PlayerPawn,,0x0,,0x0,Engine,,0x8f0c00,,0x8ec4c0,,0xf9f7c0,,0x908fa0,
UDisDLC07Tweaks_Pull,DishonoredGame,,560,,,0x0,,0x8ec5d0,,,UDisTweaks_ActivePowerBase,UObject,,0x0,,0x0,Engine,,0x8ec5d0,,0x8e8150,,0xf9fb30,,0x909bf0,
UDisDLC07Tweaks_RiverKrust,DishonoredGame,,1216,,,0x0,,0x8ed9c0,,,UDisTweaks_RiverKrust,UObject,,0x0,,0x0,Engine,,0x8ed9c0,,0x8e8930,,0xfa2470,,0x909b60,
UDisDLC07Tweaks_RiverKrustProjectile,DishonoredGame,,316,,,0x0,,0x8eda20,,,UDisTweaks_Arrow,UObject,,0x0,,0x0,Engine,,0x8eda20,,0x8e8a80,,0xfa27e0,,0x909b40,
UDisDLC07Tweaks_SummonedAssassinNPCPawn,DishonoredGame,,1008,,,0x0,,0x903920,,,UDisDLC07Tweaks_AssassinNPCPawn,UObject,,0x0,,0x0,Engine,,0x903920,,0x8ff690,,0xfa46d0,,0x90b6b0,
UDisDLC07Tweaks_TentaclePawn,DishonoredGame,,1024,,,0x0,,0x8ff6b0,,,UDisDLC07Tweaks_NPCPawn,UObject,,0x0,,0x0,Engine,,0x8ff6b0,,0x8f8140,,0xfa4a40,,0x90b6d0,
UDisDLC07Tweaks_WepTentacle,DishonoredGame,,268,,,0x0,,0x90cda0,,,UDisTweaks_InventoryItem,UObject,,0x0,,0x0,Engine,,0x90cda0,,0x90bb70,,0xfa7538,,0x85db00,
UDisDLC07Tweaks_WhaleBoneCharmCracked,DishonoredGame,,220,,,0x0,,0x8edf80,,,UDisTweaks_PickupBase,UObject,,0x0,,0x0,Engine,,0x8edf80,,0x8e8f30,,0xfa3758,,0x908f30,
UDisDLC07Tweaks_WhaleBoneCharmCrackedList,DishonoredGame,,164,,,0x0,,0x8edfb0,,,UDisTweaksBase,UDisTweaks_PlayerPawn,,0x0,,0x0,Engine,,0x8edfb0,,0x8e8f50,,0xfa3910,,0x90b370,
UDisDLC07WepTentacle,DishonoredGame,,284,,,0x4,,0x90cd70,,,UDishonoredWeapon,UObject,,0x0,,0x0,Weapon,,0x90cd70,,0x90bb30,,0xfa7380,,0x83c2e0,
UDisDLCAssassinInterface,DishonoredGame,,56,,,0x4001,,0x8ebda0,,,UInterface,UObject,,0x0,,0x0,Engine,,0x8ebda0,,0x8e7ca0,,0xf9d3a8,,0x6e8cb0,
UDisDLCSummonedAssassinInterface,DishonoredGame,,56,,,0x4001,,0x8ebdd0,,,UInterface,UObject,,0x0,,0x0,Engine,,0x8ebdd0,,0x8e7cc0,,0xf9d560,,0x6e8cb0,
UDisDamageCauserInterface,DishonoredGame,56,56,0,0x4001,0x4001,0x699780,0x6488e0,DishonoredGame,UInterface,UInterface,UObject,0x0,0x0,0x0,0x0,Engine,0x69dd50,0x6488e0,0x692150,0x644520,0xf77b00,0xefddd8,0x696f80,0x6e8cb0,56
UDisDamageType_Assassination,DishonoredGame,136,136,0,0x4,0x4,0x644900,0x61f970,DishonoredGame,UDishonoredDamageType,UDishonoredDamageType,UObject,0x0,0x0,0x0,0x0,Weapon,0x64c130,0x61f970,0x649a20,0x61b590,0xf67898,0xeea180,0x641a50,0x61f550,136
UDisDamageType_BlinkKnockdown,DishonoredGame,136,136,0,0x4,0x4,0x644b40,0x61fa30,DishonoredGame,UDishonoredDamageType,UDishonoredDamageType,UObject,0x0,0x0,0x0,0x0,Weapon,0x64c1f0,0x61fa30,0x649aa0,0x61b610,0xf67178,0xeea860,0x641a50,0x61f550,136
UDisDamageType_BlinkPush,DishonoredGame,136,136,0,0x4,0x4,0x644ab0,0x61fa00,DishonoredGame,UDishonoredDamageType,UDishonoredDamageType,UObject,0x0,0x0,0x0,0x0,Weapon,0x64c1c0,0x61fa00,0x649a80,0x61b5f0,0xf67340,0xeea6a8,0x641a50,0x61f550,136
UDisDamageType_Choke,DishonoredGame,136,136,0,0x4,0x4,0x644e10,0x61fa60,DishonoredGame,UDishonoredDamageType,UDishonoredDamageType,UObject,0x0,0x0,0x0,0x0,Weapon,0x64c220,0x61fa60,0x649ac0,0x61b650,0xf66890,0xeeb0f8,0x641a50,0x61f550,136
UDisDamageType_CrushKnockdown,DishonoredGame,136,136,0,0x4,0x4,0x644f30,0x61fac0,DishonoredGame,UDishonoredDamageType,UDishonoredDamageType,UObject,0x0,0x0,0x0,0x0,Weapon,0x64c280,0x61fac0,0x649b00,0x61b690,0xf66500,0xeeb468,0x641a50,0x61f550,136
UDisDamageType_CrushPush,DishonoredGame,136,136,0,0x4,0x4,0x644ea0,0x61fa90,DishonoredGame,UDishonoredDamageType,UDishonoredDamageType,UObject,0x0,0x0,0x0,0x0,Weapon,0x64c250,0x61fa90,0x649ae0,0x61b670,0xf666c8,0xeeb2b0,0x641a50,0x61f550,136
UDisDamageType_Energy,DishonoredGame,136,136,0,0x4,0x4,0x670030,0x621ae0,DishonoredGame,UDishonoredDamageType,UDishonoredDamageType,UObject,0x0,0x0,0x0,0x0,Weapon,0x672d80,0x621ae0,0x66a330,0x61d020,0xf72958,0xef4158,0x641a50,0x61f550,136
UDisDamageType_ExplosiveBullet,DishonoredGame,,136,,,0x4,,0x633730,,,UDishonoredDamageType_Bullet,UObject,,0x0,,0x0,Weapon,,0x633730,,0x62f740,,0xeeb990,,0x6242e0,
UDisDamageType_FastHit_Left,DishonoredGame,140,140,0,0x4,0x4,0x645170,0x624890,DishonoredGame,UDishonoredDamageType_FastHit,UDishonoredDamageType_FastHit,UObject,0x0,0x0,0x0,0x0,Weapon,0x64d490,0x624890,0x64c340,0x61fb80,0xf65de0,0xeebd00,0x641ab0,0x61f4f0,140
UDisDamageType_FastHit_Right,DishonoredGame,140,140,0,0x4,0x4,0x645200,0x6248c0,DishonoredGame,UDishonoredDamageType_FastHit,UDishonoredDamageType_FastHit,UObject,0x0,0x0,0x0,0x0,Weapon,0x64d4c0,0x6248c0,0x64c360,0x61fba0,0xf65c18,0xeebeb8,0x641ab0,0x61f4f0,140
UDisDamageType_FastHit_Up,DishonoredGame,140,140,0,0x4,0x4,0x645290,0x6248f0,DishonoredGame,UDishonoredDamageType_FastHit,UDishonoredDamageType_FastHit,UObject,0x0,0x0,0x0,0x0,Weapon,0x64d4f0,0x6248f0,0x64c380,0x61fbc0,0xf65a50,0xeec070,0x641ab0,0x61f4f0,140
UDisDamageType_FastHit_Up_Left,DishonoredGame,140,140,0,0x4,0x4,0x645320,0x62f760,DishonoredGame,UDisDamageType_FastHit_Left,UDisDamageType_FastHit_Left,UObject,0x0,0x0,0x0,0x0,Weapon,0x650190,0x62f760,0x64d520,0x624920,0xf65888,0xeec228,0x641a90,0x61f530,140
UDisDamageType_FastHit_Up_Right,DishonoredGame,140,140,0,0x4,0x4,0x6453b0,0x62f790,DishonoredGame,UDisDamageType_FastHit_Right,UDisDamageType_FastHit_Right,UObject,0x0,0x0,0x0,0x0,Weapon,0x6501c0,0x62f790,0x64d540,0x624940,0xf656c0,0xeec3e0,0x641a90,0x61f530,140
UDisDamageType_FishBite,DishonoredGame,136,136,0,0x4,0x4,0x644640,0x5fab80,DishonoredGame,UDishonoredDamageType,UDishonoredDamageType,UObject,0x0,0x0,0x0,0x0,Weapon,0x64d290,0x5fab80,0x64bcf0,0x5eaa80,0xf68348,0xee9700,0x641a50,0x61f550,136
UDisDamageType_GenericSleep,DishonoredGame,136,136,0,0x4,0x4,0x645440,0x61fbe0,DishonoredGame,UDishonoredDamageType,UDishonoredDamageType,UObject,0x0,0x0,0x0,0x0,Weapon,0x64c3a0,0x61fbe0,0x649b80,0x61b710,0xf654f8,0xeec598,0x641a50,0x61f550,136
UDisDamageType_Impact,DishonoredGame,136,136,0,0x4,0x4,0x7b09d0,0x74e840,DishonoredGame,UDishonoredDamageType,UDishonoredDamageType,UObject,0x0,0x0,0x0,0x0,Weapon,0x7b6260,0x74e840,0x7ab1d0,0x74ac60,0xfbad90,0xf392c0,0x641a50,0x61f550,136
UDisDamageType_ImpactHit,DishonoredGame,140,140,0,0x4,0x4,0x6454d0,0x624960,DishonoredGame,UDishonoredDamageType_FastHit,UDishonoredDamageType_FastHit,UObject,0x0,0x0,0x0,0x0,Weapon,0x64d560,0x624960,0x64c3d0,0x61fc10,0xf65330,0xeec750,0x641ab0,0x61f4f0,140
UDisDamageType_ImpactHit_Adrenaline,DishonoredGame,140,140,0,0x4,0x4,0x645830,0x6249f0,DishonoredGame,UDishonoredDamageType_FastHit,UDishonoredDamageType_FastHit,UObject,0x0,0x0,0x0,0x0,Weapon,0x64d5f0,0x6249f0,0x64c3f0,0x61fc30,0xf64880,0xeed1a0,0x641ab0,0x61f4f0,140
UDisDamageType_ImpactHit_Adrenaline_Left,DishonoredGame,140,140,0,0x4,0x4,0x6458c0,0x62f890,DishonoredGame,UDisDamageType_ImpactHit_Adrenaline,UDisDamageType_ImpactHit_Adrenaline,UObject,0x0,0x0,0x0,0x0,Weapon,0x6502c0,0x62f890,0x64d620,0x624a20,0xf646b8,0xeed358,0x641a90,0x61f530,140
UDisDamageType_ImpactHit_Adrenaline_Right,DishonoredGame,140,140,0,0x4,0x4,0x645950,0x62f8c0,DishonoredGame,UDisDamageType_ImpactHit_Adrenaline,UDisDamageType_ImpactHit_Adrenaline,UObject,0x0,0x0,0x0,0x0,Weapon,0x6502f0,0x62f8c0,0x64d640,0x624a40,0xf644f0,0xeed510,0x641a90,0x61f530,140
UDisDamageType_ImpactHit_Adrenaline_Up,DishonoredGame,140,140,0,0x4,0x4,0x6459e0,0x62f8f0,DishonoredGame,UDisDamageType_ImpactHit_Adrenaline,UDisDamageType_ImpactHit_Adrenaline,UObject,0x0,0x0,0x0,0x0,Weapon,0x650320,0x62f8f0,0x64d660,0x624a60,0xf64328,0xeed6c8,0x641a90,0x61f530,140
UDisDamageType_ImpactHit_Adrenaline_Up_Left,DishonoredGame,140,140,0,0x4,0x4,0x645a70,0x6337c0,DishonoredGame,UDisDamageType_ImpactHit_Adrenaline_Left,UDisDamageType_ImpactHit_Adrenaline_Left,UObject,0x0,0x0,0x0,0x0,Weapon,0x651d00,0x6337c0,0x650350,0x62f920,0xf64160,0xeed880,0x641ad0,0x61f510,140
UDisDamageType_ImpactHit_Adrenaline_Up_Right,DishonoredGame,140,140,0,0x4,0x4,0x645b00,0x6337f0,DishonoredGame,UDisDamageType_ImpactHit_Adrenaline_Right,UDisDamageType_ImpactHit_Adrenaline_Right,UObject,0x0,0x0,0x0,0x0,Weapon,0x651d30,0x6337f0,0x650370,0x62f940,0xf63f98,0xeeda38,0x641ad0,0x61f510,140
UDisDamageType_ImpactHit_Left,DishonoredGame,140,140,0,0x4,0x4,0x645560,0x62f7c0,DishonoredGame,UDisDamageType_ImpactHit,UDisDamageType_ImpactHit,UObject,0x0,0x0,0x0,0x0,Weapon,0x6501f0,0x62f7c0,0x64d590,0x624990,0xf65168,0xeec908,0x641a90,0x61f530,140
UDisDamageType_ImpactHit_Right,DishonoredGame,140,140,0,0x4,0x4,0x6455f0,0x62f7f0,DishonoredGame,UDisDamageType_ImpactHit,UDisDamageType_ImpactHit,UObject,0x0,0x0,0x0,0x0,Weapon,0x650220,0x62f7f0,0x64d5b0,0x6249b0,0xf64fa0,0xeecac0,0x641a90,0x61f530,140
UDisDamageType_ImpactHit_Up,DishonoredGame,140,140,0,0x4,0x4,0x645680,0x62f820,DishonoredGame,UDisDamageType_ImpactHit,UDisDamageType_ImpactHit,UObject,0x0,0x0,0x0,0x0,Weapon,0x650250,0x62f820,0x64d5d0,0x6249d0,0xf64dd8,0xeecc78,0x641a90,0x61f530,140
UDisDamageType_ImpactHit_Up_Left,DishonoredGame,140,140,0,0x4,0x4,0x645710,0x633760,DishonoredGame,UDisDamageType_ImpactHit_Left,UDisDamageType_ImpactHit_Left,UObject,0x0,0x0,0x0,0x0,Weapon,0x651ca0,0x633760,0x650280,0x62f850,0xf64c10,0xeece30,0x641ad0,0x61f510,140
UDisDamageType_ImpactHit_Up_Right,DishonoredGame,140,140,0,0x4,0x4,0x6457a0,0x633790,DishonoredGame,UDisDamageType_ImpactHit_Right,UDisDamageType_ImpactHit_Right,UObject,0x0,0x0,0x0,0x0,Weapon,0x651cd0,0x633790,0x6502a0,0x62f870,0xf64a48,0xeecfe8,0x641ad0,0x61f510,140
UDisDamageType_InstantSleep,DishonoredGame,136,136,0,0x4,0x4,0x645b90,0x624a80,DishonoredGame,UDisDamageType_GenericSleep,UDisDamageType_GenericSleep,UObject,0x0,0x0,0x0,0x0,Weapon,0x64d680,0x624a80,0x64c410,0x61fc50,0xf63dd0,0xeedbf0,0x641a30,0x61f4b0,136
UDisDamageType_Minigame,DishonoredGame,136,136,0,0x4,0x4,0x6b6e10,0x663930,DishonoredGame,UDishonoredDamageType,UDishonoredDamageType,UObject,0x0,0x0,0x0,0x0,Weapon,0x6be960,0x663930,0x6af500,0x660440,0xf85ad0,0xf01168,0x641a50,0x61f550,136
UDisDamageType_Musical,DishonoredGame,136,136,0,0x4,0x4,0x645d40,0x61fcd0,DishonoredGame,UDishonoredDamageType,UDishonoredDamageType,UObject,0x0,0x0,0x0,0x0,Weapon,0x64c490,0x61fcd0,0x649be0,0x61b770,0xf63878,0xeee118,0x641a50,0x61f550,136
UDisDamageType_OutOfNavMesh,DishonoredGame,136,136,0,0x4,0x4,0x6bc3b0,0x681710,DishonoredGame,UDishonoredDamageType,UDishonoredDamageType,UObject,0x0,0x0,0x0,0x0,Weapon,0x6c0090,0x681710,0x6b1260,0x67cb70,0xf7f1b8,0xf076e0,0x641a50,0x61f550,136
UDisDamageType_PostPossessSleep,DishonoredGame,136,136,0,0x4,0x4,0x6baf80,0x664e40,DishonoredGame,UDishonoredDamageType,UDishonoredDamageType,UObject,0x0,0x0,0x0,0x0,Weapon,0x6bfab0,0x664e40,0x6b0500,0x661390,0xf81558,0xf05470,0x641a50,0x61f550,136
UDisDamageType_RagdollImpact,DishonoredGame,136,136,0,0x4,0x4,0x645f80,0x61b7d0,DishonoredGame,UDisDamageType_Impact,UDisDamageType_Impact,UObject,0x0,0x0,0x0,0x0,Weapon,0x649c40,0x61b7d0,0x630a30,0x617ca0,0xf63158,0xeee7f8,0x641a30,0x61f4b0,136
UDisDamageType_RiverKrustSpit,DishonoredGame,,136,,,0x4,,0x61fd80,,,UDishonoredDamageType,UObject,,0x0,,0x0,Weapon,,0x61fd80,,0x61b800,,0xeee9b0,,0x61f550,
UDisDamageType_Sleep_Deferred,DishonoredGame,136,136,0,0x4,0x4,0x646010,0x61fdb0,DishonoredGame,UDishonoredDamageType,UDishonoredDamageType,UObject,0x0,0x0,0x0,0x0,Weapon,0x64c540,0x61fdb0,0x649c70,0x61b820,0xf62f90,0xeeeb68,0x641a50,0x61f550,136
UDisDamageType_Slide,DishonoredGame,136,136,0,0x4,0x4,0x6460a0,0x624ae0,DishonoredGame,UDishonoredDamageType_Bash,UDishonoredDamageType_Bash,UObject,0x0,0x0,0x0,0x0,Weapon,0x64d6e0,0x624ae0,0x64c570,0x61fde0,0xf62dc8,0xeeed20,0x641a30,0x61f4b0,136
UDisDamageType_SpringRazorPlaced,DishonoredGame,136,136,0,0x4,0x4,0x6461c0,0x61fe30,DishonoredGame,UDishonoredDamageType,UDishonoredDamageType,UObject,0x0,0x0,0x0,0x0,Weapon,0x64c5c0,0x61fe30,0x649cb0,0x61b860,0xf62a38,0xeef090,0x641a50,0x61f550,136
UDisDamageType_UnpossessSquash,DishonoredGame,136,136,0,0x4,0x4,0x7071e0,0x6c3320,DishonoredGame,UDisDamageType_Impact,UDisDamageType_Impact,UObject,0x0,0x0,0x0,0x0,Weapon,0x70d410,0x6c3320,0x6fb840,0x6bf9d0,0xf96530,0xf17de0,0x641a30,0x61f4b0,136
UDisDamageType_WallOfLight,DishonoredGame,136,136,0,0x4,0x4,0x6700c0,0x628d50,DishonoredGame,UDisDamageType_Energy,UDisDamageType_Energy,UObject,0x0,0x0,0x0,0x0,Weapon,0x674060,0x628d50,0x672db0,0x621b10,0xf72790,0xef4310,0x641a30,0x61f4b0,136
UDisDamageType_Water,DishonoredGame,136,136,0,0x4,0x4,0x6462e0,0x61fe90,DishonoredGame,UDishonoredDamageType,UDishonoredDamageType,UObject,0x0,0x0,0x0,0x0,Weapon,0x64c620,0x61fe90,0x649cf0,0x61b8a0,0xf626a8,0xeef400,0x641a50,0x61f550,136
UDisDamageType_WhiskeyFire,DishonoredGame,136,136,0,0x4,0x4,0x86c250,0x81fed0,DishonoredGame,UDishonoredDamageType,UDishonoredDamageType,UObject,0x0,0x0,0x0,0x0,Weapon,0x86fd60,0x81fed0,0x862840,0x81c130,0xfe61e8,0xf68c40,0x641a50,0x61f550,136
UDisDamageType_WindBlast,DishonoredGame,136,136,0,0x4,0x4,0x646370,0x61fec0,DishonoredGame,UDishonoredDamageType,UDishonoredDamageType,UObject,0x0,0x0,0x0,0x0,Weapon,0x64c650,0x61fec0,0x649d10,0x61b8c0,0xf624e0,0xeef5b8,0x641a50,0x61f550,136
UDisDarkVisionMeshRenderPpController,DishonoredGame,56,56,0,0x0,0x0,0x84c150,0x7ead10,DishonoredGame,UArkPpNodeController,UArkPpNodeController,UObject,0x0,0x0,0x0,0x0,Engine,0x8502b0,0x7ead10,0x849570,0x7e7cd0,0xfe2158,0xf5bfa8,0x84a500,0x7eb600,56
UDisDarkVisionPpController,DishonoredGame,296,296,0,0x0,0x0,0x855620,0x7eaa80,DishonoredGame,UArkPpNodeController,UArkPpNodeController,UObject,0x0,0x0,0x0,0x0,Engine,0x8573d0,0x7eaa80,0x8494c0,0x7e7c00,0xfe24e8,0xf5bc38,0x855160,0x7f0340,296
UDisDarknessManager,DishonoredGame,72,72,0,0x0,0x0,0x8c4c60,0x841b20,DishonoredGame,UObject,UObject,UObject,0x0,0x0,0x0,0x0,Engine,0x8c85a0,0x841b20,0x8af290,0x83e060,0x1000668,0xf77b80,0x8c4c40,0x852c50,72
UDisDefenseTutorialTracker,DishonoredGame,76,76,0,0x0,0x0,0x6e1870,0x6857b0,DishonoredGame,UDisTutorialTracker,UDisTutorialTracker,UObject,0x0,0x0,0x0,0x0,Engine,0x6eb610,0x6857b0,0x6d0e30,0x67fde0,0xf86e58,0xf16258,0x6d8650,0x686860,76
UDisDesireStructs,DishonoredGame,56,56,0,0x1,0x1,0x8fcbb0,0x8a9aa0,DishonoredGame,UObject,UObject,UObject,0x0,0x0,0x0,0x0,Engine,0x8ffaf0,0x8a9aa0,0x8f8d80,0x8a7d50,0x1009078,0xf86fc8,0x5b8ed0,0x8ab340,56
UDisDesiresInterface,DishonoredGame,56,56,0,0x4001,0x4001,0x8fca00,0x8a9a40,DishonoredGame,UInterface,UInterface,UObject,0x0,0x0,0x0,0x0,Engine,0x8ffa00,0x8a9a40,0x8f8d50,0x8a7d20,0x1009240,0xf86e10,0x696f80,0x6e8cb0,56
UDisDialogOneShotRenderingComponent,DishonoredGame,464,464,0,0x0,0x0,0x6a52f0,0x6476d0,DishonoredGame,UPrimitiveComponent,UPrimitiveComponent,UObject,0x0,0x0,0x0,0x0,Engine,0x6a6f90,0x6476d0,0x691cb0,0x643ef0,0xf79060,0xefc938,0x6a4970,0x649340,464
UDisDialogTree,DishonoredGame,364,372,8,0x0,0x0,0x90f0a0,0x8939d0,DishonoredGame,UDisConversation,UDisConversation,UObject,0x0,0x0,0x0,0x0,Conversation,0x90f8a0,0x8939d0,0x8f86a0,0x88d800,0x1010608,0xf7fe30,0x90f040,0x8a3680,364
UDisDialogTree_InGameBind,DishonoredGame,324,324,0,0x0,0x0,0x90f1c0,0x88bd70,DishonoredGame,UObject,UObject,UObject,0x0,0x0,0x0,0x0,Conversation,0x914500,0x88bd70,0x8f8750,0x88b270,0x1010278,0xf801a0,0x90f080,0x8a36e0,324
UDisDialogTree_OneShot,DishonoredGame,364,372,8,0x0,0x0,0x90f130,0x894e50,DishonoredGame,UDisDialogTree,UDisDialogTree,UObject,0x0,0x0,0x0,0x0,Conversation,0x914910,0x894e50,0x90f8d0,0x893a00,0x1010440,0xf7ffe8,0x90f060,0x8a36c0,364
UDisDialogVoiceData,DishonoredGame,152,152,0,0x0,0x0,0x914e60,0x88be00,DishonoredGame,UObject,UObject,UObject,0x0,0x0,0x0,0x0,Conversation,0x914f80,0x88be00,0x8f8780,0x88b2c0,0x10100b0,0xf80358,0x914e20,0x8a6820,152
UDisDialogVoiceData_OneShot,DishonoredGame,152,152,0,0x0,0x0,0x914ef0,0x892420,DishonoredGame,UDisDialogVoiceData,UDisDialogVoiceData,UObject,0x0,0x0,0x0,0x0,Conversation,0x914fd0,0x892420,0x914fb0,0x88be30,0x100fee8,0xf80510,0x914e40,0x8a6840,152
UDisDistractionGlobalManager,DishonoredGame,80,80,0,0x0,0x0,0x7be8a0,0x74e630,DishonoredGame,UObject,UObject,UObject,0x0,0x0,0x0,0x0,Engine,0x7bed20,0x74e630,0x7ab000,0x74aa30,0xfbb2e8,0xf38d98,0x7be7d0,0x767bd0,80
UDisDoorBreakSteps,DishonoredGame,152,152,0,0x0,0x0,0x67c950,0x632140,DishonoredGame,UDisSkeletalBreakStepsInterface,UDisSkeletalBreakStepsInterface,UDisTweaks_SkeletalBreakable,0x0,0x0,0x0,0x0,Engine,0x683220,0x632140,0x681230,0x62c690,0xf6ecc8,0xef7bc8,0x67c180,0x641770,152
UDisDrawVisionComponent,DishonoredGame,464,464,0,0x0,0x0,0x650be0,0x5f65d0,DishonoredGame,UPrimitiveComponent,UPrimitiveComponent,UObject,0x0,0x0,0x0,0x0,Engine,0x652d90,0x5f65d0,0x62b7c0,0x5e3de0,0xf6be10,0xee6000,0x650770,0x5fb140,464
UDisDrawVisionComponentOwnerInterface,DishonoredGame,56,56,0,0x4001,0x4001,0x641c90,0x5f6600,DishonoredGame,UInterface,UInterface,UObject,0x0,0x0,0x0,0x0,Engine,0x647ba0,0x5f6600,0x62b7e0,0x5e3e10,0xf6bc48,0xee61b8,0x696f80,0x6e8cb0,56
UDisDropAssassinationTracker,DishonoredGame,64,64,0,0x0,0x0,0x6e1900,0x6857e0,DishonoredGame,UDisTutorialTracker,UDisTutorialTracker,UObject,0x0,0x0,0x0,0x0,Engine,0x6eb640,0x6857e0,0x6d0e50,0x67fe10,0xf86c90,0xf16410,0x701b40,0x6c7c10,64
UDisElixirTracker,DishonoredGame,80,80,0,0x0,0x0,0x6e1ad0,0x6a2980,DishonoredGame,UDisTutorialTracker,UDisTutorialTracker,UObject,0x0,0x0,0x0,0x0,Engine,0x6eb670,0x6a2980,0x6d0e70,0x6a0600,0xf86ac8,0xf165c8,0x6d8670,0x6a5c80,80
UDisEngineTweaksBase,Engine,56,56,0,0x1,0x1,0xe3b30,0xe04d0,Engine,UObject,UObject,UObject,0x0,0x0,0x0,0x0,Engine,0xea5a0,0xe04d0,0xd7ec0,0xda480,0xed49d0,0xe73640,0x5b8ed0,0x8ab340,56
UDisEngineTweaksInterface,Engine,56,56,0,0x4001,0x4001,0xe3bc0,0xe0500,Engine,UInterface,UInterface,UObject,0x0,0x0,0x0,0x0,Engine,0xea5d0,0xe0500,0xd7ee0,0xda4a0,0xed4808,0xe737f8,0x696f80,0x6e8cb0,56
UDisFireProjectileInterface,DishonoredGame,56,56,0,0x4001,0x4001,0x699810,0x648910,DishonoredGame,UInterface,UInterface,UObject,0x0,0x0,0x0,0x0,Engine,0x69dd80,0x648910,0x692170,0x644540,0xf77938,0xefdf90,0x696f80,0x6e8cb0,56
UDisFleeComponent,DishonoredGame,480,480,0,0x0,0x0,0x6a5020,0x6472d0,DishonoredGame,UPrimitiveComponent,UPrimitiveComponent,UObject,0x0,0x0,0x0,0x0,Engine,0x6a6eb0,0x6472d0,0x691a10,0x643b90,0xf79b10,0xefbee8,0x6a4510,0x65c850,480
UDisFleeConstraint,DishonoredGame,96,96,0,0x0,0x0,0x770250,0x705490,DishonoredGame,UNavMeshPathConstraint,UNavMeshPathConstraint,UObject,0x0,0x0,0x0,0x0,Engine,0x7730e0,0x705490,0x7651d0,0x701ed0,0xfb3c10,0xf2c478,0x76e380,0x70aa20,96
UDisFleePointManager,DishonoredGame,60,60,0,0x0,0x0,0x890b90,0x840d60,DishonoredGame,UObject,UObject,UObject,0x0,0x0,0x0,0x0,Engine,0x892ed0,0x840d60,0x8883c0,0x83d820,0xff1b08,0xf75ad8,0x4c5360,0x4a0dc0,60
UDisFogComponent,Engine,156,156,0,0x0,0x0,0xf5450,0xe05b0,Engine,UActorComponent,UActorComponent,UObject,0x0,0x0,0x0,0x0,Engine,0xf7990,0xe05b0,0xd7f10,0xda4c0,0xed4640,0xe739b0,0xf5430,0xf5a60,156
UDisFogDisplayComponent,Engine,464,464,0,0x0,0x0,0xfa5d0,0xe0620,Engine,UPrimitiveComponent,UPrimitiveComponent,UObject,0x0,0x0,0x0,0x0,Engine,0xfc800,0xe0620,0xd7ff0,0xda710,0xed4478,0xe73d20,0xfa5b0,0xe0560,464
UDisGFxActionOpenMovie,DishonoredGame,300,300,0,0x0,0x0,0x81b4b0,0x78c230,DishonoredGame,UGFxAction_OpenMovie,UGFxAction_OpenMovie,UObject,0x0,0x0,0x0,0x0,Engine,0x81d090,0x78c230,0x7f4180,0x7875f0,0xfd5420,0xf50e98,0x81b490,0x7b8ae0,300
UDisGFxMoviePlayerBase,DishonoredGame,424,440,16,0x1,0x1,0x81eb60,0x78c260,DishonoredGame,UGFxMoviePlayer,UGFxMoviePlayer,UObject,0x0,0x0,0x0,0x0,UI,0x820d50,0x78c260,0x7f41a0,0x787620,0xfd5258,0xf51050,0x81df10,0x7a15e0,424
UDisGFxMoviePlayerGamma,DishonoredGame,436,456,20,0x4,0x4,0x8204b0,0x7bc770,DishonoredGame,UDisGFxMoviePlayerBase,UDisGFxMoviePlayerBase,UObject,0x0,0x0,0x0,0x0,UI,0x8227c0,0x7bc770,0x821070,0x7b9a80,0xfd2eb8,0xf532b0,0x81df40,0x7d78b0,436
UDisGFxMoviePlayerGlobal,DishonoredGame,464,464,0,0x0,0x4,0x81ebf0,0x794370,DishonoredGame,UDisGFxMoviePlayerBase,UDisGFxMoviePlayerBase,UObject,0x0,0x0,0x0,0x0,UI,0x821d40,0x794370,0x820d80,0x78c710,0xfd4d00,0xf51578,0x81df70,0x7a1610,464
UDisGFxMoviePlayerHUD,DishonoredGame,1484,1448,-36,0x4,0x4,0x81ec80,0x794920,DishonoredGame,UDisGFxMoviePlayerBase,UDisGFxMoviePlayerBase,UObject,0x0,0x0,0x0,0x0,UI,0x821d70,0x794920,0x820da0,0x78c9b0,0xfd4970,0xf518e8,0x81dfc0,0x7b3000,1484
UDisGFxMoviePlayerHUDFX,DishonoredGame,424,440,16,0x0,0x0,0x81ed10,0x794950,DishonoredGame,UDisGFxMoviePlayerBase,UDisGFxMoviePlayerBase,UObject,0x0,0x0,0x0,0x0,UI,0x821da0,0x794950,0x820dc0,0x78c9d0,0xfd47a8,0xf51aa0,0x81dfe0,0x7a1640,424
UDisGFxMoviePlayerJournal,DishonoredGame,1172,928,-244,0x4,0x4,0x81f280,0x7bbfb0,DishonoredGame,UDisGFxMoviePlayerBase,UDisGFxMoviePlayerBase,UObject,0x0,0x0,0x0,0x0,UI,0x821dd0,0x7bbfb0,0x820de0,0x7b98f0,0xfd3b30,0xf526a8,0x81dfa0,0x7e3370,1172
UDisGFxMoviePlayerMainMenu,DishonoredGame,508,784,276,0x4,0x4,0x81ffe0,0x7cabd0,DishonoredGame,UDisGFxMoviePlayerMenuBase,UDisGFxMoviePlayerMenuBase,UObject,0x0,0x0,0x0,0x0,UI,0x8229e0,0x7cabd0,0x822960,0x7c1d00,0xfd3410,0xf52d88,0x81e040,0x7e68f0,508
UDisGFxMoviePlayerMenuBase,DishonoredGame,476,504,28,0x0,0x0,0x820420,0x7bc740,DishonoredGame,UDisGFxMoviePlayerBase,UDisGFxMoviePlayerBase,UObject,0x0,0x0,0x0,0x0,UI,0x822790,0x7bc740,0x821050,0x7b9a60,0xfd3080,0xf530f8,0x81e010,0x7e68c0,476
UDisGFxMoviePlayerMissionStats,DishonoredGame,444,460,16,0x0,0x0,0x820540,0x7bccb0,DishonoredGame,UDisGFxMoviePlayerBase,UDisGFxMoviePlayerBase,UObject,0x0,0x0,0x0,0x0,UI,0x8227f0,0x7bccb0,0x821090,0x7b9b20,0xfd2b28,0xf53620,0x81e070,0x7d1050,444
UDisGFxMoviePlayerNote,DishonoredGame,1252,1992,740,0x4,0x4,0x844360,0x7bcd10,DishonoredGame,UDisGFxMoviePlayerBase,UDisGFxMoviePlayerBase,UObject,0x0,0x0,0x0,0x0,UI,0x846040,0x7bcd10,0x822a10,0x7b9c40,0xfe0170,0xf53990,0x844210,0x7e3400,1252
UDisGFxMoviePlayerPauseMenu,DishonoredGame,504,520,16,0x0,0x0,0x846070,0x7c3300,DishonoredGame,UDisGFxMoviePlayerMenuBase,UDisGFxMoviePlayerMenuBase,UObject,0x0,0x0,0x0,0x0,UI,0x847670,0x7c3300,0x822a90,0x7bce40,0xfdfde0,0xf53d00,0x846010,0x7e6940,504
UDisGFxMoviePlayerPowerWheel,DishonoredGame,564,628,64,0x4,0x4,0x844510,0x7bd030,DishonoredGame,UDisGFxMoviePlayerBase,UDisGFxMoviePlayerBase,UObject,0x0,0x0,0x0,0x0,UI,0x846100,0x7bd030,0x822b70,0x7b9d20,0xfdf888,0xf54070,0x844300,0x7d1080,564
UDisGFxMoviePlayerStore,DishonoredGame,452,472,20,0x0,0x0,0x844a30,0x7bd3a0,DishonoredGame,UDisGFxMoviePlayerBase,UDisGFxMoviePlayerBase,UObject,0x0,0x0,0x0,0x0,UI,0x8465a0,0x7bd3a0,0x822d10,0x7b9f50,0xfdf4f8,0xf543e0,0x844330,0x7d7910,452
UDisGadget,DishonoredGame,276,276,0,0x1,0x1,0x8ad3f0,0x821480,DishonoredGame,UDishonoredInventoryItem,UDishonoredInventoryItem,UObject,0x0,0x0,0x0,0x0,Gadget,0x8ad990,0x821480,0x886e80,0x81cfa0,0xff7b38,0xf6fdb0,0x8ad300,0x83c530,276
UDisGadget_Heart,DishonoredGame,328,328,0,0x0,0x0,0x8ad510,0x8295d0,DishonoredGame,UDisGadget,UDisGadget,UObject,0x0,0x0,0x0,0x0,Gadget,0x8adc80,0x8295d0,0x8ad9e0,0x821950,0xff7250,0xf70648,0x8ad350,0x83c580,328
UDisGadget_SpringRazor,DishonoredGame,280,280,0,0x0,0x0,0x8ad480,0x8295a0,DishonoredGame,UDisGadget,UDisGadget,UObject,0x0,0x0,0x0,0x0,Gadget,0x8adc50,0x8295a0,0x8ad9c0,0x8214b0,0xff7970,0xf6ff68,0x8ad3a0,0x83c5d0,280
UDisGameCrowdPopulationManager,DishonoredGame,5444,5444,0,0x4,0x4,0x8ca1d0,0x8685d0,DishonoredGame,UGameCrowdPopulationManager,UGameCrowdPopulationManager,UObject,0x0,0x0,0x0,0x0,Game,0x8cc090,0x8685d0,0x8b0820,0x865070,0xffef40,0xf791e0,0x8ca090,0x87fb70,5444
UDisGameplayEventsWriter,,320,,,0x0,,0x654c60,,DishonoredGame,UGameplayEventsWriter,,,0x0,,0x0,,,0x655ae0,,0x62f7c0,,0xf6aa78,,0x654320,,320
UDisGlobalAIAttentionManager,DishonoredGame,72,72,0,0x0,0x0,0x890da0,0x840d90,DishonoredGame,UObject,UObject,UObject,0x0,0x0,0x0,0x0,Engine,0x892f00,0x840d90,0x888420,0x83d890,0xff1940,0xf75c90,0x111cc0,0x843660,72
UDisGlobalAIDangerManager,DishonoredGame,68,68,0,0x0,0x0,0x89a5d0,0x840dd0,DishonoredGame,UObject,UObject,UObject,0x0,0x0,0x0,0x0,AI,0x89c4a0,0x840dd0,0x888450,0x83d8d0,0xff1778,0xf75e48,0x5a9800,0x859af0,68
UDisGlobalCombatManager,DishonoredGame,332,340,8,0x4,0x4,0x8d5b80,0x840f00,DishonoredGame,UObject,UObject,UObject,0x0,0x0,0x0,0x0,AI,0x8d6d80,0x840f00,0x8aec90,0x83d9e0,0x10023e8,0xf76000,0x8d5b30,0x862490,332
UDisGlobalDLCManager,DishonoredGame,56,56,0,0x0,0x0,0x8b6dc0,0x840f80,DishonoredGame,UObject,UObject,UObject,0x0,0x0,0x0,0x0,Engine,0x8bc490,0x840f80,0x8aecd0,0x83da20,0x1002220,0xf761b8,0x5b8ed0,0x8ab340,56
UDisGlobalEnums,DishonoredGame,56,56,0,0x1,0x1,0x88ff20,0x840720,DishonoredGame,UObject,UObject,UObject,0x0,0x0,0x0,0x0,Engine,0x892e40,0x840720,0x887d60,0x83d180,0xff25b8,0xf75088,0x5b8ed0,0x8ab340,56
UDisGlobalFactionManager,DishonoredGame,356,356,0,0x0,0x0,0x8d8c00,0x840fb0,DishonoredGame,UObject,UObject,UObject,0x0,0x0,0x0,0x0,Engine,0x8d8c90,0x840fb0,0x8aecf0,0x83da40,0x1002058,0xf76370,0x8d8bb0,0x864000,356
UDisGlobalMusicManager,DishonoredGame,76,76,0,0x0,0x0,0x8bc6a0,0x841820,DishonoredGame,UObject,UObject,UObject,0x0,0x0,0x0,0x0,Engine,0x8c0f00,0x841820,0x8af1e0,0x83df50,0x10013e0,0xf76f78,0x8bc670,0x84d110,76
UDisGlobalProjectileManager,DishonoredGame,60,60,0,0x0,0x0,0x8b7040,0x841010,DishonoredGame,UObject,UObject,UObject,0x0,0x0,0x0,0x0,Engine,0x8bc4c0,0x841010,0x8aed10,0x83da60,0x1001e90,0xf76528,0x4c5360,0x4a0dc0,60
UDisGlobalStructs,DishonoredGame,56,56,0,0x1,0x1,0x8908b0,0x840800,DishonoredGame,UObject,UObject,UObject,0x0,0x0,0x0,0x0,Engine,0x892e70,0x840800,0x888070,0x83d4c0,0xff23f0,0xf75240,0x5b8ed0,0x8ab340,56
UDisGlobalUIManager,DishonoredGame,672,792,120,0x4,0x4,0x8cc8d0,0x8410f0,DishonoredGame,UObject,UObject,UObject,0x0,0x0,0x0,0x0,UI,0x8ceba0,0x8410f0,0x8aed40,0x83da80,0x1001cc8,0xf766e0,0x8cc8b0,0x85d8e0,672
UDisGoToFollowupInterface,DishonoredGame,56,56,0,0x4001,0x4001,0x748fa0,0x6e8690,DishonoredGame,UInterface,UInterface,UObject,0x0,0x0,0x0,0x0,Engine,0x74c9e0,0x6e8690,0x745780,0x6e4f80,0xfa8670,0xf27720,0x696f80,0x6e8cb0,56
UDisGrenadeComponent,DishonoredGame,192,192,0,0x0,0x0,0x892750,0x83ee80,DishonoredGame,UActorComponent,UActorComponent,UObject,0x0,0x0,0x0,0x0,Engine,0x8941c0,0x83ee80,0x8872e0,0x83c670,0xff6410,0xf71460,0x8916e0,0x8498f0,192
UDisHeartTargetTracker,DishonoredGame,80,80,0,0x0,0x0,0x6f3ec0,0x6a29b0,DishonoredGame,UDisTutorialTracker,UDisTutorialTracker,UObject,0x0,0x0,0x0,0x0,Engine,0x6f4f10,0x6a29b0,0x6d0ed0,0x6a0660,0xf86900,0xf16780,0x6f2010,0x6bc250,80
UDisHideoutComponent,DishonoredGame,76,76,0,0x1,0x1,0x651a40,0x61b200,DishonoredGame,UObject,UObject,UObject,0x0,0x0,0x0,0x0,Engine,0x6539f0,0x61b200,0x6308b0,0x617b80,0xf67fb8,0xee9aa0,0x650b60,0x63da90,76
UDisHideoutComponent_Usable,DishonoredGame,76,76,0,0x0,0x0,0x651b60,0x61f920,DishonoredGame,UDisHideoutComponent,UDisHideoutComponent,UObject,0x0,0x0,0x0,0x0,Engine,0x655120,0x61f920,0x653a40,0x61b250,0xf67c28,0xee9e10,0x650b80,0x63dab0,76
UDisHideoutComponent_Volume,DishonoredGame,76,76,0,0x0,0x0,0x651ad0,0x61f8f0,DishonoredGame,UDisHideoutComponent,UDisHideoutComponent,UObject,0x0,0x0,0x0,0x0,Engine,0x6550f0,0x61f8f0,0x653a20,0x61b230,0xf67df0,0xee9c58,0x650ba0,0x63dad0,76
UDisHitReboundInterface,DishonoredGame,56,56,0,0x4001,0x4001,0x642ac0,0x5f9e00,DishonoredGame,UInterface,UInterface,UObject,0x0,0x0,0x0,0x0,Engine,0x6483c0,0x5f9e00,0x62bd30,0x5e5640,0xf6ae08,0xee6f78,0x696f80,0x6e8cb0,56
UDisInteractableInterface,DishonoredGame,56,56,0,0x4001,0x4001,0x66fb80,0x61c860,DishonoredGame,UInterface,UInterface,UObject,0x0,0x0,0x0,0x0,Engine,0x672d50,0x61c860,0x669a40,0x618a90,0xf747a0,0xef2420,0x696f80,0x6e8cb0,56
UDisInterpTrackAllowPlayerLook,DishonoredGame,136,136,0,0x0,0x0,0x8edd50,0x8698e0,DishonoredGame,UInterpTrack,UInterpTrack,UObject,0x0,0x0,0x0,0x0,Engine,0x8ef080,0x8698e0,0x8d92d0,0x865cf0,0x1007298,0xf7b0d0,0x8edcd0,0x886250,136
UDisItemContext,DishonoredGame,168,176,8,0x1,0x1,0x86d610,0x802e70,DishonoredGame,UObject,UObject,UObject,0x0,0x0,0x0,0x0,Engine,0x8703f0,0x802e70,0x861ec0,0x7ff390,0xff0790,0xf5eab0,0x86d040,0x80b0f0,168
UDisItemContext_AimAssistAttack,DishonoredGame,188,196,8,0x0,0x0,0x86d6a0,0x8073d0,DishonoredGame,UDisItemContext,UDisItemContext,UObject,0x0,0x0,0x0,0x0,Engine,0x874830,0x8073d0,0x870500,0x802f80,0xff0400,0xf5ee20,0x86d060,0x80b110,188
UDisItemContext_Assassinate,DishonoredGame,308,316,8,0x4,0x4,0x87d5b0,0x818700,DishonoredGame,UDisItemContext_Finisher,UDisItemContext_Finisher,UObject,0x0,0x0,0x0,0x0,Weapon,0x883b90,0x818700,0x8830a0,0x8175b0,0xfef788,0xf5fa28,0x87d460,0x818910,308
UDisItemContext_AttackNPCTallboyMelee,DishonoredGame,252,264,12,0x4,0x4,0x87e570,0x826540,DishonoredGame,UDisItemContext_MeleeAttackNPCBase,UDisItemContext_MeleeAttackNPCBase,UObject,0x0,0x0,0x0,0x0,Weapon,0x8825e0,0x826540,0x880120,0x8200a0,0xfe5e58,0xf68fb0,0x87d1f0,0x83a7f0,252
UDisItemContext_Choke,DishonoredGame,172,180,8,0x0,0x0,0x86de90,0x809210,DishonoredGame,UDisItemContext,UDisItemContext,UObject,0x0,0x0,0x0,0x0,Engine,0x875a50,0x809210,0x871500,0x803c50,0xfef5c0,0xf5fbe0,0x86d0a0,0x80b150,172
UDisItemContext_DLC05_DropAssassinate,DishonoredGame,,208,,,0x0,,0x8c38d0,,,UDisItemContext_DropAssassinate,UObject,,0x0,,0x0,Engine,,0x8c38d0,,0x8bed10,,0xf93e08,,0x8c55e0,
UDisItemContext_DLC05_NPCTeleportSpell,DishonoredGame,,240,,,0x0,,0x8c3900,,,UDisItemContext_NPCTeleportSpell,UObject,,0x0,,0x0,Engine,,0x8c3900,,0x8bed50,,0xf93fc0,,0x8e1830,
UDisItemContext_DropAssassinate,DishonoredGame,200,208,8,0x0,0x0,0x86df20,0x809530,DishonoredGame,UDisItemContext,UDisItemContext,UObject,0x0,0x0,0x0,0x0,Engine,0x875af0,0x809530,0x871640,0x803cf0,0xfef230,0xf5ff50,0x86d0d0,0x80b180,200
UDisItemContext_Fatality,DishonoredGame,320,328,8,0x4,0x4,0x87d640,0x818750,DishonoredGame,UDisItemContext_Finisher,UDisItemContext_Finisher,UObject,0x0,0x0,0x0,0x0,Weapon,0x883cc0,0x818750,0x8830c0,0x8175d0,0xfef068,0xf602c0,0x87d490,0x818970,320
UDisItemContext_Finisher,DishonoredGame,296,304,8,0x5,0x5,0x87d6d0,0x814ef0,DishonoredGame,UDisItemContext_MeleeAttackPlayer,UDisItemContext_MeleeAttackPlayer,UObject,0x0,0x0,0x0,0x0,Weapon,0x882e30,0x814ef0,0x880ad0,0x8111b0,0xfeeea0,0xf60478,0x87d430,0x817a60,296
UDisItemContext_FireCrossbow,DishonoredGame,248,256,8,0x0,0x0,0x86eb50,0x81efc0,DishonoredGame,UDisItemContext_ProjectileAttack,UDisItemContext_ProjectileAttack,UObject,0x0,0x0,0x0,0x0,WeaponRanged,0x87d8a0,0x81efc0,0x87c300,0x81b7a0,0xfed940,0xf61918,0x86d210,0x829db0,248
UDisItemContext_FirePistol,DishonoredGame,244,252,8,0x0,0x0,0x86ec60,0x81eff0,DishonoredGame,UDisItemContext_ProjectileAttack,UDisItemContext_ProjectileAttack,UObject,0x0,0x0,0x0,0x0,WeaponRanged,0x87d8d0,0x81eff0,0x87c320,0x81b840,0xfed778,0xf61ad0,0x86d260,0x829e00,244
UDisItemContext_MeleeAttack,DishonoredGame,248,256,8,0x5,0x5,0x87c090,0x807920,DishonoredGame,UDisItemContext,UDisItemContext,UObject,0x0,0x0,0x0,0x0,Weapon,0x87d580,0x807920,0x870a60,0x803930,0xff0238,0xf5efd8,0x87b2a0,0x817a00,248
UDisItemContext_MeleeAttackNPCBase,DishonoredGame,252,264,12,0x5,0x5,0x87d9b0,0x81f2e0,DishonoredGame,UDisItemContext_MeleeAttack,UDisItemContext_MeleeAttack,UObject,0x0,0x0,0x0,0x0,Weapon,0x87fe00,0x81f2e0,0x87da40,0x81ba40,0xfec938,0xf62890,0x87d1c0,0x83a7c0,252
UDisItemContext_MeleeAttackPlayer,DishonoredGame,280,288,8,0x4,0x4,0x87d760,0x80e6e0,DishonoredGame,UDisItemContext_MeleeAttack,UDisItemContext_MeleeAttack,UObject,0x0,0x0,0x0,0x0,Weapon,0x87fdb0,0x80e6e0,0x87d7f0,0x80a040,0xfeeb10,0xf607e8,0x87d400,0x817a30,280
UDisItemContext_MeleeBlock,DishonoredGame,168,176,8,0x1,0x1,0x86d920,0x808cc0,DishonoredGame,UDisItemContext,UDisItemContext,UObject,0x0,0x0,0x0,0x0,Engine,0x8750a0,0x808cc0,0x870ea0,0x8039d0,0xfefea8,0xf5f348,0x86d100,0x80b1b0,168
UDisItemContext_MeleeBlockPlayer,DishonoredGame,208,216,8,0x0,0x0,0x86e7b0,0x81ec60,DishonoredGame,UDisItemContext_MeleeBlock,UDisItemContext_MeleeBlock,UObject,0x0,0x0,0x0,0x0,Engine,0x87c2d0,0x81ec60,0x876bc0,0x81b5e0,0xfee780,0xf60b58,0x86d130,0x822200,208
UDisItemContext_Minigame,DishonoredGame,268,288,20,0x4,0x4,0x87e3f0,0x824bb0,DishonoredGame,UDisItemContext_MeleeAttackNPCBase,UDisItemContext_MeleeAttackNPCBase,UObject,0x0,0x0,0x0,0x0,Weapon,0x881f30,0x824bb0,0x880050,0x81fa40,0xfe8918,0xf66670,0x87d220,0x83a820,268
UDisItemContext_MultiFatality,DishonoredGame,280,288,8,0x4,0x4,0x87d810,0x81ecf0,DishonoredGame,UDisItemContext_MeleeAttackPlayer,UDisItemContext_MeleeAttackPlayer,UObject,0x0,0x0,0x0,0x0,Weapon,0x880d30,0x81ecf0,0x87fde0,0x81b6e0,0xfee228,0xf61080,0x87d4c0,0x83aac0,280
UDisItemContext_NPCAmbush,DishonoredGame,252,264,12,0x4,0x4,0x87da60,0x824230,DishonoredGame,UDisItemContext_MeleeAttackNPCBase,UDisItemContext_MeleeAttackNPCBase,UObject,0x0,0x0,0x0,0x0,Weapon,0x881270,0x824230,0x87fe30,0x81f3b0,0xfec5a8,0xf62c00,0x87d2e0,0x83a8b0,252
UDisItemContext_NPCAttackLeft180,DishonoredGame,252,264,12,0x4,0x4,0x87daf0,0x824290,DishonoredGame,UDisItemContext_MeleeAttackNPCBase,UDisItemContext_MeleeAttackNPCBase,UObject,0x0,0x0,0x0,0x0,Weapon,0x881330,0x824290,0x87fe50,0x81f3f0,0xfec218,0xf62f70,0x87d250,0x83a880,252
UDisItemContext_NPCAttackLeft90,DishonoredGame,252,264,12,0x4,0x4,0x87db80,0x8242f0,DishonoredGame,UDisItemContext_MeleeAttackNPCBase,UDisItemContext_MeleeAttackNPCBase,UObject,0x0,0x0,0x0,0x0,Weapon,0x8813f0,0x8242f0,0x87fe70,0x81f430,0xfebe88,0xf632e0,0x87d2e0,0x83a8b0,252
UDisItemContext_NPCAttackLong,DishonoredGame,252,264,12,0x4,0x4,0x87dc10,0x824350,DishonoredGame,UDisItemContext_MeleeAttackNPCBase,UDisItemContext_MeleeAttackNPCBase,UObject,0x0,0x0,0x0,0x0,Weapon,0x8814b0,0x824350,0x87fe90,0x81f470,0xfebaf8,0xf63650,0x87d2e0,0x83a8b0,252
UDisItemContext_NPCAttackMedium,DishonoredGame,252,264,12,0x4,0x4,0x87dca0,0x8243b0,DishonoredGame,UDisItemContext_MeleeAttackNPCBase,UDisItemContext_MeleeAttackNPCBase,UObject,0x0,0x0,0x0,0x0,Weapon,0x881570,0x8243b0,0x87feb0,0x81f4b0,0xfeb768,0xf639c0,0x87d2e0,0x83a8b0,252
UDisItemContext_NPCAttackRight180,DishonoredGame,252,264,12,0x4,0x4,0x87dd30,0x824410,DishonoredGame,UDisItemContext_MeleeAttackNPCBase,UDisItemContext_MeleeAttackNPCBase,UObject,0x0,0x0,0x0,0x0,Weapon,0x881630,0x824410,0x87fed0,0x81f4f0,0xfeb3d8,0xf63d30,0x87d280,0x83a8e0,252
UDisItemContext_NPCAttackRight90,DishonoredGame,252,264,12,0x4,0x4,0x87ddc0,0x824470,DishonoredGame,UDisItemContext_MeleeAttackNPCBase,UDisItemContext_MeleeAttackNPCBase,UObject,0x0,0x0,0x0,0x0,Weapon,0x8816f0,0x824470,0x87fef0,0x81f530,0xfeb048,0xf640a0,0x87d2e0,0x83a8b0,252
UDisItemContext_NPCAttackShort,DishonoredGame,252,264,12,0x4,0x4,0x87de50,0x8244d0,DishonoredGame,UDisItemContext_MeleeAttackNPCBase,UDisItemContext_MeleeAttackNPCBase,UObject,0x0,0x0,0x0,0x0,Weapon,0x8817b0,0x8244d0,0x87ff10,0x81f570,0xfeacb8,0xf64410,0x87d2e0,0x83a8b0,252
UDisItemContext_NPCAttackStepBack,DishonoredGame,252,264,12,0x4,0x4,0x87dee0,0x824530,DishonoredGame,UDisItemContext_MeleeAttackNPCBase,UDisItemContext_MeleeAttackNPCBase,UObject,0x0,0x0,0x0,0x0,Weapon,0x881870,0x824530,0x87ff30,0x81f5b0,0xfea928,0xf64780,0x87d2e0,0x83a8b0,252
UDisItemContext_NPCAttackUnder,DishonoredGame,252,264,12,0x4,0x4,0x8992d0,0x828710,DishonoredGame,UDisItemContext_MeleeAttackNPCBase,UDisItemContext_MeleeAttackNPCBase,UObject,0x0,0x0,0x0,0x0,Weapon,0x89c250,0x828710,0x886830,0x820a40,0xffc0b0,0xf6baa8,0x898d40,0x83a910,252
UDisItemContext_NPCAttackUnder_Grenade,DishonoredGame,268,276,8,0x0,0x0,0x892200,0x82c0a0,DishonoredGame,UDisItemContext_NPCThrowGrenade,UDisItemContext_NPCThrowGrenade,UObject,0x0,0x0,0x0,0x0,WeaponRanged,0x894160,0x82c0a0,0x886870,0x828770,0xffbd20,0xf6be18,0x891750,0x829fa0,268
UDisItemContext_NPCAttackUnder_Gun,DishonoredGame,356,364,8,0x0,0x0,0x892290,0x828800,DishonoredGame,UDisItemContext_NPCFireGun,UDisItemContext_NPCFireGun,UObject,0x0,0x0,0x0,0x0,WeaponRanged,0x894190,0x828800,0x8868c0,0x820a80,0xffb990,0xf6c188,0x891710,0x829ec0,356
UDisItemContext_NPCAttractSpell,DishonoredGame,176,184,8,0x0,0x0,0x86fd90,0x8200c0,DishonoredGame,UDisItemContext,UDisItemContext,UObject,0x0,0x0,0x0,0x0,Engine,0x87ae90,0x8200c0,0x873570,0x81c200,0xfe5c90,0xf69168,0x86d160,0x822230,176
UDisItemContext_NPCAttractSpellCoupDeGrace,DishonoredGame,252,264,12,0x4,0x4,0x899000,0x826e20,DishonoredGame,UDisItemContext_MeleeAttackNPCBase,UDisItemContext_MeleeAttackNPCBase,UObject,0x0,0x0,0x0,0x0,Weapon,0x89bef0,0x826e20,0x886440,0x820120,0xffe7e0,0xf694d8,0x898d70,0x83a940,252
UDisItemContext_NPCBackStep,DishonoredGame,168,176,8,0x0,0x0,0x88d960,0x820bf0,DishonoredGame,UDisItemContext,UDisItemContext,UObject,0x0,0x0,0x0,0x0,Engine,0x892320,0x820bf0,0x886a00,0x81c8c0,0xffb270,0xf6c868,0x88bb90,0x822260,168
UDisItemContext_NPCBash,DishonoredGame,252,264,12,0x4,0x4,0x87df70,0x824590,DishonoredGame,UDisItemContext_MeleeAttackNPCBase,UDisItemContext_MeleeAttackNPCBase,UObject,0x0,0x0,0x0,0x0,Weapon,0x881930,0x824590,0x87ff50,0x81f5f0,0xfea598,0xf64af0,0x87d310,0x83a9a0,252
UDisItemContext_NPCFatality,DishonoredGame,252,264,12,0x4,0x4,0x87e000,0x8245f0,DishonoredGame,UDisItemContext_MeleeAttackNPCBase,UDisItemContext_MeleeAttackNPCBase,UObject,0x0,0x0,0x0,0x0,Weapon,0x8819f0,0x8245f0,0x87ff70,0x81f630,0xfea208,0xf64e60,0x87d2b0,0x83a970,252
UDisItemContext_NPCFireBow,DishonoredGame,252,260,8,0x0,0x0,0x86f000,0x81fae0,DishonoredGame,UDisItemContext_ProjectileAttack,UDisItemContext_ProjectileAttack,UObject,0x0,0x0,0x0,0x0,WeaponRanged,0x87e480,0x81fae0,0x87cd60,0x81bd40,0xfe81f8,0xf66d50,0x86d2b0,0x829e50,252
UDisItemContext_NPCFireGun,DishonoredGame,356,364,8,0x0,0x0,0x86f090,0x81fb40,DishonoredGame,UDisItemContext_ProjectileAttack,UDisItemContext_ProjectileAttack,UObject,0x0,0x0,0x0,0x0,WeaponRanged,0x87e4b0,0x81fb40,0x87d160,0x81bdb0,0xfe7e68,0xf670c0,0x86d300,0x829ea0,356
UDisItemContext_NPCJumpAttack,DishonoredGame,252,264,12,0x4,0x4,0x87e090,0x824650,DishonoredGame,UDisItemContext_MeleeAttackNPCBase,UDisItemContext_MeleeAttackNPCBase,UObject,0x0,0x0,0x0,0x0,Weapon,0x881ab0,0x824650,0x87ff90,0x81f670,0xfe9e78,0xf651d0,0x87d2e0,0x83a8b0,252
UDisItemContext_NPCLobGrenadeAtUnreachable,DishonoredGame,268,276,8,0x0,0x0,0x86f120,0x834270,DishonoredGame,UDisItemContext_NPCThrowGrenade_Aimed,UDisItemContext_NPCThrowGrenade_Aimed,UObject,0x0,0x0,0x0,0x0,WeaponRanged,0x8830e0,0x834270,0x882e90,0x82fed0,0xfe7ad8,0xf67430,0x86d400,0x82a020,268
UDisItemContext_NPCPush,DishonoredGame,252,264,12,0x4,0x4,0x87e120,0x8246b0,DishonoredGame,UDisItemContext_MeleeAttackNPCBase,UDisItemContext_MeleeAttackNPCBase,UObject,0x0,0x0,0x0,0x0,Weapon,0x881b70,0x8246b0,0x87ffb0,0x81f6b0,0xfe9ae8,0xf65540,0x87d310,0x83a9a0,252
UDisItemContext_NPCRatCrushAttempt,DishonoredGame,268,280,12,0x4,0x4,0x87e1b0,0x824710,DishonoredGame,UDisItemContext_MeleeAttackNPCBase,UDisItemContext_MeleeAttackNPCBase,UObject,0x0,0x0,0x0,0x0,Weapon,0x881c30,0x824710,0x87ffd0,0x81f6f0,0xfe9758,0xf658b0,0x87d340,0x83a9d0,268
UDisItemContext_NPCReloadGun,DishonoredGame,168,176,8,0x0,0x0,0x86f1b0,0x81fc40,DishonoredGame,UDisItemContext,UDisItemContext,UObject,0x0,0x0,0x0,0x0,Engine,0x87a450,0x81fc40,0x872d50,0x81be40,0xfe7748,0xf677a0,0x86d510,0x822660,168
UDisItemContext_NPCRiposte,DishonoredGame,252,264,12,0x4,0x4,0x87e240,0x8248d0,DishonoredGame,UDisItemContext_MeleeAttackNPCBase,UDisItemContext_MeleeAttackNPCBase,UObject,0x0,0x0,0x0,0x0,Weapon,0x881cf0,0x8248d0,0x87fff0,0x81f7b0,0xfe93c8,0xf65c20,0x87d370,0x83aa00,252
UDisItemContext_NPCSideStep,DishonoredGame,172,180,8,0x0,0x0,0x88c750,0x820630,DishonoredGame,UDisItemContext,UDisItemContext,UObject,0x0,0x0,0x0,0x0,Engine,0x891e10,0x820630,0x886640,0x81c5a0,0xffd280,0xf6a978,0x88bbc0,0x822290,172
UDisItemContext_NPCStomp,DishonoredGame,252,264,12,0x4,0x4,0x87e2d0,0x824a20,DishonoredGame,UDisItemContext_MeleeAttackNPCBase,UDisItemContext_MeleeAttackNPCBase,UObject,0x0,0x0,0x0,0x0,Weapon,0x881db0,0x824a20,0x880010,0x81f820,0xfe9038,0xf65f90,0x87d3a0,0x83aa30,252
UDisItemContext_NPCTaunt,DishonoredGame,192,200,8,0x0,0x0,0x88ca00,0x8207b0,DishonoredGame,UDisItemContext,UDisItemContext,UObject,0x0,0x0,0x0,0x0,Engine,0x891e40,0x8207b0,0x886690,0x81c610,0xffcef0,0xf6ace8,0x88bbf0,0x8222c0,192
UDisItemContext_NPCTeleportSpell,DishonoredGame,228,236,8,0x0,0x0,0x898250,0x820350,DishonoredGame,UDisItemContext,UDisItemContext,UObject,0x0,0x0,0x0,0x0,Engine,0x899120,0x820350,0x886570,0x81c4a0,0xffd610,0xf6a608,0x897070,0x837b40,228
UDisItemContext_NPCThrow,DishonoredGame,268,276,8,0x0,0x0,0x86f240,0x81fcd0,DishonoredGame,UDisItemContext_ProjectileAttack,UDisItemContext_ProjectileAttack,UObject,0x0,0x0,0x0,0x0,WeaponRanged,0x87e4e0,0x81fcd0,0x87d180,0x81beb0,0xfe73b8,0xf67b10,0x86d320,0x829f00,268
UDisItemContext_NPCThrowGrenade,DishonoredGame,268,276,8,0x0,0x0,0x86f5d0,0x825ee0,DishonoredGame,UDisItemContext_NPCThrow,UDisItemContext_NPCThrow,UObject,0x0,0x0,0x0,0x0,WeaponRanged,0x880070,0x825ee0,0x87e510,0x81fd50,0xfe6e60,0xf68038,0x86d340,0x829f20,268
UDisItemContext_NPCThrowGrenade_Aimed,DishonoredGame,268,276,8,0x0,0x0,0x86f720,0x82b210,DishonoredGame,UDisItemContext_NPCThrowGrenade,UDisItemContext_NPCThrowGrenade,UObject,0x0,0x0,0x0,0x0,WeaponRanged,0x882400,0x82b210,0x8800a0,0x8260e0,0xfe6c98,0xf681f0,0x86d3c0,0x829fe0,268
UDisItemContext_NPCThrowObject,DishonoredGame,280,288,8,0x0,0x0,0x86fb60,0x826180,DishonoredGame,UDisItemContext_NPCThrow,UDisItemContext_NPCThrow,UObject,0x0,0x0,0x0,0x0,WeaponRanged,0x8800c0,0x826180,0x87e530,0x81fe10,0xfe6ad0,0xf683a8,0x86d440,0x82a060,280
UDisItemContext_NPCThrowWhiskey,DishonoredGame,268,276,8,0x0,0x0,0x86fc40,0x8261f0,DishonoredGame,UDisItemContext_NPCThrow,UDisItemContext_NPCThrow,UObject,0x0,0x0,0x0,0x0,WeaponRanged,0x8800f0,0x8261f0,0x87e550,0x81fe30,0xfe6908,0xf68560,0x86d480,0x82a0a0,268
UDisItemContext_NPCTune,DishonoredGame,168,176,8,0x1,0x1,0x88bf40,0x820160,DishonoredGame,UDisItemContext,UDisItemContext,UObject,0x0,0x0,0x0,0x0,Engine,0x891790,0x820160,0x886480,0x81c2e0,0xffe450,0xf69848,0x88bc20,0x8222f0,168
UDisItemContext_NPCTune_Combat,DishonoredGame,196,204,8,0x0,0x0,0x88c060,0x826eb0,DishonoredGame,UDisItemContext_NPCTune,UDisItemContext_NPCTune,UObject,0x0,0x0,0x0,0x0,Engine,0x8939e0,0x826eb0,0x8917e0,0x8201b0,0xffe0c0,0xf69bb8,0x88bc50,0x822320,196
UDisItemContext_NPCTune_Protection,DishonoredGame,168,176,8,0x0,0x0,0x88bfd0,0x826e80,DishonoredGame,UDisItemContext_NPCTune,UDisItemContext_NPCTune,UObject,0x0,0x0,0x0,0x0,Engine,0x8939b0,0x826e80,0x8917c0,0x820190,0xffe288,0xf69a00,0x88bc70,0x822340,168
UDisItemContext_NPCWhiskeyFire,DishonoredGame,188,196,8,0x0,0x0,0x86fcd0,0x81fe70,DishonoredGame,UDisItemContext,UDisItemContext,UObject,0x0,0x0,0x0,0x0,Engine,0x87a480,0x81fe70,0x873550,0x81c0c0,0xfe6578,0xf688d0,0x86d190,0x822370,188
UDisItemContext_NPC_OverseerJumpAway,DishonoredGame,268,276,8,0x0,0x0,0x86ef70,0x82f9e0,DishonoredGame,UDisItemContext_NPCThrowGrenade,UDisItemContext_NPCThrowGrenade,UObject,0x0,0x0,0x0,0x0,WeaponRanged,0x882e60,0x82f9e0,0x881ff0,0x82adc0,0xfe8588,0xf669e0,0x86d380,0x829f60,268
UDisItemContext_ParryNPC,DishonoredGame,260,272,12,0x4,0x4,0x87e360,0x824a80,DishonoredGame,UDisItemContext_MeleeAttackNPCBase,UDisItemContext_MeleeAttackNPCBase,UObject,0x0,0x0,0x0,0x0,Weapon,0x881e70,0x824a80,0x880030,0x81f860,0xfe8ca8,0xf66300,0x87d3d0,0x83aa60,260
UDisItemContext_ProjectileAttack,DishonoredGame,244,252,8,0x0,0x0,0x86d9b0,0x80d880,DishonoredGame,UDisItemContext_AimAssistAttack,UDisItemContext_AimAssistAttack,UObject,0x0,0x0,0x0,0x0,WeaponRanged,0x87c120,0x80d880,0x875190,0x808e60,0xfefb18,0xf5f6b8,0x86d1c0,0x80b1e0,244
UDisItemContext_ReloadGunPlayer,DishonoredGame,176,184,8,0x0,0x0,0x86ecf0,0x81f080,DishonoredGame,UDisItemContext,UDisItemContext,UObject,0x0,0x0,0x0,0x0,Engine,0x878540,0x81f080,0x871e30,0x81b8d0,0xfed220,0xf61ff8,0x86d540,0x822690,176
UDisItemContext_ThrowGrenade,DishonoredGame,256,264,8,0x0,0x0,0x86ed80,0x81f0e0,DishonoredGame,UDisItemContext_ProjectileAttack,UDisItemContext_ProjectileAttack,UObject,0x0,0x0,0x0,0x0,WeaponRanged,0x87d900,0x81f0e0,0x87c340,0x81b980,0xfece90,0xf62368,0x86d4c0,0x82a0e0,256
UDisItemContext_UsePower,DishonoredGame,192,200,8,0x0,0x0,0x88f630,0x8403a0,DishonoredGame,UDisItemContext_AimAssistAttack,UDisItemContext_AimAssistAttack,UObject,0x0,0x0,0x0,0x0,Engine,0x892b60,0x8403a0,0x887af0,0x83cde0,0xff3ce0,0xf73a30,0x88bf00,0x843700,192
UDisItemContext_UseSpringRazor,DishonoredGame,276,284,8,0x0,0x0,0x86ee30,0x81f280,DishonoredGame,UDisItemContext,UDisItemContext,UObject,0x0,0x0,0x0,0x0,Gadget,0x878570,0x81f280,0x871e50,0x81b9e0,0xfeccc8,0xf62520,0x86ee10,0x823b20,276
UDisItemContext_WHArmAttack,DishonoredGame,272,288,16,0x4,0x4,0x8991b0,0x82bfe0,DishonoredGame,UDisItemContext_Minigame,UDisItemContext_Minigame,UObject,0x0,0x0,0x0,0x0,Weapon,0x89c1f0,0x82bfe0,0x8866f0,0x827cf0,0xffcb60,0xf6b058,0x899150,0x83ac90,272
UDisItemContext_WHBark,DishonoredGame,196,204,8,0x0,0x0,0x88d650,0x828400,DishonoredGame,UDisItemContext_NPCTaunt,UDisItemContext_NPCTaunt,UObject,0x0,0x0,0x0,0x0,Engine,0x894130,0x828400,0x892150,0x820a00,0xffc7d0,0xf6b3c8,0x88ced0,0x824b80,196
UDisItemContext_WHJumpAttack,DishonoredGame,268,288,20,0x4,0x4,0x899240,0x82c040,DishonoredGame,UDisItemContext_Minigame,UDisItemContext_Minigame,UObject,0x0,0x0,0x0,0x0,Weapon,0x89c220,0x82c040,0x8867a0,0x828580,0xffc440,0xf6b738,0x899180,0x83acc0,268
UDisItemContext_WeeperGrab,DishonoredGame,268,288,20,0x4,0x4,0x899360,0x82c110,DishonoredGame,UDisItemContext_Minigame,UDisItemContext_Minigame,UObject,0x0,0x0,0x0,0x0,Weapon,0x89c280,0x82c110,0x886920,0x828900,0xffb600,0xf6c4f8,0x898d10,0x83a850,268
UDisItemPowers,DishonoredGame,288,288,0,0x0,0x0,0x8ad6a0,0x840460,DishonoredGame,UDishonoredInventoryItem,UDishonoredInventoryItem,UObject,0x0,0x0,0x0,0x0,Engine,0x8ada00,0x840460,0x887b30,0x83ce50,0xff3950,0xf73da0,0x8ac4f0,0x863630,288
UDisItem_WolfhoundBark,DishonoredGame,280,280,0,0x0,0x0,0x8ad7c0,0x8406b0,DishonoredGame,UDishonoredInventoryItem,UDishonoredInventoryItem,UObject,0x0,0x0,0x0,0x0,Engine,0x8ada60,0x8406b0,0x887d20,0x83d0f0,0xff2948,0xf74d18,0x8ac9a0,0x863680,280
UDisKeyRing,DishonoredGame,96,96,0,0x0,0x0,0x719d40,0x6c44c0,DishonoredGame,UObject,UObject,UObject,0x0,0x0,0x0,0x0,Engine,0x71af70,0x6c44c0,0x6fba60,0x6bfc60,0xf95e10,0xf184c0,0x7199b0,0x6de2a0,96
UDisLocalPlayer,DishonoredGame,616,620,4,0xc,0xc,0x6f3f50,0x6a2a10,DishonoredGame,ULocalPlayer,ULocalPlayer,UEngine,0x0,0x0,0x0,0x0,Engine,0x6f4f40,0x6a2a10,0x6d0f30,0x6a06e0,0xf86570,0xf16af0,0x6f1bf0,0x6a5c50,616
UDisLookAtInterface,DishonoredGame,56,56,0,0x4001,0x4001,0x7ce5a0,0x771730,DishonoredGame,UInterface,UInterface,UObject,0x0,0x0,0x0,0x0,Engine,0x7d4f00,0x771730,0x7c96c0,0x76ea50,0xfd2418,0xf39b58,0x696f80,0x6e8cb0,56
UDisLootPayload,DishonoredGame,76,76,0,0x0,0x0,0x85a460,0x801870,DishonoredGame,UObject,UObject,UObject,0x0,0x0,0x0,0x0,Engine,0x85b700,0x801870,0x849b10,0x7feb60,0xfe0dc0,0xf5d458,0x717c50,0x8179e0,76
UDisMantleFinderState_Base,DishonoredGame,132,132,0,0x1,0x1,0x72af30,0x6c6b20,DishonoredGame,UDishonoredNativeState,UDishonoredNativeState,UObject,0x0,0x0,0x0,0x0,Engine,0x72dbc0,0x6c6b20,0x722410,0x6c1e00,0xf9d380,0xf1f9a0,0x72a980,0x6c7f10,132
UDisMantleFinderState_CheckCanStand,DishonoredGame,164,164,0,0x0,0x0,0x72afc0,0x6ccaa0,DishonoredGame,UDisMantleFinderState_Base,UDisMantleFinderState_Base,UObject,0x0,0x0,0x0,0x0,Engine,0x72ff80,0x6ccaa0,0x72dbf0,0x6c6db0,0xf9d1b8,0xf1fb58,0x72a9b0,0x6c7f40,164
UDisMantleFinderState_CheckDestinationValid,DishonoredGame,188,188,0,0x0,0x0,0x72b200,0x6ccc80,DishonoredGame,UDisMantleFinderState_Base,UDisMantleFinderState_Base,UObject,0x0,0x0,0x0,0x0,Engine,0x72ffb0,0x6ccc80,0x72dc10,0x6c6e50,0xf9cff0,0xf1fd10,0x72a9e0,0x6c7f70,188
UDisMantleFinderState_FindClearDistanceAboveOwner,DishonoredGame,136,136,0,0x0,0x0,0x72b290,0x6cccb0,DishonoredGame,UDisMantleFinderState_Base,UDisMantleFinderState_Base,UObject,0x0,0x0,0x0,0x0,Engine,0x72ffe0,0x6cccb0,0x72dc30,0x6c6f20,0xf9ce28,0xf1fec8,0x72aa10,0x6c7fa0,136
UDisMantleFinderState_ForwardSearches,DishonoredGame,192,192,0,0x0,0x0,0x72b320,0x6ccce0,DishonoredGame,UDisMantleFinderState_Base,UDisMantleFinderState_Base,UObject,0x0,0x0,0x0,0x0,Engine,0x730010,0x6ccce0,0x72dc50,0x6c6f50,0xf9cc60,0xf20080,0x72aa40,0x6c7fd0,192
UDisMantleableInterface,DishonoredGame,56,56,0,0x4001,0x4001,0x72aea0,0x6c6af0,DishonoredGame,UInterface,UInterface,UObject,0x0,0x0,0x0,0x0,Engine,0x72db90,0x6c6af0,0x7223f0,0x6c1de0,0xf9d548,0xf1f7e8,0x696f80,0x6e8cb0,56
UDisMovableComponent,DishonoredGame,160,160,0,0x4,0x4,0x673a80,0x645f80,DishonoredGame,UActorComponent,UActorComponent,UObject,0x0,0x0,0x0,0x0,Item,0x674400,0x645f80,0x66b760,0x642a80,0xf6d3d8,0xef93f0,0x672960,0x64e130,160
UDisMovableInterface,DishonoredGame,56,56,0,0x4001,0x4001,0x696fa0,0x646930,DishonoredGame,UInterface,UInterface,UObject,0x0,0x0,0x0,0x0,Engine,0x69c240,0x646930,0x691050,0x642b40,0xf7beb0,0xef95a8,0x696f80,0x6e8cb0,56
UDisMovableTracker,DishonoredGame,64,64,0,0x0,0x0,0x7085b0,0x6cecf0,DishonoredGame,UDisTutorialTracker,UDisTutorialTracker,UObject,0x0,0x0,0x0,0x0,Engine,0x713450,0x6cecf0,0x710260,0x6c9580,0xf95c48,0xf18678,0x701b40,0x6c7c10,64
UDisMusicState_Base,DishonoredGame,88,88,0,0x1,0x1,0x8b8a70,0x8418f0,DishonoredGame,UDishonoredNativeState,UDishonoredNativeState,UObject,0x0,0x0,0x0,0x0,Engine,0x8bc730,0x8418f0,0x8af200,0x83df70,0x1001218,0xf77130,0x8b8890,0x848300,88
UDisMusicState_Chase,DishonoredGame,96,96,0,0x0,0x0,0x8b8bf0,0x8485d0,DishonoredGame,UDisMusicState_Base,UDisMusicState_Base,UObject,0x0,0x0,0x0,0x0,Engine,0x8c0f30,0x8485d0,0x8bc760,0x8419f0,0x1000f50,0xf772e8,0x8b88b0,0x848320,96
UDisMusicState_Combat,DishonoredGame,96,96,0,0x0,0x0,0x8b8d20,0x8486a0,DishonoredGame,UDisMusicState_Base,UDisMusicState_Base,UObject,0x0,0x0,0x0,0x0,Engine,0x8c0f60,0x8486a0,0x8bc810,0x841a10,0x1000d88,0xf774a0,0x8b88d0,0x848340,96
UDisMusicState_Exploration,DishonoredGame,88,88,0,0x0,0x0,0x8b8e20,0x848740,DishonoredGame,UDisMusicState_Base,UDisMusicState_Base,UObject,0x0,0x0,0x0,0x0,Engine,0x8c0f90,0x848740,0x8bc8c0,0x841a30,0x1000bc0,0xf77658,0x8b88f0,0x848360,88
UDisMusicState_RatAttack,DishonoredGame,88,88,0,0x0,0x0,0x8b8eb0,0x848770,DishonoredGame,UDisMusicState_Base,UDisMusicState_Base,UObject,0x0,0x0,0x0,0x0,Engine,0x8c0fc0,0x848770,0x8bc8e0,0x841a80,0x10009f8,0xf77810,0x8b8910,0x848380,88
UDisMusicState_Suspense,DishonoredGame,88,88,0,0x0,0x0,0x8b8f40,0x8487a0,DishonoredGame,UDisMusicState_Base,UDisMusicState_Base,UObject,0x0,0x0,0x0,0x0,Engine,0x8c0ff0,0x8487a0,0x8bc900,0x841ad0,0x1000830,0xf779c8,0x8b8930,0x8483a0,88
UDisNPCAttachmentOwnerInterface,DishonoredGame,,56,,,0x4001,,0x648940,,,UInterface,UObject,,0x0,,0x0,Engine,,0x648940,,0x644560,,0xefe148,,0x6e8cb0,
UDisNPCDistractionComponent,DishonoredGame,736,736,0,0x4,0x4,0x7df070,0x771760,DishonoredGame,UPrimitiveComponent,UPrimitiveComponent,UObject,0x0,0x0,0x0,0x0,NPC,0x7e0970,0x771760,0x7c96e0,0x76ea70,0xfd2250,0xf39d10,0x7deff0,0x7842a0,736
UDisNPCTravelManager,DishonoredGame,240,240,0,0x0,0x0,0x721ab0,0x6c4500,DishonoredGame,UObject,UObject,ADishonoredGameInfo,0x0,0x0,0x0,0x0,Engine,0x721b40,0x6c4500,0x6fbaa0,0x6bfca0,0xf95a80,0xf18830,0x721a60,0x6e3960,240
UDisNativeStateMachine_PlayerAction,DishonoredGame,196,196,0,0x4,0x4,0x6cec20,0x669760,DishonoredGame,UDishonoredNativeStateMachine,UDishonoredNativeStateMachine,UObject,0x0,0x0,0x0,0x0,Game,0x6cfbf0,0x669760,0x6afbc0,0x6641a0,0xf843a8,0xf027c0,0x6cebd0,0x67ca80,196
UDisNativeStateTransitionLogic,DishonoredGame,132,132,0,0x0,0x0,0x6ac600,0x662810,DishonoredGame,UObject,UObject,UObject,0x0,0x0,0x0,0x0,Engine,0x6ad330,0x662810,0x692a00,0x65fa20,0xf76930,0xeff278,0x6a9a90,0x67ca40,132
UDisNavConstraint_MinDistanceFromLocation,DishonoredGame,92,92,0,0x0,0x0,0x7702e0,0x7055e0,DishonoredGame,UNavMeshPathConstraint,UNavMeshPathConstraint,UObject,0x0,0x0,0x0,0x0,Engine,0x773110,0x7055e0,0x7651f0,0x701f30,0xfb3a48,0xf2c630,0x76eb30,0x70ac10,92
UDisNavConstraint_ShootingPosition,DishonoredGame,100,100,0,0x0,0x0,0x770370,0x705710,DishonoredGame,UNavMeshPathConstraint,UNavMeshPathConstraint,UObject,0x0,0x0,0x0,0x0,Engine,0x773140,0x705710,0x765210,0x701f60,0xfb3880,0xf2c7e8,0x76eb50,0x70ac30,100
UDisNavMeshGoal_BestFleePoint,DishonoredGame,164,164,0,0x0,0x0,0x916c80,0x911c20,DishonoredGame,UNavMeshGoal_ClosestActorInList,UNavMeshGoal_ClosestActorInList,UObject,0x0,0x0,0x0,0x0,Engine,0x916d10,0x911c20,0x915120,0x911a10,0x1010cd0,0xfa9b30,0x916c60,0x913510,164
UDisNavMeshGoal_MinDistanceFromLocation,DishonoredGame,96,96,0,0x0,0x0,0x915240,0x911c50,DishonoredGame,UNavMeshPathGoalEvaluator,UNavMeshPathGoalEvaluator,UObject,0x0,0x0,0x0,0x0,Engine,0x915560,0x911c50,0x915170,0x911a70,0x1011060,0xfa9978,0x915220,0x911b70,96
UDisNavMeshGoal_SafeFromThreat,DishonoredGame,148,148,0,0x0,0x0,0x916440,0x911bc0,DishonoredGame,UNavMeshPathGoalEvaluator,UNavMeshPathGoalEvaluator,UObject,0x0,0x0,0x0,0x0,Engine,0x9165f0,0x911bc0,0x915090,0x911980,0x1011228,0xfa9608,0x916340,0x912e50,148
UDisNavMeshGoal_ShootingPosition,DishonoredGame,132,132,0,0x0,0x0,0x916560,0x911c80,DishonoredGame,UNavMeshPathGoalEvaluator,UNavMeshPathGoalEvaluator,UObject,0x0,0x0,0x0,0x0,Engine,0x916650,0x911c80,0x9151b0,0x911ac0,0x1010e98,0xfa9450,0x916360,0x912ea0,132
UDisNavMeshGoal_WithinDistanceEnvelopeFrom,DishonoredGame,116,116,0,0x0,0x0,0x9164d0,0x911bf0,DishonoredGame,UNavMeshPathGoalEvaluator,UNavMeshPathGoalEvaluator,UObject,0x0,0x0,0x0,0x0,Engine,0x916620,0x911bf0,0x9150f0,0x9119e0,0x10113f0,0xfa97c0,0x9163f0,0x912f20,116
UDisNavMeshGoal_WolfhoundBarkPosition,DishonoredGame,2748,2748,0,0x0,0x0,0x797530,0x72c150,DishonoredGame,UNavMeshPathGoalEvaluator,UNavMeshPathGoalEvaluator,UObject,0x0,0x0,0x0,0x0,Engine,0x79af40,0x72c150,0x78d530,0x728bc0,0xfb8cc0,0xf35328,0x797280,0x72eea0,2748
UDisNavMeshPath_AvoidRatLight,DishonoredGame,76,76,0,0x0,0x0,0x770520,0x705740,DishonoredGame,UNavMeshPathConstraint,UNavMeshPathConstraint,UObject,0x0,0x0,0x0,0x0,Engine,0x773170,0x705740,0x765230,0x701fd0,0xfb36b8,0xf2c9a0,0x76f2a0,0x70b130,76
UDisNoiseListenerInterface,DishonoredGame,56,56,0,0x4001,0x4001,0x76ef40,0x7042b0,DishonoredGame,UInterface,UInterface,UObject,0x0,0x0,0x0,0x0,Engine,0x772eb0,0x7042b0,0x764b70,0x701220,0xfb5a40,0xf2aab0,0x696f80,0x6e8cb0,56
UDisNoiseMakerInterface,DishonoredGame,56,56,0,0x4001,0x4001,0x76efd0,0x704340,DishonoredGame,UInterface,UInterface,UObject,0x0,0x0,0x0,0x0,Engine,0x772ee0,0x704340,0x764bc0,0x701270,0xfb5878,0xf2ac68,0x696f80,0x6e8cb0,56
UDisNotify_AcquireCorpse,DishonoredGame,60,60,0,0x0,0x0,0x6e0110,0x6855e0,DishonoredGame,UAnimNotify,UAnimNotify,UObject,0x0,0x0,0x0,0x0,Engine,0x6ea6e0,0x6855e0,0x6d0bf0,0x67fb60,0xf88028,0xf15128,0x6d8e60,0x686ac0,60
UDisNotify_ActivateAlarm,DishonoredGame,60,60,0,0x0,0x0,0x6de590,0x684fa0,DishonoredGame,UAnimNotify,UAnimNotify,UObject,0x0,0x0,0x0,0x0,Engine,0x6ea0d0,0x684fa0,0x6d09b0,0x67f770,0xf8a200,0xf13080,0x6de570,0x68e260,60
UDisNotify_AdrenalineBendTime_Ranged,DishonoredGame,84,84,0,0x0,0x0,0x6df180,0x68e8a0,DishonoredGame,UDisNotify_BendTime_Ranged,UDisNotify_BendTime_Ranged,UObject,0x0,0x0,0x0,0x0,Engine,0x6edb70,0x68e8a0,0x6ea340,0x6853e0,0xf893c0,0xf13e40,0x6d81b0,0x6863c0,84
UDisNotify_AnimStateUnlock,DishonoredGame,64,64,0,0x0,0x0,0x6dde10,0x684c70,DishonoredGame,UAnimNotify,UAnimNotify,UObject,0x0,0x0,0x0,0x0,Engine,0x6e9df0,0x684c70,0x6d0830,0x67f500,0xf8b3d0,0xf11f50,0x6d8130,0x686340,64
UDisNotify_AttachItemInSlot,DishonoredGame,68,68,0,0x0,0x0,0x6df9c0,0x6854f0,DishonoredGame,UAnimNotify,UAnimNotify,UObject,0x0,0x0,0x0,0x0,Engine,0x6ea4d0,0x6854f0,0x6d0b50,0x67fa70,0xf88910,0xf14890,0x6d8150,0x686360,68
UDisNotify_AttackInterruptable_Range,DishonoredGame,60,60,0,0x0,0x0,0x6dd9d0,0x68dc30,DishonoredGame,UDishonoredNotify_AttackInterruptable,UDishonoredNotify_AttackInterruptable,UObject,0x0,0x0,0x0,0x0,Engine,0x6ed8d0,0x68dc30,0x6e9d20,0x684bf0,0xf8b928,0xf11a28,0x6d7eb0,0x6860c0,60
UDisNotify_BendTime,DishonoredGame,60,60,0,0x0,0x0,0x6dd6e0,0x684b60,DishonoredGame,UAnimNotify,UAnimNotify,UObject,0x0,0x0,0x0,0x0,Engine,0x6e9c90,0x684b60,0x6d0790,0x67f400,0xf8be80,0xf11500,0x6d8170,0x686380,60
UDisNotify_BendTime_Ranged,DishonoredGame,84,84,0,0x0,0x0,0x6ddea0,0x684ca0,DishonoredGame,UAnimNotify,UAnimNotify,UObject,0x0,0x0,0x0,0x0,Engine,0x6e9e20,0x684ca0,0x6d0850,0x67f530,0xf8b208,0xf12108,0x6d8190,0x6863a0,84
UDisNotify_BlockParryZone,DishonoredGame,60,60,0,0x0,0x0,0x6df380,0x685400,DishonoredGame,UAnimNotify,UAnimNotify,UObject,0x0,0x0,0x0,0x0,Engine,0x6ea360,0x685400,0x6d0ab0,0x67f960,0xf891f8,0xf13ff8,0x6d81d0,0x6863e0,60
UDisNotify_CameraShake,DishonoredGame,76,76,0,0x0,0x0,0x6ddf60,0x684db0,DishonoredGame,UAnimNotify,UAnimNotify,UObject,0x0,0x0,0x0,0x0,Engine,0x6e9e50,0x684db0,0x6d0870,0x67f580,0xf8b040,0xf122c0,0x6d81f0,0x686400,76
UDisNotify_Destroy,DishonoredGame,60,60,0,0x0,0x0,0x6dcab0,0x684950,DishonoredGame,UAnimNotify,UAnimNotify,UObject,0x0,0x0,0x0,0x0,Engine,0x6e9980,0x684950,0x6d0630,0x67f1d0,0xf8d218,0xf10218,0x6d8210,0x686420,60
UDisNotify_DevouringSwarm,DishonoredGame,60,60,0,0x0,0x0,0x6dd280,0x684aa0,DishonoredGame,UAnimNotify,UAnimNotify,UObject,0x0,0x0,0x0,0x0,Engine,0x6e9bd0,0x684aa0,0x6d0710,0x67f340,0xf8c5a0,0xf10e20,0x6d8230,0x686440,60
UDisNotify_DropArmor,DishonoredGame,76,76,0,0x0,0x0,0x6dfb40,0x685520,DishonoredGame,UAnimNotify,UAnimNotify,UObject,0x0,0x0,0x0,0x0,Engine,0x6ea500,0x685520,0x6d0b70,0x67faa0,0xf88748,0xf14a48,0x6d8250,0x686460,76
UDisNotify_DropItem,DishonoredGame,76,76,0,0x0,0x0,0x6dbcf0,0x6846b0,DishonoredGame,UAnimNotify,UAnimNotify,UObject,0x0,0x0,0x0,0x0,Engine,0x6e9570,0x6846b0,0x6d04b0,0x67ef30,0xf8e778,0xf0ed78,0x6d8270,0x686480,76
UDisNotify_EnableLocomotion,DishonoredGame,60,60,0,0x0,0x0,0x6dd610,0x684b30,DishonoredGame,UAnimNotify,UAnimNotify,UObject,0x0,0x0,0x0,0x0,Engine,0x6e9c60,0x684b30,0x6d0770,0x67f3d0,0xf8c048,0xf11348,0x6d8290,0x6864a0,60
UDisNotify_EndLiftCorpse,DishonoredGame,60,60,0,0x0,0x0,0x6e0210,0x685610,DishonoredGame,UAnimNotify,UAnimNotify,UObject,0x0,0x0,0x0,0x0,Engine,0x6ea710,0x685610,0x6d0c10,0x67fb90,0xf87e60,0xf152e0,0x6d8e80,0x686ae0,60
UDisNotify_EndSurprise,DishonoredGame,60,60,0,0x0,0x0,0x6de650,0x684fd0,DishonoredGame,UAnimNotify,UAnimNotify,UObject,0x0,0x0,0x0,0x0,Engine,0x6ea100,0x684fd0,0x6d09d0,0x67f7a0,0xf8a038,0xf13238,0x6d82b0,0x6864c0,60
UDisNotify_FootLock_Ranged,DishonoredGame,64,64,0,0x0,0x0,0x6df500,0x685430,DishonoredGame,UAnimNotify,UAnimNotify,UObject,0x0,0x0,0x0,0x0,Engine,0x6ea390,0x685430,0x6d0ad0,0x67f990,0xf89030,0xf141b0,0x6d82d0,0x6864e0,64
UDisNotify_FootPlacement,DishonoredGame,64,64,0,0x0,0x0,0x6de750,0x685000,DishonoredGame,UAnimNotify,UAnimNotify,UObject,0x0,0x0,0x0,0x0,Engine,0x6ea130,0x685000,0x6d09f0,0x67f7d0,0xf89e70,0xf133f0,0x6d82f0,0x686500,64
UDisNotify_Heartbeat,DishonoredGame,64,64,0,0x0,0x0,0x6df8c0,0x6854c0,DishonoredGame,UAnimNotify,UAnimNotify,UObject,0x0,0x0,0x0,0x0,Engine,0x6ea4a0,0x6854c0,0x6d0b30,0x67fa40,0xf88ad8,0xf146d8,0x6d8310,0x686520,64
UDisNotify_MakeAINoise,DishonoredGame,64,68,4,0x0,0x0,0x6dce80,0x6849e0,DishonoredGame,UAnimNotify,UAnimNotify,UObject,0x0,0x0,0x0,0x0,Engine,0x6e9b10,0x6849e0,0x6d0690,0x67f260,0xf8ccc0,0xf10740,0x6d8330,0x686540,64
UDisNotify_MinigameBranch_Ranged,DishonoredGame,64,64,0,0x0,0x0,0x6de820,0x685030,DishonoredGame,UAnimNotify,UAnimNotify,UObject,0x0,0x0,0x0,0x0,Engine,0x6ea160,0x685030,0x6d0a10,0x67f800,0xf89ca8,0xf135a8,0x6d8350,0x686560,64
UDisNotify_NPCDisableLookAt,DishonoredGame,64,64,0,0x0,0x0,0x6de970,0x685060,DishonoredGame,UAnimNotify,UAnimNotify,UObject,0x0,0x0,0x0,0x0,Engine,0x6ea280,0x685060,0x6d0a30,0x67f830,0xf89ae0,0xf13760,0x6d8370,0x686580,64
UDisNotify_NPCTurnControl,DishonoredGame,60,60,0,0x0,0x0,0x6deaf0,0x685090,DishonoredGame,UAnimNotify,UAnimNotify,UObject,0x0,0x0,0x0,0x0,Engine,0x6ea2b0,0x685090,0x6d0a50,0x67f880,0xf89918,0xf13918,0x6d8390,0x6865a0,60
UDisNotify_ParryContact,DishonoredGame,60,60,0,0x0,0x0,0x6df5c0,0x685460,DishonoredGame,UAnimNotify,UAnimNotify,UObject,0x0,0x0,0x0,0x0,Engine,0x6ea440,0x685460,0x6d0af0,0x67f9e0,0xf88e68,0xf14368,0x6d83b0,0x6865c0,60
UDisNotify_PawnMaterialParam,DishonoredGame,84,84,0,0x0,0x0,0x6f3aa0,0x684de0,DishonoredGame,UAnimNotify_PawnMaterialParam,UAnimNotify_PawnMaterialParam,UObject,0x0,0x0,0x0,0x0,Engine,0x6f4e20,0x684de0,0x6d0890,0x67f5b0,0xf8ae78,0xf12478,0x6f1f80,0x69e470,84
UDisNotify_PlaceSpringRazor,DishonoredGame,60,60,0,0x0,0x0,0x6dc980,0x684920,DishonoredGame,UAnimNotify,UAnimNotify,UObject,0x0,0x0,0x0,0x0,Engine,0x6e9950,0x684920,0x6d0610,0x67f1a0,0xf8d3e0,0xf10060,0x6d83d0,0x6865e0,60
UDisNotify_PlayRatBiteEffect,DishonoredGame,88,88,0,0x0,0x0,0x6de020,0x684e10,DishonoredGame,UAnimNotify_PlayParticleEffect,UAnimNotify_PlayParticleEffect,UObject,0x0,0x0,0x0,0x0,Engine,0x6e9ed0,0x684e10,0x6d08b0,0x67f5d0,0xf8acb0,0xf12630,0x6d8410,0x686620,88
UDisNotify_PlayerGenericInterruptable,DishonoredGame,64,64,0,0x0,0x0,0x6dfd40,0x685550,DishonoredGame,UAnimNotify,UAnimNotify,UObject,0x0,0x0,0x0,0x0,Engine,0x6ea650,0x685550,0x6d0b90,0x67fad0,0xf88580,0xf14c00,0x6d83f0,0x686600,64
UDisNotify_Possession,DishonoredGame,60,60,0,0x0,0x0,0x6dd810,0x684b90,DishonoredGame,UAnimNotify,UAnimNotify,UObject,0x0,0x0,0x0,0x0,Engine,0x6e9cc0,0x684b90,0x6d07b0,0x67f430,0xf8bcb8,0xf116b8,0x6d8430,0x686640,60
UDisNotify_PowerRumble,DishonoredGame,60,60,0,0x0,0x0,0x6dd4e0,0x684b00,DishonoredGame,UAnimNotify,UAnimNotify,UObject,0x0,0x0,0x0,0x0,Engine,0x6e9c30,0x684b00,0x6d0750,0x67f3a0,0xf8c210,0xf11190,0x6d8450,0x686660,60
UDisNotify_PowerShake,DishonoredGame,60,60,0,0x0,0x0,0x6dd3b0,0x684ad0,DishonoredGame,UAnimNotify,UAnimNotify,UObject,0x0,0x0,0x0,0x0,Engine,0x6e9c00,0x684ad0,0x6d0730,0x67f370,0xf8c3d8,0xf10fd8,0x6d8470,0x686680,60
UDisNotify_ReloadAmmo,DishonoredGame,60,60,0,0x0,0x0,0x6dc880,0x6848f0,DishonoredGame,UAnimNotify,UAnimNotify,UObject,0x0,0x0,0x0,0x0,Engine,0x6e9920,0x6848f0,0x6d05f0,0x67f150,0xf8d5a8,0xf0fea8,0x6d8490,0x6866a0,60
UDisNotify_ReloadArrow,DishonoredGame,64,64,0,0x0,0x0,0x6dfe60,0x685580,DishonoredGame,UAnimNotify,UAnimNotify,UObject,0x0,0x0,0x0,0x0,Engine,0x6ea680,0x685580,0x6d0bb0,0x67fb00,0xf883b8,0xf14db8,0x6d84b0,0x6866c0,64
UDisNotify_ReplaceMaterials,DishonoredGame,64,64,0,0x0,0x0,0x6de0b0,0x684e80,DishonoredGame,UAnimNotify,UAnimNotify,UObject,0x0,0x0,0x0,0x0,Engine,0x6e9f00,0x684e80,0x6d08d0,0x67f600,0xf8aae8,0xf127e8,0x6d84d0,0x6866e0,64
UDisNotify_SetLightningTarget,DishonoredGame,72,72,0,0x0,0x0,0x6dcbb0,0x684980,DishonoredGame,UAnimNotify,UAnimNotify,UObject,0x0,0x0,0x0,0x0,Engine,0x6e99b0,0x684980,0x6d0650,0x67f200,0xf8d050,0xf103d0,0x6d84f0,0x686700,72
UDisNotify_ShowArrowHighRes,DishonoredGame,64,64,0,0x0,0x0,0x6dffb0,0x6855b0,DishonoredGame,UAnimNotify,UAnimNotify,UObject,0x0,0x0,0x0,0x0,Engine,0x6ea6b0,0x6855b0,0x6d0bd0,0x67fb30,0xf881f0,0xf14f70,0x6d8510,0x686720,64
UDisNotify_ShowBullet,DishonoredGame,60,60,0,0x0,0x0,0x6dd080,0x684a40,DishonoredGame,UAnimNotify,UAnimNotify,UObject,0x0,0x0,0x0,0x0,Engine,0x6e9b70,0x684a40,0x6d06d0,0x67f2c0,0xf8c930,0xf10ab0,0x6d8530,0x686740,60
UDisNotify_SwimStroke,DishonoredGame,60,60,0,0x0,0x0,0x6dcfb0,0x684a10,DishonoredGame,UAnimNotify,UAnimNotify,UObject,0x0,0x0,0x0,0x0,Engine,0x6e9b40,0x684a10,0x6d06b0,0x67f290,0xf8caf8,0xf108f8,0x6d8550,0x686760,60
UDisNotify_TauntInterruptible_Ranged,DishonoredGame,60,60,0,0x0,0x0,0x6dec90,0x6850c0,DishonoredGame,UAnimNotify,UAnimNotify,UObject,0x0,0x0,0x0,0x0,Engine,0x6ea2e0,0x6850c0,0x6d0a70,0x67f8d0,0xf89750,0xf13ad0,0x6d8570,0x686780,60
UDisNotify_Trails,DishonoredGame,68,68,0,0x0,0x0,0x6df6d0,0x685490,DishonoredGame,UAnimNotify,UAnimNotify,UObject,0x0,0x0,0x0,0x0,Engine,0x6ea470,0x685490,0x6d0b10,0x67fa10,0xf88ca0,0xf14520,0x6d8590,0x6867a0,68
UDisNotify_VulnerablePlayer,DishonoredGame,60,60,0,0x0,0x0,0x6dcd70,0x6849b0,DishonoredGame,UAnimNotify,UAnimNotify,UObject,0x0,0x0,0x0,0x0,Engine,0x6e9ae0,0x6849b0,0x6d0670,0x67f230,0xf8ce88,0xf10588,0x6d85b0,0x6867c0,60
UDisNotify_VulnerableRange,DishonoredGame,72,72,0,0x0,0x0,0x6de140,0x684eb0,DishonoredGame,UAnimNotify,UAnimNotify,UObject,0x0,0x0,0x0,0x0,Engine,0x6e9f30,0x684eb0,0x6d0930,0x67f670,0xf8a920,0xf129a0,0x6d85d0,0x6867e0,72
UDisNotify_WhiskeyFireDamage,DishonoredGame,60,60,0,0x0,0x0,0x6de2e0,0x684ee0,DishonoredGame,UAnimNotify,UAnimNotify,UObject,0x0,0x0,0x0,0x0,Engine,0x6ea040,0x684ee0,0x6d0950,0x67f6a0,0xf8a758,0xf12b58,0x6d85f0,0x686800,60
UDisNotify_WindBlast,DishonoredGame,60,60,0,0x0,0x0,0x6dd150,0x684a70,DishonoredGame,UAnimNotify,UAnimNotify,UObject,0x0,0x0,0x0,0x0,Engine,0x6e9ba0,0x684a70,0x6d06f0,0x67f2f0,0xf8c768,0xf10c68,0x6d8610,0x686820,60
UDisObjectivesObserverInterface,DishonoredGame,56,56,0,0x4001,0x4001,0x72a710,0x6c6420,DishonoredGame,UInterface,UInterface,UObject,0x0,0x0,0x0,0x0,Engine,0x72d850,0x6c6420,0x722010,0x6c18f0,0xfa08f0,0xf1c610,0x696f80,0x6e8cb0,56
UDisOnlineLeaderboards,Engine,,56,,,0x1,,0x4f10d0,,,UObject,UObject,,0x0,,0x0,Engine,,0x4f10d0,,0x4f0760,,0xed0190,,0x4f1c60,
UDisOpacityParameterPpController,DishonoredGame,84,84,0,0x0,0x0,0x84bf50,0x7eab70,DishonoredGame,UArkPpNodeController,UArkPpNodeController,UObject,0x0,0x0,0x0,0x0,Engine,0x850280,0x7eab70,0x849520,0x7e7c70,0xfe2320,0xf5bdf0,0x84b8d0,0x7ee610,84
UDisParticleModuleRainDrops,DishonoredGame,280,280,0,0x0,0x0,0x85a3d0,0x800440,DishonoredGame,UParticleModuleSpawnBase,UParticleModuleSpawnBase,UObject,0x0,0x0,0x0,0x0,Engine,0x85b6d0,0x800440,0x849830,0x7feb10,0xfe1150,0xf5d0e8,0x85a320,0x817b50,280
UDisParticleModuleRainImpacts,DishonoredGame,76,76,0,0x0,0x0,0x851620,0x801440,DishonoredGame,UParticleModuleSpawnBase,UParticleModuleSpawnBase,UObject,0x0,0x0,0x0,0x0,Engine,0x8559b0,0x801440,0x8498e0,0x7feb30,0xfe0f88,0xf5d2a0,0x851600,0x804400,76
UDisParticleSystemComponent,DishonoredGame,720,720,0,0x0,0x0,0x663270,0x5fa870,DishonoredGame,UParticleSystemComponent,UParticleSystemComponent,UObject,0x0,0x0,0x0,0x0,Engine,0x663300,0x5fa870,0x630010,0x5ea410,0xf696e0,0xee8418,0x663250,0x617b40,720
UDisPatrolManager,DishonoredGame,60,60,0,0x0,0x0,0x8b81b0,0x841560,DishonoredGame,UObject,UObject,UObject,0x0,0x0,0x0,0x0,Engine,0x8bc640,0x841560,0x8af180,0x83def0,0x1001770,0xf76c08,0x4c5360,0x4a0dc0,60
UDisPerfectBlockTracker,DishonoredGame,80,80,0,0x0,0x0,0x708da0,0x6cf490,DishonoredGame,UDisTutorialTracker,UDisTutorialTracker,UObject,0x0,0x0,0x0,0x0,Engine,0x713480,0x6cf490,0x710820,0x6c9b10,0xf958b8,0xf189e8,0x6d8670,0x6a5c80,80
UDisPlayerLookAngleKeyProperties,DishonoredGame,76,76,0,0x0,0x0,0x8dc350,0x869910,DishonoredGame,UInterpTrackKeyProperties,UInterpTrackKeyProperties,UObject,0x0,0x0,0x0,0x0,Engine,0x8e00d0,0x869910,0x8d92f0,0x865d10,0x10070d0,0xf7b288,0x53c560,0x86e900,76
UDisPossessableInterface,DishonoredGame,56,56,0,0x4001,0x4001,0x84fe60,0x7e9b40,DishonoredGame,UInterface,UInterface,UObject,0x0,0x0,0x0,0x0,Engine,0x8555f0,0x7e9b40,0x8491c0,0x7e7800,0xfe2dd0,0xf5b3a0,0x696f80,0x6e8cb0,56
UDisPostProcessManager,DishonoredGame,656,760,104,0x0,0x0,0x8556b0,0x7ead70,DishonoredGame,UObject,UObject,UObject,0x0,0x0,0x0,0x0,Engine,0x857400,0x7ead70,0x849590,0x7e7d00,0xfe1f90,0xf5c160,0x855130,0x7f0310,656
UDisPowerMenu,DishonoredGame,80,80,0,0x0,0x0,0x651660,0x5fa8c0,DishonoredGame,UObject,UObject,UObject,0x0,0x0,0x0,0x0,Engine,0x6536d0,0x5fa8c0,0x6300a0,0x5ea4b0,0xf69518,0xee85d0,0x650a60,0x60ae10,80
UDisPursuitTracker,DishonoredGame,76,76,0,0x0,0x0,0x7185e0,0x6c4710,DishonoredGame,UObject,UObject,UObject,0x0,0x0,0x0,0x0,Engine,0x718fb0,0x6c4710,0x6fbb20,0x6bfd50,0xf95528,0xf18d58,0x717c50,0x6dce70,76
UDisRatLightComponent,DishonoredGame,464,464,0,0x0,0x0,0x8e9710,0x8693a0,DishonoredGame,UPrimitiveComponent,UPrimitiveComponent,UObject,0x0,0x0,0x0,0x0,Engine,0x8ebd90,0x8693a0,0x8d9020,0x865660,0x1008630,0xf79de8,0x8e8ee0,0x8704e0,464
UDisRatSwarmGlobalManager,DishonoredGame,108,108,0,0x0,0x0,0x8e91b0,0x868f80,DishonoredGame,UObject,UObject,UObject,0x0,0x0,0x0,0x0,Engine,0x8ebcd0,0x868f80,0x8d8e70,0x8654e0,0x1008d50,0xf79708,0x8e8f10,0x87fa50,108
UDisRatSwarmSpawner,DishonoredGame,224,224,0,0x0,0x0,0x8ebd00,0x8690e0,DishonoredGame,UGameCrowdSpawner,UGameCrowdSpawner,UObject,0x0,0x0,0x0,0x0,Engine,0x8edc10,0x8690e0,0x8d8e90,0x865500,0x10089c0,0xf79a78,0x8ebcb0,0x883cd0,224
UDisRatTargetInterface,DishonoredGame,56,56,0,0x4001,0x4001,0x8dbde0,0x869270,DishonoredGame,UInterface,UInterface,UObject,0x0,0x0,0x0,0x0,Engine,0x8dffc0,0x869270,0x8d8f90,0x8655d0,0x10087f8,0xf79c30,0x696f80,0x6e8cb0,56
UDisRelationshipInterface,DishonoredGame,56,56,0,0x4001,0x4001,0x76f060,0x704370,DishonoredGame,UInterface,UInterface,UObject,0x0,0x0,0x0,0x0,Engine,0x772f10,0x704370,0x764c10,0x701390,0xfb56b0,0xf2ae20,0x696f80,0x6e8cb0,56
UDisRenderProxyComponent,DishonoredGame,464,464,0,0x0,0x0,0x652030,0x61bd90,DishonoredGame,UPrimitiveComponent,UPrimitiveComponent,UObject,0x0,0x0,0x0,0x0,Engine,0x653b50,0x61bd90,0x630c60,0x617ed0,0xf61868,0xef08a0,0x6506f0,0x61f3f0,464
UDisRiverKrustComponent,DishonoredGame,464,464,0,0x0,0x0,0x6a58b0,0x648e70,DishonoredGame,UPrimitiveComponent,UPrimitiveComponent,UObject,0x0,0x0,0x0,0x0,Engine,0x6a7130,0x648e70,0x692730,0x644c20,0xf77218,0xefe9e0,0x6a4730,0x6492c0,464
UDisSeqAct_AIAmbush,DishonoredGame,256,256,0,0x0,0x0,0x7e67e0,0x789530,DishonoredGame,USequenceAction,USequenceAction,UObject,0x0,0x0,0x0,0x0,Engine,0x7ece80,0x789530,0x7ca9b0,0x785150,0xfd0b28,0xf3aff8,0x7e57d0,0x30a360,256
UDisSeqAct_AIClearAttention,DishonoredGame,264,264,0,0x0,0x0,0x7eb290,0x78acf0,DishonoredGame,USequenceAction,USequenceAction,UObject,0x0,0x0,0x0,0x0,Engine,0x7ee340,0x78acf0,0x7cb710,0x7862e0,0xfc2008,0xf492d8,0x7e5730,0x7b7b60,264
UDisSeqAct_AIDoBehavior_Base,DishonoredGame,268,268,0,0x1,0x1,0x7eb320,0x78ad20,DishonoredGame,USequenceAction,USequenceAction,UObject,0x0,0x0,0x0,0x0,Engine,0x7ee370,0x78ad20,0x7cb730,0x786300,0xfc1e40,0xf49490,0x7e5750,0x7b7b80,268
UDisSeqAct_AIDoFollow,DishonoredGame,280,280,0,0x0,0x0,0x7eb440,0x7902b0,DishonoredGame,UDisSeqAct_AIDoBehavior_Base,UDisSeqAct_AIDoBehavior_Base,UObject,0x0,0x0,0x0,0x0,Engine,0x7ef450,0x7902b0,0x7ee3c0,0x78ad70,0xfc1ab0,0xf49800,0x7e5770,0x7b7ba0,280
UDisSeqAct_AIDoSearch,DishonoredGame,256,256,0,0x0,0x0,0x7eb4f0,0x78adf0,DishonoredGame,USequenceAction,USequenceAction,UObject,0x0,0x0,0x0,0x0,Engine,0x7ee3e0,0x78adf0,0x7cb760,0x786320,0xfc18e8,0xf499b8,0x7eb4d0,0x7b8ac0,256
UDisSeqAct_AIDoSimpleBehaviors,DishonoredGame,272,272,0,0x0,0x0,0x7eb3b0,0x790280,DishonoredGame,UDisSeqAct_AIDoBehavior_Base,UDisSeqAct_AIDoBehavior_Base,UObject,0x0,0x0,0x0,0x0,Engine,0x7ef420,0x790280,0x7ee3a0,0x78ad50,0xfc1c78,0xf49648,0x7e5790,0x7b7bc0,272
UDisSeqAct_AIGetBrainFlagValue,DishonoredGame,256,256,0,0x0,0x0,0x7eb730,0x78afd0,DishonoredGame,USequenceAction,USequenceAction,UObject,0x0,0x0,0x0,0x0,Engine,0x7ee490,0x78afd0,0x7cb800,0x786430,0xfc11c8,0xf4a098,0x7e57b0,0x7b7be0,256
UDisSeqAct_AIGoToActor,DishonoredGame,276,276,0,0x0,0x0,0x7eb580,0x790500,DishonoredGame,UDisSeqAct_Latent,UDisSeqAct_Latent,UObject,0x0,0x0,0x0,0x0,Engine,0x7ef480,0x790500,0x7ee410,0x78ae20,0xfc1720,0xf49b70,0x7e5a80,0x7b7ed0,276
UDisSeqAct_AIGuard,DishonoredGame,256,256,0,0x0,0x0,0x7e6870,0x789560,DishonoredGame,USequenceAction,USequenceAction,UObject,0x0,0x0,0x0,0x0,Engine,0x7eceb0,0x789560,0x7ca9d0,0x785170,0xfd0960,0xf3b1b0,0x7e57d0,0x30a360,256
UDisSeqAct_AINoise,DishonoredGame,288,288,0,0x0,0x0,0x7eb610,0x78ae90,DishonoredGame,USequenceAction,USequenceAction,UObject,0x0,0x0,0x0,0x0,Engine,0x7ee430,0x78ae90,0x7cb7a0,0x786380,0xfc1558,0xf49d28,0x7e57f0,0x7b7c00,288
UDisSeqAct_AIProtectNeutralsOverride,DishonoredGame,248,248,0,0x0,0x0,0x7e6ab0,0x789620,DishonoredGame,USequenceAction,USequenceAction,UObject,0x0,0x0,0x0,0x0,Engine,0x7ecf70,0x789620,0x7caa50,0x7851f0,0xfd0240,0xf3b890,0x314060,0x30a320,248
UDisSeqAct_AIPsychicAttention,DishonoredGame,252,252,0,0x0,0x0,0x7e6b40,0x789650,DishonoredGame,USequenceAction,USequenceAction,UObject,0x0,0x0,0x0,0x0,Engine,0x7ecfa0,0x789650,0x7caa70,0x785210,0xfd0078,0xf3ba48,0x7e5f50,0x8e60c0,252
UDisSeqAct_AIRingAlarm,DishonoredGame,256,256,0,0x0,0x0,0x7e6900,0x789590,DishonoredGame,USequenceAction,USequenceAction,UObject,0x0,0x0,0x0,0x0,Engine,0x7ecee0,0x789590,0x7ca9f0,0x785190,0xfd0798,0xf3b368,0x7e57d0,0x30a360,256
UDisSeqAct_AISetBrainFlags,DishonoredGame,260,260,0,0x0,0x0,0x7eb6a0,0x78afa0,DishonoredGame,USequenceAction,USequenceAction,UObject,0x0,0x0,0x0,0x0,Engine,0x7ee460,0x78afa0,0x7cb7e0,0x786410,0xfc1390,0xf49ee0,0x7e5820,0x7b7c30,260
UDisSeqAct_AISetPatrol,DishonoredGame,252,252,0,0x0,0x0,0x7e6990,0x7895c0,DishonoredGame,USequenceAction,USequenceAction,UObject,0x0,0x0,0x0,0x0,Engine,0x7ecf10,0x7895c0,0x7caa10,0x7851b0,0xfd05d0,0xf3b520,0x7e5f50,0x8e60c0,252
UDisSeqAct_AISetSenses,DishonoredGame,252,252,0,0x0,0x0,0x7e6a20,0x7895f0,DishonoredGame,USequenceAction,USequenceAction,UObject,0x0,0x0,0x0,0x0,Engine,0x7ecf40,0x7895f0,0x7caa30,0x7851d0,0xfd0408,0xf3b6d8,0x7e5f50,0x8e60c0,252
UDisSeqAct_AISetSuspicionLevel,DishonoredGame,252,252,0,0x0,0x0,0x7eb7c0,0x78b000,DishonoredGame,USequenceAction,USequenceAction,UObject,0x0,0x0,0x0,0x0,Engine,0x7ee4c0,0x78b000,0x7cb820,0x786470,0xfc1000,0xf4a250,0x7e5f50,0x8e60c0,252
UDisSeqAct_AIShoot,DishonoredGame,280,280,0,0x0,0x0,0x7eb850,0x790950,DishonoredGame,UDisSeqAct_Latent,UDisSeqAct_Latent,UObject,0x0,0x0,0x0,0x0,Engine,0x7ef4b0,0x790950,0x7ee4f0,0x78b030,0xfc0e38,0xf4a408,0x7e5aa0,0x7b7ef0,280
UDisSeqAct_AIStartDistraction,DishonoredGame,252,252,0,0x0,0x0,0x7e8010,0x789ad0,DishonoredGame,USequenceAction,USequenceAction,UObject,0x0,0x0,0x0,0x0,Engine,0x7ed410,0x789ad0,0x7cad50,0x785610,0xfcbe90,0xf3f4b8,0x7e5f50,0x8e60c0,252
UDisSeqAct_ActivateProjectileLauncher,DishonoredGame,268,268,0,0x0,0x0,0x7e6bd0,0x789680,DishonoredGame,USeqAct_Latent,USeqAct_Latent,UObject,0x0,0x0,0x0,0x0,Engine,0x7ecfd0,0x789680,0x7caa90,0x785230,0xfcfeb0,0xf3bc00,0x7e56b0,0x7b7ae0,268
UDisSeqAct_ActivateRatSpawner,DishonoredGame,248,248,0,0x0,0x0,0x6a8e50,0x646ef0,DishonoredGame,USequenceAction,USequenceAction,UObject,0x0,0x0,0x0,0x0,Engine,0x6aa900,0x646ef0,0x6916e0,0x6434a0,0xf7b238,0xefa890,0x314060,0x30a320,248
UDisSeqAct_ActivateUsable,DishonoredGame,280,280,0,0x0,0x0,0x7e6c60,0x7896b0,DishonoredGame,USeqAct_Latent,USeqAct_Latent,UObject,0x0,0x0,0x0,0x0,Engine,0x7ed000,0x7896b0,0x7caab0,0x785260,0xfcfce8,0xf3bdb8,0x7e56d0,0x7b7b00,280
UDisSeqAct_AddAbstractItem,DishonoredGame,256,256,0,0x0,0x0,0x7e6cf0,0x7896e0,DishonoredGame,USequenceAction,USequenceAction,UObject,0x0,0x0,0x0,0x0,Engine,0x7ed030,0x7896e0,0x7caad0,0x785290,0xfcfb20,0xf3bf70,0x7e57d0,0x30a360,256
UDisSeqAct_AddAttributeModifier,DishonoredGame,276,276,0,0x0,0x0,0x7e6d80,0x789710,DishonoredGame,USequenceAction,USequenceAction,UObject,0x0,0x0,0x0,0x0,Engine,0x7ed060,0x789710,0x7caaf0,0x7852b0,0xfcf958,0xf3c128,0x7e56f0,0x7b7b20,276
UDisSeqAct_AddDarkness,DishonoredGame,264,264,0,0x0,0x0,0x7eba00,0x78b0b0,DishonoredGame,USequenceAction,USequenceAction,UObject,0x0,0x0,0x0,0x0,Engine,0x7ee570,0x78b0b0,0x7cb880,0x786500,0xfc08e0,0xf4a930,0x7e5710,0x7b7b40,264
UDisSeqAct_AddInventoryItem,DishonoredGame,256,256,0,0x0,0x0,0x7e6e10,0x789740,DishonoredGame,USequenceAction,USequenceAction,UObject,0x0,0x0,0x0,0x0,Engine,0x7ed090,0x789740,0x7cab10,0x7852e0,0xfcf790,0xf3c2e0,0x7e57d0,0x30a360,256
UDisSeqAct_AddKey,DishonoredGame,264,264,0,0x0,0x0,0x7ea890,0x78f5a0,DishonoredGame,UDisSeqAct_PlayerAction,UDisSeqAct_PlayerAction,UObject,0x0,0x0,0x0,0x0,Engine,0x7ef360,0x78f5a0,0x7eded0,0x78a930,0xfc3c88,0xf47758,0x7e5cd0,0x7b8120,264
UDisSeqAct_AddObjective,DishonoredGame,264,264,0,0x0,0x0,0x7ec1e0,0x7a23a0,DishonoredGame,UDisSeqAct_ObjectiveAction,UDisSeqAct_ObjectiveAction,UObject,0x0,0x0,0x0,0x0,Engine,0x7f0d20,0x7a23a0,0x7f0750,0x79c2d0,0xfbeff0,0xf4c140,0x7e6440,0x7b86c0,264
UDisSeqAct_AddPower,DishonoredGame,264,264,0,0x0,0x0,0x7e6ea0,0x79a4b0,DishonoredGame,UDisSeqAct_PlayerAction,UDisSeqAct_PlayerAction,UObject,0x0,0x0,0x0,0x0,Engine,0x7f0170,0x79a4b0,0x7eeed0,0x78dd40,0xfcf5c8,0xf3c498,0x7e5cd0,0x7b8120,264
UDisSeqAct_AdrenalineToggle,DishonoredGame,248,248,0,0x0,0x0,0x7e7ef0,0x79a720,DishonoredGame,UDisSeqAct_PlayerAction,UDisSeqAct_PlayerAction,UObject,0x0,0x0,0x0,0x0,Engine,0x7f03b0,0x79a720,0x7ef050,0x78de60,0xfcc220,0xf3f148,0x7e5d10,0x7b8160,248
UDisSeqAct_AlarmBell,DishonoredGame,248,248,0,0x0,0x0,0x81b1f0,0x78b8a0,DishonoredGame,USequenceAction,USequenceAction,UObject,0x0,0x0,0x0,0x0,Engine,0x81cfd0,0x78b8a0,0x7f3b70,0x786a60,0xfd7d48,0xf4e710,0x81b1d0,0x7b88c0,248
UDisSeqAct_ApplyPlayerLoadout,DishonoredGame,252,252,0,0x0,0x0,0x7e7c20,0x789a50,DishonoredGame,USequenceAction,USequenceAction,UObject,0x0,0x0,0x0,0x0,Engine,0x7ed390,0x789a50,0x7cad10,0x7855b0,0xfccb08,0xf3edd8,0x7e5f50,0x8e60c0,252
UDisSeqAct_AttachAnimSet,DishonoredGame,252,252,0,0x0,0x0,0x7e6f30,0x789770,DishonoredGame,USequenceAction,USequenceAction,UObject,0x0,0x0,0x0,0x0,Engine,0x7ed0c0,0x789770,0x7cab30,0x785310,0xfcf400,0xf3c650,0x7e5840,0x7b7c50,252
UDisSeqAct_AttachPickup,DishonoredGame,252,252,0,0x0,0x0,0x7ea4a0,0x78a7e0,DishonoredGame,USequenceAction,USequenceAction,UObject,0x0,0x0,0x0,0x0,Engine,0x7eddb0,0x78a7e0,0x7cb410,0x785ed0,0xfc4900,0xf46b50,0x7e5860,0x7b7c70,252
UDisSeqAct_AutoSave,DishonoredGame,276,276,0,0x0,0x0,0x7ea530,0x79b790,DishonoredGame,UDisSeqAct_Latent,UDisSeqAct_Latent,UObject,0x0,0x0,0x0,0x0,Engine,0x7f0720,0x79b790,0x7ef340,0x78f220,0xfc4738,0xf46d08,0x7e5ac0,0x7b7f10,276
UDisSeqAct_BackupAndClearInventory,DishonoredGame,316,316,0,0x0,0x0,0x7ec810,0x78b650,DishonoredGame,USeqAct_Latent,USeqAct_Latent,UObject,0x0,0x0,0x0,0x0,Engine,0x7ee840,0x78b650,0x7cbb90,0x786890,0xfbdc58,0xf4d428,0x7e5880,0x7b7c90,316
UDisSeqAct_BendTime,DishonoredGame,272,272,0,0x0,0x0,0x7ecae0,0x78b740,DishonoredGame,USequenceAction,USequenceAction,UObject,0x0,0x0,0x0,0x0,Engine,0x7ee930,0x78b740,0x7cbc50,0x786960,0xfbd370,0xf4dcc0,0x7e58a0,0x7b7cb0,272
UDisSeqAct_BodyShadowKill,DishonoredGame,248,248,0,0x0,0x0,0x7ebd60,0x78b2b0,DishonoredGame,USequenceAction,USequenceAction,UObject,0x0,0x0,0x0,0x0,Engine,0x7ee690,0x78b2b0,0x7cb960,0x7865f0,0xfbfe30,0xf4b380,0x7e58c0,0x7b7cd0,248
UDisSeqAct_CameraShake,DishonoredGame,,252,,,0x0,,0x8eb5f0,,,USequenceAction,UObject,,0x0,,0x0,Engine,,0x8eb5f0,,0x8e7820,,0xf9bf08,,0x909d70,
UDisSeqAct_CancelPlayerActivePower,DishonoredGame,252,252,0,0x0,0x0,0x7e8370,0x79a7e0,DishonoredGame,UDisSeqAct_PlayerAction,UDisSeqAct_PlayerAction,UObject,0x0,0x0,0x0,0x0,Engine,0x7f0470,0x79a7e0,0x7ef100,0x78df10,0xfcb3e0,0xf3ff08,0x7e5cf0,0x6be7b0,252
UDisSeqAct_CleanupBodies,DishonoredGame,248,248,0,0x0,0x0,0x7ea5c0,0x78a820,DishonoredGame,USequenceAction,USequenceAction,UObject,0x0,0x0,0x0,0x0,Engine,0x7edde0,0x78a820,0x7cb490,0x785f60,0xfc4570,0xf46ec0,0x7e58e0,0x7b7cf0,248
UDisSeqAct_ClearPlayerVisSettings,DishonoredGame,248,248,0,0x0,0x0,0x7ea650,0x78a850,DishonoredGame,USequenceAction,USequenceAction,UObject,0x0,0x0,0x0,0x0,Engine,0x7ede10,0x78a850,0x7cb4b0,0x785f90,0xfc43a8,0xf47078,0x7e5900,0x7b7d10,248
UDisSeqAct_CompleteObjective,DishonoredGame,264,264,0,0x0,0x0,0x7ec270,0x7a23d0,DishonoredGame,UDisSeqAct_ObjectiveAction,UDisSeqAct_ObjectiveAction,UObject,0x0,0x0,0x0,0x0,Engine,0x7f0d50,0x7a23d0,0x7f0770,0x79c2f0,0xfbee28,0xf4c2f8,0x7e6460,0x7b86e0,264
UDisSeqAct_DLC05_AIGoToActor,DishonoredGame,,284,,,0x0,,0x8aad10,,,UDisSeqAct_AIGoToActor,UObject,,0x0,,0x0,Engine,,0x8aad10,,0x8a8390,,0xf87860,,0x8bdc20,
UDisSeqAct_DLC05_DarkVision,DishonoredGame,,260,,,0x0,,0x8aad80,,,USequenceAction,UObject,,0x0,,0x0,Engine,,0x8aad80,,0x8a83c0,,0xf87a18,,0x8bdaa0,
UDisSeqAct_DLC05_DialogScriptedChoice,DishonoredGame,,300,,,0x0,,0x8aadb0,,,UDisSeqAct_DialogScriptedChoice,UObject,,0x0,,0x0,Engine,,0x8aadb0,,0x8a83f0,,0xf87bd0,,0x8bda80,
UDisSeqAct_DLC05_DollCollected,DishonoredGame,,248,,,0x0,,0x8aade0,,,USequenceAction,UObject,,0x0,,0x0,Engine,,0x8aade0,,0x8a8420,,0xf87d88,,0x8bdac0,
UDisSeqAct_DLC05_FallSpeedFX,DishonoredGame,,316,,,0x0,,0x8aae10,,,USequenceAction,UObject,,0x0,,0x0,Engine,,0x8aae10,,0x8a8450,,0xf87f40,,0x8bdae0,
UDisSeqAct_DLC05_FlyingKillCam,DishonoredGame,,276,,,0x0,,0x8aaf40,,,USequenceAction,UObject,,0x0,,0x0,Engine,,0x8aaf40,,0x8a8480,,0xf880f8,,0x8bdb00,
UDisSeqAct_DLC05_ForceKillCam,DishonoredGame,,260,,,0x0,,0x8aaf70,,,USequenceAction,UObject,,0x0,,0x0,Engine,,0x8aaf70,,0x8a84b0,,0xf882b0,,0x8bdb20,
UDisSeqAct_DLC05_GetAmmoInfo,DishonoredGame,,260,,,0x0,,0x8aafa0,,,USequenceAction,UObject,,0x0,,0x0,Engine,,0x8aafa0,,0x8a84d0,,0xf88468,,0x8bdb40,
UDisSeqAct_DLC05_GetDeathInfo,DishonoredGame,,260,,,0x0,,0x8aafd0,,,USequenceAction,UObject,,0x0,,0x0,Engine,,0x8aafd0,,0x8a8500,,0xf88620,,0x8bdb60,
UDisSeqAct_DLC05_Heal,DishonoredGame,,252,,,0x0,,0x8ab000,,,USequenceAction,UObject,,0x0,,0x0,Engine,,0x8ab000,,0x8a8530,,0xf887d8,,0x8bdb80,
UDisSeqAct_DLC05_InfiniteAmmo,DishonoredGame,,252,,,0x0,,0x8ab030,,,USequenceAction,UObject,,0x0,,0x0,Engine,,0x8ab030,,0x8a8560,,0xf88990,,0x8bdba0,
UDisSeqAct_DLC05_Interp,DishonoredGame,,524,,,0x0,,0x8ab060,,,USeqAct_Interp,UObject,,0x0,,0x0,Engine,,0x8ab060,,0x8a8590,,0xf88b48,,0x8bdc70,
UDisSeqAct_DLC05_MarkerControl,DishonoredGame,,264,,,0x0,,0x8ab090,,,USequenceAction,UObject,,0x0,,0x0,Engine,,0x8ab090,,0x8a85c0,,0xf88d00,,0x8bdbc0,
UDisSeqAct_DLC05_ModifyMultiplier,DishonoredGame,,260,,,0x0,,0x8ab0c0,,,USequenceAction,UObject,,0x0,,0x0,Engine,,0x8ab0c0,,0x8a85e0,,0xf88eb8,,0x8bdbe0,
UDisSeqAct_DLC05_NpcWave,DishonoredGame,,308,,,0x0,,0x8ab0f0,,,USequenceAction,UObject,,0x0,,0x0,Engine,,0x8ab0f0,,0x8a8610,,0xf89070,,0x8bdc00,
UDisSeqAct_DLC05_PlayerBusted,DishonoredGame,,260,,,0x0,,0x8c1080,,,USequenceAction,UObject,,0x0,,0x0,Engine,,0x8c1080,,0x8bdca0,,0xf89228,,0x8e60a0,
UDisSeqAct_DLC05_PlayerResurrect,DishonoredGame,,252,,,0x0,,0x8c1150,,,USequenceAction,UObject,,0x0,,0x0,Engine,,0x8c1150,,0x8bdcd0,,0xf893e0,,0x8e60c0,
UDisSeqAct_DLC05_RemoveArrows,DishonoredGame,,252,,,0x0,,0x8c1180,,,USequenceAction,UObject,,0x0,,0x0,Engine,,0x8c1180,,0x8bdcf0,,0xf89598,,0x8e60e0,
UDisSeqAct_DLC05_SendChallengeEvent,DishonoredGame,,256,,,0x0,,0x8c11b0,,,USequenceAction,UObject,,0x0,,0x0,Engine,,0x8c11b0,,0x8bdd20,,0xf89750,,0x8e6100,
UDisSeqAct_DLC05_SetBendTimeDesaturation,DishonoredGame,,256,,,0x0,,0x8c1210,,,USequenceAction,UObject,,0x0,,0x0,Engine,,0x8c1210,,0x8bdd80,,0xf89ac0,,0x8e6120,
UDisSeqAct_DLC05_SetDifficulty,DishonoredGame,,252,,,0x0,,0x8c1240,,,USequenceAction,UObject,,0x0,,0x0,Engine,,0x8c1240,,0x8bde50,,0xf89c78,,0x8e6140,
UDisSeqAct_DLC05_SetMysteryFoe,DishonoredGame,,256,,,0x0,,0x8c12a0,,,USequenceAction,UObject,,0x0,,0x0,Engine,,0x8c12a0,,0x8bde80,,0xf89e30,,0x8e6160,
UDisSeqAct_DLC05_SetPowerWheelShortcuts,DishonoredGame,,264,,,0x0,,0x8c12d0,,,USequenceAction,UObject,,0x0,,0x0,Engine,,0x8c12d0,,0x8bdeb0,,0xf89fe8,,0x8e6180,
UDisSeqAct_DLC05_SetScoringRules,DishonoredGame,,252,,,0x0,,0x8c1300,,,USequenceAction,UObject,,0x0,,0x0,Engine,,0x8c1300,,0x8bdf30,,0xf8a1a0,,0x8e61a0,
UDisSeqAct_DLC05_SetStoryGroup,DishonoredGame,,252,,,0x0,,0x8c13a0,,,USequenceAction,UObject,,0x0,,0x0,Engine,,0x8c13a0,,0x8bdf60,,0xf8a358,,0x8e60c0,
UDisSeqAct_DLC05_ShowCountdown,DishonoredGame,,264,,,0x0,,0x8c13d0,,,USequenceAction,UObject,,0x0,,0x0,Engine,,0x8c13d0,,0x8bdf80,,0xf8a510,,0x8e61c0,
UDisSeqAct_DLC05_ShowEquipmentUnlock,DishonoredGame,,260,,,0x0,,0x8c1400,,,USequenceAction,UObject,,0x0,,0x0,Engine,,0x8c1400,,0x8bdfb0,,0xf8a6c8,,0x8e61e0,
UDisSeqAct_DLC05_ShowHUDItem,DishonoredGame,,260,,,0x0,,0x8c1430,,,USequenceAction,UObject,,0x0,,0x0,Engine,,0x8c1430,,0x8bdfd0,,0xf8a880,,0x8e6200,
UDisSeqAct_DLC05_ShowPhaseResults,DishonoredGame,,276,,,0x0,,0x8c1460,,,USequenceAction,UObject,,0x0,,0x0,Engine,,0x8c1460,,0x8be000,,0xf8aa38,,0x8e6220,
UDisSeqAct_DLC05_ShowWaveNumber,DishonoredGame,,268,,,0x0,,0x8c1490,,,USequenceAction,UObject,,0x0,,0x0,Engine,,0x8c1490,,0x8be020,,0xf8abf0,,0x8e6240,
UDisSeqAct_DLC05_StreamLevels,DishonoredGame,,284,,,0x0,,0x8c14c0,,,USeqAct_MultiLevelStreaming,UObject,,0x0,,0x0,Engine,,0x8c14c0,,0x8be040,,0xf8ada8,,0x8e6260,
UDisSeqAct_DLC05_Teleport,DishonoredGame,,264,,,0x0,,0x8c1530,,,USequenceAction,UObject,,0x0,,0x0,Engine,,0x8c1530,,0x8be070,,0xf8af60,,0x8e6280,
UDisSeqAct_DLC05_Timer,DishonoredGame,,280,,,0x0,,0x8c1560,,,USequenceAction,UObject,,0x0,,0x0,Engine,,0x8c1560,,0x8be0a0,,0xf8b118,,0x8e6080,
UDisSeqAct_DLC05_TriggerCustomScoringRule,DishonoredGame,,256,,,0x0,,0x8c1590,,,USequenceAction,UObject,,0x0,,0x0,Engine,,0x8c1590,,0x8be180,,0xf8b2d0,,0x8e62a0,
UDisSeqAct_DLC05_UnlockAchievement,DishonoredGame,,252,,,0x0,,0x8c15c0,,,USequenceAction,UObject,,0x0,,0x0,Engine,,0x8c15c0,,0x8be1f0,,0xf8b488,,0x8e62c0,
UDisSeqAct_DLC05_WobWave,DishonoredGame,,252,,,0x0,,0x8c1630,,,USequenceAction,UObject,,0x0,,0x0,Engine,,0x8c1630,,0x8be220,,0xf8b640,,0x8e62e0,
UDisSeqAct_DefenceTower,DishonoredGame,248,248,0,0x0,0x0,0x81b280,0x78b8d0,DishonoredGame,USequenceAction,USequenceAction,UObject,0x0,0x0,0x0,0x0,Engine,0x81d000,0x78b8d0,0x7f3b90,0x786a90,0xfd7b80,0xf4e8c8,0x81aff0,0x7b7d30,248
UDisSeqAct_DialogInputs,DishonoredGame,256,256,0,0x0,0x0,0x7ebc40,0x78b1b0,DishonoredGame,USequenceAction,USequenceAction,UObject,0x0,0x0,0x0,0x0,Engine,0x7ee630,0x78b1b0,0x7cb900,0x786590,0xfc01c0,0xf4b010,0x7e5920,0x7b7d50,256
UDisSeqAct_DialogScriptedChoice,DishonoredGame,296,296,0,0x0,0x0,0x7ebcd0,0x78b1e0,DishonoredGame,USeqAct_Latent,USeqAct_Latent,UObject,0x0,0x0,0x0,0x0,Engine,0x7ee660,0x78b1e0,0x7cb920,0x7865c0,0xfbfff8,0xf4b1c8,0x7e5940,0x7b7d70,296
UDisSeqAct_DiscardAllLevelStates,DishonoredGame,248,248,0,0x0,0x0,0x7e6fc0,0x7897a0,DishonoredGame,USequenceAction,USequenceAction,UObject,0x0,0x0,0x0,0x0,Engine,0x7ed0f0,0x7897a0,0x7cab50,0x785340,0xfcf238,0xf3c808,0x7e5960,0x7b7d90,248
UDisSeqAct_DiscardLevelState,DishonoredGame,256,256,0,0x0,0x0,0x7e7050,0x7897d0,DishonoredGame,USequenceAction,USequenceAction,UObject,0x0,0x0,0x0,0x0,Engine,0x7ed120,0x7897d0,0x7cab70,0x785370,0xfcf070,0xf3c9c0,0x7e5980,0x7b7db0,256
UDisSeqAct_Door,DishonoredGame,248,248,0,0x0,0x0,0x81b310,0x78b900,DishonoredGame,USequenceAction,USequenceAction,UObject,0x0,0x0,0x0,0x0,Engine,0x81d030,0x78b900,0x7f3bb0,0x786ac0,0xfd79b8,0xf4ea80,0x81b010,0x7b7dd0,248
UDisSeqAct_EnableSystemicTutorials,DishonoredGame,248,248,0,0x0,0x0,0x81b6f0,0x78ca70,DishonoredGame,USequenceAction,USequenceAction,UObject,0x0,0x0,0x0,0x0,Engine,0x81d8a0,0x78ca70,0x7f4730,0x787ba0,0xfd4088,0xf52180,0x81b080,0x7b88e0,248
UDisSeqAct_EquipItemType,DishonoredGame,260,260,0,0x0,0x0,0x7e70e0,0x789800,DishonoredGame,USequenceAction,USequenceAction,UObject,0x0,0x0,0x0,0x0,Engine,0x7ed150,0x789800,0x7cab90,0x7853a0,0xfceea8,0xf3cb78,0x7e59a0,0x7b7df0,260
UDisSeqAct_EvalAchievement,DishonoredGame,256,256,0,0x0,0x0,0x71c180,0x6a4770,DishonoredGame,UDisSeqAct_PlayerAction,UDisSeqAct_PlayerAction,UObject,0x0,0x0,0x0,0x0,Engine,0x71d430,0x6a4770,0x6facc0,0x6a1b00,0xf96e18,0xf17540,0x71c040,0x6be770,256
UDisSeqAct_FailObjective,DishonoredGame,264,264,0,0x0,0x0,0x7ec300,0x7a2400,DishonoredGame,UDisSeqAct_ObjectiveAction,UDisSeqAct_ObjectiveAction,UObject,0x0,0x0,0x0,0x0,Engine,0x7f0d80,0x7a2400,0x7f0790,0x79c310,0xfbec60,0xf4c4b0,0x7e6480,0x7b8700,264
UDisSeqAct_FireProjectile,DishonoredGame,280,280,0,0x0,0x0,0x7ea6e0,0x78a8a0,DishonoredGame,USequenceAction,USequenceAction,UObject,0x0,0x0,0x0,0x0,Engine,0x7ede40,0x78a8a0,0x7cb4d0,0x785fc0,0xfc41e0,0xf47230,0x7e59e0,0x7b7e30,280
UDisSeqAct_ForbiddenZoneOverride,DishonoredGame,276,276,0,0x0,0x0,0x7ebb20,0x78b150,DishonoredGame,USequenceAction,USequenceAction,UObject,0x0,0x0,0x0,0x0,Engine,0x7ee5d0,0x78b150,0x7cb8c0,0x786550,0xfc0550,0xf4aca0,0x7e5a00,0x7b7e50,276
UDisSeqAct_GameOver,DishonoredGame,264,264,0,0x0,0x0,0x7ea770,0x78a8d0,DishonoredGame,USequenceAction,USequenceAction,UObject,0x0,0x0,0x0,0x0,Engine,0x7ede70,0x78a8d0,0x7cb4f0,0x785ff0,0xfc4018,0xf473e8,0x7e6640,0x7b8900,264
UDisSeqAct_GetAbstractItemQuantity,DishonoredGame,256,256,0,0x0,0x0,0x7e7170,0x789830,DishonoredGame,USequenceAction,USequenceAction,UObject,0x0,0x0,0x0,0x0,Engine,0x7ed180,0x789830,0x7cabb0,0x7853d0,0xfcece0,0xf3cd30,0x7e57d0,0x30a360,256
UDisSeqAct_GetPlayerStat,DishonoredGame,260,260,0,0x0,0x0,0x71c210,0x6a47a0,DishonoredGame,UDisSeqAct_PlayerAction,UDisSeqAct_PlayerAction,UObject,0x0,0x0,0x0,0x0,Engine,0x71d460,0x6a47a0,0x6face0,0x6a1b30,0xf96c50,0xf176f8,0x71c060,0x6be790,260
UDisSeqAct_GivePickup,DishonoredGame,252,252,0,0x0,0x0,0x71c3c0,0x6a4830,DishonoredGame,UDisSeqAct_PlayerAction,UDisSeqAct_PlayerAction,UObject,0x0,0x0,0x0,0x0,Engine,0x71d4f0,0x6a4830,0x6fad40,0x6a1bb0,0xf966f8,0xf17c20,0x7e5cf0,0x6be7b0,252
UDisSeqAct_GiveUpgrade,DishonoredGame,252,252,0,0x0,0x0,0x71c0f0,0x6a39a0,DishonoredGame,UDisSeqAct_PlayerAction,UDisSeqAct_PlayerAction,UObject,0x0,0x0,0x0,0x0,Engine,0x71d1a0,0x6a39a0,0x6faa10,0x6a1580,0xf96fe0,0xf17388,0x7e5cf0,0x6be7b0,252
UDisSeqAct_GotoPlayerTravelDestination,DishonoredGame,252,252,0,0x0,0x0,0x7e7200,0x789860,DishonoredGame,USequenceAction,USequenceAction,UObject,0x0,0x0,0x0,0x0,Engine,0x7ed1b0,0x789860,0x7cabd0,0x7853f0,0xfceb18,0xf3cee8,0x7e5a20,0x7b7e70,252
UDisSeqAct_Highlight,DishonoredGame,248,248,0,0x0,0x0,0x7ea800,0x78a900,DishonoredGame,USequenceAction,USequenceAction,UObject,0x0,0x0,0x0,0x0,Engine,0x7edea0,0x78a900,0x7cb540,0x786040,0xfc3e50,0xf475a0,0x7e5a40,0x7b7e90,248
UDisSeqAct_IncrementPlayerStat,DishonoredGame,268,268,0,0x0,0x0,0x71c330,0x6a4800,DishonoredGame,USequenceAction,USequenceAction,UObject,0x0,0x0,0x0,0x0,Engine,0x71d4c0,0x6a4800,0x6fad20,0x6a1b80,0xf968c0,0xf17a68,0x71c020,0x6be750,268
UDisSeqAct_Latent,DishonoredGame,264,264,0,0x0,0x0,0x7ea9b0,0x78a970,DishonoredGame,USeqAct_Latent,USeqAct_Latent,UObject,0x0,0x0,0x0,0x0,Engine,0x7edf10,0x78a970,0x7cb560,0x786070,0xfc38f8,0xf47ac8,0x7e5a60,0x7b7eb0,264
UDisSeqAct_LimitPawnMinHealth,DishonoredGame,252,252,0,0x0,0x0,0x7eaa40,0x78a9a0,DishonoredGame,USequenceAction,USequenceAction,UObject,0x0,0x0,0x0,0x0,Engine,0x7edf40,0x78a9a0,0x7cb580,0x7860a0,0xfc3730,0xf47c80,0x7e5b50,0x7b7fa0,252
UDisSeqAct_Lock,DishonoredGame,248,248,0,0x0,0x0,0x7eaad0,0x78a9d0,DishonoredGame,USequenceAction,USequenceAction,UObject,0x0,0x0,0x0,0x0,Engine,0x7edf70,0x78a9d0,0x7cb5a0,0x7860d0,0xfc3568,0xf47e38,0x7e5b70,0x7b7fc0,248
UDisSeqAct_MaxPowers,DishonoredGame,248,248,0,0x0,0x0,0x7e7290,0x79a540,DishonoredGame,UDisSeqAct_PlayerAction,UDisSeqAct_PlayerAction,UObject,0x0,0x0,0x0,0x0,Engine,0x7f01a0,0x79a540,0x7eeef0,0x78dd60,0xfce950,0xf3d0a0,0x7e5d10,0x7b8160,248
UDisSeqAct_MinPowers,DishonoredGame,248,248,0,0x0,0x0,0x7e7320,0x79a570,DishonoredGame,UDisSeqAct_PlayerAction,UDisSeqAct_PlayerAction,UObject,0x0,0x0,0x0,0x0,Engine,0x7f01d0,0x79a570,0x7eef10,0x78dd80,0xfce788,0xf3d258,0x7e5d10,0x7b8160,248
UDisSeqAct_MissionStatsTracking,DishonoredGame,256,256,0,0x0,0x0,0x6572d0,0x5fa810,DishonoredGame,USequenceAction,USequenceAction,UObject,0x0,0x0,0x0,0x0,Engine,0x6585d0,0x5fa810,0x62ffd0,0x5ea3b0,0xf69a70,0xee80a8,0x6571f0,0x611f20,256
UDisSeqAct_ModifyAmmo,DishonoredGame,264,264,0,0x0,0x0,0x7ec8a0,0x78b680,DishonoredGame,USequenceAction,USequenceAction,UObject,0x0,0x0,0x0,0x0,Engine,0x7ee870,0x78b680,0x7cbbb0,0x7868b0,0xfbda90,0xf4d5e0,0x7e5b90,0x7b7fe0,264
UDisSeqAct_ModifyElixirCount,DishonoredGame,256,256,0,0x0,0x0,0x7ec930,0x78b6b0,DishonoredGame,USequenceAction,USequenceAction,UObject,0x0,0x0,0x0,0x0,Engine,0x7ee8a0,0x78b6b0,0x7cbbd0,0x7868d0,0xfbd8c8,0xf4d798,0x7e57d0,0x30a360,256
UDisSeqAct_NPCDisableTeleportOnNavmesh,DishonoredGame,252,252,0,0x0,0x0,0x7ebdf0,0x78b2e0,DishonoredGame,USequenceAction,USequenceAction,UObject,0x0,0x0,0x0,0x0,Engine,0x7ee6c0,0x78b2e0,0x7cb980,0x786620,0xfbfc68,0xf4b538,0x7e5bd0,0x7b8020,252
UDisSeqAct_NPCDoTeleportSpell,DishonoredGame,276,276,0,0x0,0x0,0x7ebe80,0x790e40,DishonoredGame,UDisSeqAct_Latent,UDisSeqAct_Latent,UObject,0x0,0x0,0x0,0x0,Engine,0x7ef4e0,0x790e40,0x7ee6f0,0x78b310,0xfbfaa0,0xf4b6f0,0x7e5ae0,0x7b7f30,276
UDisSeqAct_NPCIgnoreRBDamages,DishonoredGame,248,248,0,0x0,0x0,0x7ebf10,0x78b330,DishonoredGame,USequenceAction,USequenceAction,UObject,0x0,0x0,0x0,0x0,Engine,0x7ee710,0x78b330,0x7cb9b0,0x786660,0xfbf8d8,0xf4b8a8,0x7e5bf0,0x7b8040,248
UDisSeqAct_NPCMarkForVanish,DishonoredGame,280,280,0,0x0,0x0,0x7ebfa0,0x78b360,DishonoredGame,USeqAct_Latent,USeqAct_Latent,UObject,0x0,0x0,0x0,0x0,Engine,0x7ee740,0x78b360,0x7cb9d0,0x786690,0xfbf710,0xf4ba60,0x7e5c10,0x7b8060,280
UDisSeqAct_NPCSetMaterials,DishonoredGame,272,272,0,0x0,0x0,0x7ec030,0x78b390,DishonoredGame,USequenceAction,USequenceAction,UObject,0x0,0x0,0x0,0x0,Engine,0x7ee770,0x78b390,0x7cb9f0,0x7866c0,0xfbf548,0xf4bc18,0x7e5c30,0x7b8080,272
UDisSeqAct_NPCTrackTarget,DishonoredGame,276,276,0,0x0,0x0,0x7ec0c0,0x78b3c0,DishonoredGame,USequenceAction,USequenceAction,UObject,0x0,0x0,0x0,0x0,Engine,0x7ee7a0,0x78b3c0,0x7cba10,0x7866e0,0xfbf380,0xf4bdd0,0x7e5c50,0x7b80a0,276
UDisSeqAct_NotifyMissionEnd,DishonoredGame,248,248,0,0x0,0x0,0x7eba90,0x78b0e0,DishonoredGame,USequenceAction,USequenceAction,UObject,0x0,0x0,0x0,0x0,Engine,0x7ee5a0,0x78b0e0,0x7cb8a0,0x786520,0xfc0718,0xf4aae8,0x7e5bb0,0x7b8000,248
UDisSeqAct_ObjectiveAction,DishonoredGame,264,264,0,0x1,0x1,0x7ec390,0x791070,DishonoredGame,UDisSeqAct_PlayerAction,UDisSeqAct_PlayerAction,UObject,0x0,0x0,0x0,0x0,Engine,0x7ef510,0x791070,0x7ee800,0x78b5f0,0xfbea98,0xf4c668,0x7e6420,0x7b86a0,264
UDisSeqAct_OpenCraftsmanStore,DishonoredGame,304,304,0,0x0,0x0,0x7eccb0,0x79c830,DishonoredGame,UDisGFxActionOpenMovie,UDisGFxActionOpenMovie,UObject,0x0,0x0,0x0,0x0,Engine,0x7ee9c0,0x79c830,0x7cbcb0,0x7916b0,0xfbce18,0xf4e1e8,0x7ecc90,0x7b8b00,304
UDisSeqAct_OpenJournal,DishonoredGame,252,252,0,0x0,0x0,0x81b8d0,0x7bc010,DishonoredGame,USequenceAction,USequenceAction,UObject,0x0,0x0,0x0,0x0,Engine,0x81d930,0x7bc010,0x7f4a20,0x7b9930,0xfd37a0,0xf52a18,0x81b0a0,0x7e4ff0,252
UDisSeqAct_OutsiderConfig,DishonoredGame,256,256,0,0x0,0x0,0x7eab60,0x78aa00,DishonoredGame,USequenceAction,USequenceAction,UObject,0x0,0x0,0x0,0x0,Engine,0x7edfa0,0x78aa00,0x7cb5c0,0x786100,0xfc33a0,0xf47ff0,0x7e5c70,0x7b80c0,256
UDisSeqAct_OverrideAwarenessDisplay,DishonoredGame,252,252,0,0x0,0x0,0x7e8250,0x79a7b0,DishonoredGame,UDisSeqAct_PlayerAction,UDisSeqAct_PlayerAction,UObject,0x0,0x0,0x0,0x0,Engine,0x7f0440,0x79a7b0,0x7ef0e0,0x78def0,0xfcb770,0xf3fb98,0x7e5cf0,0x6be7b0,252
UDisSeqAct_OverrideDisableHitReactSoiree,DishonoredGame,248,248,0,0x0,0x0,0x7e82e0,0x789b30,DishonoredGame,USequenceAction,USequenceAction,UObject,0x0,0x0,0x0,0x0,Engine,0x7ed470,0x789b30,0x7cad90,0x785650,0xfcb5a8,0xf3fd50,0x7e5c90,0x7b80e0,248
UDisSeqAct_OverridePossess,DishonoredGame,256,256,0,0x0,0x0,0x7e73b0,0x789890,DishonoredGame,USequenceAction,USequenceAction,UObject,0x0,0x0,0x0,0x0,Engine,0x7ed1e0,0x789890,0x7cabf0,0x785420,0xfce5c0,0xf3d410,0x7e57d0,0x30a360,256
UDisSeqAct_PlayMusicBox,DishonoredGame,260,260,0,0x0,0x0,0x7e7f80,0x78de80,DishonoredGame,UDisSeqAct_EquipItemType,UDisSeqAct_EquipItemType,UObject,0x0,0x0,0x0,0x0,Engine,0x7ef070,0x78de80,0x7ed3f0,0x789ab0,0xfcc058,0xf3f300,0x7e59c0,0x7b7e10,260
UDisSeqAct_PlayerAction,DishonoredGame,248,248,0,0x1,0x1,0x7e9600,0x78a070,DishonoredGame,USequenceAction,USequenceAction,UObject,0x0,0x0,0x0,0x0,Engine,0x7ed910,0x78a070,0x7cb070,0x785a00,0xfc7750,0xf43ce8,0x7e5cb0,0x7b8100,248
UDisSeqAct_PlayerTrackTarget,DishonoredGame,292,292,0,0x0,0x0,0x7eabf0,0x78aa30,DishonoredGame,USequenceAction,USequenceAction,UObject,0x0,0x0,0x0,0x0,Engine,0x7edfd0,0x78aa30,0x7cb5e0,0x786130,0xfc31d8,0xf481a8,0x7e5d50,0x7b81a0,292
UDisSeqAct_PlugWhaleOilBattery,DishonoredGame,248,248,0,0x0,0x0,0x8f0330,0x8694b0,DishonoredGame,USequenceAction,USequenceAction,UObject,0x0,0x0,0x0,0x0,Engine,0x8f0be0,0x8694b0,0x8d90c0,0x865780,0x1007d48,0xf7a680,0x8efdd0,0x886ab0,248
UDisSeqAct_PostProcess,DishonoredGame,252,252,0,0x0,0x0,0x7ecb70,0x78b770,DishonoredGame,USequenceAction,USequenceAction,UObject,0x0,0x0,0x0,0x0,Engine,0x7ee960,0x78b770,0x7cbc70,0x786990,0xfbd1a8,0xf4de78,0x7e5d70,0x7b81c0,252
UDisSeqAct_RBConstraint,DishonoredGame,252,252,0,0x0,0x0,0x7e7b90,0x789a20,DishonoredGame,USequenceAction,USequenceAction,UObject,0x0,0x0,0x0,0x0,Engine,0x7ed360,0x789a20,0x7cacf0,0x785580,0xfcccd0,0xf3ec20,0x7e5d90,0x7b81e0,252
UDisSeqAct_RefillWhaleOilBattery,DishonoredGame,256,256,0,0x0,0x0,0x8f03c0,0x8694e0,DishonoredGame,USequenceAction,USequenceAction,UObject,0x0,0x0,0x0,0x0,Engine,0x8f0c10,0x8694e0,0x8d90e0,0x8657b0,0x1007b80,0xf7a838,0x8efdf0,0x886ad0,256
UDisSeqAct_RemoveAbstractItem,DishonoredGame,256,256,0,0x0,0x0,0x7e7440,0x7898c0,DishonoredGame,USequenceAction,USequenceAction,UObject,0x0,0x0,0x0,0x0,Engine,0x7ed210,0x7898c0,0x7cac10,0x785440,0xfce3f8,0xf3d5c8,0x7e57d0,0x30a360,256
UDisSeqAct_RemoveAttributeModifier,DishonoredGame,264,264,0,0x0,0x0,0x7e74d0,0x7898f0,DishonoredGame,USequenceAction,USequenceAction,UObject,0x0,0x0,0x0,0x0,Engine,0x7ed240,0x7898f0,0x7cac30,0x785460,0xfce230,0xf3d780,0x3140c0,0x30a3a0,264
UDisSeqAct_RemoveInventoryItem,DishonoredGame,272,272,0,0x0,0x0,0x7ec9c0,0x78b6e0,DishonoredGame,USeqAct_Latent,USeqAct_Latent,UObject,0x0,0x0,0x0,0x0,Engine,0x7ee8d0,0x78b6e0,0x7cbbf0,0x7868f0,0xfbd700,0xf4d950,0x7e5db0,0x7b8200,272
UDisSeqAct_RemoveKey,DishonoredGame,260,260,0,0x0,0x0,0x7ea920,0x78f5d0,DishonoredGame,UDisSeqAct_PlayerAction,UDisSeqAct_PlayerAction,UObject,0x0,0x0,0x0,0x0,Engine,0x7ef390,0x78f5d0,0x7edef0,0x78a950,0xfc3ac0,0xf47910,0x7e5d30,0x7b8140,260
UDisSeqAct_RemoveObjective,DishonoredGame,264,264,0,0x0,0x0,0x7ec420,0x79c330,DishonoredGame,UDisSeqAct_ObjectiveAction,UDisSeqAct_ObjectiveAction,UObject,0x0,0x0,0x0,0x0,Engine,0x7f07b0,0x79c330,0x7ef540,0x7910a0,0xfbe8d0,0xf4c820,0x7e64a0,0x7b8720,264
UDisSeqAct_RemovePower,DishonoredGame,260,260,0,0x0,0x0,0x7e7560,0x79a5a0,DishonoredGame,UDisSeqAct_PlayerAction,UDisSeqAct_PlayerAction,UObject,0x0,0x0,0x0,0x0,Engine,0x7f0200,0x79a5a0,0x7eef30,0x78dda0,0xfce068,0xf3d938,0x7e5d30,0x7b8140,260
UDisSeqAct_RestoreInventoryFromBackup,DishonoredGame,280,280,0,0x0,0x0,0x7eca50,0x78b710,DishonoredGame,USeqAct_Latent,USeqAct_Latent,UObject,0x0,0x0,0x0,0x0,Engine,0x7ee900,0x78b710,0x7cbc10,0x786920,0xfbd538,0xf4db08,0x7e5dd0,0x7b8220,280
UDisSeqAct_RiverKrustDisable,DishonoredGame,252,252,0,0x0,0x0,0x7eb8e0,0x78b050,DishonoredGame,USequenceAction,USequenceAction,UObject,0x0,0x0,0x0,0x0,Engine,0x7ee510,0x78b050,0x7cb840,0x7864b0,0xfc0c70,0xf4a5c0,0x7e5f50,0x8e60c0,252
UDisSeqAct_RiverKrustSpitAtTarget,DishonoredGame,252,252,0,0x0,0x0,0x7eb970,0x78b080,DishonoredGame,USequenceAction,USequenceAction,UObject,0x0,0x0,0x0,0x0,Engine,0x7ee540,0x78b080,0x7cb860,0x7864e0,0xfc0aa8,0xf4a778,0x7e5f50,0x8e60c0,252
UDisSeqAct_SaveLevelState,DishonoredGame,252,252,0,0x0,0x0,0x7e75f0,0x789920,DishonoredGame,USequenceAction,USequenceAction,UObject,0x0,0x0,0x0,0x0,Engine,0x7ed270,0x789920,0x7cac50,0x785490,0xfcdea0,0xf3daf0,0x7e5df0,0x7b8240,252
UDisSeqAct_SetActiveSoundCaptureBox,DishonoredGame,248,248,0,0x0,0x0,0x7eac80,0x78aa60,DishonoredGame,USequenceAction,USequenceAction,UObject,0x0,0x0,0x0,0x0,Engine,0x7ee000,0x78aa60,0x7cb600,0x786160,0xfc3010,0xf48360,0x7e5e10,0x7b8260,248
UDisSeqAct_SetAudioOcclusion,DishonoredGame,264,264,0,0x0,0x0,0x7e7e60,0x789a80,DishonoredGame,USequenceAction,USequenceAction,UObject,0x0,0x0,0x0,0x0,Engine,0x7ed3c0,0x789a80,0x7cad30,0x7855d0,0xfcc3e8,0xf3ef90,0x7e5e30,0x7b8280,264
UDisSeqAct_SetBoneCharmEffect,DishonoredGame,252,252,0,0x0,0x0,0x7ead10,0x78aa90,DishonoredGame,USequenceAction,USequenceAction,UObject,0x0,0x0,0x0,0x0,Engine,0x7ee030,0x78aa90,0x7cb620,0x786190,0xfc2e48,0xf48518,0x7e5f50,0x8e60c0,252
UDisSeqAct_SetCurrentChapter,DishonoredGame,256,256,0,0x0,0x0,0x7eadc0,0x78aaf0,DishonoredGame,USequenceAction,USequenceAction,UObject,0x0,0x0,0x0,0x0,Engine,0x7ee060,0x78aaf0,0x7cb640,0x7861b0,0xfc2c80,0xf486d0,0x7eada0,0x7b89a0,256
UDisSeqAct_SetDisposition,DishonoredGame,268,268,0,0x0,0x0,0x7ebbb0,0x78b180,DishonoredGame,USequenceAction,USequenceAction,UObject,0x0,0x0,0x0,0x0,Engine,0x7ee600,0x78b180,0x7cb8e0,0x786570,0xfc0388,0xf4ae58,0x7e5e50,0x7b82a0,268
UDisSeqAct_SetIgnoreDeath,DishonoredGame,260,260,0,0x0,0x0,0x7ec150,0x78b5c0,DishonoredGame,USequenceAction,USequenceAction,UObject,0x0,0x0,0x0,0x0,Engine,0x7ee7d0,0x78b5c0,0x7cba80,0x786760,0xfbf1b8,0xf4bf88,0x7e66f0,0x7b8880,260
UDisSeqAct_SetObjectiveHidden,DishonoredGame,268,268,0,0x0,0x0,0x7ec4b0,0x79c360,DishonoredGame,UDisSeqAct_ObjectiveAction,UDisSeqAct_ObjectiveAction,UObject,0x0,0x0,0x0,0x0,Engine,0x7f07e0,0x79c360,0x7ef560,0x7910c0,0xfbe708,0xf4c9d8,0x7e64c0,0x7b8740,268
UDisSeqAct_SetPlayerHealth,DishonoredGame,252,252,0,0x0,0x0,0x7e8130,0x79a750,DishonoredGame,UDisSeqAct_PlayerAction,UDisSeqAct_PlayerAction,UObject,0x0,0x0,0x0,0x0,Engine,0x7f03e0,0x79a750,0x7ef0a0,0x78deb0,0xfcbb00,0xf3f828,0x7e5cf0,0x6be7b0,252
UDisSeqAct_SetPlayerMana,DishonoredGame,252,252,0,0x0,0x0,0x7e81c0,0x79a780,DishonoredGame,UDisSeqAct_PlayerAction,UDisSeqAct_PlayerAction,UObject,0x0,0x0,0x0,0x0,Engine,0x7f0410,0x79a780,0x7ef0c0,0x78ded0,0xfcb938,0xf3f9e0,0x7e5cf0,0x6be7b0,252
UDisSeqAct_SetPlayerTravelDestination,DishonoredGame,256,256,0,0x0,0x0,0x7e7680,0x789950,DishonoredGame,USequenceAction,USequenceAction,UObject,0x0,0x0,0x0,0x0,Engine,0x7ed2a0,0x789950,0x7cac70,0x7854c0,0xfcdcd8,0xf3dca8,0x7e5e70,0x7b82c0,256
UDisSeqAct_SetPlayerVisSettings,DishonoredGame,252,252,0,0x0,0x0,0x7eae50,0x78ab20,DishonoredGame,USequenceAction,USequenceAction,UObject,0x0,0x0,0x0,0x0,Engine,0x7ee090,0x78ab20,0x7cb690,0x786210,0xfc2ab8,0xf48888,0x7e5e90,0x7b82e0,252
UDisSeqAct_SetRainEmitter,DishonoredGame,292,292,0,0x0,0x0,0x7e7710,0x789980,DishonoredGame,USeqAct_Latent,USeqAct_Latent,UObject,0x0,0x0,0x0,0x0,Engine,0x7ed2d0,0x789980,0x7cac90,0x7854f0,0xfcdb10,0xf3de60,0x7e5eb0,0x7b8300,292
UDisSeqAct_SetRatSwarmCustomBehavior,DishonoredGame,280,280,0,0x0,0x0,0x7eaee0,0x78aba0,DishonoredGame,USequenceAction,USequenceAction,UObject,0x0,0x0,0x0,0x0,Engine,0x7ee0c0,0x78aba0,0x7cb6b0,0x786240,0xfc28f0,0xf48a40,0x7e67c0,0x7b89c0,280
UDisSeqAct_SetStoryFlag,DishonoredGame,268,268,0,0x0,0x0,0x7eb050,0x78ac10,DishonoredGame,USequenceAction,USequenceAction,UObject,0x0,0x0,0x0,0x0,Engine,0x7ee2a0,0x78ac10,0x7cb6d0,0x786270,0xfc2728,0xf48bf8,0x7e5ed0,0x7b8320,268
UDisSeqAct_SetTaskHidden,DishonoredGame,256,256,0,0x0,0x0,0x7ec540,0x7a24b0,DishonoredGame,UDisSeqAct_TaskAction,UDisSeqAct_TaskAction,UObject,0x0,0x0,0x0,0x0,Engine,0x7f0db0,0x7a24b0,0x7f0810,0x79c390,0xfbe540,0xf4cb90,0x7e6500,0x7b8780,256
UDisSeqAct_SetTaskState,DishonoredGame,256,256,0,0x0,0x0,0x7ec5d0,0x7a24e0,DishonoredGame,UDisSeqAct_TaskAction,UDisSeqAct_TaskAction,UObject,0x0,0x0,0x0,0x0,Engine,0x7f0de0,0x7a24e0,0x7f0830,0x79c3b0,0xfbe378,0xf4cd48,0x7e6520,0x7b87a0,256
UDisSeqAct_SetTutorialMessage,DishonoredGame,284,284,0,0x0,0x0,0x81b660,0x78ca40,DishonoredGame,USequenceAction,USequenceAction,UObject,0x0,0x0,0x0,0x0,Engine,0x81d870,0x78ca40,0x7f4710,0x787b80,0xfd4250,0xf51fc8,0x81b0c0,0x7b8920,284
UDisSeqAct_SeverLimb,DishonoredGame,268,268,0,0x0,0x0,0x7e77a0,0x7899b0,DishonoredGame,USequenceAction,USequenceAction,UObject,0x0,0x0,0x0,0x0,Engine,0x7ed300,0x7899b0,0x7cacb0,0x785520,0xfcd948,0xf3e018,0x7e5ef0,0x30a770,268
UDisSeqAct_ShowHUDMessage,DishonoredGame,264,264,0,0x0,0x0,0x81b5d0,0x78ca10,DishonoredGame,USequenceAction,USequenceAction,UObject,0x0,0x0,0x0,0x0,Engine,0x81d840,0x78ca10,0x7f46f0,0x787b60,0xfd4418,0xf51e10,0x81b0e0,0x7b8940,264
UDisSeqAct_ShowLocationDiscovery,DishonoredGame,264,264,0,0x0,0x0,0x81b780,0x78caa0,DishonoredGame,USequenceAction,USequenceAction,UObject,0x0,0x0,0x0,0x0,Engine,0x81d8d0,0x78caa0,0x7f4750,0x787bd0,0xfd3ec0,0xf52338,0x81b100,0x7b8960,264
UDisSeqAct_ShowMissionStats,DishonoredGame,252,252,0,0x0,0x0,0x657360,0x5fa840,DishonoredGame,USequenceAction,USequenceAction,UObject,0x0,0x0,0x0,0x0,Engine,0x658600,0x5fa840,0x62fff0,0x5ea3e0,0xf698a8,0xee8260,0x657130,0x611ef0,252
UDisSeqAct_ShowPowerMenu,DishonoredGame,248,248,0,0x0,0x0,0x7e7830,0x7899e0,DishonoredGame,USequenceAction,USequenceAction,UObject,0x0,0x0,0x0,0x0,Engine,0x7ed330,0x7899e0,0x7cacd0,0x785550,0xfcd780,0xf3e1d0,0x314060,0x30a320,248
UDisSeqAct_ShowTargetNotification,DishonoredGame,264,264,0,0x0,0x0,0x81b810,0x78cad0,DishonoredGame,USequenceAction,USequenceAction,UObject,0x0,0x0,0x0,0x0,Engine,0x81d900,0x78cad0,0x7f4770,0x787bf0,0xfd3cf8,0xf524f0,0x81b120,0x7b8980,264
UDisSeqAct_SpawnCameraLensEffect,DishonoredGame,280,280,0,0x0,0x0,0x7eb0e0,0x78ff30,DishonoredGame,UDisSeqAct_Latent,UDisSeqAct_Latent,UObject,0x0,0x0,0x0,0x0,Engine,0x7ef3c0,0x78ff30,0x7ee2d0,0x78ac40,0xfc2560,0xf48db0,0x7e5b00,0x7b7f50,280
UDisSeqAct_SpawnStealable,DishonoredGame,268,268,0,0x0,0x0,0x7c26d0,0x74f060,DishonoredGame,USequenceAction,USequenceAction,UObject,0x0,0x0,0x0,0x0,Engine,0x7c4290,0x74f060,0x7ab9a0,0x74b4a0,0xfbabc8,0xf39478,0x7c1b50,0x76a470,268
UDisSeqAct_StartSpawn,DishonoredGame,284,284,0,0x0,0x0,0x7eb170,0x790020,DishonoredGame,UDisSeqAct_Latent,UDisSeqAct_Latent,UObject,0x0,0x0,0x0,0x0,Engine,0x7ef3f0,0x790020,0x7ee2f0,0x78ac60,0xfc2398,0xf48f68,0x7e5b20,0x7b7f70,284
UDisSeqAct_TaskAction,DishonoredGame,252,252,0,0x1,0x1,0x7ec660,0x7910e0,DishonoredGame,UDisSeqAct_PlayerAction,UDisSeqAct_PlayerAction,UObject,0x0,0x0,0x0,0x0,Engine,0x7ef580,0x7910e0,0x7ee820,0x78b630,0xfbe1b0,0xf4cf00,0x7e64e0,0x7b8760,252
UDisSeqAct_ToggleAchievementEval,DishonoredGame,252,252,0,0x0,0x0,0x71c2a0,0x6a47d0,DishonoredGame,UDisSeqAct_PlayerAction,UDisSeqAct_PlayerAction,UObject,0x0,0x0,0x0,0x0,Engine,0x71d490,0x6a47d0,0x6fad00,0x6a1b60,0xf96a88,0xf178b0,0x7e5cf0,0x6be7b0,252
UDisSeqAct_ToggleChoke,DishonoredGame,248,248,0,0x0,0x0,0x7e78c0,0x79a630,DishonoredGame,UDisSeqAct_PlayerAction,UDisSeqAct_PlayerAction,UObject,0x0,0x0,0x0,0x0,Engine,0x7f0230,0x79a630,0x7eef50,0x78ddc0,0xfcd5b8,0xf3e388,0x7e5d10,0x7b8160,248
UDisSeqAct_ToggleHUDElement,DishonoredGame,252,252,0,0x0,0x0,0x81b140,0x78b870,DishonoredGame,USequenceAction,USequenceAction,UObject,0x0,0x0,0x0,0x0,Engine,0x81cfa0,0x78b870,0x7f3b50,0x786a30,0xfd7f10,0xf4e558,0x81b030,0x7b8340,252
UDisSeqAct_ToggleJournal,DishonoredGame,248,248,0,0x0,0x0,0x7e7a70,0x79a6c0,DishonoredGame,UDisSeqAct_PlayerAction,UDisSeqAct_PlayerAction,UObject,0x0,0x0,0x0,0x0,Engine,0x7f02c0,0x79a6c0,0x7eefb0,0x78de20,0xfcd060,0xf3e8b0,0x7e5d10,0x7b8160,248
UDisSeqAct_TogglePlayerLeftHand,DishonoredGame,248,248,0,0x0,0x0,0x7e7950,0x79a660,DishonoredGame,UDisSeqAct_PlayerAction,UDisSeqAct_PlayerAction,UObject,0x0,0x0,0x0,0x0,Engine,0x7f0260,0x79a660,0x7eef70,0x78dde0,0xfcd3f0,0xf3e540,0x7e5d10,0x7b8160,248
UDisSeqAct_TogglePowerWheel,DishonoredGame,248,248,0,0x0,0x0,0x7e79e0,0x79a690,DishonoredGame,UDisSeqAct_PlayerAction,UDisSeqAct_PlayerAction,UObject,0x0,0x0,0x0,0x0,Engine,0x7f0290,0x79a690,0x7eef90,0x78de00,0xfcd228,0xf3e6f8,0x7e5d10,0x7b8160,248
UDisSeqAct_ToggleTutorial,DishonoredGame,260,260,0,0x0,0x0,0x7e7b00,0x79a6f0,DishonoredGame,UDisSeqAct_PlayerAction,UDisSeqAct_PlayerAction,UObject,0x0,0x0,0x0,0x0,Engine,0x7f02f0,0x79a6f0,0x7eefd0,0x78de40,0xfcce98,0xf3ea68,0x7e5d30,0x7b8180,260
UDisSeqAct_TriggerExplosion,DishonoredGame,256,256,0,0x0,0x0,0x7eb200,0x78acc0,DishonoredGame,USequenceAction,USequenceAction,UObject,0x0,0x0,0x0,0x0,Engine,0x7ee310,0x78acc0,0x7cb6f0,0x7862b0,0xfc21d0,0xf49120,0x7e5f10,0x7b8360,256
UDisSeqAct_UberPostProcess,DishonoredGame,356,356,0,0x0,0x0,0x7ecc00,0x78b7a0,DishonoredGame,USequenceAction,USequenceAction,UObject,0x0,0x0,0x0,0x0,Engine,0x7ee990,0x78b7a0,0x7cbc90,0x7869c0,0xfbcfe0,0xf4e030,0x7e5f30,0x7b8380,356
UDisSeqAct_UpdateCustomTask,DishonoredGame,252,252,0,0x0,0x0,0x7ec6f0,0x79c3d0,DishonoredGame,UDisSeqAct_TaskAction,UDisSeqAct_TaskAction,UObject,0x0,0x0,0x0,0x0,Engine,0x7f0850,0x79c3d0,0x7ef5b0,0x791110,0xfbdfe8,0xf4d0b8,0x7e6540,0x7b87c0,252
UDisSeqAct_UpdateTaskTarget,DishonoredGame,276,276,0,0x0,0x0,0x7ec780,0x79c400,DishonoredGame,UDisSeqAct_TaskAction,UDisSeqAct_TaskAction,UObject,0x0,0x0,0x0,0x0,Engine,0x7f0880,0x79c400,0x7ef5d0,0x791130,0xfbde20,0xf4d270,0x7e6560,0x7b87e0,276
UDisSeqAct_WallofLightControl,DishonoredGame,248,248,0,0x0,0x0,0x67c4f0,0x61cff0,DishonoredGame,USequenceAction,USequenceAction,UObject,0x0,0x0,0x0,0x0,Engine,0x67dc50,0x61cff0,0x66a310,0x619250,0xf72b20,0xef3fa0,0x67c1a0,0x641790,248
UDisSeqAct_WatchTower,DishonoredGame,260,260,0,0x0,0x0,0x81b3a0,0x78b930,DishonoredGame,USequenceAction,USequenceAction,UObject,0x0,0x0,0x0,0x0,Engine,0x81d060,0x78b930,0x7f3bd0,0x786af0,0xfd77f0,0xf4ec38,0x81b050,0x7b83a0,260
UDisSeqAct_WatchTowerShootAtTarget,DishonoredGame,252,252,0,0x0,0x0,0x7e80a0,0x789b00,DishonoredGame,USequenceAction,USequenceAction,UObject,0x0,0x0,0x0,0x0,Engine,0x7ed440,0x789b00,0x7cad70,0x785630,0xfcbcc8,0xf3f670,0x7e5f50,0x8e60c0,252
UDisSeqCond_CheckStoryFlag,DishonoredGame,244,244,0,0x0,0x0,0x7e9de0,0x78a5a0,DishonoredGame,USequenceCondition,USequenceCondition,UObject,0x0,0x0,0x0,0x0,Engine,0x7edb70,0x78a5a0,0x7cb290,0x785ca0,0xfc5e60,0xf456b0,0x7e5f70,0x7b83c0,244
UDisSeqCond_CompareBoolExtended,DishonoredGame,228,228,0,0x0,0x0,0x7e9e70,0x78a5d0,DishonoredGame,USequenceCondition,USequenceCondition,UObject,0x0,0x0,0x0,0x0,Engine,0x7edba0,0x78a5d0,0x7cb2b0,0x785cd0,0xfc5c98,0xf45868,0x7e5f90,0x7b83e0,228
UDisSeqCond_CompareTweaks,DishonoredGame,232,232,0,0x0,0x0,0x7e9f00,0x78a600,DishonoredGame,USequenceCondition,USequenceCondition,UObject,0x0,0x0,0x0,0x0,Engine,0x7edbd0,0x78a600,0x7cb2d0,0x785d00,0xfc5ad0,0xf45a20,0x7e5fb0,0x7b8400,232
UDisSeqCond_DLC05_IsDollAlreadyCollected,DishonoredGame,,224,,,0x0,,0x8c1660,,,USequenceCondition,UObject,,0x0,,0x0,Engine,,0x8c1660,,0x8be250,,0xf8b7f8,,0x8e6300,
UDisSeqCond_DLC05_IsExpertMode,DishonoredGame,,224,,,0x0,,0x8c1690,,,USequenceCondition,UObject,,0x0,,0x0,Engine,,0x8c1690,,0x8be280,,0xf8b9b0,,0x8e6320,
UDisSeqCond_HasObjective,DishonoredGame,228,228,0,0x0,0x0,0x7e9f90,0x78a630,DishonoredGame,USequenceCondition,USequenceCondition,UObject,0x0,0x0,0x0,0x0,Engine,0x7edc00,0x78a630,0x7cb2f0,0x785d30,0xfc5908,0xf45bd8,0x7e6580,0x7b8800,228
UDisSeqCond_InStoryGroup,DishonoredGame,248,248,0,0x0,0x0,0x7ea020,0x78a660,DishonoredGame,USequenceCondition,USequenceCondition,UObject,0x0,0x0,0x0,0x0,Engine,0x7edc30,0x78a660,0x7cb310,0x785d60,0xfc5740,0xf45d90,0x7e5fd0,0x7b8420,248
UDisSeqCond_IsDLCUnlocked,DishonoredGame,228,228,0,0x0,0x0,0x7ea0b0,0x78a690,DishonoredGame,USequenceCondition,USequenceCondition,UObject,0x0,0x0,0x0,0x0,Engine,0x7edc60,0x78a690,0x7cb330,0x785d80,0xfc5578,0xf45f48,0x7e5ff0,0x7b8440,228
UDisSeqCond_IsDoorOpen,DishonoredGame,228,228,0,0x0,0x0,0x7ea140,0x78a6c0,DishonoredGame,USequenceCondition,USequenceCondition,UObject,0x0,0x0,0x0,0x0,Engine,0x7edc90,0x78a6c0,0x7cb350,0x785db0,0xfc53b0,0xf46100,0x7e6010,0x7b8460,228
UDisSeqCond_IsObjectiveComplete,DishonoredGame,228,228,0,0x0,0x0,0x7ea1d0,0x78a6f0,DishonoredGame,USequenceCondition,USequenceCondition,UObject,0x0,0x0,0x0,0x0,Engine,0x7edcc0,0x78a6f0,0x7cb370,0x785de0,0xfc51e8,0xf462b8,0x7e65a0,0x7b8820,228
UDisSeqCond_IsPlayerInCombat,DishonoredGame,224,224,0,0x0,0x0,0x7ea260,0x78a720,DishonoredGame,USequenceCondition,USequenceCondition,UObject,0x0,0x0,0x0,0x0,Engine,0x7edcf0,0x78a720,0x7cb390,0x785e10,0xfc5020,0xf46470,0x7e5670,0x7b7ac0,224
UDisSeqCond_IsSentinel,DishonoredGame,224,224,0,0x0,0x0,0x7ea2f0,0x78a750,DishonoredGame,USequenceCondition,USequenceCondition,UObject,0x0,0x0,0x0,0x0,Engine,0x7edd20,0x78a750,0x7cb3b0,0x785e40,0xfc4e58,0xf46628,0x7e6030,0x7b8480,224
UDisSeqCond_PawnIsPossessed,DishonoredGame,224,224,0,0x0,0x0,0x7ea380,0x78a780,DishonoredGame,USequenceCondition,USequenceCondition,UObject,0x0,0x0,0x0,0x0,Engine,0x7edd50,0x78a780,0x7cb3d0,0x785e70,0xfc4c90,0xf467e0,0x7e6050,0x7b84a0,224
UDisSeqCond_TaskState,DishonoredGame,224,224,0,0x0,0x0,0x7ea410,0x78a7b0,DishonoredGame,USequenceCondition,USequenceCondition,UObject,0x0,0x0,0x0,0x0,Engine,0x7edd80,0x78a7b0,0x7cb3f0,0x785ea0,0xfc4ac8,0xf46998,0x7e65c0,0x7b8840,224
UDisSeqEvent_ActorTouched,DishonoredGame,272,272,0,0x0,0x0,0x7e8520,0x789bc0,DishonoredGame,USequenceEvent,USequenceEvent,UObject,0x0,0x0,0x0,0x0,Engine,0x7ed500,0x789bc0,0x7cadf0,0x7856d0,0xfcae88,0xf40430,0x7e60f0,0x9118e0,272
UDisSeqEvent_AlarmEnded,DishonoredGame,272,272,0,0x0,0x0,0x67c830,0x61e080,DishonoredGame,USequenceEvent,USequenceEvent,UObject,0x0,0x0,0x0,0x0,Engine,0x680b80,0x61e080,0x66ab50,0x619df0,0xf6fb08,0xef6e08,0x7e60f0,0x9118e0,272
UDisSeqEvent_Assassinated,DishonoredGame,272,272,0,0x0,0x0,0x7e8400,0x789b60,DishonoredGame,USequenceEvent,USequenceEvent,UObject,0x0,0x0,0x0,0x0,Engine,0x7ed4a0,0x789b60,0x7cadb0,0x785680,0xfcb218,0xf400c0,0x7e6710,0x7b88a0,272
UDisSeqEvent_AttackedByRats,DishonoredGame,,272,,,0x0,,0x789fe0,,,USequenceEvent,UObject,,0x0,,0x0,Engine,,0x789fe0,,0x785990,,0xf437c0,,0x9118e0,
UDisSeqEvent_Attention,DishonoredGame,276,276,0,0x0,0x0,0x7e9720,0x78a230,DishonoredGame,USequenceEvent,USequenceEvent,UObject,0x0,0x0,0x0,0x0,Engine,0x7ed970,0x78a230,0x7cb170,0x785b20,0xfc73c0,0xf44058,0x7e6070,0x7b84c0,276
UDisSeqEvent_AttentionDecreasedTo,DishonoredGame,276,276,0,0x0,0x0,0x7e9840,0x78e740,DishonoredGame,UDisSeqEvent_Attention,UDisSeqEvent_Attention,UObject,0x0,0x0,0x0,0x0,Engine,0x7ef2b0,0x78e740,0x7ed9c0,0x78a280,0xfc7030,0xf443c8,0x7e6090,0x7b84e0,276
UDisSeqEvent_AttentionIncreasedTo,DishonoredGame,276,276,0,0x0,0x0,0x7e97b0,0x78e710,DishonoredGame,UDisSeqEvent_Attention,UDisSeqEvent_Attention,UObject,0x0,0x0,0x0,0x0,Engine,0x7ef280,0x78e710,0x7ed9a0,0x78a260,0xfc71f8,0xf44210,0x7e6090,0x7b84e0,276
UDisSeqEvent_BehaviorStarted,DishonoredGame,276,276,0,0x0,0x0,0x7e85b0,0x789bf0,DishonoredGame,USequenceEvent,USequenceEvent,UObject,0x0,0x0,0x0,0x0,Engine,0x7ed530,0x789bf0,0x7cae10,0x7856f0,0xfcacc0,0xf405e8,0x7e60b0,0x7b8500,276
UDisSeqEvent_BreakableBroken,DishonoredGame,272,272,0,0x0,0x0,0x7e98d0,0x78a320,DishonoredGame,USequenceEvent,USequenceEvent,UObject,0x0,0x0,0x0,0x0,Engine,0x7ed9e0,0x78a320,0x7cb190,0x785b60,0xfc6e68,0xf44580,0x7e60d0,0x7b8520,272
UDisSeqEvent_Climb,DishonoredGame,272,272,0,0x0,0x0,0x6a98a0,0x662fd0,DishonoredGame,USequenceEvent,USequenceEvent,UObject,0x0,0x0,0x0,0x0,Engine,0x6ac690,0x662fd0,0x692e30,0x65fee0,0xf75928,0xf001f0,0x7e60f0,0x9118e0,272
UDisSeqEvent_Combat,DishonoredGame,272,272,0,0x0,0x0,0x7e8640,0x789c20,DishonoredGame,USequenceEvent,USequenceEvent,UObject,0x0,0x0,0x0,0x0,Engine,0x7ed560,0x789c20,0x7cae30,0x785720,0xfcaaf8,0xf407a0,0x7e60f0,0x9118e0,272
UDisSeqEvent_Corpse,DishonoredGame,272,272,0,0x0,0x0,0x6cd7d0,0x681f00,DishonoredGame,USequenceEvent,USequenceEvent,UObject,0x0,0x0,0x0,0x0,Engine,0x6ce720,0x681f00,0x6b1670,0x67d080,0xf7e540,0xf082e8,0x7e60f0,0x9118e0,272
UDisSeqEvent_CorpseDetected,DishonoredGame,272,272,0,0x0,0x0,0x7e9210,0x789ef0,DishonoredGame,USequenceEvent,USequenceEvent,UObject,0x0,0x0,0x0,0x0,Engine,0x7ed820,0x789ef0,0x7caff0,0x785910,0xfc8590,0xf42bb8,0x7e60f0,0x9118e0,272
UDisSeqEvent_DLC05_Challenge,DishonoredGame,,272,,,0x0,,0x8c11e0,,,USequenceEvent,UObject,,0x0,,0x0,Engine,,0x8c11e0,,0x8bdd50,,0xf89908,,0x8e6340,
UDisSeqEvent_DLC05_DropKilled,DishonoredGame,,272,,,0x0,,0x78a010,,,USequenceEvent,UObject,,0x0,,0x0,Engine,,0x78a010,,0x7859b0,,0xf43978,,0x9118e0,
UDisSeqEvent_DLC05_PlayerDeath,DishonoredGame,,272,,,0x0,,0x8c16c0,,,USequenceEvent,UObject,,0x0,,0x0,Engine,,0x8c16c0,,0x8be2b0,,0xf8bb68,,0x8e6360,
UDisSeqEvent_DefenceTower,DishonoredGame,272,272,0,0x0,0x0,0x6580d0,0x61c240,DishonoredGame,USequenceEvent,USequenceEvent,UObject,0x0,0x0,0x0,0x0,Engine,0x65b8b0,0x61c240,0x631100,0x618120,0xf60a28,0xef1660,0x7e60f0,0x9118e0,272
UDisSeqEvent_DialogOutputs,DishonoredGame,276,276,0,0x0,0x0,0x7e9960,0x78a3b0,DishonoredGame,USequenceEvent,USequenceEvent,UObject,0x0,0x0,0x0,0x0,Engine,0x7eda10,0x78a3b0,0x7cb1b0,0x785b90,0xfc6ca0,0xf44738,0x7e6110,0x7b8540,276
UDisSeqEvent_Distracted,DishonoredGame,272,272,0,0x0,0x0,0x7e99f0,0x78a3e0,DishonoredGame,USequenceEvent,USequenceEvent,UObject,0x0,0x0,0x0,0x0,Engine,0x7eda40,0x78a3e0,0x7cb1d0,0x785bc0,0xfc6ad8,0xf448f0,0x7e60f0,0x9118e0,272
UDisSeqEvent_Door,DishonoredGame,272,272,0,0x0,0x0,0x7e86d0,0x789c50,DishonoredGame,USequenceEvent,USequenceEvent,UObject,0x0,0x0,0x0,0x0,Engine,0x7ed590,0x789c50,0x7cae50,0x785740,0xfca930,0xf40958,0x7e60f0,0x9118e0,272
UDisSeqEvent_FishPossess,DishonoredGame,272,272,0,0x0,0x0,0x7e9570,0x78e060,DishonoredGame,UDisSeqEvent_PlayerEvent,UDisSeqEvent_PlayerEvent,UObject,0x0,0x0,0x0,0x0,Engine,0x7ef250,0x78e060,0x7ed8f0,0x789fc0,0xfc7ae0,0xf43608,0x7e61f0,0x7b85c0,272
UDisSeqEvent_FleepointReached,DishonoredGame,272,272,0,0x0,0x0,0x7e8760,0x789c80,DishonoredGame,USequenceEvent,USequenceEvent,UObject,0x0,0x0,0x0,0x0,Engine,0x7ed5c0,0x789c80,0x7cae70,0x785760,0xfca768,0xf40b10,0x7e60f0,0x9118e0,272
UDisSeqEvent_Interact,DishonoredGame,276,276,0,0x0,0x0,0x7e9a80,0x78a410,DishonoredGame,USequenceEvent,USequenceEvent,UObject,0x0,0x0,0x0,0x0,Engine,0x7eda70,0x78a410,0x7cb1f0,0x785be0,0xfc6910,0xf44aa8,0x7e6130,0x7b8560,276
UDisSeqEvent_Investigate,DishonoredGame,272,272,0,0x0,0x0,0x7e87f0,0x789cb0,DishonoredGame,USequenceEvent,USequenceEvent,UObject,0x0,0x0,0x0,0x0,Engine,0x7ed5f0,0x789cb0,0x7cae90,0x785780,0xfca5a0,0xf40cc8,0x7e60f0,0x9118e0,272
UDisSeqEvent_JournalViewed,DishonoredGame,272,272,0,0x0,0x0,0x81b960,0x7bc040,DishonoredGame,UDisSeqEvent_PlayerEvent,UDisSeqEvent_PlayerEvent,UObject,0x0,0x0,0x0,0x0,Engine,0x81d960,0x7bc040,0x7f4a40,0x7b9960,0xfd35d8,0xf52bd0,0x7e61f0,0x7b85c0,272
UDisSeqEvent_KeyHoleUsed,DishonoredGame,272,272,0,0x0,0x0,0x67c9e0,0x61e8d0,DishonoredGame,USequenceEvent,USequenceEvent,UObject,0x0,0x0,0x0,0x0,Engine,0x681270,0x61e8d0,0x66af80,0x61a3a0,0xf6e938,0xef7f38,0x7e60f0,0x9118e0,272
UDisSeqEvent_KnockedOut,DishonoredGame,272,272,0,0x0,0x0,0x7e8880,0x789ce0,DishonoredGame,USequenceEvent,USequenceEvent,UObject,0x0,0x0,0x0,0x0,Engine,0x7ed620,0x789ce0,0x7caeb0,0x7857a0,0xfca3d8,0xf40e80,0x7e60f0,0x9118e0,272
UDisSeqEvent_Lock,DishonoredGame,272,272,0,0x0,0x0,0x67caa0,0x645350,DishonoredGame,USequenceEvent,USequenceEvent,UObject,0x0,0x0,0x0,0x0,Engine,0x681300,0x645350,0x66b210,0x642240,0xf6e218,0xef8630,0x7e60f0,0x9118e0,272
UDisSeqEvent_MovableDropped,DishonoredGame,272,272,0,0x0,0x0,0x7e9b10,0x78a440,DishonoredGame,USequenceEvent,USequenceEvent,UObject,0x0,0x0,0x0,0x0,Engine,0x7edaa0,0x78a440,0x7cb210,0x785c10,0xfc6748,0xf44c60,0x7e60f0,0x9118e0,272
UDisSeqEvent_MovablePickedUp,DishonoredGame,272,272,0,0x0,0x0,0x7e9ba0,0x78a470,DishonoredGame,USequenceEvent,USequenceEvent,UObject,0x0,0x0,0x0,0x0,Engine,0x7edad0,0x78a470,0x7cb230,0x785c30,0xfc6580,0xf44e18,0x7e60f0,0x9118e0,272
UDisSeqEvent_NPCIncapacitated,DishonoredGame,272,272,0,0x0,0x0,0x7e8910,0x789d10,DishonoredGame,USequenceEvent,USequenceEvent,UObject,0x0,0x0,0x0,0x0,Engine,0x7ed650,0x789d10,0x7caed0,0x7857c0,0xfca210,0xf41038,0x7e60f0,0x7b8580,272
UDisSeqEvent_ObjectiveCompleted,DishonoredGame,276,276,0,0x0,0x0,0x7e89a0,0x79a810,DishonoredGame,UDisSeqEvent_PlayerEvent,UDisSeqEvent_PlayerEvent,UObject,0x0,0x0,0x0,0x0,Engine,0x7f04a0,0x79a810,0x7ef120,0x78df30,0xfca048,0xf411f0,0x7e65e0,0x911960,276
UDisSeqEvent_PatrolPointReached,DishonoredGame,272,272,0,0x0,0x0,0x7e8a30,0x789d40,DishonoredGame,USequenceEvent,USequenceEvent,UObject,0x0,0x0,0x0,0x0,Engine,0x7ed680,0x789d40,0x7caef0,0x7857f0,0xfc9e80,0xf413a8,0x7e60f0,0x9118e0,272
UDisSeqEvent_PawnSighted,DishonoredGame,272,272,0,0x0,0x0,0x7e8ac0,0x789d70,DishonoredGame,USequenceEvent,USequenceEvent,UObject,0x0,0x0,0x0,0x0,Engine,0x7ed6b0,0x789d70,0x7caf10,0x785810,0xfc9cb8,0xf41560,0x7e60f0,0x9118e0,272
UDisSeqEvent_PickupPickedUp,DishonoredGame,276,276,0,0x0,0x0,0x7e9690,0x78a200,DishonoredGame,USequenceEvent,USequenceEvent,UObject,0x0,0x0,0x0,0x0,Engine,0x7ed940,0x78a200,0x7cb150,0x785af0,0xfc7588,0xf43ea0,0x7e6150,0x30ab60,276
UDisSeqEvent_PlayerCombat,DishonoredGame,272,272,0,0x0,0x0,0x7e8b50,0x79a840,DishonoredGame,UDisSeqEvent_PlayerEvent,UDisSeqEvent_PlayerEvent,UObject,0x0,0x0,0x0,0x0,Engine,0x7f04d0,0x79a840,0x7ef140,0x78df50,0xfc9af0,0xf41718,0x7e61f0,0x7b85c0,272
UDisSeqEvent_PlayerCrouch,DishonoredGame,272,272,0,0x0,0x0,0x7e8be0,0x79a870,DishonoredGame,UDisSeqEvent_PlayerEvent,UDisSeqEvent_PlayerEvent,UObject,0x0,0x0,0x0,0x0,Engine,0x7f0500,0x79a870,0x7ef160,0x78df70,0xfc9928,0xf418d0,0x7e61f0,0x7b85c0,272
UDisSeqEvent_PlayerEvent,DishonoredGame,272,272,0,0x1,0x1,0x7e8d00,0x789da0,DishonoredGame,USequenceEvent,USequenceEvent,UObject,0x0,0x0,0x0,0x0,Engine,0x7ed6e0,0x789da0,0x7caf30,0x785830,0xfc9598,0xf41c40,0x7e6170,0x7b85a0,272
UDisSeqEvent_PlayerHeard,DishonoredGame,272,272,0,0x0,0x0,0x7e8e20,0x789df0,DishonoredGame,USequenceEvent,USequenceEvent,UObject,0x0,0x0,0x0,0x0,Engine,0x7ed730,0x789df0,0x7caf50,0x785860,0xfc9208,0xf41fb0,0x7e60f0,0x9118e0,272
UDisSeqEvent_PlayerHolsterWeapon,DishonoredGame,272,272,0,0x0,0x0,0x7e8c70,0x79a8a0,DishonoredGame,UDisSeqEvent_PlayerEvent,UDisSeqEvent_PlayerEvent,UObject,0x0,0x0,0x0,0x0,Engine,0x7f0530,0x79a8a0,0x7ef180,0x78df90,0xfc9760,0xf41a88,0x7e61f0,0x7b85c0,272
UDisSeqEvent_PlayerInventoryChanged,DishonoredGame,,280,,,0x0,,0x78e8b0,,,UDisSeqEvent_PlayerEvent,UObject,,0x0,,0x0,Engine,,0x78e8b0,,0x78a4a0,,0xf44fd0,,0x7b85e0,
UDisSeqEvent_PlayerManaThreshold,DishonoredGame,276,276,0,0x0,0x0,0x7e9c30,0x78e8e0,DishonoredGame,UDisSeqEvent_PlayerEvent,UDisSeqEvent_PlayerEvent,UObject,0x0,0x0,0x0,0x0,Engine,0x7ef2e0,0x78e8e0,0x7edb00,0x78a4c0,0xfc63b8,0xf45188,0x7e6190,0x7b8600,276
UDisSeqEvent_PlayerTutorialEvent,DishonoredGame,272,272,0,0x0,0x0,0x7e8d90,0x78dfb0,DishonoredGame,UDisSeqEvent_PlayerEvent,UDisSeqEvent_PlayerEvent,UObject,0x0,0x0,0x0,0x0,Engine,0x7ef1a0,0x78dfb0,0x7ed710,0x789dd0,0xfc93d0,0xf41df8,0x7e61f0,0x7b85c0,272
UDisSeqEvent_Possessed,DishonoredGame,272,272,0,0x0,0x0,0x7e92a0,0x789f20,DishonoredGame,USequenceEvent,USequenceEvent,UObject,0x0,0x0,0x0,0x0,Engine,0x7ed850,0x789f20,0x7cb010,0x785930,0xfc83c8,0xf42d70,0x7e60f0,0x9118e0,272
UDisSeqEvent_PowerEquipped,DishonoredGame,272,272,0,0x0,0x0,0x7e9450,0x79a910,DishonoredGame,UDisSeqEvent_PowerUsed,UDisSeqEvent_PowerUsed,UObject,0x0,0x0,0x0,0x0,Engine,0x7f05a0,0x79a910,0x7ef200,0x78e010,0xfc7e70,0xf43298,0x7e61d0,0x7b8640,272
UDisSeqEvent_PowerUsed,DishonoredGame,272,272,0,0x0,0x0,0x7e93c0,0x78dfe0,DishonoredGame,UDisSeqEvent_PlayerEvent,UDisSeqEvent_PlayerEvent,UObject,0x0,0x0,0x0,0x0,Engine,0x7ef1d0,0x78dfe0,0x7ed8b0,0x789f80,0xfc8038,0xf430e0,0x7e61b0,0x7b8620,272
UDisSeqEvent_PutToSleep,DishonoredGame,272,272,0,0x0,0x0,0x6cd740,0x681dd0,DishonoredGame,USequenceEvent,USequenceEvent,UObject,0x0,0x0,0x0,0x0,Engine,0x6ce6f0,0x681dd0,0x6b15e0,0x67cfb0,0xf7ea98,0xf07dc0,0x7e60f0,0x9118e0,272
UDisSeqEvent_RatPossess,DishonoredGame,272,272,0,0x0,0x0,0x7e94e0,0x78e030,DishonoredGame,UDisSeqEvent_PlayerEvent,UDisSeqEvent_PlayerEvent,UObject,0x0,0x0,0x0,0x0,Engine,0x7ef220,0x78e030,0x7ed8d0,0x789fa0,0xfc7ca8,0xf43450,0x7e61f0,0x7b85c0,272
UDisSeqEvent_RiverKrustLooted,DishonoredGame,,272,,,0x0,,0x6489d0,,,USequenceEvent,UObject,,0x0,,0x0,Engine,,0x6489d0,,0x6445e0,,0xefe670,,0x9118e0,
UDisSeqEvent_Spawned,DishonoredGame,272,272,0,0x0,0x0,0x7e8eb0,0x789e20,DishonoredGame,USequenceEvent,USequenceEvent,UObject,0x0,0x0,0x0,0x0,Engine,0x7ed760,0x789e20,0x7caf70,0x785880,0xfc9040,0xf42168,0x7e60f0,0x9118e0,272
UDisSeqEvent_TaskActivated,DishonoredGame,280,280,0,0x0,0x0,0x7e8f40,0x7a1710,DishonoredGame,UDisSeqEvent_TaskEvent,UDisSeqEvent_TaskEvent,UObject,0x0,0x0,0x0,0x0,Engine,0x7f0c20,0x7a1710,0x7f0560,0x79a8d0,0xfc8e78,0xf42320,0x7e6620,0x7b8860,280
UDisSeqEvent_TaskEvent,DishonoredGame,280,280,0,0x1,0x1,0x7e9cc0,0x78e9a0,DishonoredGame,UDisSeqEvent_PlayerEvent,UDisSeqEvent_PlayerEvent,UObject,0x0,0x0,0x0,0x0,Engine,0x7ef310,0x78e9a0,0x7edb20,0x78a4e0,0xfc61f0,0xf45340,0x7e6600,0x7b85e0,280
UDisSeqEvent_TaskStateChanged,DishonoredGame,280,280,0,0x0,0x0,0x7e8fd0,0x7a1740,DishonoredGame,UDisSeqEvent_TaskEvent,UDisSeqEvent_TaskEvent,UObject,0x0,0x0,0x0,0x0,Engine,0x7f0c50,0x7a1740,0x7f0580,0x79a8f0,0xfc8cb0,0xf424d8,0x7e6620,0x7b8860,280
UDisSeqEvent_TeleportSpell,DishonoredGame,272,272,0,0x0,0x0,0x7e9060,0x789e60,DishonoredGame,USequenceEvent,USequenceEvent,UObject,0x0,0x0,0x0,0x0,Engine,0x7ed790,0x789e60,0x7caf90,0x7858a0,0xfc8ae8,0xf42690,0x7e60f0,0x9118e0,272
UDisSeqEvent_Tripwire,DishonoredGame,272,272,0,0x0,0x0,0x7e90f0,0x789e90,DishonoredGame,USequenceEvent,USequenceEvent,UObject,0x0,0x0,0x0,0x0,Engine,0x7ed7c0,0x789e90,0x7cafb0,0x7858c0,0xfc8920,0xf42848,0x7e60f0,0x9118e0,272
UDisSeqEvent_Used,DishonoredGame,276,276,0,0x0,0x0,0x7e9180,0x789ec0,DishonoredGame,USequenceEvent,USequenceEvent,UObject,0x0,0x0,0x0,0x0,Engine,0x7ed7f0,0x789ec0,0x7cafd0,0x7858e0,0xfc8758,0xf42a00,0x7e6210,0x7b8660,276
UDisSeqEvent_WallOfLight,DishonoredGame,272,272,0,0x0,0x0,0x67c460,0x61cfc0,DishonoredGame,USequenceEvent,USequenceEvent,UObject,0x0,0x0,0x0,0x0,Engine,0x67dc20,0x61cfc0,0x66a2f0,0x619230,0xf72ce8,0xef3de8,0x7e60f0,0x9118e0,272
UDisSeqEvent_WatchTower,DishonoredGame,272,272,0,0x0,0x0,0x67c580,0x61d0b0,DishonoredGame,USequenceEvent,USequenceEvent,UObject,0x0,0x0,0x0,0x0,Engine,0x67e600,0x61d0b0,0x66a490,0x619580,0xf72238,0xef4838,0x7e60f0,0x9118e0,272
UDisSeqEvent_WhaleOilBattery,DishonoredGame,272,272,0,0x0,0x0,0x8f02a0,0x869480,DishonoredGame,USequenceEvent,USequenceEvent,UObject,0x0,0x0,0x0,0x0,Engine,0x8f0bb0,0x869480,0x8d90a0,0x865760,0x1007f10,0xf7a4c8,0x7e60f0,0x9118e0,272
UDisSeqEvent_WhaleOilReceptacle,DishonoredGame,272,272,0,0x0,0x0,0x8f0470,0x869880,DishonoredGame,USequenceEvent,USequenceEvent,UObject,0x0,0x0,0x0,0x0,Engine,0x8f0c70,0x869880,0x8d9230,0x865c50,0x1007460,0xf7af18,0x7e60f0,0x9118e0,272
UDisSeqEvent_Windblasted,DishonoredGame,272,272,0,0x0,0x0,0x7e9330,0x789f50,DishonoredGame,USequenceEvent,USequenceEvent,UObject,0x0,0x0,0x0,0x0,Engine,0x7ed880,0x789f50,0x7cb030,0x785950,0xfc8200,0xf42f28,0x7e60f0,0x9118e0,272
UDisSeqEvent_WitnessedInteraction,DishonoredGame,272,272,0,0x0,0x0,0x7e9d50,0x78a500,DishonoredGame,USequenceEvent,USequenceEvent,UObject,0x0,0x0,0x0,0x0,Engine,0x7edb40,0x78a500,0x7cb270,0x785c70,0xfc6028,0xf454f8,0x7e6230,0x7b8680,272
UDisSeqEvt_Choke,DishonoredGame,272,272,0,0x0,0x0,0x7e8490,0x789b90,DishonoredGame,USequenceEvent,USequenceEvent,UObject,0x0,0x0,0x0,0x0,Engine,0x7ed4d0,0x789b90,0x7cadd0,0x7856b0,0xfcb050,0xf40278,0x7e60f0,0x9118e0,272
UDisSeqVar_DLC05_Multiplier,DishonoredGame,,160,,,0x0,,0x8c16f0,,,USeqVar_Float,UObject,,0x0,,0x0,Engine,,0x8c16f0,,0x8be2e0,,0xf8bd20,,0x8e37f0,
UDisSeqVar_DLC05_Score,DishonoredGame,,156,,,0x0,,0x8c1790,,,USeqVar_Int,UObject,,0x0,,0x0,Engine,,0x8c1790,,0x8be340,,0xf8bed8,,0x8e3810,
UDisSeqVar_Darkness,DishonoredGame,152,152,0,0x0,0x0,0x814450,0x78b960,DishonoredGame,USeqVar_Int,USeqVar_Int,UObject,0x0,0x0,0x0,0x0,Engine,0x816b10,0x78b960,0x7f3bf0,0x786b10,0xfd7628,0xf4edf0,0x814370,0x7b06c0,152
UDisSeqVar_DarknessLevel,DishonoredGame,152,152,0,0x0,0x0,0x8144e0,0x791fa0,DishonoredGame,UDisSeqVar_Darkness,UDisSeqVar_Darkness,UObject,0x0,0x0,0x0,0x0,Engine,0x817a70,0x791fa0,0x816b40,0x78ba80,0xfd7460,0xf4efa8,0x814390,0x7b06e0,152
UDisSeqVar_PlayerCamera,DishonoredGame,176,176,0,0x0,0x0,0x7df280,0x78a040,DishonoredGame,USeqVar_Object,USeqVar_Object,UObject,0x0,0x0,0x0,0x0,Engine,0x7e09a0,0x78a040,0x7cb050,0x7859d0,0xfc7918,0xf43b30,0x7df050,0x7b0700,176
UDisSeqVar_PlayerMana,DishonoredGame,152,152,0,0x0,0x0,0x814570,0x78bad0,DishonoredGame,USeqVar_Int,USeqVar_Int,UObject,0x0,0x0,0x0,0x0,Engine,0x816b60,0x78bad0,0x7f3c10,0x786ba0,0xfd7298,0xf4f160,0x8143b0,0x7b0720,152
UDisSeqVar_PlayerPawn,DishonoredGame,176,176,0,0x0,0x0,0x814600,0x78bbf0,DishonoredGame,USeqVar_Object,USeqVar_Object,UObject,0x0,0x0,0x0,0x0,Engine,0x816b90,0x78bbf0,0x7f3c30,0x786bd0,0xfd70d0,0xf4f318,0x8143d0,0x7b0740,176
UDisSeqVar_PlayerRawVisibility,DishonoredGame,152,152,0,0x0,0x0,0x814690,0x78bc40,DishonoredGame,USeqVar_Float,USeqVar_Float,UObject,0x0,0x0,0x0,0x0,Engine,0x816bc0,0x78bc40,0x7f3c70,0x786c20,0xfd6f08,0xf4f4d0,0x8143f0,0x7b0760,152
UDisSeqVar_PlayerSpeedFraction,DishonoredGame,152,152,0,0x0,0x0,0x814720,0x78bca0,DishonoredGame,USeqVar_Float,USeqVar_Float,UObject,0x0,0x0,0x0,0x0,Engine,0x816bf0,0x78bca0,0x7f3c90,0x786c50,0xfd6d40,0xf4f688,0x814410,0x7b0780,152
UDisSeqVar_SpawnerPawn,DishonoredGame,188,188,0,0x0,0x0,0x8147b0,0x78bd00,DishonoredGame,USeqVar_Object,USeqVar_Object,UObject,0x0,0x0,0x0,0x0,Engine,0x816c20,0x78bd00,0x7f3cb0,0x786c80,0xfd6b78,0xf4f840,0x814430,0x7b07a0,188
UDisSeqVar_Task,DishonoredGame,196,196,0,0x0,0x0,0x814860,0x78bd30,DishonoredGame,USeqVar_Object,USeqVar_Object,UObject,0x0,0x0,0x0,0x0,Engine,0x816c50,0x78bd30,0x7f3cd0,0x786ca0,0xfd69b0,0xf4f9f8,0x814840,0x7b08a0,196
UDisSerializableObject_Base,DishonoredGame,56,56,0,0x100,0x100,0x644370,0x5fa930,DishonoredGame,UObject,UObject,UObject,0x0,0x0,0x0,0x0,Engine,0x649520,0x5fa930,0x630130,0x5ea530,0xf69350,0xee8788,0x5b8ed0,0x8ab340,56
UDisSeveredLimbInfo,DishonoredGame,144,144,0,0x0,0x0,0x85df30,0x8018a0,DishonoredGame,UObject,UObject,UObject,0x0,0x0,0x0,0x0,Engine,0x85f840,0x8018a0,0x849b30,0x7feb80,0xfe0bf8,0xf5d610,0x85d800,0x81a670,144
UDisSkelControl_FootPlacement,DishonoredGame,1040,1040,0,0x4,0x4,0x6f38f0,0x682a50,DishonoredGame,USkelControlFootPlacement,USkelControlFootPlacement,UObject,0x0,0x0,0x0,0x0,AILocomotion,0x6f4d90,0x682a50,0x6d01a0,0x67e1c0,0xf903f8,0xf0d1f8,0x6f1fa0,0x69e490,1040
UDisSkelControl_FootPlacementRotLock,DishonoredGame,240,240,0,0x0,0x0,0x6f3980,0x684310,DishonoredGame,USkelControlBase,USkelControlBase,UObject,0x0,0x0,0x0,0x0,Engine,0x6f4dc0,0x684310,0x6d0260,0x67eb30,0xf90230,0xf0d3b0,0x6f1fc0,0x69e4b0,240
UDisSkelControl_SpineBender,DishonoredGame,336,336,0,0x0,0x0,0x6f3a10,0x684340,DishonoredGame,USkelControlSingleBone,USkelControlSingleBone,UObject,0x0,0x0,0x0,0x0,Engine,0x6f4df0,0x684340,0x6d0280,0x67eb60,0xf90068,0xf0d568,0x6f1fe0,0x69e4d0,336
UDisSkeletalBreakSteps,DishonoredGame,152,152,0,0x0,0x0,0x67bbc0,0x630820,DishonoredGame,UDisSkeletalBreakStepsInterface,UDisSkeletalBreakStepsInterface,UDisTweaks_SkeletalBreakable,0x0,0x0,0x0,0x0,Engine,0x681760,0x630820,0x67d340,0x6282b0,0xf73cf0,0xef2e70,0x67b9f0,0x640bf0,152
UDisSkeletalBreakStepsInterface,DishonoredGame,140,140,0,0x1,0x1,0x67aa40,0x628280,DishonoredGame,UDisTweaksBase,UDisTweaksBase,UDisTweaks_SkeletalBreakable,0x0,0x0,0x0,0x0,Engine,0x67d310,0x628280,0x67c440,0x621710,0xf73eb8,0xef2cb8,0x67a6d0,0x640780,140
UDisSkeletalMeshComponent,DishonoredGame,1072,1104,32,0x0,0x0,0x7a4150,0x74d5a0,DishonoredGame,USkeletalMeshComponent,USkeletalMeshComponent,UObject,0x0,0x0,0x0,0x0,Engine,0x7a4940,0x74d5a0,0x78e900,0x749800,0xfb6920,0xf37588,0x7a3d70,0x769e80,1072
UDisSkirmishTracker,DishonoredGame,76,76,0,0x0,0x0,0x718670,0x6c4740,DishonoredGame,UObject,UObject,UObject,0x0,0x0,0x0,0x0,Engine,0x718fe0,0x6c4740,0x6fbb40,0x6bfd70,0xf95360,0xf18f10,0x717c50,0x6dce70,76
UDisSoulRenderInterface,DishonoredGame,56,56,0,0x4001,0x4001,0x82f820,0x7e89b0,DishonoredGame,UInterface,UInterface,UObject,0x0,0x0,0x0,0x0,Engine,0x835200,0x7e89b0,0x824860,0x7e6f60,0xfd9690,0xf59f00,0x696f80,0x6e8cb0,56
UDisSpawnRequesterInterface,DishonoredGame,56,56,0,0x4001,0x4001,0x6978e0,0x646f40,DishonoredGame,UInterface,UInterface,UObject,0x0,0x0,0x0,0x0,Engine,0x69cb80,0x646f40,0x691700,0x643550,0xf7aea8,0xefac00,0x696f80,0x6e8cb0,56
UDisSpawnerRenderProxyComponent,DishonoredGame,464,464,0,0x0,0x0,0x6a4ba0,0x64b820,DishonoredGame,UDisRenderProxyComponent,UDisRenderProxyComponent,ADishonoredSpawner,0x0,0x0,0x0,0x0,Engine,0x6a8020,0x64b820,0x6a6cf0,0x646f20,0xf7b070,0xefaa48,0x6a4590,0x649280,464
UDisSpeakerGroup_PA_RenderingComponent,DishonoredGame,464,464,0,0x0,0x0,0x6a5410,0x647750,DishonoredGame,UPrimitiveComponent,UPrimitiveComponent,UObject,0x0,0x0,0x0,0x0,Engine,0x6a6fe0,0x647750,0x691dc0,0x643f60,0xf78b08,0xefce60,0x6a4990,0x649360,464
UDisSpringRazorTargetInterface,DishonoredGame,56,56,0,0x4001,0x4001,0x6998a0,0x648970,DishonoredGame,UInterface,UInterface,UObject,0x0,0x0,0x0,0x0,Engine,0x69ddb0,0x648970,0x692190,0x644580,0xf77770,0xefe300,0x696f80,0x6e8cb0,56
UDisSquadInterface,DishonoredGame,56,56,0,0x4001,0x4001,0x644400,0x5fa960,DishonoredGame,UInterface,UInterface,UObject,0x0,0x0,0x0,0x0,Engine,0x649550,0x5fa960,0x630150,0x5ea550,0xf69188,0xee8940,0x696f80,0x6e8cb0,56
UDisStealthVolumeUserInterface,DishonoredGame,56,56,0,0x4001,0x4001,0x72a860,0x6c64e0,DishonoredGame,UInterface,UInterface,UObject,0x0,0x0,0x0,0x0,Engine,0x72d940,0x6c64e0,0x7220d0,0x6c19b0,0xfa0560,0xf1c980,0x696f80,0x6e8cb0,56
UDisSteeringInfluence,DishonoredGame,120,120,0,0x0,0x0,0x76fcd0,0x7050c0,DishonoredGame,UObject,UObject,UObject,0x0,0x0,0x0,0x0,AILocomotion,0x773000,0x7050c0,0x764f20,0x701820,0xfb44f8,0xf2bbe0,0x76df80,0x70a980,120
UDisSteeringInfluence_Combat,DishonoredGame,144,144,0,0x0,0x0,0x770010,0x70cfa0,DishonoredGame,UDisSteeringInfluence,UDisSteeringInfluence,UObject,0x0,0x0,0x0,0x0,AILocomotion,0x774fe0,0x70cfa0,0x773030,0x7053a0,0xfb4330,0xf2bd98,0x76dfa0,0x70a9a0,144
UDisSteeringInfluence_Danger,DishonoredGame,124,124,0,0x0,0x0,0x7700a0,0x70d000,DishonoredGame,UDisSteeringInfluence,UDisSteeringInfluence,UObject,0x0,0x0,0x0,0x0,AILocomotion,0x775010,0x70d000,0x773080,0x7053c0,0xfb4168,0xf2bf50,0x76dfc0,0x70a9c0,124
UDisSteeringInfluence_EnemyPush,DishonoredGame,144,144,0,0x0,0x0,0x770130,0x70d030,DishonoredGame,UDisSteeringInfluence,UDisSteeringInfluence,UObject,0x0,0x0,0x0,0x0,AILocomotion,0x775040,0x70d030,0x7730a0,0x7053e0,0xfb3fa0,0xf2c108,0x76dfe0,0x70a9e0,144
UDisSteeringInfluence_Walls,DishonoredGame,120,120,0,0x0,0x0,0x7701c0,0x70d060,DishonoredGame,UDisSteeringInfluence,UDisSteeringInfluence,UObject,0x0,0x0,0x0,0x0,AILocomotion,0x775070,0x70d060,0x7730c0,0x705400,0xfb3dd8,0xf2c2c0,0x76e000,0x70aa00,120
UDisStimManager,DishonoredGame,80,80,0,0x0,0x0,0x76fc10,0x704e20,DishonoredGame,UObject,UObject,UObject,0x0,0x0,0x0,0x0,Engine,0x772fd0,0x704e20,0x764e50,0x701760,0xfb46c0,0xf2ba28,0x76eb70,0x70ac50,80
UDisStoryFlagSet,DishonoredGame,68,68,0,0x0,0x0,0x85a4f0,0x801a80,DishonoredGame,UObject,UObject,UObject,0x0,0x0,0x0,0x0,Engine,0x85b730,0x801a80,0x849b50,0x7feba0,0xfe0a30,0xf5d7c8,0x85a0d0,0x817980,68
UDisStoryGroupInterface,DishonoredGame,56,56,0,0x4001,0x4001,0x8dcb30,0x869a50,DishonoredGame,UInterface,UInterface,UObject,0x0,0x0,0x0,0x0,Engine,0x8e0340,0x869a50,0x8d9460,0x865e80,0x1005b70,0xf7c728,0x696f80,0x6e8cb0,56
UDisTallboyLightComponent,DishonoredGame,84,84,0,0x0,0x0,0x7ce7f0,0x7719b0,DishonoredGame,UActorComponent,UActorComponent,UObject,0x0,0x0,0x0,0x0,Engine,0x7d4f30,0x7719b0,0x7c9970,0x76eeb0,0xfd1cf8,0xf39ec8,0x7ce480,0x772e10,84
UDisThreatPerceptionComponent,DishonoredGame,124,124,0,0x4,0x4,0x7091d0,0x6c4770,DishonoredGame,UActorComponent,UActorComponent,UObject,0x0,0x0,0x0,0x0,Player,0x70e060,0x6c4770,0x6fbb60,0x6bfd90,0xf95198,0xf190c8,0x701b00,0x6c7b70,124
UDisTravelSpawnerComponent,DishonoredGame,464,464,0,0x0,0x0,0x6a4cc0,0x650840,DishonoredGame,UPrimitiveComponent,UPrimitiveComponent,ADisTravelSpawner,0x0,0x0,0x0,0x0,Engine,0x6a8670,0x650840,0x6a8080,0x64b880,0xf7ab18,0xefaf70,0x6a4870,0x65b7a0,464
UDisTutorialTracker,DishonoredGame,64,64,0,0x1,0x1,0x709310,0x6c48d0,DishonoredGame,UObject,UObject,UObject,0x0,0x0,0x0,0x0,Engine,0x70e090,0x6c48d0,0x6fbc00,0x6bfeb0,0xf94fd0,0xf19280,0x701b20,0x6c7b90,64
UDisTweaksBase,DishonoredGame,140,140,0,0x1,0x1,0x8ee320,0x869a80,DishonoredGame,UDisEngineTweaksBase,UDisEngineTweaksBase,UObject,0x0,0x0,0x0,0x0,Engine,0x8ef5a0,0x869a80,0x8d94d0,0x865ef0,0x1005618,0xf7cc50,0x8ed850,0x885b60,140
UDisTweaksInterface,DishonoredGame,56,56,0,0x4001,0x4001,0x8dcbc0,0x869ab0,DishonoredGame,UDisEngineTweaksInterface,UDisEngineTweaksInterface,UObject,0x0,0x0,0x0,0x0,Engine,0x8e0400,0x869ab0,0x8d94f0,0x865f10,0x1005450,0xf7ce08,0x6b6000,0x3d6e80,56
UDisTweaksList,DishonoredGame,68,68,0,0x0,0x0,0x8ea0c0,0x869ae0,DishonoredGame,UObject,UObject,UObject,0x0,0x0,0x0,0x0,Engine,0x8ec4d0,0x869ae0,0x8d9510,0x865f40,0x1005288,0xf7cfc0,0x5a9800,0x87fa30,68
UDisTweaks_AIAttackPattern,DishonoredGame,164,164,0,0x0,0x0,0x7a3b40,0x74d040,DishonoredGame,UDisTweaksBase,UDisTweaksBase,UObject,0x0,0x0,0x0,0x0,Engine,0x7a4120,0x74d040,0x78e190,0x748e80,0xfb6cb0,0xf37218,0x7a3310,0x769b70,164
UDisTweaks_AIBehavior,DishonoredGame,168,168,0,0x1,0x1,0x75ac10,0x6e8320,DishonoredGame,UDisTweaksBase,UDisTweaksBase,UObject,0x0,0x0,0x0,0x0,Engine,0x75bc20,0x6e8320,0x745460,0x6e4c30,0xfa8d90,0xf27040,0x75a700,0x6fef90,168
UDisTweaks_AIBehavior_Ambush,DishonoredGame,168,168,0,0x0,0x0,0x739930,0x6c7050,DishonoredGame,UDisTweaks_AIBehavior,UDisTweaks_AIBehavior,UObject,0x0,0x0,0x0,0x0,Engine,0x73abc0,0x6c7050,0x7224b0,0x6c1fc0,0xf9c708,0xf205a8,0x738e80,0x6ff010,168
UDisTweaks_AIBehavior_AssassinCombat,DishonoredGame,208,208,0,0x0,0x0,0x75af80,0x702f80,DishonoredGame,UDisTweaks_AIBehavior_CombatMelee,UDisTweaks_AIBehavior_CombatMelee,UObject,0x0,0x0,0x0,0x0,Engine,0x75fba0,0x702f80,0x75d7e0,0x7001a0,0xfa7830,0xf284e0,0x75a7c0,0x7225a0,208
UDisTweaks_AIBehavior_BattleVictory,DishonoredGame,176,176,0,0x0,0x0,0x7399f0,0x6c7250,DishonoredGame,UDisTweaks_AIBehavior,UDisTweaks_AIBehavior,UObject,0x0,0x0,0x0,0x0,Engine,0x73abf0,0x6c7250,0x722700,0x6c2230,0xf9c378,0xf20ad0,0x738e00,0x908e40,176
UDisTweaks_AIBehavior_BlockingDialog,DishonoredGame,172,172,0,0x0,0x0,0x739ab0,0x6c73f0,DishonoredGame,UDisTweaks_AIBehavior,UDisTweaks_AIBehavior,UObject,0x0,0x0,0x0,0x0,Engine,0x73ac20,0x6c73f0,0x722830,0x6c2360,0xf9bfe8,0xf20e40,0x75a720,0x6fefd0,172
UDisTweaks_AIBehavior_Combat,DishonoredGame,208,208,0,0x0,0x0,0x75ae10,0x702dc0,DishonoredGame,UDisTweaks_AIBehavior,UDisTweaks_AIBehavior,UObject,0x0,0x0,0x0,0x0,Engine,0x75c1c0,0x702dc0,0x75bca0,0x700000,0xfa7f50,0xf27e00,0x75a780,0x722520,208
UDisTweaks_AIBehavior_CombatCityGuard,DishonoredGame,208,208,0,0x0,0x0,0x75b030,0x702fe0,DishonoredGame,UDisTweaks_AIBehavior_CombatMelee,UDisTweaks_AIBehavior_CombatMelee,UObject,0x0,0x0,0x0,0x0,Engine,0x75fbd0,0x702fe0,0x75d800,0x700280,0xfa74a0,0xf28850,0x75a7c0,0x7225a0,208
UDisTweaks_AIBehavior_CombatEliteGuard,DishonoredGame,224,224,0,0x0,0x0,0x75b0e0,0x703040,DishonoredGame,UDisTweaks_AIBehavior_CombatMelee,UDisTweaks_AIBehavior_CombatMelee,UObject,0x0,0x0,0x0,0x0,Engine,0x75fc00,0x703040,0x75d820,0x700370,0xfa7110,0xf28bc0,0x75a7e0,0x722540,224
UDisTweaks_AIBehavior_CombatMelee,DishonoredGame,208,208,0,0x0,0x0,0x75ad80,0x6e89e0,DishonoredGame,UDisTweaks_AIBehavior_Combat,UDisTweaks_AIBehavior_Combat,UObject,0x0,0x0,0x0,0x0,Engine,0x75d760,0x6e89e0,0x75c710,0x6e5210,0xfa8118,0xf27c48,0x75a7a0,0x7225c0,208
UDisTweaks_AIBehavior_CombatRatSwarm,DishonoredGame,184,184,0,0x0,0x0,0x75b4e0,0x703430,DishonoredGame,UDisTweaks_AIBehavior,UDisTweaks_AIBehavior,UObject,0x0,0x0,0x0,0x0,Engine,0x75c340,0x703430,0x75bdd0,0x7008f0,0xfa5bb0,0xf2a060,0x75a860,0x722600,184
UDisTweaks_AIBehavior_CombatRatSwarmEliteGuard,DishonoredGame,184,184,0,0x0,0x0,0x75b5a0,0x70b1c0,DishonoredGame,UDisTweaks_AIBehavior_CombatRatSwarm,UDisTweaks_AIBehavior_CombatRatSwarm,UObject,0x0,0x0,0x0,0x0,Engine,0x75c8a0,0x70b1c0,0x75c370,0x703700,0xfa5820,0xf2a3d0,0x75a880,0x722620,184
UDisTweaks_AIBehavior_EnemyUnreachable,DishonoredGame,188,192,4,0x0,0x0,0x739b70,0x6c7570,DishonoredGame,UDisTweaks_AIBehavior,UDisTweaks_AIBehavior,UObject,0x0,0x0,0x0,0x0,Engine,0x73ac50,0x6c7570,0x722b70,0x6c2730,0xf9bc58,0xf211b0,0x75a990,0x6de3b0,188
UDisTweaks_AIBehavior_EscapeExplosion,DishonoredGame,192,196,4,0x0,0x0,0x739c30,0x6ebe50,DishonoredGame,UDisTweaks_AIBehavior,UDisTweaks_AIBehavior,UObject,0x0,0x0,0x0,0x0,Engine,0x73ac80,0x6ebe50,0x722cd0,0x6e8ff0,0xf9b8c8,0xf21528,0x738dc0,0x6ff090,192
UDisTweaks_AIBehavior_EscapePlague,DishonoredGame,168,168,0,0x0,0x0,0x739cc0,0x6ebfa0,DishonoredGame,UDisTweaks_AIBehavior,UDisTweaks_AIBehavior,UObject,0x0,0x0,0x0,0x0,Engine,0x73acb0,0x6ebfa0,0x722df0,0x6e9150,0xf9b370,0xf21a50,0x738e80,0x6ff010,168
UDisTweaks_AIBehavior_Follow,DishonoredGame,168,168,0,0x0,0x0,0x739d50,0x6ec000,DishonoredGame,UDisTweaks_AIBehavior,UDisTweaks_AIBehavior,UObject,0x0,0x0,0x0,0x0,Engine,0x73ace0,0x6ec000,0x722f00,0x6e9200,0xf9afe0,0xf21dc0,0x738e80,0x6ff010,168
UDisTweaks_AIBehavior_GoHome,DishonoredGame,180,180,0,0x0,0x0,0x739e40,0x6ec030,DishonoredGame,UDisTweaks_AIBehavior,UDisTweaks_AIBehavior,UObject,0x0,0x0,0x0,0x0,Engine,0x73ad10,0x6ec030,0x722fe0,0x6e92a0,0xf9ac50,0xf22130,0x738de0,0x6fefb0,180
UDisTweaks_AIBehavior_Guard,DishonoredGame,172,172,0,0x0,0x0,0x739f00,0x6ec180,DishonoredGame,UDisTweaks_AIBehavior,UDisTweaks_AIBehavior,UObject,0x0,0x0,0x0,0x0,Engine,0x73ad40,0x6ec180,0x723240,0x6e92f0,0xf9a8c0,0xf224a0,0x75a720,0x6fefd0,172
UDisTweaks_AIBehavior_Idle,DishonoredGame,168,168,0,0x0,0x0,0x739fc0,0x6ec3d0,DishonoredGame,UDisTweaks_AIBehavior,UDisTweaks_AIBehavior,UObject,0x0,0x0,0x0,0x0,Engine,0x73ad70,0x6ec3d0,0x723310,0x6e9310,0xf9a530,0xf22810,0x738e80,0x6ff010,168
UDisTweaks_AIBehavior_Inhibited,DishonoredGame,,168,,,0x0,,0x6ec430,,,UDisTweaks_AIBehavior,UObject,,0x0,,0x0,Engine,,0x6ec430,,0x6e9400,,0xf22b80,,0x6ff010,
UDisTweaks_AIBehavior_Interact,DishonoredGame,168,168,0,0x0,0x0,0x73a080,0x6ec460,DishonoredGame,UDisTweaks_AIBehavior,UDisTweaks_AIBehavior,UObject,0x0,0x0,0x0,0x0,Engine,0x73ada0,0x6ec460,0x7233c0,0x6e9460,0xf9a1a0,0xf22ef0,0x738e80,0x6ff010,168
UDisTweaks_AIBehavior_MagicResponse,DishonoredGame,168,168,0,0x0,0x0,0x73a140,0x6ec5f0,DishonoredGame,UDisTweaks_AIBehavior,UDisTweaks_AIBehavior,UObject,0x0,0x0,0x0,0x0,Engine,0x73add0,0x6ec5f0,0x723670,0x6e9650,0xf99e10,0xf23260,0x738e80,0x6ff010,168
UDisTweaks_AIBehavior_MusicalCombat,DishonoredGame,208,208,0,0x0,0x0,0x75aed0,0x70add0,DishonoredGame,UDisTweaks_AIBehavior_Combat,UDisTweaks_AIBehavior_Combat,UObject,0x0,0x0,0x0,0x0,Engine,0x75c7d0,0x70add0,0x75c1f0,0x702eb0,0xfa7bc0,0xf28170,0x75a7a0,0x7225c0,208
UDisTweaks_AIBehavior_Notice,DishonoredGame,176,188,12,0x0,0x0,0x73a200,0x6ec650,DishonoredGame,UDisTweaks_AIBehavior,UDisTweaks_AIBehavior,UObject,0x0,0x0,0x0,0x0,Engine,0x73ae00,0x6ec650,0x7238c0,0x6e97a0,0xf99a80,0xf235d0,0x738e00,0x6ff030,176
UDisTweaks_AIBehavior_OverseerCombat,DishonoredGame,220,220,0,0x0,0x0,0x75b250,0x703180,DishonoredGame,UDisTweaks_AIBehavior_CombatMelee,UDisTweaks_AIBehavior_CombatMelee,UObject,0x0,0x0,0x0,0x0,Engine,0x75ff20,0x703180,0x75d850,0x700590,0xfa69f0,0xf292a0,0x75a820,0x722580,220
UDisTweaks_AIBehavior_OverseerHMaster_Combat,DishonoredGame,224,224,0,0x0,0x0,0x75b2e0,0x70b0d0,DishonoredGame,UDisTweaks_AIBehavior_CombatEliteGuard,UDisTweaks_AIBehavior_CombatEliteGuard,UObject,0x0,0x0,0x0,0x0,Engine,0x7619f0,0x70b0d0,0x75ff50,0x703240,0xfa6660,0xf29610,0x75a800,0x722560,224
UDisTweaks_AIBehavior_Panic,DishonoredGame,276,276,0,0x0,0x0,0x73a2c0,0x6ec760,DishonoredGame,UDisTweaks_AIBehavior,UDisTweaks_AIBehavior,UObject,0x0,0x0,0x0,0x0,Engine,0x73ae30,0x6ec760,0x723aa0,0x6e97c0,0xf996f0,0xf23940,0x738e20,0x6ff050,276
UDisTweaks_AIBehavior_Patrol,DishonoredGame,172,172,0,0x0,0x0,0x73a380,0x6ec810,DishonoredGame,UDisTweaks_AIBehavior,UDisTweaks_AIBehavior,UObject,0x0,0x0,0x0,0x0,Engine,0x73ae90,0x6ec810,0x723c80,0x6e9990,0xf99360,0xf23cb0,0x75a720,0x6fefd0,172
UDisTweaks_AIBehavior_PatrolSearch,DishonoredGame,172,172,0,0x0,0x0,0x73a450,0x6ef1f0,DishonoredGame,UDisTweaks_AIBehavior_Patrol,UDisTweaks_AIBehavior_Patrol,UObject,0x0,0x0,0x0,0x0,Engine,0x73b880,0x6ef1f0,0x73aef0,0x6eca10,0xf98fd0,0xf24020,0x738e40,0x6ff070,172
UDisTweaks_AIBehavior_RatStomp,DishonoredGame,196,196,0,0x0,0x0,0x73a510,0x6eca70,DishonoredGame,UDisTweaks_AIBehavior,UDisTweaks_AIBehavior,UObject,0x0,0x0,0x0,0x0,Engine,0x73af10,0x6eca70,0x723e90,0x6e9b10,0xf98c40,0xf24390,0x738e60,0x6ff090,196
UDisTweaks_AIBehavior_React,DishonoredGame,168,168,0,0x0,0x0,0x73a5d0,0x6ecad0,DishonoredGame,UDisTweaks_AIBehavior,UDisTweaks_AIBehavior,UObject,0x0,0x0,0x0,0x0,Engine,0x73af40,0x6ecad0,0x723ff0,0x6e9c50,0xf988b0,0xf24700,0x738e80,0x6ff010,168
UDisTweaks_AIBehavior_ReturnTravel,DishonoredGame,168,168,0,0x0,0x0,0x73a690,0x6ecd20,DishonoredGame,UDisTweaks_AIBehavior,UDisTweaks_AIBehavior,UObject,0x0,0x0,0x0,0x0,Engine,0x73af70,0x6ecd20,0x7242f0,0x6e9d50,0xf98520,0xf24a70,0x738e80,0x6ff010,168
UDisTweaks_AIBehavior_Search,DishonoredGame,356,356,0,0x0,0x0,0x73a750,0x6ecd80,DishonoredGame,UDisTweaks_AIBehavior,UDisTweaks_AIBehavior,UObject,0x0,0x0,0x0,0x0,Engine,0x73afa0,0x6ecd80,0x724410,0x6e9da0,0xf98190,0xf24de0,0x73a410,0x6ff1e0,356
UDisTweaks_AIBehavior_Shoot,DishonoredGame,168,168,0,0x0,0x0,0x73a810,0x6ed060,DishonoredGame,UDisTweaks_AIBehavior,UDisTweaks_AIBehavior,UObject,0x0,0x0,0x0,0x0,Engine,0x73afd0,0x6ed060,0x724920,0x6e9ea0,0xf97e00,0xf25150,0x738e80,0x6ff010,168
UDisTweaks_AIBehavior_Soiree,DishonoredGame,172,172,0,0x0,0x0,0x73a8d0,0x6ed140,DishonoredGame,UDisTweaks_AIBehavior,UDisTweaks_AIBehavior,UObject,0x0,0x0,0x0,0x0,Engine,0x73b060,0x6ed140,0x724aa0,0x6e9f70,0xf97a70,0xf254c0,0x75a720,0x6fefd0,172
UDisTweaks_AIBehavior_StationarySearch,DishonoredGame,176,176,0,0x0,0x0,0x73a990,0x6ed170,DishonoredGame,UDisTweaks_AIBehavior,UDisTweaks_AIBehavior,UObject,0x0,0x0,0x0,0x0,Engine,0x73b090,0x6ed170,0x724c70,0x6e9fc0,0xf976e0,0xf25830,0x738e00,0x908e40,176
UDisTweaks_AIBehavior_Stolen,DishonoredGame,172,172,0,0x0,0x0,0x75a8e0,0x6ed210,DishonoredGame,UDisTweaks_AIBehavior,UDisTweaks_AIBehavior,UObject,0x0,0x0,0x0,0x0,Engine,0x75c610,0x6ed210,0x75c0a0,0x6ea110,0xfa9f60,0xf25ba0,0x75a720,0x6fefd0,172
UDisTweaks_AIBehavior_SummonWolfhound,DishonoredGame,188,188,0,0x0,0x0,0x75a9d0,0x6ed270,DishonoredGame,UDisTweaks_AIBehavior,UDisTweaks_AIBehavior,UObject,0x0,0x0,0x0,0x0,Engine,0x75c640,0x6ed270,0x75c0c0,0x6ea190,0xfa9bd0,0xf25f10,0x75a990,0x6ff4d0,188
UDisTweaks_AIBehavior_TakePosition,DishonoredGame,172,172,0,0x0,0x0,0x75acc0,0x6eb1f0,DishonoredGame,UDisTweaks_AIBehavior,UDisTweaks_AIBehavior,UObject,0x0,0x0,0x0,0x0,Engine,0x75c120,0x6eb1f0,0x75bc80,0x6e8350,0xfa8a00,0xf273b0,0x75a720,0x6fefd0,172
UDisTweaks_AIBehavior_TallBoyCombat,DishonoredGame,212,212,0,0x0,0x0,0x75b3a0,0x70b100,DishonoredGame,UDisTweaks_AIBehavior_Combat,UDisTweaks_AIBehavior_Combat,UObject,0x0,0x0,0x0,0x0,Engine,0x75c870,0x70b100,0x75c320,0x703320,0xfa62d0,0xf29980,0x75a840,0x7225e0,212
UDisTweaks_AIBehavior_TallboyShoot,DishonoredGame,168,168,0,0x0,0x0,0x75aa60,0x6ef890,DishonoredGame,UDisTweaks_AIBehavior_Shoot,UDisTweaks_AIBehavior_Shoot,UObject,0x0,0x0,0x0,0x0,Engine,0x75bbf0,0x6ef890,0x745060,0x6ed470,0xfa9840,0xf26280,0x75a8a0,0x6feff0,168
UDisTweaks_AIBehavior_ThugCombat,DishonoredGame,208,208,0,0x0,0x0,0x75b450,0x7033a0,DishonoredGame,UDisTweaks_AIBehavior_CombatMelee,UDisTweaks_AIBehavior_CombatMelee,UObject,0x0,0x0,0x0,0x0,Engine,0x7600a0,0x7033a0,0x75d890,0x700820,0xfa5f40,0xf29cf0,0x75a7c0,0x7225a0,208
UDisTweaks_AIBehavior_TriggerAlarm,DishonoredGame,204,204,0,0x0,0x0,0x75aaf0,0x6ed4d0,DishonoredGame,UDisTweaks_AIBehavior,UDisTweaks_AIBehavior,UObject,0x0,0x0,0x0,0x0,Engine,0x75c670,0x6ed4d0,0x75c0e0,0x6ea5e0,0xfa94b0,0xf265f0,0x75a740,0x909b80,204
UDisTweaks_AIBehavior_Weep,DishonoredGame,248,248,0,0x0,0x0,0x75ab80,0x6ed6c0,DishonoredGame,UDisTweaks_AIBehavior,UDisTweaks_AIBehavior,UObject,0x0,0x0,0x0,0x0,Engine,0x75c6a0,0x6ed6c0,0x75c100,0x6ea6c0,0xfa9120,0xf26960,0x75a760,0x6ff0b0,248
UDisTweaks_AIBehavior_WolfhoundCombat,DishonoredGame,248,248,0,0x0,0x0,0x75b1a0,0x70af30,DishonoredGame,UDisTweaks_AIBehavior_Combat,UDisTweaks_AIBehavior_Combat,UObject,0x0,0x0,0x0,0x0,Engine,0x75c840,0x70af30,0x75c210,0x7030d0,0xfa6d80,0xf28f30,0x75a970,0x722640,248
UDisTweaks_AIBrain,DishonoredGame,200,204,4,0x0,0x0,0x782c90,0x704590,DishonoredGame,UDisTweaksBase,UDisTweaksBase,UObject,0x0,0x0,0x0,0x0,Engine,0x784400,0x704590,0x764c80,0x701400,0xfb5320,0xf2b190,0x782b10,0x7224a0,200
UDisTweaks_AIBrainProcess,DishonoredGame,144,144,0,0x1,0x1,0x7a3760,0x72c920,DishonoredGame,UDisTweaksBase,UDisTweaksBase,UDisTweaks_AIBrain,0x0,0x0,0x0,0x0,Engine,0x7a4070,0x72c920,0x78d810,0x728e30,0xfb8768,0xf35850,0x7a32c0,0x746060,144
UDisTweaks_AIBrainProcess_Attention,DishonoredGame,200,200,0,0x0,0x0,0x7a5d60,0x74cdf0,DishonoredGame,UDisTweaks_AIBrainProcess,UDisTweaks_AIBrainProcess,UDisTweaks_AIBrain,0x0,0x0,0x0,0x0,Engine,0x7a6160,0x74cdf0,0x7a40a0,0x748930,0xfb7af0,0xf36458,0x7a5d40,0x76da20,200
UDisTweaks_AIBrainProcess_BattleSense,DishonoredGame,152,160,8,0x0,0x0,0x7a3a20,0x74ceb0,DishonoredGame,UDisTweaks_AIBrainProcess,UDisTweaks_AIBrainProcess,UDisTweaks_AIBrain,0x0,0x0,0x0,0x0,Engine,0x7a4520,0x74ceb0,0x7a40e0,0x748af0,0xfb73d0,0xf36b38,0x7a3330,0x769b90,152
UDisTweaks_AIBrainProcess_RatCrusher,DishonoredGame,160,160,0,0x0,0x0,0x7a3ab0,0x74cfc0,DishonoredGame,UDisTweaks_AIBrainProcess,UDisTweaks_AIBrainProcess,UDisTweaks_AIBrain,0x0,0x0,0x0,0x0,Engine,0x7a4910,0x74cfc0,0x7a4100,0x748de0,0xfb6e78,0xf37060,0x7a32f0,0x769b90,160
UDisTweaks_AIBrain_Reaction,DishonoredGame,540,540,0,0x0,0x0,0x782db0,0x70c520,DishonoredGame,UDisTweaksBase,UDisTweaksBase,UDisTweaks_AIBrain,0x0,0x0,0x0,0x0,Engine,0x784c60,0x70c520,0x784450,0x7045e0,0xfb4f90,0xf2b500,0x782b30,0x7224c0,540
UDisTweaks_AIBrain_Steering,DishonoredGame,200,200,0,0x0,0x0,0x782d20,0x70c4f0,DishonoredGame,UDisTweaksBase,UDisTweaksBase,UDisTweaks_AIBrain,0x0,0x0,0x0,0x0,Engine,0x784c30,0x70c4f0,0x784430,0x7045c0,0xfb5158,0xf2b348,0x782b50,0x7224e0,200
UDisTweaks_AISubProcess,DishonoredGame,140,140,0,0x1,0x1,0x783ea0,0x72acb0,DishonoredGame,UDisTweaksBase,UDisTweaksBase,UDisTweaks_AIBehavior,0x0,0x0,0x0,0x0,Engine,0x784810,0x72acb0,0x765d20,0x728420,0xfadad8,0xf32150,0x782b70,0x885d60,140
UDisTweaks_AISubProcess_AmbientAnims,DishonoredGame,156,156,0,0x0,0x0,0x783f30,0x72f180,DishonoredGame,UDisTweaks_AISubProcess,UDisTweaks_AISubProcess,UDisTweaks_AIBehavior,0x0,0x0,0x0,0x0,Engine,0x785110,0x72f180,0x784840,0x72aed0,0xfad748,0xf324c0,0x782a50,0x745fc0,156
UDisTweaks_AISubProcess_AmbientBarks,DishonoredGame,148,148,0,0x0,0x0,0x783fc0,0x72f1e0,DishonoredGame,UDisTweaks_AISubProcess,UDisTweaks_AISubProcess,UDisTweaks_AIBehavior,0x0,0x0,0x0,0x0,Engine,0x785140,0x72f1e0,0x784860,0x72af40,0xfad3b8,0xf32830,0x782a70,0x746020,148
UDisTweaks_AISubProcess_CombatBarks,DishonoredGame,148,148,0,0x0,0x0,0x784050,0x72f2a0,DishonoredGame,UDisTweaks_AISubProcess,UDisTweaks_AISubProcess,UDisTweaks_AIBehavior,0x0,0x0,0x0,0x0,Engine,0x7851b0,0x72f2a0,0x784880,0x72afd0,0xfad028,0xf32ba0,0x782a70,0x746020,148
UDisTweaks_AISubProcess_Distractions,DishonoredGame,140,140,0,0x0,0x0,0x7840e0,0x72f360,DishonoredGame,UDisTweaks_AISubProcess,UDisTweaks_AISubProcess,UDisTweaks_AIBehavior,0x0,0x0,0x0,0x0,Engine,0x7851e0,0x72f360,0x7848a0,0x72aff0,0xfacc98,0xf32f10,0x782bf0,0x746000,140
UDisTweaks_AISubProcess_FleetingGaze,DishonoredGame,164,164,0,0x0,0x0,0x784170,0x72f420,DishonoredGame,UDisTweaks_AISubProcess,UDisTweaks_AISubProcess,UDisTweaks_AIBehavior,0x0,0x0,0x0,0x0,Engine,0x785210,0x72f420,0x7848c0,0x72b1e0,0xfac908,0xf33280,0x782a90,0x745fe0,164
UDisTweaks_AISubProcess_GenericBarks,DishonoredGame,140,140,0,0x0,0x0,0x784200,0x72f480,DishonoredGame,UDisTweaks_AISubProcess,UDisTweaks_AISubProcess,UDisTweaks_AIBehavior,0x0,0x0,0x0,0x0,Engine,0x785240,0x72f480,0x7848e0,0x72b250,0xfac578,0xf335f0,0x782bf0,0x746000,140
UDisTweaks_AISubProcess_HeadTrackBark,DishonoredGame,140,140,0,0x0,0x0,0x7a3500,0x72f9c0,DishonoredGame,UDisTweaks_AISubProcess,UDisTweaks_AISubProcess,UDisTweaks_AIBehavior,0x0,0x0,0x0,0x0,Engine,0x7a3e20,0x72f9c0,0x78d360,0x72b960,0xfb93e0,0xf34c48,0x782bf0,0x746000,140
UDisTweaks_AISubProcess_HeadTrackPause,DishonoredGame,148,148,0,0x0,0x0,0x7a3590,0x72fa10,DishonoredGame,UDisTweaks_AISubProcess,UDisTweaks_AISubProcess,UDisTweaks_AIBehavior,0x0,0x0,0x0,0x0,Engine,0x7a3e50,0x72fa10,0x78d3e0,0x72bab0,0xfb8e88,0xf35170,0x782a70,0x746020,148
UDisTweaks_AISubProcess_ManageAttacks,DishonoredGame,296,296,0,0x0,0x0,0x784290,0x72f4e0,DishonoredGame,UDisTweaks_AISubProcess,UDisTweaks_AISubProcess,UDisTweaks_AIBehavior,0x0,0x0,0x0,0x0,Engine,0x785270,0x72f4e0,0x784900,0x72b2c0,0xfac1e8,0xf33960,0x782c50,0x7460e0,296
UDisTweaks_AISubProcess_PersonalSpace,DishonoredGame,156,156,0,0x0,0x0,0x784320,0x72f860,DishonoredGame,UDisTweaks_AISubProcess,UDisTweaks_AISubProcess,UDisTweaks_AIBehavior,0x0,0x0,0x0,0x0,Engine,0x7852a0,0x72f860,0x784920,0x72b680,0xfabe58,0xf33cd0,0x782ab0,0x746040,156
UDisTweaks_AISubProcess_StandardBodyIntention,DishonoredGame,140,140,0,0x0,0x0,0x7a3350,0x72f8b0,DishonoredGame,UDisTweaks_AISubProcess,UDisTweaks_AISubProcess,UDisTweaks_AIBehavior,0x0,0x0,0x0,0x0,Engine,0x7a3d90,0x72f8b0,0x78d1a0,0x72b730,0xfba058,0xf34040,0x782bf0,0x746000,140
UDisTweaks_AISubProcess_WatchPoints,DishonoredGame,140,140,0,0x0,0x0,0x7a33e0,0x72f8e0,DishonoredGame,UDisTweaks_AISubProcess,UDisTweaks_AISubProcess,UDisTweaks_AIBehavior,0x0,0x0,0x0,0x0,Engine,0x7a3dc0,0x72f8e0,0x78d200,0x72b840,0xfb9cc8,0xf343b0,0x782bf0,0x746000,140
UDisTweaks_AISubProcess_WolfHoundCount,DishonoredGame,140,140,0,0x0,0x0,0x7a3470,0x72f970,DishonoredGame,UDisTweaks_AISubProcess,UDisTweaks_AISubProcess,UDisTweaks_AIBehavior,0x0,0x0,0x0,0x0,Engine,0x7a3df0,0x72f970,0x78d2f0,0x72b940,0xfb9770,0xf348d8,0x782bf0,0x746000,140
UDisTweaks_AISubState,DishonoredGame,140,140,0,0x1,0x1,0x782f60,0x7057d0,DishonoredGame,UDisTweaksBase,UDisTweaksBase,UDisTweaks_AIBehavior,0x0,0x0,0x0,0x0,Engine,0x7844d0,0x7057d0,0x765270,0x702020,0xfb3328,0xf2cd10,0x782b70,0x885d60,140
UDisTweaks_AISubState_Cower,DishonoredGame,144,144,0,0x0,0x0,0x782ff0,0x70d5d0,DishonoredGame,UDisTweaks_AISubState,UDisTweaks_AISubState,UDisTweaks_AIBehavior,0x0,0x0,0x0,0x0,Engine,0x784c90,0x70d5d0,0x784500,0x705f20,0xfb2e98,0xf2d080,0x782b90,0x722500,144
UDisTweaks_AISubState_DoAttractSpell,DishonoredGame,140,140,0,0x0,0x0,0x783080,0x70d600,DishonoredGame,UDisTweaks_AISubState,UDisTweaks_AISubState,UDisTweaks_AIBehavior,0x0,0x0,0x0,0x0,Engine,0x784cc0,0x70d600,0x784520,0x706050,0xfb2b08,0xf2d3f0,0x782bf0,0x746000,140
UDisTweaks_AISubState_DoWeaponManoeuver,DishonoredGame,152,152,0,0x0,0x0,0x783110,0x70d730,DishonoredGame,UDisTweaks_AISubState,UDisTweaks_AISubState,UDisTweaks_AIBehavior,0x0,0x0,0x0,0x0,Engine,0x784cf0,0x70d730,0x784540,0x7060f0,0xfb2778,0xf2d760,0x782bd0,0x746340,152
UDisTweaks_AISubState_FindShootingPosition,DishonoredGame,168,168,0,0x0,0x0,0x7831a0,0x7296c0,DishonoredGame,UDisTweaks_AISubState,UDisTweaks_AISubState,UDisTweaks_AIBehavior,0x0,0x0,0x0,0x0,Engine,0x784d20,0x7296c0,0x784560,0x7274a0,0xfb23e8,0xf2dad8,0x782c70,0x746100,168
UDisTweaks_AISubState_FirePistol,DishonoredGame,164,172,8,0x0,0x0,0x783230,0x7299c0,DishonoredGame,UDisTweaks_AISubState,UDisTweaks_AISubState,UDisTweaks_AIBehavior,0x0,0x0,0x0,0x0,Engine,0x784d50,0x7299c0,0x784580,0x727590,0xfb2050,0xf2de48,0x782a90,0x746120,164
UDisTweaks_AISubState_Flee,DishonoredGame,160,160,0,0x0,0x0,0x7832c0,0x729a30,DishonoredGame,UDisTweaks_AISubState,UDisTweaks_AISubState,UDisTweaks_AIBehavior,0x0,0x0,0x0,0x0,Engine,0x784d80,0x729a30,0x7845a0,0x7276b0,0xfb1cc0,0xf2e1b8,0x782bb0,0x746080,160
UDisTweaks_AISubState_Follow,DishonoredGame,152,152,0,0x0,0x0,0x783350,0x729c30,DishonoredGame,UDisTweaks_AISubState,UDisTweaks_AISubState,UDisTweaks_AIBehavior,0x0,0x0,0x0,0x0,Engine,0x784db0,0x729c30,0x7845c0,0x727750,0xfb1930,0xf2e528,0x782bd0,0x746340,152
UDisTweaks_AISubState_GenericAction,DishonoredGame,152,152,0,0x0,0x0,0x7833e0,0x729c90,DishonoredGame,UDisTweaks_AISubState,UDisTweaks_AISubState,UDisTweaks_AIBehavior,0x0,0x0,0x0,0x0,Engine,0x784de0,0x729c90,0x7845e0,0x7277b0,0xfb15a0,0xf2e898,0x782bd0,0x746340,152
UDisTweaks_AISubState_Init,DishonoredGame,140,140,0,0x0,0x0,0x783470,0x729da0,DishonoredGame,UDisTweaks_AISubState,UDisTweaks_AISubState,UDisTweaks_AIBehavior,0x0,0x0,0x0,0x0,Engine,0x784ea0,0x729da0,0x784600,0x727880,0xfb1210,0xf2ec08,0x782bf0,0x746000,140
UDisTweaks_AISubState_Investigate,DishonoredGame,232,252,20,0x0,0x0,0x783520,0x729e30,DishonoredGame,UDisTweaks_AISubState,UDisTweaks_AISubState,UDisTweaks_AIBehavior,0x0,0x0,0x0,0x0,Engine,0x784ed0,0x729e30,0x784620,0x7278a0,0xfb0e80,0xf2ef78,0x783500,0x746320,232
UDisTweaks_AISubState_LieInWait,DishonoredGame,152,152,0,0x0,0x0,0x7835b0,0x72a090,DishonoredGame,UDisTweaks_AISubState,UDisTweaks_AISubState,UDisTweaks_AIBehavior,0x0,0x0,0x0,0x0,Engine,0x784f00,0x72a090,0x784640,0x7279f0,0xfb0af0,0xf2f2e8,0x782bd0,0x746340,152
UDisTweaks_AISubState_MaintainDistance,DishonoredGame,140,140,0,0x0,0x0,0x783640,0x72a290,DishonoredGame,UDisTweaks_AISubState,UDisTweaks_AISubState,UDisTweaks_AIBehavior,0x0,0x0,0x0,0x0,Engine,0x784f30,0x72a290,0x784660,0x727c50,0xfb0598,0xf2f810,0x782bf0,0x746000,140
UDisTweaks_AISubState_MeleeChase,DishonoredGame,140,140,0,0x0,0x0,0x783a60,0x72a800,DishonoredGame,UDisTweaks_AISubState,UDisTweaks_AISubState,UDisTweaks_AIBehavior,0x0,0x0,0x0,0x0,Engine,0x785050,0x72a800,0x784790,0x7281b0,0xfae918,0xf31390,0x782bf0,0x746000,140
UDisTweaks_AISubState_MeleeEngage,DishonoredGame,160,160,0,0x0,0x0,0x783c40,0x72a910,DishonoredGame,UDisTweaks_AISubState,UDisTweaks_AISubState,UDisTweaks_AIBehavior,0x0,0x0,0x0,0x0,Engine,0x785080,0x72a910,0x7847b0,0x7281d0,0xfae588,0xf31700,0x782c10,0x7460a0,160
UDisTweaks_AISubState_Menace,DishonoredGame,152,152,0,0x0,0x0,0x7836d0,0x72a370,DishonoredGame,UDisTweaks_AISubState,UDisTweaks_AISubState,UDisTweaks_AIBehavior,0x0,0x0,0x0,0x0,Engine,0x784f60,0x72a370,0x784680,0x727d40,0xfb0208,0xf2fb80,0x782bd0,0x746340,152
UDisTweaks_AISubState_Stand,DishonoredGame,140,140,0,0x0,0x0,0x783760,0x72a3a0,DishonoredGame,UDisTweaks_AISubState,UDisTweaks_AISubState,UDisTweaks_AIBehavior,0x0,0x0,0x0,0x0,Engine,0x784f90,0x72a3a0,0x7846a0,0x727d60,0xfafe78,0xf2fef0,0x782bf0,0x746000,140
UDisTweaks_AISubState_StareAtUnreachable,DishonoredGame,140,140,0,0x0,0x0,0x7837f0,0x72a4c0,DishonoredGame,UDisTweaks_AISubState,UDisTweaks_AISubState,UDisTweaks_AIBehavior,0x0,0x0,0x0,0x0,Engine,0x784fc0,0x72a4c0,0x7846c0,0x727e40,0xfafae8,0xf30260,0x782bf0,0x746000,140
UDisTweaks_AISubState_TakeActorPosition,DishonoredGame,164,164,0,0x0,0x0,0x7838b0,0x734390,DishonoredGame,UDisTweaks_AISubState_TakePosition,UDisTweaks_AISubState_TakePosition,UDisTweaks_AIBehavior,0x0,0x0,0x0,0x0,Engine,0x788620,0x734390,0x785d00,0x72e970,0xfaf758,0xf305d0,0x782c30,0x7460c0,164
UDisTweaks_AISubState_TakePosition,DishonoredGame,164,164,0,0x0,0x0,0x783940,0x72a540,DishonoredGame,UDisTweaks_AISubState,UDisTweaks_AISubState,UDisTweaks_AIBehavior,0x0,0x0,0x0,0x0,Engine,0x784ff0,0x72a540,0x784750,0x727eb0,0xfaf3c8,0xf30940,0x782a90,0x745fe0,164
UDisTweaks_AISubState_TrackTarget,DishonoredGame,148,148,0,0x0,0x0,0x7839d0,0x72a5c0,DishonoredGame,UDisTweaks_AISubState,UDisTweaks_AISubState,UDisTweaks_AIBehavior,0x0,0x0,0x0,0x0,Engine,0x785020,0x72a5c0,0x784770,0x728040,0xfaf038,0xf30cb0,0x782a70,0x746020,148
UDisTweaks_AISubState_WH_CombatLongDistance,DishonoredGame,140,140,0,0x0,0x0,0x783cd0,0x72aa80,DishonoredGame,UDisTweaks_AISubState,UDisTweaks_AISubState,UDisTweaks_AIBehavior,0x0,0x0,0x0,0x0,Engine,0x7850b0,0x72aa80,0x7847d0,0x7282a0,0xfae1f8,0xf31a70,0x782bf0,0x746000,140
UDisTweaks_AISubState_WH_CombatShortDistance,DishonoredGame,152,152,0,0x0,0x0,0x783e10,0x72ab50,DishonoredGame,UDisTweaks_AISubState,UDisTweaks_AISubState,UDisTweaks_AIBehavior,0x0,0x0,0x0,0x0,Engine,0x7850e0,0x72ab50,0x7847f0,0x7283c0,0xfae030,0xf31c28,0x782bd0,0x746340,152
UDisTweaks_AbstractItemPickup,DishonoredGame,244,248,4,0x0,0x0,0x89ebf0,0x840530,DishonoredGame,UDisTweaks_PickupBase,UDisTweaks_PickupBase,UObject,0x0,0x0,0x0,0x0,Engine,0x89f7c0,0x840530,0x887bc0,0x83cf50,0xff3230,0xf74480,0x89c5c0,0x85d630,244
UDisTweaks_AbstractItemPickupAudioLog,DishonoredGame,244,248,4,0x0,0x0,0x6a8250,0x648850,DishonoredGame,UDisTweaks_AbstractItemPickup,UDisTweaks_AbstractItemPickup,UObject,0x0,0x0,0x0,0x0,Engine,0x6a8950,0x648850,0x691ed0,0x644120,0xf78058,0xefd8b0,0x6a7e30,0x65dfb0,244
UDisTweaks_AbstractItemPickupNote,DishonoredGame,280,284,4,0x0,0x0,0x67add0,0x61d530,DishonoredGame,UDisTweaks_AbstractItemPickup,UDisTweaks_AbstractItemPickup,UObject,0x0,0x0,0x0,0x0,Engine,0x67bd60,0x61d530,0x66a800,0x619a20,0xf71b18,0xef4f18,0x67a510,0x6405e0,280
UDisTweaks_ActivePowerBase,DishonoredGame,348,348,0,0x0,0x0,0x840600,0x7e8c20,DishonoredGame,UDisTweaksBase,UDisTweaksBase,UObject,0x0,0x0,0x0,0x0,Engine,0x840de0,0x7e8c20,0x8249a0,0x7e70a0,0xfd9300,0xf5a270,0x8400e0,0x7fd5b0,348
UDisTweaks_AlarmBell,DishonoredGame,472,476,4,0x0,0x0,0x67b6c0,0x649580,DishonoredGame,UDisTweaks_UsableObject,UDisTweaks_UsableObject,UObject,0x0,0x0,0x0,0x0,Engine,0x6813c0,0x649580,0x67cb30,0x6459e0,0xf6de88,0xef89a0,0x67b350,0x65e0d0,472
UDisTweaks_Armor,DishonoredGame,192,192,0,0x0,0x0,0x89ec80,0x840560,DishonoredGame,UDisTweaksBase,UDisTweaksBase,UObject,0x0,0x0,0x0,0x0,Engine,0x89f7f0,0x840560,0x887be0,0x83cf70,0xff3068,0xf74638,0x89c640,0x85d650,192
UDisTweaks_Arrow,DishonoredGame,304,316,12,0x0,0x0,0x89e3d0,0x843b50,DishonoredGame,UDisTweaks_Projectile,UDisTweaks_Projectile,UObject,0x0,0x0,0x0,0x0,Engine,0x8a03f0,0x843b50,0x89f600,0x83f900,0xff5b28,0xf71cf8,0x89c920,0x85d6f0,304
UDisTweaks_Arrow_Explosive,DishonoredGame,320,332,12,0x0,0x0,0x89e460,0x84b320,DishonoredGame,UDisTweaks_Arrow,UDisTweaks_Arrow,UObject,0x0,0x0,0x0,0x0,Engine,0x8a4460,0x84b320,0x8a0420,0x844760,0xff5960,0xf71eb0,0x89c940,0x85d710,320
UDisTweaks_Arrow_Flare,DishonoredGame,352,364,12,0x0,0x0,0x89e510,0x84b380,DishonoredGame,UDisTweaks_Arrow,UDisTweaks_Arrow,UObject,0x0,0x0,0x0,0x0,Engine,0x8a4490,0x84b380,0x8a0440,0x8447a0,0xff55d0,0xf72220,0x89c960,0x85d730,352
UDisTweaks_Assassinate,DishonoredGame,7184,7184,0,0x0,0x0,0x880d60,0x81ed20,DishonoredGame,UDisTweaks_Finisher,UDisTweaks_Finisher,UDisTweaks_InventoryItem_PawnSpecific,0x0,0x0,0x0,0x0,Engine,0x886380,0x81ed20,0x886300,0x81b720,0xfee060,0xf61238,0x880300,0x83b010,7184
UDisTweaks_Attachments,DishonoredGame,152,152,0,0x0,0x0,0x8edea0,0x873b30,DishonoredGame,UDisTweaksBase,UDisTweaksBase,UObject,0x0,0x0,0x0,0x0,Engine,0x8f0ca0,0x873b30,0x8f0500,0x86ef00,0x1006620,0xf7bcd8,0x8ed870,0x885b80,152
UDisTweaks_AttackNPCTallboyMelee,DishonoredGame,408,408,0,0x0,0x0,0x882550,0x826510,DishonoredGame,UDisTweaks_MeleeAttackNPCBase,UDisTweaks_MeleeAttackNPCBase,UDisTweaks_InventoryItem_PawnSpecific,0x0,0x0,0x0,0x0,Engine,0x8862a0,0x826510,0x885e70,0x820080,0xfe6020,0xf68df8,0x880380,0x9112a0,408
UDisTweaks_AttentionTarget,DishonoredGame,232,232,0,0x0,0x0,0x8edf30,0x873b60,DishonoredGame,UDisTweaksBase,UDisTweaksBase,UObject,0x0,0x0,0x0,0x0,Engine,0x8f0cd0,0x873b60,0x8f0520,0x86f200,0x1006458,0xf7be90,0x8ed930,0x885e70,232
UDisTweaks_Attributes,DishonoredGame,140,140,0,0x0,0x0,0x8edfc0,0x873b90,DishonoredGame,UDisTweaksBase,UDisTweaksBase,UDisTweaksBase,0x0,0x0,0x0,0x0,Engine,0x8f0d00,0x873b90,0x8f0540,0x86f220,0x1006290,0xf7c048,0x8ed890,0x885bd0,140
UDisTweaks_AudioLogPlayer,DishonoredGame,432,432,0,0x0,0x0,0x67b400,0x61e4a0,DishonoredGame,UDisTweaks_UsableObject,UDisTweaks_UsableObject,UObject,0x0,0x0,0x0,0x0,Engine,0x6831c0,0x61e4a0,0x680bb0,0x619fa0,0xf6f3e8,0xef74e8,0x67a610,0x6406a0,432
UDisTweaks_BendTime,DishonoredGame,428,428,0,0x0,0x0,0x840690,0x7ecd60,DishonoredGame,UDisTweaks_ActivePowerBase,UDisTweaks_ActivePowerBase,UObject,0x0,0x0,0x0,0x0,Engine,0x841330,0x7ecd60,0x840e10,0x7e8cc0,0xfd8f70,0xf5a5e0,0x840100,0x7fd5d0,428
UDisTweaks_Blink,DishonoredGame,576,576,0,0x0,0x0,0x840720,0x7ecdc0,DishonoredGame,UDisTweaks_ActivePowerBase,UDisTweaks_ActivePowerBase,UObject,0x0,0x0,0x0,0x0,Engine,0x841360,0x7ecdc0,0x840e30,0x7e8d40,0xfd8be0,0xf5a950,0x840120,0x7fd5f0,576
UDisTweaks_Bullet,DishonoredGame,320,332,12,0x0,0x0,0x89e080,0x821a70,DishonoredGame,UDisTweaks_Projectile,UDisTweaks_Projectile,UObject,0x0,0x0,0x0,0x0,Engine,0x8a2750,0x821a70,0x8a03a0,0x81d340,0xff6cf8,0xf70b70,0x89c980,0x83b4b0,320
UDisTweaks_Bullet_Explosive,DishonoredGame,324,336,12,0x0,0x0,0x89e110,0x829a30,DishonoredGame,UDisTweaks_Bullet,UDisTweaks_Bullet,UObject,0x0,0x0,0x0,0x0,Engine,0x8a6370,0x829a30,0x8a2780,0x821d30,0xff6968,0xf70ee0,0x89c9a0,0x83b4d0,324
UDisTweaks_ChapterInfo,DishonoredGame,184,184,0,0x0,0x0,0x654cf0,0x5f9e60,DishonoredGame,UDisTweaksBase,UDisTweaksBase,UObject,0x0,0x0,0x0,0x0,Engine,0x655b10,0x5f9e60,0x62f7e0,0x5e9ae0,0xf6a8b0,0xee72e8,0x654c20,0x60d950,184
UDisTweaks_ChapterInfoList,DishonoredGame,152,152,0,0x0,0x0,0x654d80,0x5f9e90,DishonoredGame,UDisTweaksBase,UDisTweaksBase,UObject,0x0,0x0,0x0,0x0,Engine,0x655b40,0x5f9e90,0x62f800,0x5e9b00,0xf6a6e8,0xee74a0,0x8ed870,0x60d970,152
UDisTweaks_ChapterTarget,DishonoredGame,164,164,0,0x0,0x0,0x654e10,0x5f9ec0,DishonoredGame,UDisTweaksBase,UDisTweaksBase,UObject,0x0,0x0,0x0,0x0,Engine,0x655b70,0x5f9ec0,0x62f820,0x5e9b20,0xf6a520,0xee7658,0x654c40,0x60d990,164
UDisTweaks_Choke,DishonoredGame,192,192,0,0x0,0x0,0x880a40,0x810ec0,DishonoredGame,UDisTweaks_ItemContext,UDisTweaks_ItemContext,UDisTweaks_InventoryItem_PawnSpecific,0x0,0x0,0x0,0x0,Engine,0x885600,0x810ec0,0x884d90,0x80deb0,0xfef3f8,0xf5fd98,0x880260,0x819960,192
UDisTweaks_Climbable,DishonoredGame,212,212,0,0x0,0x0,0x67b4c0,0x61e650,DishonoredGame,UDisTweaks_KAsset,UDisTweaks_KAsset,UObject,0x0,0x0,0x0,0x0,Engine,0x67bf40,0x61e650,0x66adb0,0x61a140,0xf6f058,0xef7858,0x67a590,0x640640,212
UDisTweaks_ComponentHitReactionThrow,DishonoredGame,296,296,0,0x0,0x0,0x8cc9a0,0x841d40,DishonoredGame,UDisTweaksBase,UDisTweaksBase,UObject,0x0,0x0,0x0,0x0,Engine,0x8cf490,0x841d40,0x8af3f0,0x83e1c0,0x10002d8,0xf77ef0,0x8cc7c0,0x85d5f0,296
UDisTweaks_ComponentMeshOffset,DishonoredGame,164,164,0,0x0,0x0,0x7bf2c0,0x76fd20,DishonoredGame,UDisTweaksBase,UDisTweaksBase,UObject,0x0,0x0,0x0,0x0,Engine,0x7c11d0,0x76fd20,0x7abb70,0x76e020,0xfbaa00,0xf399a0,0x7beda0,0x784460,164
UDisTweaks_ComponentObservable,DishonoredGame,148,148,0,0x0,0x0,0x8ccbe0,0x870af0,DishonoredGame,UDisTweaksBase,UDisTweaksBase,UObject,0x0,0x0,0x0,0x0,Engine,0x8cf550,0x870af0,0x8af630,0x86a2d0,0xfffbb8,0xf785d8,0x8ed8b0,0x6de230,148
UDisTweaks_ConvSettings,DishonoredGame,284,284,0,0x4,0x4,0x8ee950,0x88bb50,DishonoredGame,UDisTweaksBase,UDisTweaksBase,UObject,0x0,0x0,0x0,0x0,Conversation,0x8f0880,0x88bb50,0x8ef900,0x88b130,0x10027c8,0xf7f908,0x8edaa0,0x89dc70,284
UDisTweaks_DLC05MoviePlayerChallengeMenu,DishonoredGame,,204,,,0x0,,0x8c1e70,,,UDisTweaks_GFxMoviePlayerBase,UObject,,0x0,,0x0,Engine,,0x8c1e70,,0x8be9a0,,0xf92e90,,0x8e5c80,
UDisTweaks_DLC05MoviePlayerHUD,DishonoredGame,,260,,,0x0,,0x8c2160,,,UDisTweaks_GFxMoviePlayerBase,UObject,,0x0,,0x0,Engine,,0x8c2160,,0x8be9e0,,0xf93200,,0x8e5ca0,
UDisTweaks_DLC05_DropAssassinate,DishonoredGame,,1348,,,0x0,,0x8c3960,,,UDisTweaks_DropAssassinate,UDisTweaks_InventoryItem_PawnSpecific,,0x0,,0x0,Engine,,0x8c3960,,0x8bee00,,0xf94330,,0x8e5ce0,
UDisTweaks_DLC05_NPCAssassinHand,DishonoredGame,,296,,,0x0,,0x8c3870,,,UDisTweaks_NPCAssassinHand,UObject,,0x0,,0x0,Engine,,0x8c3870,,0x8becc0,,0xf93a98,,0x8e5cc0,
UDisTweaks_DLC05_NPCTeleportSpell,DishonoredGame,,268,,,0x0,,0x8c3930,,,UDisTweaks_NPCTeleportSpell,UDisTweaks_InventoryItem_PawnSpecific,,0x0,,0x0,Engine,,0x8c3930,,0x8bed90,,0xf94178,,0x8e5d00,
UDisTweaks_DLC05_SkeletalBreakable,DishonoredGame,,200,,,0x0,,0x8c3a20,,,UDisTweaks_SkeletalBreakable,UObject,,0x0,,0x0,Engine,,0x8c3a20,,0x8bef50,,0xf94a10,,0x8e5d20,
UDisTweaks_DLC05_WepSword,DishonoredGame,,268,,,0x0,,0x8c38a0,,,UDisTweaks_WepSword,UObject,,0x0,,0x0,Engine,,0x8c38a0,,0x8becf0,,0xf93c50,,0x83aff0,
UDisTweaks_DLC07MoviePlayerHUD,DishonoredGame,,2352,,,0x0,,0x90d170,,,UDisTweaks_GFxMoviePlayerHUD,UObject,,0x0,,0x0,Engine,,0x90d170,,0x90be00,,0xfa8f00,,0x911240,
UDisTweaks_DarkVision,DishonoredGame,696,696,0,0x0,0x0,0x840570,0x7f3030,DishonoredGame,UDisTweaks_ActivePowerBase,UDisTweaks_ActivePowerBase,UObject,0x0,0x0,0x0,0x0,Engine,0x843e20,0x7f3030,0x841310,0x7ecb10,0xfd9858,0xf59d48,0x840430,0x7fd6b0,696
UDisTweaks_DefenceTower,DishonoredGame,316,316,0,0x0,0x0,0x6553f0,0x61c210,DishonoredGame,UDisTweaksBase,UDisTweaksBase,UObject,0x0,0x0,0x0,0x0,Engine,0x656a40,0x61c210,0x6310e0,0x618100,0xf60bf0,0xef14a8,0x654230,0x640530,316
UDisTweaks_DetectionEye,DishonoredGame,224,224,0,0x0,0x0,0x655480,0x61c3d0,DishonoredGame,UDisTweaksBase,UDisTweaksBase,UObject,0x0,0x0,0x0,0x0,Engine,0x656a70,0x61c3d0,0x631320,0x618250,0xf60698,0xef19d0,0x654250,0x640550,224
UDisTweaks_DevouringSwarm,DishonoredGame,544,544,0,0x0,0x0,0x85c300,0x7ed580,DishonoredGame,UDisTweaks_ActivePowerBase,UDisTweaks_ActivePowerBase,UObject,0x0,0x0,0x0,0x0,Engine,0x85d100,0x7ed580,0x848fb0,0x7e92f0,0xfe34f0,0xf5acc0,0x85c240,0x7fd610,544
UDisTweaks_Door,DishonoredGame,1228,1228,0,0x0,0x0,0x67b550,0x61e8a0,DishonoredGame,UDisTweaks_UsableObject,UDisTweaks_UsableObject,UObject,0x0,0x0,0x0,0x0,Engine,0x683250,0x61e8a0,0x681250,0x61a380,0xf6eb00,0xef7d80,0x67a630,0x6406c0,1228
UDisTweaks_DropAssassinate,DishonoredGame,1348,1348,0,0x0,0x0,0x880df0,0x81ee00,DishonoredGame,UDisTweaks_ItemContext,UDisTweaks_ItemContext,UDisTweaks_InventoryItem_PawnSpecific,0x0,0x0,0x0,0x0,Engine,0x885670,0x81ee00,0x884e80,0x81b740,0xfede98,0xf613f0,0x880320,0x83b030,1348
UDisTweaks_ElixirHealth,DishonoredGame,220,220,0,0x0,0x0,0x67ae60,0x62a9a0,DishonoredGame,UDisTweaks_PickupBase,UDisTweaks_PickupBase,UObject,0x0,0x0,0x0,0x0,Engine,0x67ff90,0x62a9a0,0x67c670,0x622140,0xf71788,0xef5288,0x67a530,0x908f30,220
UDisTweaks_ElixirMana,DishonoredGame,220,220,0,0x0,0x0,0x67aef0,0x62a9f0,DishonoredGame,UDisTweaks_PickupBase,UDisTweaks_PickupBase,UObject,0x0,0x0,0x0,0x0,Engine,0x67ffc0,0x62a9f0,0x67c6c0,0x6222a0,0xf713f8,0xef55f8,0x67a530,0x908f30,220
UDisTweaks_EmitterCameraLensEffect,DishonoredGame,160,160,0,0x0,0x0,0x85c640,0x8003a0,DishonoredGame,UDisTweaksBase,UDisTweaksBase,UObject,0x0,0x0,0x0,0x0,Engine,0x85d220,0x8003a0,0x8497f0,0x7feac0,0xfe16a8,0xf5cbc0,0x6ca6b0,0x885cc0,160
UDisTweaks_EmitterCameraLensEffect_Looping,DishonoredGame,160,160,0,0x0,0x0,0x85c6d0,0x804420,DishonoredGame,UDisTweaks_EmitterCameraLensEffect,UDisTweaks_EmitterCameraLensEffect,UObject,0x0,0x0,0x0,0x0,Engine,0x85df00,0x804420,0x85d250,0x8003d0,0xfe14e0,0xf5cd78,0x85c620,0x8199a0,160
UDisTweaks_Explosion,DishonoredGame,260,260,0,0x0,0x0,0x654fd0,0x5faa70,DishonoredGame,UDisTweaksBase,UDisTweaksBase,UObject,0x0,0x0,0x0,0x0,Engine,0x6566c0,0x5faa70,0x6304d0,0x5ea910,0xf68a68,0xee9020,0x6543d0,0x60d170,260
UDisTweaks_Faction,DishonoredGame,164,164,0,0x0,0x0,0x8cce20,0x871b10,DishonoredGame,UDisTweaksBase,UDisTweaksBase,UObject,0x0,0x0,0x0,0x0,Engine,0x8cf5b0,0x871b10,0x8b0240,0x86c360,0xfff828,0xf78948,0x8cc7e0,0x885bf0,164
UDisTweaks_Fatality,DishonoredGame,6912,6912,0,0x0,0x0,0x880e80,0x81eeb0,DishonoredGame,UDisTweaks_Finisher,UDisTweaks_Finisher,UDisTweaks_InventoryItem_PawnSpecific,0x0,0x0,0x0,0x0,Engine,0x8863b0,0x81eeb0,0x886320,0x81b760,0xfedcd0,0xf615a8,0x8802e0,0x83afd0,6912
UDisTweaks_Finisher,DishonoredGame,1064,1064,0,0x1,0x1,0x880af0,0x8187a0,DishonoredGame,UDisTweaks_MeleeAttackPlayer,UDisTweaks_MeleeAttackPlayer,UDisTweaks_InventoryItem_PawnSpecific,0x0,0x0,0x0,0x0,Engine,0x8862d0,0x8187a0,0x885e90,0x817610,0xfeecd8,0xf60630,0x8802c0,0x819940,1064
UDisTweaks_FireCrossbow,DishonoredGame,1352,1352,0,0x0,0x0,0x880f10,0x81ef90,DishonoredGame,UDisTweaks_ProjectileAttack,UDisTweaks_ProjectileAttack,UDisTweaks_InventoryItem_PawnSpecific,0x0,0x0,0x0,0x0,Engine,0x885aa0,0x81ef90,0x8856a0,0x81b780,0xfedb08,0xf61760,0x8804e0,0x83b330,1352
UDisTweaks_FirePistol,DishonoredGame,1412,1412,0,0x0,0x0,0x880fa0,0x81f020,DishonoredGame,UDisTweaks_ProjectileAttack,UDisTweaks_ProjectileAttack,UDisTweaks_InventoryItem_PawnSpecific,0x0,0x0,0x0,0x0,Engine,0x885ad0,0x81f020,0x8856c0,0x81b890,0xfed5b0,0xf61c88,0x880500,0x83b350,1412
UDisTweaks_Fish,DishonoredGame,252,252,0,0x0,0x0,0x655060,0x5fab50,DishonoredGame,UDisTweaksBase,UDisTweaksBase,UObject,0x0,0x0,0x0,0x0,Engine,0x6566f0,0x5fab50,0x630590,0x5eaa60,0xf68510,0xee9548,0x654270,0x60d120,252
UDisTweaks_GFxMoviePlayerBase,DishonoredGame,184,184,0,0x0,0x0,0x817fa0,0x78c2c0,DishonoredGame,UDisTweaksBase,UDisTweaksBase,UObject,0x0,0x0,0x0,0x0,Engine,0x81ad10,0x78c2c0,0x7f41e0,0x787660,0xfd4ec8,0xf513c0,0x8177a0,0x7b4f90,184
UDisTweaks_GFxMoviePlayerGlobal,DishonoredGame,184,184,0,0x0,0x0,0x818030,0x7943d0,DishonoredGame,UDisTweaks_GFxMoviePlayerBase,UDisTweaks_GFxMoviePlayerBase,UObject,0x0,0x0,0x0,0x0,Engine,0x81b570,0x7943d0,0x81ad40,0x78c730,0xfd4b38,0xf51730,0x840240,0x7b4fb0,184
UDisTweaks_GFxMoviePlayerHUD,DishonoredGame,2036,2328,292,0x0,0x0,0x8180c0,0x7949b0,DishonoredGame,UDisTweaks_GFxMoviePlayerBase,UDisTweaks_GFxMoviePlayerBase,UObject,0x0,0x0,0x0,0x0,Engine,0x81b5a0,0x7949b0,0x81ad60,0x78c9f0,0xfd45e0,0xf51c58,0x8179b0,0x7b5050,2036
UDisTweaks_GFxMoviePlayerJournal,DishonoredGame,240,240,0,0x0,0x0,0x818150,0x7bbfe0,DishonoredGame,UDisTweaks_GFxMoviePlayerBase,UDisTweaks_GFxMoviePlayerBase,UObject,0x0,0x0,0x0,0x0,Engine,0x81b8a0,0x7bbfe0,0x81ad80,0x7b9910,0xfd3968,0xf52860,0x8177c0,0x7e3fa0,240
UDisTweaks_GFxMoviePlayerMainMenu,DishonoredGame,304,328,24,0x0,0x0,0x8181e0,0x7bc220,DishonoredGame,UDisTweaks_GFxMoviePlayerBase,UDisTweaks_GFxMoviePlayerBase,UObject,0x0,0x0,0x0,0x0,Engine,0x81b9f0,0x7bc220,0x81ada0,0x7b99d0,0xfd3248,0xf52f40,0x8177e0,0x7e3fc0,304
UDisTweaks_GFxMoviePlayerMenuBase,DishonoredGame,1244,1268,24,0x0,0x0,0x818270,0x7bc7a0,DishonoredGame,UDisTweaksBase,UDisTweaksBase,UObject,0x0,0x0,0x0,0x0,Engine,0x81adc0,0x7bc7a0,0x7f4b50,0x7b9aa0,0xfd2cf0,0xf53468,0x817820,0x7e4020,1244
UDisTweaks_GFxMoviePlayerMissionStats,DishonoredGame,244,244,0,0x0,0x0,0x818300,0x7bcce0,DishonoredGame,UDisTweaks_GFxMoviePlayerBase,UDisTweaks_GFxMoviePlayerBase,UObject,0x0,0x0,0x0,0x0,Engine,0x81c380,0x7bcce0,0x81adf0,0x7b9b40,0xfd2960,0xf537d8,0x817800,0x7e3fe0,244
UDisTweaks_GFxMoviePlayerNote,DishonoredGame,696,696,0,0x0,0x0,0x840280,0x7bcd40,DishonoredGame,UDisTweaks_GFxMoviePlayerBase,UDisTweaks_GFxMoviePlayerBase,UObject,0x0,0x0,0x0,0x0,Engine,0x840830,0x7bcd40,0x822a30,0x7b9c60,0xfdffa8,0xf53b48,0x840140,0x7e4130,696
UDisTweaks_GFxMoviePlayerPauseMenu,DishonoredGame,208,208,0,0x0,0x0,0x840310,0x7bce60,DishonoredGame,UDisTweaks_GFxMoviePlayerBase,UDisTweaks_GFxMoviePlayerBase,UObject,0x0,0x0,0x0,0x0,Engine,0x840860,0x7bce60,0x822ab0,0x7b9c90,0xfdfc18,0xf53eb8,0x840160,0x7e4000,208
UDisTweaks_GFxMoviePlayerPowerWheel,DishonoredGame,332,332,0,0x0,0x0,0x840450,0x7bd060,DishonoredGame,UDisTweaks_GFxMoviePlayerBase,UDisTweaks_GFxMoviePlayerBase,UObject,0x0,0x0,0x0,0x0,Engine,0x8408c0,0x7bd060,0x822b90,0x7b9d60,0xfdf6c0,0xf54228,0x840260,0x7e4150,332
UDisTweaks_GameCrowdAgentSkeletalRat,DishonoredGame,360,364,4,0x0,0x0,0x8cceb0,0x871b40,DishonoredGame,UDisTweaksBase,UDisTweaksBase,UObject,0x0,0x0,0x0,0x0,Engine,0x8cf5e0,0x871b40,0x8b0280,0x86c3b0,0xfff498,0xf78cb8,0x8cc960,0x886030,360
UDisTweaks_GenericPickup,DishonoredGame,220,220,0,0x0,0x0,0x67af80,0x62aa40,DishonoredGame,UDisTweaks_PickupBase,UDisTweaks_PickupBase,UObject,0x0,0x0,0x0,0x0,Engine,0x67fff0,0x62aa40,0x67c710,0x622400,0xf71068,0xef5968,0x67a530,0x908f30,220
UDisTweaks_Grenade,DishonoredGame,160,160,0,0x0,0x0,0x89e1a0,0x821e20,DishonoredGame,UDisTweaks_KAsset,UDisTweaks_KAsset,UDisTweaks_Projectile_GrenadeBase,0x0,0x0,0x0,0x0,Engine,0x8a63a0,0x821e20,0x8a27a0,0x81d530,0xff65d8,0xf71250,0x89c900,0x83b490,160
UDisTweaks_GrenadeComponent,DishonoredGame,172,172,0,0x0,0x0,0x89e230,0x84f140,DishonoredGame,UDisTweaksBase,UDisTweaksBase,UDisTweaks_Projectile_GrenadeBase,0x0,0x0,0x0,0x0,Engine,0x8a63d0,0x84f140,0x8a27c0,0x849a30,0xff6248,0xf71618,0x89c780,0x85d690,172
UDisTweaks_Heart,DishonoredGame,400,400,0,0x0,0x0,0x89dfd0,0x821970,DishonoredGame,UDisTweaks_InventoryItem,UDisTweaks_InventoryItem,UObject,0x0,0x0,0x0,0x0,Engine,0x89f550,0x821970,0x8870d0,0x81d2b0,0xff7088,0xf70800,0x89c560,0x83aed0,400
UDisTweaks_InteractableInterface,DishonoredGame,224,224,0,0x0,0x0,0x67a900,0x61c890,DishonoredGame,UDisTweaksBase,UDisTweaksBase,UObject,0x0,0x0,0x0,0x0,Engine,0x67bb60,0x61c890,0x669a60,0x618ab0,0xf745d8,0xef25d8,0x67a4b0,0x640570,224
UDisTweaks_Interactable_AlarmBell,DishonoredGame,236,236,0,0x0,0x0,0x67b370,0x6229f0,DishonoredGame,UDisTweaks_InteractableInterface,UDisTweaks_InteractableInterface,UObject,0x0,0x0,0x0,0x0,Engine,0x67c8c0,0x6229f0,0x67bf00,0x61e0b0,0xf6f940,0xef6fc0,0x67a4d0,0x640590,236
UDisTweaks_Interactable_PickupBase,DishonoredGame,236,236,0,0x0,0x0,0x67b180,0x622890,DishonoredGame,UDisTweaks_InteractableInterface,UDisTweaks_InteractableInterface,UObject,0x0,0x0,0x0,0x0,Engine,0x67c7a0,0x622890,0x67be40,0x61de30,0xf705b8,0xef63b8,0x67a4d0,0x640590,236
UDisTweaks_InventoryItem,DishonoredGame,268,268,0,0x0,0x0,0x880690,0x802df0,DishonoredGame,UDisTweaksBase,UDisTweaksBase,UObject,0x0,0x0,0x0,0x0,Engine,0x882970,0x802df0,0x861db0,0x7ff220,0xff0eb0,0xf5e3d0,0x880160,0x8198a0,268
UDisTweaks_InventoryItem_Attributes,DishonoredGame,252,252,0,0x0,0x0,0x880720,0x802e20,DishonoredGame,UDisTweaks_Attributes,UDisTweaks_Attributes,UDisTweaksBase,0x0,0x0,0x0,0x0,Engine,0x8829a0,0x802e20,0x861dd0,0x7ff240,0xff0ce8,0xf5e588,0x880140,0x819880,252
UDisTweaks_InventoryItem_PawnSpecific,DishonoredGame,264,264,0,0x0,0x0,0x882f20,0x806ba0,DishonoredGame,UDisTweaksBase,UDisTweaksBase,UDisTweaks_InventoryItem,0x0,0x0,0x0,0x0,Engine,0x8836d0,0x806ba0,0x8829d0,0x802e50,0xff0b20,0xf5e740,0x882eb0,0x81a630,264
UDisTweaks_InventoryItem_PlayerSpecific,DishonoredGame,380,380,0,0x0,0x0,0x882fb0,0x80d430,DishonoredGame,UDisTweaks_InventoryItem_PawnSpecific,UDisTweaks_InventoryItem_PawnSpecific,UDisTweaks_InventoryItem,0x0,0x0,0x0,0x0,Engine,0x884bb0,0x80d430,0x883700,0x806bd0,0xff0958,0xf5e8f8,0x882ed0,0x81a650,380
UDisTweaks_InventoryPickup,DishonoredGame,380,428,48,0x0,0x0,0x880600,0x802d80,DishonoredGame,UDisTweaks_StatPickup,UDisTweaks_StatPickup,UObject,0x0,0x0,0x0,0x0,Engine,0x8828b0,0x802d80,0x861d00,0x7ff180,0xff1240,0xf5e060,0x880190,0x8198d0,380
UDisTweaks_ItemContext,DishonoredGame,176,176,0,0x1,0x1,0x8807b0,0x80d500,DishonoredGame,UDisTweaksBase,UDisTweaksBase,UDisTweaks_InventoryItem_PawnSpecific,0x0,0x0,0x0,0x0,Engine,0x884be0,0x80d500,0x883720,0x806d80,0xff05c8,0xf5ec68,0x880240,0x885c50,176
UDisTweaks_ItemEmpty,DishonoredGame,296,296,0,0x0,0x0,0x89ed10,0x840610,DishonoredGame,UDisTweaks_InventoryItem,UDisTweaks_InventoryItem,UObject,0x0,0x0,0x0,0x0,Engine,0x89f820,0x840610,0x887c20,0x83cfd0,0xff2cd8,0xf749a8,0x89c580,0x85d610,296
UDisTweaks_ItemEmpty_PlayerSpecific,DishonoredGame,380,380,0,0x0,0x0,0x8a05e0,0x840640,DishonoredGame,UDisTweaks_InventoryItem_PlayerSpecific,UDisTweaks_InventoryItem_PlayerSpecific,UDisTweaks_InventoryItem,0x0,0x0,0x0,0x0,Engine,0x8a4f80,0x840640,0x887c40,0x83d000,0xff2b10,0xf74b60,0x8a0030,0x860c20,380
UDisTweaks_ItemPowers,DishonoredGame,312,312,0,0x0,0x0,0x89eb60,0x840490,DishonoredGame,UDisTweaks_InventoryItem,UDisTweaks_InventoryItem,UObject,0x0,0x0,0x0,0x0,Engine,0x89f790,0x840490,0x887b50,0x83ce90,0xff3788,0xf73f58,0x89c660,0x85d670,312
UDisTweaks_Item_WolfhoundBark,DishonoredGame,268,268,0,0x0,0x0,0x89eda0,0x8406e0,DishonoredGame,UDisTweaks_InventoryItem,UDisTweaks_InventoryItem,UObject,0x0,0x0,0x0,0x0,Engine,0x89f850,0x8406e0,0x887d40,0x83d130,0xff2780,0xf74ed0,0x89d120,0x85db00,268
UDisTweaks_Item_WolfhoundBite,DishonoredGame,272,272,0,0x0,0x0,0x89d910,0x820fa0,DishonoredGame,UDisTweaks_InventoryItem,UDisTweaks_InventoryItem,UObject,0x0,0x0,0x0,0x0,Engine,0x89f380,0x820fa0,0x886d30,0x81cc60,0xff9d10,0xf6dd08,0x89d140,0x83b4f0,272
UDisTweaks_KActor,DishonoredGame,148,148,0,0x0,0x0,0x8ee050,0x873bc0,DishonoredGame,UDisTweaksBase,UDisTweaksBase,UObject,0x0,0x0,0x0,0x0,Engine,0x8f0f20,0x873bc0,0x8f0560,0x86f240,0x10060c8,0xf7c200,0x8ed8b0,0x6de230,148
UDisTweaks_KAsset,DishonoredGame,148,148,0,0x0,0x0,0x8ee0e0,0x873bf0,DishonoredGame,UDisTweaksBase,UDisTweaksBase,UObject,0x0,0x0,0x0,0x0,Engine,0x8f0f50,0x873bf0,0x8f0580,0x86f260,0x1005f00,0xf7c3b8,0x8ed8b0,0x6de230,148
UDisTweaks_Key,DishonoredGame,244,244,0,0x0,0x0,0x67b010,0x62aa90,DishonoredGame,UDisTweaks_PickupBase,UDisTweaks_PickupBase,UObject,0x0,0x0,0x0,0x0,Engine,0x680020,0x62aa90,0x67c760,0x622550,0xf70cd8,0xef5cd8,0x67a550,0x640600,244
UDisTweaks_LODConfig,DishonoredGame,176,176,0,0x0,0x0,0x8cca30,0x870510,DishonoredGame,UDisTweaksBase,UDisTweaksBase,UObject,0x0,0x0,0x0,0x0,Engine,0x8cf4c0,0x870510,0x8af420,0x86a1a0,0x1000110,0xf780b0,0x880240,0x885c50,176
UDisTweaks_LODProfile,DishonoredGame,160,160,0,0x0,0x0,0x8ccac0,0x870540,DishonoredGame,UDisTweaksBase,UDisTweaksBase,UObject,0x0,0x0,0x0,0x0,Engine,0x8cf4f0,0x870540,0x8af440,0x86a1c0,0xffff48,0xf78268,0x8cc800,0x885c70,160
UDisTweaks_LODSetup,DishonoredGame,160,160,0,0x0,0x0,0x8ccb50,0x870570,DishonoredGame,UDisTweaksBase,UDisTweaksBase,UObject,0x0,0x0,0x0,0x0,Engine,0x8cf520,0x870570,0x8af460,0x86a1e0,0xfffd80,0xf78420,0x6ca6b0,0x885cc0,160
UDisTweaks_MeleeAttack,DishonoredGame,296,296,0,0x1,0x1,0x880840,0x810b90,DishonoredGame,UDisTweaks_ItemContext,UDisTweaks_ItemContext,UDisTweaks_InventoryItem_PawnSpecific,0x0,0x0,0x0,0x0,Engine,0x885570,0x810b90,0x884d30,0x80d530,0xff0070,0xf5f190,0x880280,0x819900,296
UDisTweaks_MeleeAttackNPCBase,DishonoredGame,408,408,0,0x1,0x1,0x8811e0,0x81f310,DishonoredGame,UDisTweaks_MeleeAttack,UDisTweaks_MeleeAttack,UDisTweaks_InventoryItem_PawnSpecific,0x0,0x0,0x0,0x0,Engine,0x885b30,0x81f310,0x885760,0x81ba80,0xfec770,0xf62a48,0x880340,0x83b050,408
UDisTweaks_MeleeAttackPlayer,DishonoredGame,1044,1044,0,0x0,0x0,0x880b80,0x814f50,DishonoredGame,UDisTweaks_MeleeAttack,UDisTweaks_MeleeAttack,UDisTweaks_InventoryItem_PawnSpecific,0x0,0x0,0x0,0x0,Engine,0x885980,0x814f50,0x885630,0x811210,0xfee948,0xf609a0,0x8802a0,0x819920,1044
UDisTweaks_MeleeBlock,DishonoredGame,192,192,0,0x1,0x1,0x880920,0x810c30,DishonoredGame,UDisTweaks_ItemContext,UDisTweaks_ItemContext,UDisTweaks_InventoryItem_PawnSpecific,0x0,0x0,0x0,0x0,Engine,0x8855a0,0x810c30,0x884d50,0x80d860,0xfefce0,0xf5f500,0x880260,0x819960,192
UDisTweaks_MeleeBlockPlayer,DishonoredGame,340,352,12,0x0,0x0,0x880c10,0x81ec90,DishonoredGame,UDisTweaks_MeleeBlock,UDisTweaks_MeleeBlock,UDisTweaks_InventoryItem_PawnSpecific,0x0,0x0,0x0,0x0,Engine,0x885a50,0x81ec90,0x885650,0x81b620,0xfee5b8,0xf60d10,0x880420,0x83b130,340
UDisTweaks_Minigame,DishonoredGame,476,476,0,0x0,0x0,0x881f60,0x824be0,DishonoredGame,UDisTweaks_MeleeAttackNPCBase,UDisTweaks_MeleeAttackNPCBase,UDisTweaks_InventoryItem_PawnSpecific,0x0,0x0,0x0,0x0,Engine,0x886210,0x824be0,0x885d80,0x81fa60,0xfe8750,0xf66828,0x880360,0x83b070,476
UDisTweaks_MissionStats,DishonoredGame,196,196,0,0x0,0x0,0x654f40,0x5fa7e0,DishonoredGame,UDisTweaksBase,UDisTweaksBase,UObject,0x0,0x0,0x0,0x0,Engine,0x656270,0x5fa7e0,0x62ffb0,0x5ea390,0xf69c38,0xee7ef0,0x654c00,0x60d930,196
UDisTweaks_Movable,DishonoredGame,284,284,0,0x0,0x0,0x67cb50,0x645ce0,DishonoredGame,UDisTweaks_StaticBreakable,UDisTweaks_StaticBreakable,UObject,0x0,0x0,0x0,0x0,Engine,0x6815c0,0x645ce0,0x66b650,0x642810,0xf6d5a0,0xef9238,0x67c0f0,0x65e420,284
UDisTweaks_MovableLimb,DishonoredGame,152,152,0,0x0,0x0,0x6a7f00,0x646990,DishonoredGame,UDisTweaks_KAsset,UDisTweaks_KAsset,UObject,0x0,0x0,0x0,0x0,Engine,0x6a84d0,0x646990,0x691090,0x642bc0,0xf7bb20,0xef9918,0x6a7e50,0x679a00,152
UDisTweaks_MultiFatality,DishonoredGame,1116,1116,0,0x0,0x0,0x880ca0,0x81ecc0,DishonoredGame,UDisTweaks_MeleeAttackPlayer,UDisTweaks_MeleeAttackPlayer,UDisTweaks_InventoryItem_PawnSpecific,0x0,0x0,0x0,0x0,Engine,0x885eb0,0x81ecc0,0x885a80,0x81b6c0,0xfee3f0,0xf60ec8,0x880400,0x83b110,1116
UDisTweaks_MusicEvents,DishonoredGame,240,240,0,0x0,0x0,0x817e80,0x78c1d0,DishonoredGame,UDisTweaksBase,UDisTweaksBase,UObject,0x0,0x0,0x0,0x0,Engine,0x81a180,0x78c1d0,0x7f4080,0x7874e0,0xfd57b0,0xf50b28,0x817e60,0x7b5490,240
UDisTweaks_NPCAmbush,DishonoredGame,408,408,0,0x0,0x0,0x8812a0,0x824260,DishonoredGame,UDisTweaks_MeleeAttackNPCBase,UDisTweaks_MeleeAttackNPCBase,UDisTweaks_InventoryItem_PawnSpecific,0x0,0x0,0x0,0x0,Engine,0x885ee0,0x824260,0x885b60,0x81f3d0,0xfec3e0,0xf62db8,0x880380,0x9112a0,408
UDisTweaks_NPCAssassinHand,DishonoredGame,296,296,0,0x0,0x0,0x89dc70,0x829260,DishonoredGame,UDisTweaks_WeaponRanged,UDisTweaks_WeaponRanged,UObject,0x0,0x0,0x0,0x0,Engine,0x8a0350,0x829260,0x89f470,0x821290,0xff85e8,0xf6f360,0x89c7a0,0x83b230,296
UDisTweaks_NPCAttachment,DishonoredGame,,284,,,0x0,,0x64aff0,,,UDisTweaks_Movable,UObject,,0x0,,0x0,Engine,,0x64aff0,,0x646c50,,0xef9e40,,0x65e440,
UDisTweaks_NPCAttackLeft180,DishonoredGame,408,408,0,0x0,0x0,0x881360,0x8242c0,DishonoredGame,UDisTweaks_MeleeAttackNPCBase,UDisTweaks_MeleeAttackNPCBase,UDisTweaks_InventoryItem_PawnSpecific,0x0,0x0,0x0,0x0,Engine,0x885f10,0x8242c0,0x885b80,0x81f410,0xfec050,0xf63128,0x880380,0x9112a0,408
UDisTweaks_NPCAttackLeft90,DishonoredGame,408,408,0,0x0,0x0,0x881420,0x824320,DishonoredGame,UDisTweaks_MeleeAttackNPCBase,UDisTweaks_MeleeAttackNPCBase,UDisTweaks_InventoryItem_PawnSpecific,0x0,0x0,0x0,0x0,Engine,0x885f40,0x824320,0x885ba0,0x81f450,0xfebcc0,0xf63498,0x880380,0x9112a0,408
UDisTweaks_NPCAttackLong,DishonoredGame,408,408,0,0x0,0x0,0x8814e0,0x824380,DishonoredGame,UDisTweaks_MeleeAttackNPCBase,UDisTweaks_MeleeAttackNPCBase,UDisTweaks_InventoryItem_PawnSpecific,0x0,0x0,0x0,0x0,Engine,0x885f70,0x824380,0x885bc0,0x81f490,0xfeb930,0xf63808,0x880380,0x9112a0,408
UDisTweaks_NPCAttackMedium,DishonoredGame,408,408,0,0x0,0x0,0x8815a0,0x8243e0,DishonoredGame,UDisTweaks_MeleeAttackNPCBase,UDisTweaks_MeleeAttackNPCBase,UDisTweaks_InventoryItem_PawnSpecific,0x0,0x0,0x0,0x0,Engine,0x885fa0,0x8243e0,0x885be0,0x81f4d0,0xfeb5a0,0xf63b78,0x880380,0x9112a0,408
UDisTweaks_NPCAttackRight180,DishonoredGame,408,408,0,0x0,0x0,0x881660,0x824440,DishonoredGame,UDisTweaks_MeleeAttackNPCBase,UDisTweaks_MeleeAttackNPCBase,UDisTweaks_InventoryItem_PawnSpecific,0x0,0x0,0x0,0x0,Engine,0x885fd0,0x824440,0x885c00,0x81f510,0xfeb210,0xf63ee8,0x880380,0x9112a0,408
UDisTweaks_NPCAttackRight90,DishonoredGame,408,408,0,0x0,0x0,0x881720,0x8244a0,DishonoredGame,UDisTweaks_MeleeAttackNPCBase,UDisTweaks_MeleeAttackNPCBase,UDisTweaks_InventoryItem_PawnSpecific,0x0,0x0,0x0,0x0,Engine,0x886000,0x8244a0,0x885c20,0x81f550,0xfeae80,0xf64258,0x880380,0x9112a0,408
UDisTweaks_NPCAttackShort,DishonoredGame,408,408,0,0x0,0x0,0x8817e0,0x824500,DishonoredGame,UDisTweaks_MeleeAttackNPCBase,UDisTweaks_MeleeAttackNPCBase,UDisTweaks_InventoryItem_PawnSpecific,0x0,0x0,0x0,0x0,Engine,0x886030,0x824500,0x885c40,0x81f590,0xfeaaf0,0xf645c8,0x880380,0x9112a0,408
UDisTweaks_NPCAttackStepBack,DishonoredGame,408,408,0,0x0,0x0,0x8818a0,0x824560,DishonoredGame,UDisTweaks_MeleeAttackNPCBase,UDisTweaks_MeleeAttackNPCBase,UDisTweaks_InventoryItem_PawnSpecific,0x0,0x0,0x0,0x0,Engine,0x886060,0x824560,0x885c60,0x81f5d0,0xfea760,0xf64938,0x880380,0x9112a0,408
UDisTweaks_NPCAttackUnder,DishonoredGame,408,408,0,0x0,0x0,0x89d370,0x828740,DishonoredGame,UDisTweaks_MeleeAttackNPCBase,UDisTweaks_MeleeAttackNPCBase,UDisTweaks_InventoryItem_PawnSpecific,0x0,0x0,0x0,0x0,Engine,0x89f1d0,0x828740,0x886850,0x820a60,0xffbee8,0xf6bc60,0x880380,0x9112a0,408
UDisTweaks_NPCAttackUnder_Grenade,DishonoredGame,1100,1100,0,0x0,0x0,0x89d400,0x82c0d0,DishonoredGame,UDisTweaks_NPCThrowGrenade,UDisTweaks_NPCThrowGrenade,UDisTweaks_InventoryItem_PawnSpecific,0x0,0x0,0x0,0x0,Engine,0x89f200,0x82c0d0,0x886890,0x828790,0xffbb58,0xf6bfd0,0x89c8c0,0x83b410,1100
UDisTweaks_NPCAttackUnder_Gun,DishonoredGame,1100,1100,0,0x0,0x0,0x89d490,0x828830,DishonoredGame,UDisTweaks_NPCFireGun,UDisTweaks_NPCFireGun,UDisTweaks_InventoryItem_PawnSpecific,0x0,0x0,0x0,0x0,Engine,0x89f230,0x828830,0x8868e0,0x820b00,0xffb7c8,0xf6c340,0x89c8a0,0x83b3b0,1100
UDisTweaks_NPCAttractSpell,DishonoredGame,372,372,0,0x0,0x0,0x882610,0x8200f0,DishonoredGame,UDisTweaks_ItemContext,UDisTweaks_ItemContext,UDisTweaks_InventoryItem_PawnSpecific,0x0,0x0,0x0,0x0,Engine,0x885840,0x8200f0,0x884f40,0x81c240,0xfe5ac8,0xf69320,0x880440,0x83b150,372
UDisTweaks_NPCAttractSpellCoupDeGrace,DishonoredGame,408,408,0,0x0,0x0,0x89ca80,0x826e50,DishonoredGame,UDisTweaks_MeleeAttackNPCBase,UDisTweaks_MeleeAttackNPCBase,UDisTweaks_InventoryItem_PawnSpecific,0x0,0x0,0x0,0x0,Engine,0x89efd0,0x826e50,0x886460,0x820140,0xffe618,0xf69690,0x880380,0x9112a0,408
UDisTweaks_NPCBackStep,DishonoredGame,180,180,0,0x0,0x0,0x89d5b0,0x820c20,DishonoredGame,UDisTweaks_ItemContext,UDisTweaks_ItemContext,UDisTweaks_InventoryItem_PawnSpecific,0x0,0x0,0x0,0x0,Engine,0x89f290,0x820c20,0x886a20,0x81c900,0xffb0a8,0xf6ca20,0x89c700,0x83b170,180
UDisTweaks_NPCBash,DishonoredGame,408,408,0,0x0,0x0,0x881960,0x8245c0,DishonoredGame,UDisTweaks_MeleeAttackNPCBase,UDisTweaks_MeleeAttackNPCBase,UDisTweaks_InventoryItem_PawnSpecific,0x0,0x0,0x0,0x0,Engine,0x886090,0x8245c0,0x885c80,0x81f610,0xfea3d0,0xf64ca8,0x880380,0x9112a0,408
UDisTweaks_NPCFatality,DishonoredGame,412,412,0,0x0,0x0,0x881a20,0x824620,DishonoredGame,UDisTweaks_MeleeAttackNPCBase,UDisTweaks_MeleeAttackNPCBase,UDisTweaks_InventoryItem_PawnSpecific,0x0,0x0,0x0,0x0,Engine,0x8860c0,0x824620,0x885ca0,0x81f650,0xfea040,0xf65018,0x8803e0,0x83b0f0,412
UDisTweaks_NPCFireBow,DishonoredGame,1088,1088,0,0x0,0x0,0x8820a0,0x81fb10,DishonoredGame,UDisTweaks_ProjectileAttack,UDisTweaks_ProjectileAttack,UDisTweaks_InventoryItem_PawnSpecific,0x0,0x0,0x0,0x0,Engine,0x885da0,0x81fb10,0x885780,0x81bd90,0xfe8030,0xf66f08,0x880540,0x83b370,1088
UDisTweaks_NPCFireGun,DishonoredGame,1096,1096,0,0x0,0x0,0x882130,0x81fbc0,DishonoredGame,UDisTweaks_ProjectileAttack,UDisTweaks_ProjectileAttack,UDisTweaks_InventoryItem_PawnSpecific,0x0,0x0,0x0,0x0,Engine,0x885dd0,0x81fbc0,0x8857a0,0x81bdd0,0xfe7ca0,0xf67278,0x880520,0x83b390,1096
UDisTweaks_NPCJumpAttack,DishonoredGame,408,408,0,0x0,0x0,0x881ae0,0x824680,DishonoredGame,UDisTweaks_MeleeAttackNPCBase,UDisTweaks_MeleeAttackNPCBase,UDisTweaks_InventoryItem_PawnSpecific,0x0,0x0,0x0,0x0,Engine,0x8860f0,0x824680,0x885cc0,0x81f690,0xfe9cb0,0xf65388,0x880380,0x9112a0,408
UDisTweaks_NPCLobGrenadeAtUnreachable,DishonoredGame,1104,1104,0,0x0,0x0,0x8821c0,0x82fef0,DishonoredGame,UDisTweaks_NPCThrowGrenade,UDisTweaks_NPCThrowGrenade,UDisTweaks_InventoryItem_PawnSpecific,0x0,0x0,0x0,0x0,Engine,0x886410,0x82fef0,0x886360,0x82ae00,0xfe7910,0xf675e8,0x880580,0x83b3f0,1104
UDisTweaks_NPCPawn,DishonoredGame,916,924,8,0x0,0x0,0x7f0fd0,0x771ad0,DishonoredGame,UDisTweaks_Pawn,UDisTweaks_Pawn,UObject,0x0,0x0,0x0,0x0,Engine,0x7f1140,0x771ad0,0x7c9aa0,0x76f070,0xfd17a0,0xf3a238,0x7f0e10,0x7850b0,916
UDisTweaks_NPCPawn_Animation,DishonoredGame,152,152,0,0x0,0x0,0x7e0bf0,0x774dc0,DishonoredGame,UDisTweaks_Pawn_Animation,UDisTweaks_Pawn_Animation,UDisTweaks_NPCPawn,0x0,0x0,0x0,0x0,Engine,0x7f1210,0x774dc0,0x7f1170,0x771b00,0xfd15d8,0xf3a3f0,0x7e0af0,0x6de2f0,152
UDisTweaks_NPCPawn_Attributes,DishonoredGame,1572,1600,28,0x0,0x0,0x7e0c80,0x774df0,DishonoredGame,UDisTweaks_Pawn_Attributes,UDisTweaks_Pawn_Attributes,UDisTweaks_NPCPawn,0x0,0x0,0x0,0x0,Engine,0x7f1240,0x774df0,0x7f1190,0x771b20,0xfd1410,0xf3a5a8,0x7e0ab0,0x784440,1572
UDisTweaks_NPCPawn_Body,DishonoredGame,528,528,0,0x0,0x0,0x7e6730,0x774e20,DishonoredGame,UDisTweaks_Pawn_Body,UDisTweaks_Pawn_Body,UDisTweaks_NPCPawn,0x0,0x0,0x0,0x0,Engine,0x7f1270,0x774e20,0x7f11b0,0x771b40,0xfd1248,0xf3a760,0x7e5690,0x7844d0,528
UDisTweaks_NPCPawn_Combat,DishonoredGame,248,248,0,0x0,0x0,0x7e0d10,0x774e50,DishonoredGame,UDisTweaks_Pawn_Combat,UDisTweaks_Pawn_Combat,UDisTweaks_NPCPawn,0x0,0x0,0x0,0x0,Engine,0x7f12a0,0x774e50,0x7f11d0,0x771b60,0xfd1080,0xf3a918,0x7e0b10,0x7844a0,248
UDisTweaks_NPCPlotSettings,DishonoredGame,216,216,0,0x0,0x0,0x7e0da0,0x771b80,DishonoredGame,UDisTweaksBase,UDisTweaksBase,UObject,0x0,0x0,0x0,0x0,Engine,0x7e5260,0x771b80,0x7c9ac0,0x76f0b0,0xfd0eb8,0xf3aad0,0x7e0ad0,0x784480,216
UDisTweaks_NPCPush,DishonoredGame,408,408,0,0x0,0x0,0x881ba0,0x8246e0,DishonoredGame,UDisTweaks_MeleeAttackNPCBase,UDisTweaks_MeleeAttackNPCBase,UDisTweaks_InventoryItem_PawnSpecific,0x0,0x0,0x0,0x0,Engine,0x886120,0x8246e0,0x885ce0,0x81f6d0,0xfe9920,0xf656f8,0x880380,0x9112a0,408
UDisTweaks_NPCRatCrushAttempt,DishonoredGame,424,424,0,0x0,0x0,0x881c60,0x824740,DishonoredGame,UDisTweaks_MeleeAttackNPCBase,UDisTweaks_MeleeAttackNPCBase,UDisTweaks_InventoryItem_PawnSpecific,0x0,0x0,0x0,0x0,Engine,0x886150,0x824740,0x885d00,0x81f710,0xfe9590,0xf65a68,0x8803a0,0x83b0b0,424
UDisTweaks_NPCReloadGun,DishonoredGame,176,176,0,0x0,0x0,0x882250,0x81fc70,DishonoredGame,UDisTweaks_ItemContext,UDisTweaks_ItemContext,UDisTweaks_InventoryItem_PawnSpecific,0x0,0x0,0x0,0x0,Engine,0x8857c0,0x81fc70,0x884f00,0x81be80,0xfe7580,0xf67958,0x8804a0,0x83b310,176
UDisTweaks_NPCRiposte,DishonoredGame,612,612,0,0x0,0x0,0x881d20,0x824900,DishonoredGame,UDisTweaks_MeleeAttackNPCBase,UDisTweaks_MeleeAttackNPCBase,UDisTweaks_InventoryItem_PawnSpecific,0x0,0x0,0x0,0x0,Engine,0x886180,0x824900,0x885d20,0x81f7d0,0xfe9200,0xf65dd8,0x8803c0,0x83b0d0,612
UDisTweaks_NPCSideStep,DishonoredGame,180,180,0,0x0,0x0,0x89d000,0x820660,DishonoredGame,UDisTweaks_ItemContext,UDisTweaks_ItemContext,UDisTweaks_InventoryItem_PawnSpecific,0x0,0x0,0x0,0x0,Engine,0x89f0f0,0x820660,0x886660,0x81c5e0,0xffd0b8,0xf6ab30,0x89c700,0x83b170,180
UDisTweaks_NPCStomp,DishonoredGame,408,408,0,0x0,0x0,0x881de0,0x824a50,DishonoredGame,UDisTweaks_MeleeAttackNPCBase,UDisTweaks_MeleeAttackNPCBase,UDisTweaks_InventoryItem_PawnSpecific,0x0,0x0,0x0,0x0,Engine,0x8861b0,0x824a50,0x885d40,0x81f840,0xfe8e70,0xf66148,0x880380,0x9112a0,408
UDisTweaks_NPCTaunt,DishonoredGame,208,208,0,0x0,0x0,0x89d090,0x8208b0,DishonoredGame,UDisTweaks_ItemContext,UDisTweaks_ItemContext,UDisTweaks_InventoryItem_PawnSpecific,0x0,0x0,0x0,0x0,Engine,0x89f120,0x8208b0,0x8866d0,0x81c660,0xffcd28,0xf6aea0,0x89c720,0x83b190,208
UDisTweaks_NPCTeleportSpell,DishonoredGame,260,264,4,0x0,0x0,0x89cde0,0x820380,DishonoredGame,UDisTweaks_ItemContext,UDisTweaks_ItemContext,UDisTweaks_InventoryItem_PawnSpecific,0x0,0x0,0x0,0x0,Engine,0x89f0c0,0x820380,0x886590,0x81c4c0,0xffd448,0xf6a7c0,0x89c740,0x83b1b0,260
UDisTweaks_NPCThrow,DishonoredGame,1088,1088,0,0x0,0x0,0x8822e0,0x81fd00,DishonoredGame,UDisTweaks_ProjectileAttack,UDisTweaks_ProjectileAttack,UDisTweaks_InventoryItem_PawnSpecific,0x0,0x0,0x0,0x0,Engine,0x885e00,0x81fd00,0x8857f0,0x81bf00,0xfe71f0,0xf67cc8,0x880540,0x83b370,1088
UDisTweaks_NPCThrowGrenade,DishonoredGame,1100,1100,0,0x0,0x0,0x882370,0x825eb0,DishonoredGame,UDisTweaks_NPCThrow,UDisTweaks_NPCThrow,UDisTweaks_InventoryItem_PawnSpecific,0x0,0x0,0x0,0x0,Engine,0x886240,0x825eb0,0x885e30,0x81fd30,0xfe7028,0xf67e80,0x880560,0x83b3d0,1100
UDisTweaks_NPCThrowWhiskey,DishonoredGame,1092,1092,0,0x0,0x0,0x882430,0x826220,DishonoredGame,UDisTweaks_NPCThrow,UDisTweaks_NPCThrow,UDisTweaks_InventoryItem_PawnSpecific,0x0,0x0,0x0,0x0,Engine,0x886270,0x826220,0x885e50,0x81fe50,0xfe6740,0xf68718,0x8805a0,0x83b430,1092
UDisTweaks_NPCTune,DishonoredGame,180,180,0,0x1,0x1,0x89cb10,0x8201d0,DishonoredGame,UDisTweaks_ItemContext,UDisTweaks_ItemContext,UDisTweaks_InventoryItem_PawnSpecific,0x0,0x0,0x0,0x0,Engine,0x89f000,0x8201d0,0x8864a0,0x81c360,0xffdef8,0xf69d70,0x89c680,0x83af90,180
UDisTweaks_NPCTune_Combat,DishonoredGame,224,224,0,0x0,0x0,0x89cc30,0x826f10,DishonoredGame,UDisTweaks_NPCTune,UDisTweaks_NPCTune,UDisTweaks_InventoryItem_PawnSpecific,0x0,0x0,0x0,0x0,Engine,0x8a0080,0x826f10,0x89f050,0x820220,0xffdb68,0xf6a0e0,0x89c760,0x83b1d0,224
UDisTweaks_NPCTune_Protection,DishonoredGame,184,180,-4,0x0,0x0,0x89cba0,0x826ee0,DishonoredGame,UDisTweaks_NPCTune,UDisTweaks_NPCTune,UDisTweaks_InventoryItem_PawnSpecific,0x0,0x0,0x0,0x0,Engine,0x8a0050,0x826ee0,0x89f030,0x820200,0xffdd30,0xf69f28,0x89c6a0,0x83afb0,184
UDisTweaks_NPCWhiskeyFire,DishonoredGame,240,240,0,0x0,0x0,0x8824c0,0x81fea0,DishonoredGame,UDisTweaks_ItemContext,UDisTweaks_ItemContext,UDisTweaks_InventoryItem_PawnSpecific,0x0,0x0,0x0,0x0,Engine,0x885810,0x81fea0,0x884f20,0x81c100,0xfe63b0,0xf68a88,0x880460,0x83b1f0,240
UDisTweaks_NPC_OverseerJumpAway,DishonoredGame,1104,1104,0,0x0,0x0,0x882010,0x82fa10,DishonoredGame,UDisTweaks_NPCThrowGrenade,UDisTweaks_NPCThrowGrenade,UDisTweaks_InventoryItem_PawnSpecific,0x0,0x0,0x0,0x0,Engine,0x8863e0,0x82fa10,0x886340,0x82ade0,0xfe83c0,0xf66b98,0x880580,0x83b3f0,1104
UDisTweaks_ParryNPC,DishonoredGame,412,412,0,0x0,0x0,0x881ea0,0x824ab0,DishonoredGame,UDisTweaks_MeleeAttackNPCBase,UDisTweaks_MeleeAttackNPCBase,UDisTweaks_InventoryItem_PawnSpecific,0x0,0x0,0x0,0x0,Engine,0x8861e0,0x824ab0,0x885d60,0x81f880,0xfe8ae0,0xf664b8,0x8803e0,0x83b0f0,412
UDisTweaks_Pawn,DishonoredGame,276,276,0,0x0,0x0,0x7bee60,0x74e370,DishonoredGame,UDisTweaksBase,UDisTweaksBase,UObject,0x0,0x0,0x0,0x0,Engine,0x7bfbe0,0x74e370,0x7aaf80,0x74a850,0xfbc848,0xf378f8,0x7bedc0,0x769ad0,276
UDisTweaks_PawnAttention,DishonoredGame,596,596,0,0x0,0x0,0x782e40,0x704760,DishonoredGame,UDisTweaksBase,UDisTweaksBase,UObject,0x0,0x0,0x0,0x0,Engine,0x784470,0x704760,0x764d80,0x701510,0xfb4dc8,0xf2b6b8,0x782ad0,0x722460,596
UDisTweaks_Pawn_Actions,DishonoredGame,140,140,0,0x0,0x0,0x7beef0,0x751e60,DishonoredGame,UDisTweaksBase,UDisTweaksBase,UDisTweaks_Pawn,0x0,0x0,0x0,0x0,Engine,0x7c1b70,0x751e60,0x7bfc10,0x74e3a0,0xfbc680,0xf37ab0,0x782b70,0x885d60,140
UDisTweaks_Pawn_Animation,DishonoredGame,152,152,0,0x0,0x0,0x7bef80,0x751e90,DishonoredGame,UDisTweaksBase,UDisTweaksBase,UDisTweaks_Pawn,0x0,0x0,0x0,0x0,Engine,0x7c1ba0,0x751e90,0x7bfc30,0x74e3c0,0xfbc4b8,0xf37c68,0x7bede0,0x769af0,152
UDisTweaks_Pawn_Attributes,DishonoredGame,1228,1228,0,0x0,0x0,0x7bf010,0x751ec0,DishonoredGame,UDisTweaks_Attributes,UDisTweaks_Attributes,UDisTweaks_Pawn,0x0,0x0,0x0,0x0,Engine,0x7c1bd0,0x751ec0,0x7bfc50,0x74e3e0,0xfbc2f0,0xf37e20,0x7bed80,0x769ab0,1228
UDisTweaks_Pawn_Body,DishonoredGame,320,320,0,0x0,0x0,0x7c1c00,0x751ef0,DishonoredGame,UDisTweaksBase,UDisTweaksBase,UDisTweaks_Pawn,0x0,0x0,0x0,0x0,Engine,0x7c3bd0,0x751ef0,0x7bfc70,0x74e400,0xfbc128,0xf37fd8,0x7c1b30,0x76a450,320
UDisTweaks_Pawn_Combat,DishonoredGame,204,204,0,0x0,0x0,0x7bf0a0,0x751f20,DishonoredGame,UDisTweaksBase,UDisTweaksBase,UDisTweaks_Pawn,0x0,0x0,0x0,0x0,Engine,0x7c1c90,0x751f20,0x7bfc90,0x74e420,0xfbbf60,0xf38190,0x7bee20,0x769b20,204
UDisTweaks_Pawn_FullBodyAnimation,DishonoredGame,168,168,0,0x0,0x0,0x7c3c00,0x758d20,DishonoredGame,UDisTweaksBase,UDisTweaksBase,UDisTweaks_Pawn_Animation,0x0,0x0,0x0,0x0,Engine,0x7c5bd0,0x758d20,0x7c1cc0,0x751f50,0xfbbd98,0xf38348,0x7c2dc0,0x76aab0,168
UDisTweaks_Pawn_SpecialAnimation,DishonoredGame,176,176,0,0x0,0x0,0x7c3d20,0x758d80,DishonoredGame,UDisTweaksBase,UDisTweaksBase,UDisTweaks_Pawn_Animation,0x0,0x0,0x0,0x0,Engine,0x7c5c30,0x758d80,0x7c1d00,0x751f90,0xfbba08,0xf386b8,0x7c2de0,0x76aad0,176
UDisTweaks_Pawn_UpperBodyAnimation,DishonoredGame,176,176,0,0x0,0x0,0x7c3c90,0x758d50,DishonoredGame,UDisTweaksBase,UDisTweaksBase,UDisTweaks_Pawn_Animation,0x0,0x0,0x0,0x0,Engine,0x7c5c00,0x758d50,0x7c1ce0,0x751f70,0xfbbbd0,0xf38500,0x7c2de0,0x76aad0,176
UDisTweaks_PickupBase,DishonoredGame,220,220,0,0x0,0x0,0x67b210,0x61de50,DishonoredGame,UDisTweaks_KActor,UDisTweaks_KActor,UObject,0x0,0x0,0x0,0x0,Engine,0x67be60,0x61de50,0x66aa80,0x619d10,0xf703f0,0xef6570,0x67a4f0,0x6405c0,220
UDisTweaks_PlayerInput,DishonoredGame,324,332,8,0x0,0x0,0x6f53e0,0x6a3690,DishonoredGame,UDisTweaksBase,UDisTweaksBase,UObject,0x0,0x0,0x0,0x0,Engine,0x6f69a0,0x6a3690,0x6d1a60,0x6a1280,0xf861e0,0xf16e60,0x6f50c0,0x6bd240,324
UDisTweaks_PlayerLoadout,DishonoredGame,220,220,0,0x0,0x0,0x719e60,0x6c4920,DishonoredGame,UDisTweaksBase,UDisTweaksBase,UObject,0x0,0x0,0x0,0x0,Engine,0x71ba90,0x6c4920,0x6fbd00,0x6bffd0,0xf94e08,0xf19438,0x7199d0,0x6de3d0,220
UDisTweaks_PlayerPawn,DishonoredGame,1232,1816,584,0x0,0x0,0x73c190,0x6c66b0,DishonoredGame,UDisTweaks_Pawn,UDisTweaks_Pawn,UObject,0x0,0x0,0x0,0x0,Engine,0x7406a0,0x6c66b0,0x7221c0,0x6c1aa0,0xfa0008,0xf1cea8,0x73be00,0x6dff90,1232
UDisTweaks_PlayerPawn_Actions,DishonoredGame,156,156,0,0x0,0x0,0x739240,0x6cc310,DishonoredGame,UDisTweaks_Pawn_Actions,UDisTweaks_Pawn_Actions,UDisTweaks_PlayerPawn,0x0,0x0,0x0,0x0,Engine,0x742430,0x6cc310,0x7406d0,0x6c66e0,0xf9fe40,0xf1d060,0x738d00,0x6de2d0,156
UDisTweaks_PlayerPawn_Animation,DishonoredGame,152,152,0,0x0,0x0,0x7392d0,0x6cc340,DishonoredGame,UDisTweaks_Pawn_Animation,UDisTweaks_Pawn_Animation,UDisTweaks_PlayerPawn,0x0,0x0,0x0,0x0,Engine,0x742460,0x6cc340,0x7406f0,0x6c6700,0xf9fc78,0xf1d218,0x7e0af0,0x6de2f0,152
UDisTweaks_PlayerPawn_Attributes,DishonoredGame,2264,2292,28,0x0,0x0,0x739360,0x6cc370,DishonoredGame,UDisTweaks_Pawn_Attributes,UDisTweaks_Pawn_Attributes,UDisTweaks_PlayerPawn,0x0,0x0,0x0,0x0,Engine,0x742490,0x6cc370,0x740710,0x6c6720,0xf9fab0,0xf1d3d0,0x738cc0,0x6de1e0,2264
UDisTweaks_PlayerPawn_Camera,DishonoredGame,180,180,0,0x0,0x0,0x7393f0,0x6cc3a0,DishonoredGame,UDisTweaksBase,UDisTweaksBase,UDisTweaks_PlayerPawn,0x0,0x0,0x0,0x0,Engine,0x7424c0,0x6cc3a0,0x740730,0x6c6740,0xf9f8e8,0xf1d588,0x738d20,0x6de310,180
UDisTweaks_PlayerPawn_Combat,DishonoredGame,576,576,0,0x0,0x0,0x73c460,0x6cc7d0,DishonoredGame,UDisTweaks_Pawn_Combat,UDisTweaks_Pawn_Combat,UDisTweaks_PlayerPawn,0x0,0x0,0x0,0x0,Engine,0x7425d0,0x6cc7d0,0x740780,0x6c67a0,0xf9e8e0,0xf1e500,0x73be20,0x6e0780,576
UDisTweaks_PlayerPawn_DebugActions,DishonoredGame,228,228,0,0x0,0x0,0x739480,0x6d18b0,DishonoredGame,UDisTweaksBase,UDisTweaksBase,UDisTweaks_PlayerPawn_Actions,0x0,0x0,0x0,0x0,Engine,0x743360,0x6d18b0,0x7424f0,0x6cc3d0,0xf9f720,0xf1d740,0x738d40,0x6de330,228
UDisTweaks_PlayerPawn_FullBodyAnimation,DishonoredGame,204,204,0,0x0,0x0,0x73c220,0x6d18e0,DishonoredGame,UDisTweaks_Pawn_FullBodyAnimation,UDisTweaks_Pawn_FullBodyAnimation,UDisTweaks_PlayerPawn_Animation,0x0,0x0,0x0,0x0,Engine,0x743390,0x6d18e0,0x742510,0x6cc3f0,0xf9f558,0xf1d8f8,0x73be40,0x6e07a0,204
UDisTweaks_PlayerPawn_ItemActions,DishonoredGame,844,844,0,0x0,0x0,0x739510,0x6d1910,DishonoredGame,UDisTweaksBase,UDisTweaksBase,UDisTweaks_PlayerPawn_Actions,0x0,0x0,0x0,0x0,Engine,0x7433c0,0x6d1910,0x742530,0x6cc410,0xf9f390,0xf1dab0,0x738d60,0x6de350,844
UDisTweaks_PlayerPawn_Mantle,DishonoredGame,224,224,0,0x0,0x0,0x7396c0,0x6cc800,DishonoredGame,UDisTweaksBase,UDisTweaksBase,UDisTweaks_PlayerPawn,0x0,0x0,0x0,0x0,Engine,0x742600,0x6cc800,0x7407a0,0x6c67c0,0xf9e718,0xf1e6b8,0x739220,0x6de470,224
UDisTweaks_PlayerPawn_MiscellaneousActions,DishonoredGame,580,580,0,0x0,0x0,0x7395a0,0x6d1940,DishonoredGame,UDisTweaksBase,UDisTweaksBase,UDisTweaks_PlayerPawn_Actions,0x0,0x0,0x0,0x0,Engine,0x7433f0,0x6d1940,0x742550,0x6cc430,0xf9f1c8,0xf1dc68,0x738d80,0x6de370,580
UDisTweaks_PlayerPawn_NavigationActions,DishonoredGame,712,712,0,0x0,0x0,0x739630,0x6d1970,DishonoredGame,UDisTweaksBase,UDisTweaksBase,UDisTweaks_PlayerPawn_Actions,0x0,0x0,0x0,0x0,Engine,0x743420,0x6d1970,0x742570,0x6cc450,0xf9f000,0xf1de20,0x738da0,0x6de390,712
UDisTweaks_PlayerPawn_SpecialAnimation,DishonoredGame,188,188,0,0x0,0x0,0x73c2b0,0x6d19a0,DishonoredGame,UDisTweaks_Pawn_SpecialAnimation,UDisTweaks_Pawn_SpecialAnimation,UDisTweaks_PlayerPawn_Animation,0x0,0x0,0x0,0x0,Engine,0x743450,0x6d19a0,0x742590,0x6cc470,0xf9ee38,0xf1dfd8,0x73be60,0x6e07c0,188
UDisTweaks_PlayerPawn_UpperBodyAnimation,DishonoredGame,212,212,0,0x0,0x0,0x73c340,0x6d19d0,DishonoredGame,UDisTweaks_Pawn_UpperBodyAnimation,UDisTweaks_Pawn_UpperBodyAnimation,UDisTweaks_PlayerPawn_Animation,0x0,0x0,0x0,0x0,Engine,0x743480,0x6d19d0,0x7425b0,0x6cc490,0xf9ec70,0xf1e190,0x73be80,0x6e07e0,212
UDisTweaks_PlayerPawn_Visibility,DishonoredGame,148,148,0,0x0,0x0,0x739750,0x6cc830,DishonoredGame,UDisTweaksBase,UDisTweaksBase,UDisTweaks_PlayerPawn,0x0,0x0,0x0,0x0,Engine,0x742630,0x6cc830,0x7407c0,0x6c6860,0xf9e550,0xf1e870,0x8ed8b0,0x6de230,148
UDisTweaks_PlayerStats,DishonoredGame,1064,1544,480,0x0,0x0,0x73c3d0,0x6c6760,DishonoredGame,UDisTweaksBase,UDisTweaksBase,UObject,0x0,0x0,0x0,0x0,Engine,0x740750,0x6c6760,0x7221e0,0x6c1b00,0xf9eaa8,0xf1e348,0x73bde0,0x6dff10,1064
UDisTweaks_PlayerVisRegion,DishonoredGame,188,188,0,0x0,0x0,0x7397e0,0x6c6880,DishonoredGame,UDisTweaksBase,UDisTweaksBase,UObject,0x0,0x0,0x0,0x0,Engine,0x73ab60,0x6c6880,0x722200,0x6c1b60,0xf9e388,0xf1ea28,0x738ce0,0x6de210,188
UDisTweaks_PlayerVisSettings,DishonoredGame,148,148,0,0x0,0x0,0x739870,0x6c68b0,DishonoredGame,UDisTweaksBase,UDisTweaksBase,UObject,0x0,0x0,0x0,0x0,Engine,0x73ab90,0x6c68b0,0x722220,0x6c1b90,0xf9e1c0,0xf1ebe0,0x8ed8b0,0x6de230,148
UDisTweaks_PlayerVisibility,DishonoredGame,320,320,0,0x0,0x0,0x739190,0x6c6510,DishonoredGame,UDisTweaksBase,UDisTweaksBase,UObject,0x0,0x0,0x0,0x0,Engine,0x73ab30,0x6c6510,0x7220f0,0x6c19d0,0xfa0398,0xf1cb38,0x739170,0x6de490,320
UDisTweaks_Possess,DishonoredGame,512,524,12,0x0,0x0,0x85c420,0x7ee5c0,DishonoredGame,UDisTweaks_ActivePowerBase,UDisTweaks_ActivePowerBase,UObject,0x0,0x0,0x0,0x0,Engine,0x85d160,0x7ee5c0,0x849240,0x7ea410,0xfe2a40,0xf5b710,0x85c260,0x7fd630,512
UDisTweaks_Possessable,DishonoredGame,256,248,-8,0x0,0x0,0x85c4b0,0x7ea430,DishonoredGame,UDisTweaksBase,UDisTweaksBase,UObject,0x0,0x0,0x0,0x0,Engine,0x85d190,0x7ea430,0x849260,0x7e7aa0,0xfe2878,0xf5b8c8,0x85c2a0,0x7fd670,256
UDisTweaks_PostProcess,DishonoredGame,248,248,0,0x0,0x0,0x85c540,0x7eada0,DishonoredGame,UDisTweaksBase,UDisTweaksBase,UObject,0x0,0x0,0x0,0x0,Engine,0x85d1c0,0x7eada0,0x8495b0,0x7e7d40,0xfe1dc8,0xf5c318,0x85c2c0,0x7fd690,248
UDisTweaks_Projectile,DishonoredGame,216,228,12,0x1,0x1,0x89e2c0,0x83f100,DishonoredGame,UDisTweaks_KAsset,UDisTweaks_KAsset,UObject,0x0,0x0,0x0,0x0,Engine,0x89f5d0,0x83f100,0x887410,0x83c740,0xff5eb8,0xf71988,0x89c880,0x85d6b0,216
UDisTweaks_ProjectileAttack,DishonoredGame,1056,1056,0,0x1,0x1,0x8809b0,0x810c60,DishonoredGame,UDisTweaks_ItemContext,UDisTweaks_ItemContext,UDisTweaks_InventoryItem_PawnSpecific,0x0,0x0,0x0,0x0,Engine,0x8855d0,0x810c60,0x884d70,0x80d8b0,0xfef950,0xf5f870,0x8804c0,0x819980,1056
UDisTweaks_ProjectileLauncher,DishonoredGame,280,296,16,0x0,0x0,0x67a990,0x628220,DishonoredGame,UDisTweaks_SkeletalBreakable,UDisTweaks_SkeletalBreakable,UObject,0x0,0x0,0x0,0x0,Engine,0x67d2e0,0x628220,0x67c420,0x621580,0xf74410,0xef2790,0x67a5d0,0x640680,280
UDisTweaks_Projectile_Grenade,DishonoredGame,256,268,12,0x0,0x0,0x89e5c0,0x850c60,DishonoredGame,UDisTweaks_Projectile_GrenadeBase,UDisTweaks_Projectile_GrenadeBase,UObject,0x0,0x0,0x0,0x0,Engine,0x8a7fa0,0x850c60,0x8a4500,0x84b440,0xff5078,0xf72748,0x89c9e0,0x85d770,256
UDisTweaks_Projectile_GrenadeBase,DishonoredGame,228,240,12,0x0,0x0,0x89e680,0x8448f0,DishonoredGame,UDisTweaks_Projectile,UDisTweaks_Projectile,UObject,0x0,0x0,0x0,0x0,Engine,0x8a0490,0x8448f0,0x89f6a0,0x83fcc0,0xff4ce8,0xf72ab8,0x89c9c0,0x85d750,228
UDisTweaks_Projectile_StickyGrenade,DishonoredGame,252,264,12,0x0,0x0,0x89e730,0x84b580,DishonoredGame,UDisTweaks_Projectile_GrenadeBase,UDisTweaks_Projectile_GrenadeBase,UObject,0x0,0x0,0x0,0x0,Engine,0x8a4690,0x84b580,0x8a0560,0x8449a0,0xff4958,0xf72e28,0x89ca00,0x85d790,252
UDisTweaks_Projectile_ThrownObject,DishonoredGame,216,228,12,0x0,0x0,0x89e7f0,0x844a30,DishonoredGame,UDisTweaks_Projectile,UDisTweaks_Projectile,UObject,0x0,0x0,0x0,0x0,Engine,0x8a0580,0x844a30,0x89f6f0,0x83ffb0,0xff45c8,0xf73198,0x89ca20,0x85d7b0,216
UDisTweaks_Projectile_Whiskey,DishonoredGame,220,232,12,0x0,0x0,0x89e8b0,0x844af0,DishonoredGame,UDisTweaks_Projectile,UDisTweaks_Projectile,UObject,0x0,0x0,0x0,0x0,Engine,0x8a05b0,0x844af0,0x89f710,0x840170,0xff4238,0xf73508,0x89ca40,0x85d7d0,220
UDisTweaks_RatSpawner,DishonoredGame,152,152,0,0x0,0x0,0x6a7f90,0x646ec0,DishonoredGame,UDisTweaksBase,UDisTweaksBase,UObject,0x0,0x0,0x0,0x0,Engine,0x6a8500,0x646ec0,0x6916c0,0x643470,0xf7b400,0xefa6d8,0x89c600,0x83af50,152
UDisTweaks_RatSwarm,DishonoredGame,408,408,0,0x0,0x0,0x8cd080,0x871d70,DishonoredGame,UDisTweaksBase,UDisTweaksBase,UObject,0x0,0x0,0x0,0x0,Engine,0x8cf700,0x871d70,0x8b0930,0x86cb00,0xffebb0,0xf79550,0x8cc980,0x886080,408
UDisTweaks_RatSwarmGlobalManager,DishonoredGame,212,212,0,0x0,0x0,0x8edb80,0x872f10,DishonoredGame,UDisTweaksBase,UDisTweaksBase,UObject,0x0,0x0,0x0,0x0,Engine,0x8f0ac0,0x872f10,0x8f01f0,0x86e040,0x1008b88,0xf798c0,0x8ed8d0,0x885d10,212
UDisTweaks_ReloadGunPlayer,DishonoredGame,316,316,0,0x0,0x0,0x881030,0x81f050,DishonoredGame,UDisTweaks_ItemContext,UDisTweaks_ItemContext,UDisTweaks_InventoryItem_PawnSpecific,0x0,0x0,0x0,0x0,Engine,0x8856e0,0x81f050,0x884ea0,0x81b8b0,0xfed3e8,0xf61e40,0x8805e0,0x83b470,316
UDisTweaks_RiverKrust,DishonoredGame,1192,1208,16,0x0,0x0,0x6a82e0,0x648ea0,DishonoredGame,UDisTweaksBase,UDisTweaksBase,UObject,0x0,0x0,0x0,0x0,Engine,0x6a8980,0x648ea0,0x692750,0x644c50,0xf77050,0xefeb98,0x6a7ee0,0x65e0b0,1192
UDisTweaks_RiverKrustBodyPart,DishonoredGame,152,152,0,0x0,0x0,0x6a8370,0x6626f0,DishonoredGame,UDisTweaks_KActor,UDisTweaks_KActor,UObject,0x0,0x0,0x0,0x0,Engine,0x6a89b0,0x6626f0,0x692770,0x65f7d0,0xf76e88,0xefed50,0x6a7e50,0x679a00,152
UDisTweaks_SimpleAttention,DishonoredGame,252,252,0,0x0,0x0,0x782ed0,0x704790,DishonoredGame,UDisTweaksBase,UDisTweaksBase,UObject,0x0,0x0,0x0,0x0,Engine,0x7844a0,0x704790,0x764da0,0x701530,0xfb4c00,0xf2b870,0x782af0,0x722480,252
UDisTweaks_SkeletalBreakable,DishonoredGame,196,196,0,0x0,0x0,0x67aad0,0x61cad0,DishonoredGame,UDisTweaksBase,UDisTweaksBase,UObject,0x0,0x0,0x0,0x0,Engine,0x67bc50,0x61cad0,0x669cb0,0x618c10,0xf73b28,0xef3028,0x67a5b0,0x640660,196
UDisTweaks_SoundSource,DishonoredGame,156,156,0,0x0,0x0,0x655360,0x61c050,DishonoredGame,UDisTweaksBase,UDisTweaksBase,UObject,0x0,0x0,0x0,0x0,Engine,0x656a10,0x61c050,0x630f80,0x617fd0,0xf614d8,0xef0c10,0x6542a0,0x6406e0,156
UDisTweaks_SpringRazor,DishonoredGame,272,276,4,0x0,0x0,0x89deb0,0x821550,DishonoredGame,UDisTweaks_InventoryItem,UDisTweaks_InventoryItem,UObject,0x0,0x0,0x0,0x0,Engine,0x89f4f0,0x821550,0x886ec0,0x81d020,0xff75e0,0xf702d8,0x89d140,0x83aef0,272
UDisTweaks_SpringRazorPlaced,DishonoredGame,268,272,4,0x0,0x0,0x89df40,0x821580,DishonoredGame,UDisTweaksBase,UDisTweaksBase,UObject,0x0,0x0,0x0,0x0,Engine,0x89f520,0x821580,0x886ee0,0x81d050,0xff7418,0xf70490,0x89c5e0,0x83af30,268
UDisTweaks_StatPickup,DishonoredGame,360,408,48,0x0,0x0,0x67b0f0,0x62b610,DishonoredGame,UDisTweaks_PickupBase,UDisTweaks_PickupBase,UObject,0x0,0x0,0x0,0x0,Engine,0x680ac0,0x62b610,0x67c780,0x6227a0,0xf70780,0xef6200,0x67a570,0x640620,360
UDisTweaks_StateNPCMasterDead_BeingCarried,DishonoredGame,160,160,0,0x0,0x0,0x6caee0,0x681ed0,DishonoredGame,UDisTweaksBase,UDisTweaksBase,UDisTweaks_NPCPawn,0x0,0x0,0x0,0x0,Engine,0x6cc020,0x681ed0,0x6b1650,0x67d060,0xf7e708,0xf08130,0x6ca6b0,0x885cc0,160
UDisTweaks_StatePlayerCarryCorpseIdle,DishonoredGame,272,272,0,0x0,0x0,0x6ca6f0,0x6646f0,DishonoredGame,UDisTweaksBase,UDisTweaksBase,UDisTweaks_PlayerPawn,0x0,0x0,0x0,0x0,Engine,0x6cbfc0,0x6646f0,0x6afdb0,0x660dc0,0xf83010,0xf03aa8,0x6ca6d0,0x679a20,272
UDisTweaks_StaticBreakable,DishonoredGame,268,268,0,0x0,0x0,0x658160,0x61c400,DishonoredGame,UDisTweaks_KActor,UDisTweaks_KActor,UObject,0x0,0x0,0x0,0x0,Engine,0x65c8a0,0x61c400,0x6313b0,0x618330,0xf60308,0xef1d40,0x656aa0,0x641740,268
UDisTweaks_Store,DishonoredGame,224,224,0,0x0,0x0,0x7e55c0,0x79c860,DishonoredGame,UDisTweaks_GFxMoviePlayerBase,UDisTweaks_GFxMoviePlayerBase,UObject,0x0,0x0,0x0,0x0,Engine,0x7ecd40,0x79c860,0x7cbcd0,0x7916d0,0xfbcc50,0xf4e3a0,0x7e4fc0,0x7b6040,224
UDisTweaks_StoryGroup,DishonoredGame,140,140,0,0x0,0x0,0x8ee170,0x873c20,DishonoredGame,UDisTweaksBase,UDisTweaksBase,UObject,0x0,0x0,0x0,0x0,Engine,0x8f0f80,0x873c20,0x8f05a0,0x86f280,0x1005d38,0xf7c570,0x782b70,0x885d60,140
UDisTweaks_TallboyAttachment,DishonoredGame,284,284,0,0x0,0x0,0x7e6660,0x64b040,DishonoredGame,UDisTweaks_Movable,UDisTweaks_Movable,UObject,0x0,0x0,0x0,0x0,Engine,0x7ece20,0x64b040,0x7c9950,0x646d70,0xfd1ec0,0xefa1b0,0x7e5650,0x65e440,284
UDisTweaks_TallboyNPCPawn,DishonoredGame,1004,1016,12,0x0,0x0,0x7f0f40,0x774e80,DishonoredGame,UDisTweaks_NPCPawn,UDisTweaks_NPCPawn,UObject,0x0,0x0,0x0,0x0,Engine,0x7f1d40,0x774e80,0x7f11f0,0x771c50,0xfd1968,0xf3ac88,0x7f0e30,0x7850d0,1004
UDisTweaks_ThrowGrenade,DishonoredGame,1136,1136,0,0x0,0x0,0x8810c0,0x81f0b0,DishonoredGame,UDisTweaks_ProjectileAttack,UDisTweaks_ProjectileAttack,UDisTweaks_InventoryItem_PawnSpecific,0x0,0x0,0x0,0x0,Engine,0x885b00,0x81f0b0,0x885710,0x81b960,0xfed058,0xf621b0,0x8805c0,0x83b450,1136
UDisTweaks_ThrownObjects,DishonoredGame,156,156,0,0x0,0x0,0x8ee200,0x873c90,DishonoredGame,UDisTweaksBase,UDisTweaksBase,UObject,0x0,0x0,0x0,0x0,Engine,0x8f0fb0,0x873c90,0x8f05c0,0x86f2a0,0x10059a8,0xf7c8e0,0x8ed950,0x885ec0,156
UDisTweaks_Trigger,DishonoredGame,144,144,0,0x0,0x0,0x67ab60,0x61cba0,DishonoredGame,UDisTweaksBase,UDisTweaksBase,UObject,0x0,0x0,0x0,0x0,Engine,0x67bc80,0x61cba0,0x66a030,0x618e90,0xf73798,0xef3398,0x67a8e0,0x6407d0,144
UDisTweaks_Tripwire,DishonoredGame,164,164,0,0x0,0x0,0x67ac20,0x61cde0,DishonoredGame,UDisTweaksBase,UDisTweaksBase,UObject,0x0,0x0,0x0,0x0,Engine,0x67bcb0,0x61cde0,0x66a170,0x618fb0,0xf73408,0xef3708,0x67a650,0x640700,164
UDisTweaks_Tune,DishonoredGame,152,152,0,0x0,0x0,0x89ccc0,0x820240,DishonoredGame,UDisTweaksBase,UDisTweaksBase,UObject,0x0,0x0,0x0,0x0,Engine,0x89f070,0x820240,0x8864c0,0x81c3b0,0xffd9a0,0xf6a298,0x89c600,0x83af50,152
UDisTweaks_TuneSource_Protection,DishonoredGame,144,144,0,0x0,0x0,0x6552d0,0x61bb20,DishonoredGame,UDisTweaksBase,UDisTweaksBase,UObject,0x0,0x0,0x0,0x0,Engine,0x6569e0,0x61bb20,0x630c20,0x617e50,0xf61bf8,0xef0530,0x6542c0,0x640720,144
UDisTweaks_Tune_Protection,DishonoredGame,176,176,0,0x0,0x0,0x89cd50,0x826f40,DishonoredGame,UDisTweaks_Tune,UDisTweaks_Tune,UObject,0x0,0x0,0x0,0x0,Engine,0x8a00b0,0x826f40,0x89f0a0,0x820270,0xffd7d8,0xf6a450,0x89c620,0x83af70,176
UDisTweaks_Upgrade,DishonoredGame,236,236,0,0x0,0x0,0x67b750,0x645a90,DishonoredGame,UDisTweaksBase,UDisTweaksBase,UObject,0x0,0x0,0x0,0x0,Engine,0x67c070,0x645a90,0x66b570,0x6424c0,0xf6daf8,0xef8d10,0x67a670,0x65dff0,236
UDisTweaks_UsableObject,DishonoredGame,400,400,0,0x0,0x0,0x67b610,0x645320,DishonoredGame,UDisTweaks_SkeletalBreakable,UDisTweaks_SkeletalBreakable,UObject,0x0,0x0,0x0,0x0,Engine,0x67ca70,0x645320,0x67c020,0x642220,0xf6e3e0,0xef8478,0x67a5f0,0x65dfd0,400
UDisTweaks_UsePower,DishonoredGame,444,444,0,0x0,0x0,0x89ead0,0x8403d0,DishonoredGame,UDisTweaks_ItemContext,UDisTweaks_ItemContext,UDisTweaks_InventoryItem_PawnSpecific,0x0,0x0,0x0,0x0,Engine,0x89f760,0x8403d0,0x887b10,0x83ce20,0xff3b18,0xf73be8,0x89c8e0,0x85d6d0,444
UDisTweaks_UseSpringRazor,DishonoredGame,264,268,4,0x0,0x0,0x881150,0x81f2b0,DishonoredGame,UDisTweaks_ItemContext,UDisTweaks_ItemContext,UDisTweaks_InventoryItem_PawnSpecific,0x0,0x0,0x0,0x0,Engine,0x885730,0x81f2b0,0x884ee0,0x81ba20,0xfecb00,0xf626d8,0x880480,0x83b210,264
UDisTweaks_Vision,DishonoredGame,192,192,0,0x0,0x0,0x8ccd90,0x871530,DishonoredGame,UDisTweaksBase,UDisTweaksBase,UObject,0x0,0x0,0x0,0x0,Engine,0x8cf580,0x871530,0x8afb40,0x86c120,0xfff9f0,0xf78790,0x8cc820,0x885d80,192
UDisTweaks_Vulnerability,DishonoredGame,252,280,28,0x0,0x0,0x8ee290,0x873cc0,DishonoredGame,UDisTweaksBase,UDisTweaksBase,UObject,0x0,0x0,0x0,0x0,Engine,0x8f0fe0,0x873cc0,0x8f05e0,0x86f2c0,0x10057e0,0xf7ca98,0x8ed8f0,0x885dd0,252
UDisTweaks_WHArmAttack,DishonoredGame,500,500,0,0x0,0x0,0x89d1c0,0x82c010,DishonoredGame,UDisTweaks_Minigame,UDisTweaks_Minigame,UDisTweaks_InventoryItem_PawnSpecific,0x0,0x0,0x0,0x0,Engine,0x89f150,0x82c010,0x886710,0x827d10,0xffc998,0xf6b210,0x89d160,0x83b510,500
UDisTweaks_WHBark,DishonoredGame,216,216,0,0x0,0x0,0x89d250,0x828430,DishonoredGame,UDisTweaks_NPCTaunt,UDisTweaks_NPCTaunt,UDisTweaks_InventoryItem_PawnSpecific,0x0,0x0,0x0,0x0,Engine,0x8a0200,0x828430,0x89f180,0x820a20,0xffc608,0xf6b580,0x89d1a0,0x83b550,216
UDisTweaks_WHJumpAttack,DishonoredGame,492,492,0,0x0,0x0,0x89d2e0,0x82c070,DishonoredGame,UDisTweaks_Minigame,UDisTweaks_Minigame,UDisTweaks_InventoryItem_PawnSpecific,0x0,0x0,0x0,0x0,Engine,0x89f1a0,0x82c070,0x8867c0,0x8285a0,0xffc278,0xf6b8f0,0x89d180,0x83b530,492
UDisTweaks_WallOfLight,DishonoredGame,228,228,0,0x0,0x0,0x67acb0,0x61cf90,DishonoredGame,UDisTweaksBase,UDisTweaksBase,UObject,0x0,0x0,0x0,0x0,Engine,0x67bce0,0x61cf90,0x66a2d0,0x619210,0xf72eb0,0xef3c30,0x67a690,0x640740,228
UDisTweaks_WatchTower,DishonoredGame,568,572,4,0x0,0x0,0x67ad40,0x61d080,DishonoredGame,UDisTweaksBase,UDisTweaksBase,UObject,0x0,0x0,0x0,0x0,Engine,0x67bd10,0x61d080,0x66a470,0x619560,0xf72400,0xef4680,0x67a6b0,0x640760,568
UDisTweaks_WeaponRanged,DishonoredGame,296,296,0,0x0,0x0,0x89d640,0x820d10,DishonoredGame,UDisTweaks_InventoryItem,UDisTweaks_InventoryItem,UObject,0x0,0x0,0x0,0x0,Engine,0x89f2c0,0x820d10,0x886a60,0x81c980,0xffab50,0xf6cf48,0x89c5a0,0x83af10,296
UDisTweaks_WeaponRanged_Attributes,DishonoredGame,224,224,0,0x0,0x0,0x89d6d0,0x828c20,DishonoredGame,UDisTweaks_Attributes,UDisTweaks_Attributes,UDisTweaks_WeaponRanged,0x0,0x0,0x0,0x0,Engine,0x8a0230,0x828c20,0x89f2f0,0x820d40,0xffa988,0xf6d100,0x89c540,0x83aeb0,224
UDisTweaks_WeeperGrab,DishonoredGame,484,484,0,0x0,0x0,0x89d520,0x82c140,DishonoredGame,UDisTweaks_Minigame,UDisTweaks_Minigame,UDisTweaks_InventoryItem_PawnSpecific,0x0,0x0,0x0,0x0,Engine,0x89f260,0x82c140,0x886940,0x828920,0xffb438,0xf6c6b0,0x89c6e0,0x83b090,484
UDisTweaks_WepBow,DishonoredGame,304,304,0,0x0,0x0,0x89d9a0,0x828f20,DishonoredGame,UDisTweaks_WeaponRanged,UDisTweaks_WeaponRanged,UObject,0x0,0x0,0x0,0x0,Engine,0x8a02c0,0x828f20,0x89f3b0,0x821040,0xff9980,0xf6e078,0x89c7c0,0x83b250,304
UDisTweaks_WepCrossbow,DishonoredGame,312,312,0,0x0,0x0,0x89da30,0x828f70,DishonoredGame,UDisTweaks_WeaponRanged,UDisTweaks_WeaponRanged,UObject,0x0,0x0,0x0,0x0,Engine,0x8a02f0,0x828f70,0x89f3d0,0x821060,0xff95f0,0xf6e3e8,0x89c800,0x83b290,312
UDisTweaks_WepGrenade,DishonoredGame,296,296,0,0x0,0x0,0x89dac0,0x8290c0,DishonoredGame,UDisTweaks_WeaponRanged,UDisTweaks_WeaponRanged,UObject,0x0,0x0,0x0,0x0,Engine,0x8a0320,0x8290c0,0x89f3f0,0x821090,0xff9260,0xf6e758,0x89c7a0,0x83b230,296
UDisTweaks_WepMusicAmp,DishonoredGame,288,288,0,0x0,0x0,0x89db50,0x8211d0,DishonoredGame,UDisTweaks_InventoryItem,UDisTweaks_InventoryItem,UObject,0x0,0x0,0x0,0x0,Engine,0x89f410,0x8211d0,0x886dc0,0x81ce50,0xff8d08,0xf6ec80,0x89c840,0x83b2d0,288
UDisTweaks_WepMusicBox,DishonoredGame,268,268,0,0x0,0x0,0x89dbe0,0x821220,DishonoredGame,UDisTweaks_InventoryItem,UDisTweaks_InventoryItem,UObject,0x0,0x0,0x0,0x0,Engine,0x89f440,0x821220,0x886de0,0x81cea0,0xff8978,0xf6eff0,0x89d120,0x85db00,268
UDisTweaks_WepPistol,DishonoredGame,388,388,0,0x0,0x0,0x89d760,0x828da0,DishonoredGame,UDisTweaks_WeaponRanged,UDisTweaks_WeaponRanged,UObject,0x0,0x0,0x0,0x0,Engine,0x8a0260,0x828da0,0x89f310,0x820e00,0xffa5f8,0xf6d470,0x89c820,0x83b2b0,388
UDisTweaks_WepSword,DishonoredGame,268,268,0,0x0,0x0,0x89d7f0,0x820e70,DishonoredGame,UDisTweaks_InventoryItem,UDisTweaks_InventoryItem,UObject,0x0,0x0,0x0,0x0,Engine,0x89f330,0x820e70,0x886ce0,0x81cc20,0xffa268,0xf6d7e0,0x89d120,0x85db00,268
UDisTweaks_WepSwordOfAssassin,DishonoredGame,268,268,0,0x0,0x0,0x89d880,0x828ed0,DishonoredGame,UDisTweaks_WepSword,UDisTweaks_WepSword,UObject,0x0,0x0,0x0,0x0,Engine,0x8a0290,0x828ed0,0x89f360,0x820ea0,0xffa0a0,0xf6d998,0x89c6c0,0x83aff0,268
UDisTweaks_WepTallboyBow,DishonoredGame,304,304,0,0x0,0x0,0x89dd00,0x82cee0,DishonoredGame,UDisTweaks_WepBow,UDisTweaks_WepBow,UObject,0x0,0x0,0x0,0x0,Engine,0x8a1210,0x82cee0,0x8a0380,0x829520,0xff8420,0xf6f518,0x89c7e0,0x83b270,304
UDisTweaks_WepThrowingHand,DishonoredGame,268,268,0,0x0,0x0,0x89dd90,0x8213f0,DishonoredGame,UDisTweaks_InventoryItem,UDisTweaks_InventoryItem,UObject,0x0,0x0,0x0,0x0,Engine,0x89f490,0x8213f0,0x886e40,0x81cf20,0xff8090,0xf6f888,0x89d120,0x85db00,268
UDisTweaks_WepWhiskeyBottle,DishonoredGame,308,308,0,0x0,0x0,0x89de20,0x821450,DishonoredGame,UDisTweaks_InventoryItem,UDisTweaks_InventoryItem,UObject,0x0,0x0,0x0,0x0,Engine,0x89f4c0,0x821450,0x886e60,0x81cf70,0xff7d00,0xf6fbf8,0x89c860,0x83b2f0,308
UDisTweaks_WhaleBoneCharm,DishonoredGame,220,220,0,0x0,0x0,0x67b2c0,0x622940,DishonoredGame,UDisTweaks_PickupBase,UDisTweaks_PickupBase,UObject,0x0,0x0,0x0,0x0,Engine,0x67c7d0,0x622940,0x67bec0,0x61df60,0xf70060,0xef68e0,0x67a530,0x908f30,220
UDisTweaks_WhaleBoneCharmList,DishonoredGame,164,164,0,0x0,0x0,0x682f00,0x61df80,DishonoredGame,UDisTweaksBase,UDisTweaksBase,UDisTweaks_PlayerPawn,0x0,0x0,0x0,0x0,Engine,0x687770,0x61df80,0x66aaa0,0x619d30,0xf6fe98,0xef6a98,0x681640,0x641b40,164
UDisTweaks_WhaleOilBattery,DishonoredGame,352,352,0,0x0,0x0,0x8f0210,0x869450,DishonoredGame,UDisTweaks_Movable,UDisTweaks_Movable,UObject,0x0,0x0,0x0,0x0,Engine,0x8f0b80,0x869450,0x8d9080,0x865740,0x10080d8,0xf7a310,0x8efdb0,0x886a90,352
UDisTweaks_WhaleOilReceptacle,DishonoredGame,188,188,0,0x0,0x0,0x8edc40,0x8733c0,DishonoredGame,UDisTweaksBase,UDisTweaksBase,UObject,0x0,0x0,0x0,0x0,Engine,0x8f0c40,0x8733c0,0x8f0450,0x86e8e0,0x1007628,0xf7ad60,0x8ed910,0x885e20,188
UDisTweaks_WhiskeyBottle,DishonoredGame,172,172,0,0x0,0x0,0x89e9c0,0x840350,DishonoredGame,UDisTweaks_KAsset,UDisTweaks_KAsset,UObject,0x0,0x0,0x0,0x0,Engine,0x89f730,0x840350,0x887a40,0x83cc70,0xff3ea8,0xf73878,0x89ca60,0x85d7f0,172
UDisTweaks_WindBlast,DishonoredGame,496,496,0,0x0,0x0,0x85c390,0x7edc60,DishonoredGame,UDisTweaks_ActivePowerBase,UDisTweaks_ActivePowerBase,UObject,0x0,0x0,0x0,0x0,Engine,0x85d130,0x7edc60,0x849160,0x7e9750,0xfe2f98,0xf5b1e8,0x85c280,0x7fd650,496
UDisUISoundTheme,DishonoredGame,88,88,0,0x0,0x0,0x81ac80,0x78c290,DishonoredGame,UUISoundTheme,UUISoundTheme,UObject,0x0,0x0,0x0,0x0,Engine,0x81b540,0x78c290,0x7f41c0,0x787640,0xfd5090,0xf51208,0x818ab0,0x7b6060,88
UDisUsableConnectionInterface,DishonoredGame,56,56,0,0x4001,0x4001,0x6716d0,0x645b90,DishonoredGame,UInterface,UInterface,UObject,0x0,0x0,0x0,0x0,Engine,0x673a50,0x645b90,0x66b610,0x642570,0xf6d930,0xef8ec8,0x696f80,0x6e8cb0,56
UDisUsableObjectBreakSteps,DishonoredGame,152,152,0,0x0,0x0,0x67bf90,0x6452f0,DishonoredGame,UDisSkeletalBreakStepsInterface,UDisSkeletalBreakStepsInterface,UDisTweaks_SkeletalBreakable,0x0,0x0,0x0,0x0,Engine,0x6834e0,0x6452f0,0x6812e0,0x642200,0xf6e5a8,0xef82c0,0x67b8c0,0x65e400,152
UDisUseState_AltInteract,DishonoredGame,80,80,0,0x0,0x0,0x72ab20,0x6d1b20,DishonoredGame,UDisUseState_Base,UDisUseState_Base,UObject,0x0,0x0,0x0,0x0,Engine,0x731b90,0x6d1b20,0x72fed0,0x6cc940,0xf9dff8,0xf1ed98,0x72aa90,0x6cc880,80
UDisUseState_Base,DishonoredGame,68,68,0,0x1,0x1,0x72abb0,0x6c69f0,DishonoredGame,UDishonoredNativeState,UDishonoredNativeState,UObject,0x0,0x0,0x0,0x0,Engine,0x72db00,0x6c69f0,0x722240,0x6c1bc0,0xf9de30,0xf1ef50,0x72aa70,0x6cc860,68
UDisUseState_Finished,DishonoredGame,68,68,0,0x0,0x0,0x72ac40,0x6cc9a0,DishonoredGame,UDisUseState_Base,UDisUseState_Base,UObject,0x0,0x0,0x0,0x0,Engine,0x72fef0,0x6cc9a0,0x72db30,0x6c6a20,0xf9dc68,0xf1f108,0x72aac0,0x6cc8e0,68
UDisUseState_Holster,DishonoredGame,72,72,0,0x0,0x0,0x72acd0,0x6cc9d0,DishonoredGame,UDisUseState_Base,UDisUseState_Base,UObject,0x0,0x0,0x0,0x0,Engine,0x72ff20,0x6cc9d0,0x72db50,0x6c6a40,0xf9daa0,0xf1f2c0,0x72aae0,0x6cc900,72
UDisUseState_WaitForInput,DishonoredGame,68,68,0,0x0,0x0,0x72add0,0x6cca70,DishonoredGame,UDisUseState_Base,UDisUseState_Base,UObject,0x0,0x0,0x0,0x0,Engine,0x72ff50,0x6cca70,0x72db70,0x6c6a60,0xf9d8d8,0xf1f478,0x72ab00,0x6cc920,68
UDisVisSettingsUserInterface,DishonoredGame,56,56,0,0x4001,0x4001,0x72a8f0,0x6c6680,DishonoredGame,UInterface,UInterface,UObject,0x0,0x0,0x0,0x0,Engine,0x72d970,0x6c6680,0x722110,0x6c19f0,0xfa01d0,0xf1ccf0,0x696f80,0x6e8cb0,56
UDisVulnerabilityInterface,DishonoredGame,56,56,0,0x4001,0x4001,0x76f130,0x704560,DishonoredGame,UInterface,UInterface,UObject,0x0,0x0,0x0,0x0,Engine,0x772f40,0x704560,0x764c40,0x7013c0,0xfb54e8,0xf2afd8,0x696f80,0x6e8cb0,56
UDisWaterVolumeManager,DishonoredGame,68,68,0,0x0,0x0,0x8c9f80,0x8416d0,DishonoredGame,UObject,UObject,UObject,0x0,0x0,0x0,0x0,Engine,0x8cb5c0,0x8416d0,0x8af1c0,0x83df30,0x10015a8,0xf76dc0,0x5a9800,0x859ab0,68
UDisWeapon_WolfhoundBite,DishonoredGame,284,284,0,0x4,0x4,0x8acc30,0x8318d0,DishonoredGame,UDisWepMelee,UDisWepMelee,UObject,0x0,0x0,0x0,0x0,Weapon,0x8ae840,0x8318d0,0x8ade50,0x82cc20,0xff9ed8,0xf6db50,0x8ac950,0x83c620,284
UDisWepBow,DishonoredGame,316,316,0,0x4,0x4,0x8accc0,0x82cc40,DishonoredGame,UDishonoredWeapon_Ranged,UDishonoredWeapon_Ranged,UObject,0x0,0x0,0x0,0x0,WeaponRanged,0x8ade70,0x82cc40,0x8adae0,0x828f00,0xff9b48,0xf6dec0,0x8ac810,0x83c3f0,316
UDisWepCrossbow,DishonoredGame,316,316,0,0x4,0x4,0x8acd50,0x82cc70,DishonoredGame,UDishonoredWeapon_Ranged,UDishonoredWeapon_Ranged,UObject,0x0,0x0,0x0,0x0,WeaponRanged,0x8adea0,0x82cc70,0x8adb00,0x828f50,0xff97b8,0xf6e230,0x8ac860,0x83c440,316
UDisWepGrenade,DishonoredGame,316,316,0,0x4,0x4,0x8acde0,0x82cca0,DishonoredGame,UDishonoredWeapon_Ranged,UDishonoredWeapon_Ranged,UObject,0x0,0x0,0x0,0x0,Weapon,0x8aded0,0x82cca0,0x8adb20,0x8290a0,0xff9428,0xf6e5a0,0x8ac8b0,0x83c490,316
UDisWepMelee,DishonoredGame,280,280,0,0x5,0x5,0x8acfa0,0x829160,DishonoredGame,UDishonoredWeapon,UDishonoredWeapon,UObject,0x0,0x0,0x0,0x0,Weapon,0x8adb40,0x829160,0x8ad8f0,0x821190,0xff9098,0xf6e910,0x8ac590,0x83c1a0,280
UDisWepMusicAmp,DishonoredGame,300,300,0,0x4,0x4,0x8ad030,0x829190,DishonoredGame,UDishonoredWeapon,UDishonoredWeapon,UObject,0x0,0x0,0x0,0x0,Weapon,0x8adb70,0x829190,0x8ad910,0x8211b0,0xff8ed0,0xf6eac8,0x8ac630,0x83c240,300
UDisWepMusicBox,DishonoredGame,284,284,0,0x4,0x4,0x8ad0c0,0x8291c0,DishonoredGame,UDishonoredWeapon,UDishonoredWeapon,UObject,0x0,0x0,0x0,0x0,Weapon,0x8adba0,0x8291c0,0x8ad930,0x821200,0xff8b40,0xf6ee38,0x8ac680,0x83c290,284
UDisWepNPCAssassinHand,DishonoredGame,344,344,0,0x4,0x4,0x8ad150,0x82ceb0,DishonoredGame,UDishonoredWeapon_Ranged,UDishonoredWeapon_Ranged,UObject,0x0,0x0,0x0,0x0,Weapon,0x8adf00,0x82ceb0,0x8adbd0,0x829240,0xff87b0,0xf6f1a8,0x8ac900,0x83c4e0,344
UDisWepThrowingHand,DishonoredGame,284,284,0,0x4,0x4,0x8ad1e0,0x829540,DishonoredGame,UDishonoredWeapon,UDishonoredWeapon,UObject,0x0,0x0,0x0,0x0,Weapon,0x8adbf0,0x829540,0x8ad950,0x8213d0,0xff8258,0xf6f6d0,0x8ac6d0,0x83c2e0,284
UDisWepWhiskeyBottle,DishonoredGame,288,288,0,0x4,0x4,0x8ad270,0x829570,DishonoredGame,UDishonoredWeapon,UDishonoredWeapon,UObject,0x0,0x0,0x0,0x0,Weapon,0x8adc20,0x829570,0x8ad970,0x821430,0xff7ec8,0xf6fa40,0x8ac720,0x83c330,288
UDisWhaleOilConsumerInterface,DishonoredGame,56,56,0,0x4001,0x4001,0x8dc2c0,0x869850,DishonoredGame,UInterface,UInterface,UObject,0x0,0x0,0x0,0x0,Engine,0x8e00a0,0x869850,0x8d9210,0x865c30,0x10077f0,0xf7aba8,0x696f80,0x6e8cb0,56
UDisWheelTracker,DishonoredGame,64,64,0,0x0,0x0,0x7093a0,0x6c9be0,DishonoredGame,UDisTutorialTracker,UDisTutorialTracker,UObject,0x0,0x0,0x0,0x0,Engine,0x710840,0x6c9be0,0x70e0c0,0x6c4950,0xf94c40,0xf195f0,0x701b40,0x6c7c10,64
UDishonoredAIBehavior,DishonoredGame,156,156,0,0x1,0x1,0x756df0,0x6e8220,DishonoredGame,UObject,UObject,UObject,0x0,0x0,0x0,0x0,Engine,0x759c10,0x6e8220,0x745360,0x6e4a90,0xfa8f58,0xf26e88,0x756590,0x6fc790,156
UDishonoredAIBrain,DishonoredGame,488,500,12,0x0,0x0,0x757920,0x703c60,DishonoredGame,UObject,UObject,UObject,0x0,0x0,0x0,0x0,AI,0x759e30,0x703c60,0x745eb0,0x700d00,0xfa52c8,0xf2a8f8,0x756670,0x721f70,488
UDishonoredActivePowerComponent,DishonoredGame,144,144,0,0x1,0x1,0x8352f0,0x7e8bc0,DishonoredGame,UActorComponent,UActorComponent,UObject,0x0,0x0,0x0,0x0,Power,0x8394b0,0x7e8bc0,0x824980,0x7e7080,0xfd94c8,0xf5a0b8,0x830780,0x7f0360,144
UDishonoredActivePowerComponent_BendTime,DishonoredGame,176,176,0,0x4,0x4,0x835380,0x7ecd30,DishonoredGame,UDishonoredActivePowerComponent,UDishonoredActivePowerComponent,UObject,0x0,0x0,0x0,0x0,Power,0x83abe0,0x7ecd30,0x8394e0,0x7e8c70,0xfd9138,0xf5a428,0x8307b0,0x7f0390,176
UDishonoredActivePowerComponent_Blink,DishonoredGame,360,360,0,0x4,0x4,0x83e0a0,0x7ecd90,DishonoredGame,UDishonoredActivePowerComponent,UDishonoredActivePowerComponent,UObject,0x0,0x0,0x0,0x0,Power,0x83f430,0x7ecd90,0x839500,0x7e8d20,0xfd8da8,0xf5a798,0x83cbd0,0x7f9a10,360
UDishonoredActivePowerComponent_DevouringSwarm,DishonoredGame,172,172,0,0x0,0x0,0x855200,0x7ed550,DishonoredGame,UDishonoredActivePowerComponent,UDishonoredActivePowerComponent,UObject,0x0,0x0,0x0,0x0,Power,0x856ec0,0x7ed550,0x848f90,0x7e92a0,0xfe36b8,0xf5ab08,0x855180,0x7f03c0,172
UDishonoredActivePowerComponent_Possess,DishonoredGame,220,220,0,0x0,0x0,0x855350,0x7ed850,DishonoredGame,UDishonoredActivePowerComponent,UDishonoredActivePowerComponent,UObject,0x0,0x0,0x0,0x0,Power,0x856ef0,0x7ed850,0x849000,0x7e9680,0xfe3328,0xf5ae78,0x8551b0,0x7f03f0,220
UDishonoredActivePowerComponent_WindBlast,DishonoredGame,208,208,0,0x4,0x4,0x8588d0,0x7edc30,DishonoredGame,UDishonoredActivePowerComponent,UDishonoredActivePowerComponent,UObject,0x0,0x0,0x0,0x0,Power,0x858ec0,0x7edc30,0x849140,0x7e9730,0xfe3160,0xf5b030,0x8588a0,0x7fbc30,208
UDishonoredAnimNodeBlendByMantleCrouchRequired,DishonoredGame,256,256,0,0x0,0x0,0x6f25b0,0x6827b0,DishonoredGame,UAnimNodeBlendList,UAnimNodeBlendList,UObject,0x0,0x0,0x0,0x0,Engine,0x6f4ae0,0x6827b0,0x6cfeb0,0x67dd20,0xf91eb0,0xf0b830,0x6f2570,0x69e620,256
UDishonoredAnimNodeBlendByMantleType,DishonoredGame,256,256,0,0x0,0x0,0x6f2640,0x6827e0,DishonoredGame,UAnimNodeBlendList,UAnimNodeBlendList,UObject,0x0,0x0,0x0,0x0,Engine,0x6f4b10,0x6827e0,0x6cfed0,0x67dd50,0xf91ce8,0xf0b9e8,0x6f2590,0x69e640,256
UDishonoredAnimNodeBlendBySpeed,DishonoredGame,320,320,0,0x0,0x0,0x6f26d0,0x682810,DishonoredGame,UAnimNodeBlendBySpeed,UAnimNodeBlendBySpeed,UObject,0x0,0x0,0x0,0x0,Engine,0x6f4b40,0x682810,0x6cfef0,0x67dd80,0xf91b20,0xf0bba0,0x6f1de0,0x69e2a0,320
UDishonoredAnimNodeBlendByState,DishonoredGame,272,272,0,0x0,0x0,0x6f2760,0x682840,DishonoredGame,UAnimNodeBlendList,UAnimNodeBlendList,UObject,0x0,0x0,0x0,0x0,Engine,0x6f4b70,0x682840,0x6cff10,0x67ddb0,0xf91958,0xf0bd58,0x6f1e00,0x69e2c0,272
UDishonoredAnimNodeBlendByStunState,DishonoredGame,256,256,0,0x0,0x0,0x6f27f0,0x682870,DishonoredGame,UAnimNodeBlendList,UAnimNodeBlendList,UObject,0x0,0x0,0x0,0x0,Engine,0x6f4ba0,0x682870,0x6cff30,0x67dde0,0xf91790,0xf0bf10,0x6f1e20,0x69e2e0,256
UDishonoredAnimNodeLookAdd,DishonoredGame,256,256,0,0x0,0x0,0x6f2880,0x6828a0,DishonoredGame,UAnimNodeAdditiveBlending,UAnimNodeAdditiveBlending,UObject,0x0,0x0,0x0,0x0,Engine,0x6f4bd0,0x6828a0,0x6cff50,0x67de10,0xf915c8,0xf0c0c8,0x6f1e40,0x69e300,256
UDishonoredAnimNodeSeq,DishonoredGame,336,336,0,0x0,0x0,0x6f3bc0,0x685690,DishonoredGame,UAnimNodeSequence,UAnimNodeSequence,UObject,0x0,0x0,0x0,0x0,Engine,0x6f4e50,0x685690,0x6d0c60,0x67fbf0,0xf87ad0,0xf15650,0x6f1e60,0x69e320,336
UDishonoredAnimNodeSeqAttack,DishonoredGame,336,336,0,0x0,0x0,0x6f3c50,0x68f180,DishonoredGame,UDishonoredAnimNodeSeq,UDishonoredAnimNodeSeq,UObject,0x0,0x0,0x0,0x0,Engine,0x6f52c0,0x68f180,0x6f4e80,0x6856c0,0xf87908,0xf15808,0x6f1ea0,0x69e390,336
UDishonoredAnimNodeSeqMantle,DishonoredGame,352,352,0,0x0,0x0,0x6f3ce0,0x68f5f0,DishonoredGame,UDishonoredAnimNodeSeq,UDishonoredAnimNodeSeq,UObject,0x0,0x0,0x0,0x0,Engine,0x6f52f0,0x68f5f0,0x6f4ea0,0x6856e0,0xf87740,0xf159c0,0x6f1ec0,0x69e3b0,352
UDishonoredAnimNodeStatePicker,DishonoredGame,272,272,0,0x0,0x0,0x6f2910,0x6828d0,DishonoredGame,UAnimNodeBlendBase,UAnimNodeBlendBase,UObject,0x0,0x0,0x0,0x0,Engine,0x6f4c00,0x6828d0,0x6cff90,0x67de40,0xf91400,0xf0c280,0x6f1f40,0x69e430,272
UDishonoredAnimNodeTreeRef,DishonoredGame,224,224,0,0x0,0x0,0x6f3130,0x682900,DishonoredGame,UAnimNode,UAnimNode,UObject,0x0,0x0,0x0,0x0,Engine,0x6f4c80,0x682900,0x6d0020,0x67df40,0xf91238,0xf0c438,0x6f1f00,0x69e3f0,224
UDishonoredAnimNodeTreeRef_Dynamic,DishonoredGame,256,256,0,0x0,0x0,0x6f3500,0x68a030,DishonoredGame,UDishonoredAnimNodeTreeRef,UDishonoredAnimNodeTreeRef,UObject,0x0,0x0,0x0,0x0,Engine,0x6f5150,0x68a030,0x6f4cb0,0x682970,0xf91070,0xf0c5f0,0x6f1f20,0x69e410,256
UDishonoredAnimSet,DishonoredGame,268,268,0,0x0,0x0,0x6ceb10,0x6821b0,DishonoredGame,UAnimSet,UAnimSet,UObject,0x0,0x0,0x0,0x0,Engine,0x6cfbc0,0x6821b0,0x6b1c00,0x67d670,0xf7d370,0xf09418,0x6cdb60,0x6a05c0,268
UDishonoredAnimTree,DishonoredGame,544,544,0,0x0,0x0,0x6cda00,0x6821e0,DishonoredGame,UAnimTree,UAnimTree,UObject,0x0,0x0,0x0,0x0,Engine,0x6ceba0,0x6821e0,0x6b1c20,0x67d6a0,0xf7d1a8,0xf095d0,0x6cc970,0x69fa80,544
UDishonoredAudioPortalComponent,DishonoredGame,464,464,0,0x0,0x0,0x814aa0,0x78bfb0,DishonoredGame,UPrimitiveComponent,UPrimitiveComponent,UObject,0x0,0x0,0x0,0x0,Engine,0x816d10,0x78bfb0,0x7f3e00,0x786f70,0xfd60c8,0xf50290,0x8142c0,0x78db20,464
UDishonoredAudioSystem,DishonoredGame,160,160,0,0x4,0x4,0x814b30,0x78bfe0,DishonoredGame,UAudioSystem,UAudioSystem,UObject,0x0,0x0,0x0,0x0,Game,0x816d40,0x78bfe0,0x7f3e20,0x787270,0xfd5f00,0xf50448,0x8142e0,0x7b0630,160
UDishonoredBarkManager,DishonoredGame,196,196,0,0x0,0x0,0x8b78f0,0x8412f0,DishonoredGame,UActorComponent,UActorComponent,UObject,0x0,0x0,0x0,0x0,Game,0x8bc610,0x8412f0,0x8aef90,0x83dcf0,0x1001b00,0xf76898,0x8b6b90,0x843680,196
UDishonoredCallbackSkeletalComponent,DishonoredGame,1056,1088,32,0x0,0x0,0x655a50,0x5f9dd0,DishonoredGame,USkeletalMeshComponent,USkeletalMeshComponent,UObject,0x0,0x0,0x0,0x0,Engine,0x657210,0x5f9dd0,0x62bd10,0x5e5610,0xf6afd0,0xee6dc0,0x655770,0x60db60,1056
UDishonoredCameraInfluence,DishonoredGame,92,92,0,0x4,0x4,0x709680,0x6c4970,DishonoredGame,UObject,UObject,UObject,0x0,0x0,0x0,0x0,Camera,0x70e0e0,0x6c4970,0x6fbd20,0x6bfff0,0xf94a78,0xf197a8,0x701b60,0x6c7c30,92
UDishonoredCameraInfluenceGroup,DishonoredGame,80,80,0,0x0,0x0,0x718700,0x6c4b50,DishonoredGame,UObject,UObject,UObject,0x0,0x0,0x0,0x0,Camera,0x719010,0x6c4b50,0x6fbdd0,0x6c0080,0xf948b0,0xf19960,0x650a60,0x6dceb0,80
UDishonoredCamera_AnimDriven,DishonoredGame,180,180,0,0x4,0x4,0x7298d0,0x6cb2d0,DishonoredGame,UDishonoredCameraInfluence,UDishonoredCameraInfluence,UObject,0x0,0x0,0x0,0x0,Camera,0x72cf40,0x6cb2d0,0x721d20,0x6c6230,0xfa13a0,0xf1bbc0,0x729530,0x6c7cf0,180
UDishonoredCamera_BumpSmoother,DishonoredGame,132,132,0,0x4,0x4,0x70e780,0x6ca980,DishonoredGame,UDishonoredCameraInfluence,UDishonoredCameraInfluence,UObject,0x0,0x0,0x0,0x0,Camera,0x710b80,0x6ca980,0x70e810,0x6c5010,0xf94190,0xf1a040,0x70ad70,0x6cd700,132
UDishonoredCamera_CrouchMantleOffset,DishonoredGame,104,104,0,0x4,0x4,0x70a3f0,0x6ca9b0,DishonoredGame,UDishonoredCameraInfluence,UDishonoredCameraInfluence,UObject,0x0,0x0,0x0,0x0,Camera,0x710bb0,0x6ca9b0,0x70e830,0x6c5320,0xf93fc8,0xf1a1f8,0x701c30,0x6c7d10,104
UDishonoredCamera_DisableArmFollow,DishonoredGame,96,96,0,0x4,0x4,0x70a480,0x6ca9e0,DishonoredGame,UDishonoredCameraInfluence,UDishonoredCameraInfluence,UObject,0x0,0x0,0x0,0x0,Camera,0x710be0,0x6ca9e0,0x70e850,0x6c53c0,0xf93e00,0xf1a3b0,0x701c50,0x6c7d30,96
UDishonoredCamera_DisableArmOffset,DishonoredGame,96,96,0,0x4,0x4,0x70a5a0,0x6caa30,DishonoredGame,UDishonoredCameraInfluence,UDishonoredCameraInfluence,UObject,0x0,0x0,0x0,0x0,Camera,0x710c30,0x6caa30,0x70e870,0x6c53e0,0xf93a70,0xf1a720,0x701c90,0x6c7d70,96
UDishonoredCamera_HitReact,DishonoredGame,268,268,0,0x4,0x4,0x72ca00,0x6d03a0,DishonoredGame,UDishonoredCamera_PhysicalReact,UDishonoredCamera_PhysicalReact,UObject,0x0,0x0,0x0,0x0,Camera,0x7310d0,0x6d03a0,0x72f160,0x6cae80,0xfa21e0,0xf1ae00,0x72c890,0x6cd740,268
UDishonoredCamera_Lean,DishonoredGame,244,244,0,0x4,0x4,0x70a6c0,0x6caa80,DishonoredGame,UDishonoredCameraInfluence,UDishonoredCameraInfluence,UObject,0x0,0x0,0x0,0x0,Camera,0x710c80,0x6caa80,0x70e890,0x6c5400,0xf936e0,0xf1aa90,0x701cd0,0x6c7db0,244
UDishonoredCamera_PhysicalReact,DishonoredGame,268,268,0,0x4,0x4,0x72c970,0x6cae50,DishonoredGame,UDishonoredCameraInfluence,UDishonoredCameraInfluence,UObject,0x0,0x0,0x0,0x0,Camera,0x72f130,0x6cae50,0x721b70,0x6c5bc0,0xfa23a8,0xf1ac48,0x72c870,0x6cd720,268
UDishonoredCamera_PlayerControl,DishonoredGame,140,140,0,0x4,0x4,0x729ef0,0x6cb8a0,DishonoredGame,UDishonoredCameraInfluence,UDishonoredCameraInfluence,UObject,0x0,0x0,0x0,0x0,Camera,0x72d0b0,0x6cb8a0,0x721e00,0x6c6250,0xfa11d8,0xf1bd78,0x7295e0,0x6c7dd0,140
UDishonoredCamera_Recoil,DishonoredGame,268,268,0,0x4,0x4,0x72cb20,0x6d0400,DishonoredGame,UDishonoredCamera_PhysicalReact,UDishonoredCamera_PhysicalReact,UObject,0x0,0x0,0x0,0x0,Camera,0x731130,0x6d0400,0x72f1a0,0x6caec0,0xfa1e50,0xf1b170,0x72c890,0x6cd740,268
UDishonoredCamera_Shake,DishonoredGame,268,268,0,0x4,0x4,0x72ca90,0x6d03d0,DishonoredGame,UDishonoredCamera_PhysicalReact,UDishonoredCamera_PhysicalReact,UObject,0x0,0x0,0x0,0x0,Camera,0x731100,0x6d03d0,0x72f180,0x6caea0,0xfa2018,0xf1afb8,0x72c890,0x6cd740,268
UDishonoredCheatManager,DishonoredGame,260,264,4,0x4,0x4,0x7de440,0x771c70,DishonoredGame,UCheatManager,UCheatManager,APlayerController,0x0,0x0,0x0,0x0,Game,0x7df250,0x771c70,0x7c9b50,0x76f110,0xfd0cf0,0xf3ae40,0x7ddc50,0x7832a0,260
UDishonoredContactSystem,DishonoredGame,192,192,0,0x0,0x0,0x843cb0,0x7be510,DishonoredGame,UObject,UObject,UObject,0x0,0x0,0x0,0x0,Engine,0x844ac0,0x7be510,0x8232d0,0x7ba900,0xfde160,0xf556c8,0x841440,0x7e6870,192
UDishonoredDamageType,DishonoredGame,136,136,0,0x4,0x4,0x644870,0x61b560,DishonoredGame,UDamageType,UDamageType,UObject,0x0,0x0,0x0,0x0,Weapon,0x6499f0,0x61b560,0x630a10,0x617c30,0xf67a60,0xee9fc8,0x641a10,0x61f490,136
UDishonoredDamageType_Bash,DishonoredGame,136,136,0,0x4,0x4,0x644990,0x61f9a0,DishonoredGame,UDishonoredDamageType,UDishonoredDamageType,UObject,0x0,0x0,0x0,0x0,Weapon,0x64c160,0x61f9a0,0x649a40,0x61b5b0,0xf676d0,0xeea338,0x641a50,0x61f550,136
UDishonoredDamageType_Bite,DishonoredGame,136,136,0,0x4,0x4,0x644a20,0x61f9d0,DishonoredGame,UDishonoredDamageType,UDishonoredDamageType,UObject,0x0,0x0,0x0,0x0,Weapon,0x64c190,0x61f9d0,0x649a60,0x61b5d0,0xf67508,0xeea4f0,0x641a50,0x61f550,136
UDishonoredDamageType_Bullet,DishonoredGame,136,136,0,0x4,0x4,0x644bd0,0x62f6b0,DishonoredGame,UDishonoredDamageType_Projectile,UDishonoredDamageType_Projectile,UObject,0x0,0x0,0x0,0x0,Weapon,0x650100,0x62f6b0,0x64d470,0x624870,0xf66fb0,0xeeaa18,0x641a30,0x61f4b0,136
UDishonoredDamageType_BulletBlast,DishonoredGame,136,136,0,0x4,0x4,0x644d80,0x633700,DishonoredGame,UDishonoredDamageType_Bullet,UDishonoredDamageType_Bullet,UObject,0x0,0x0,0x0,0x0,Weapon,0x651c70,0x633700,0x650170,0x62f720,0xf66a58,0xeeaf40,0x641af0,0x6242e0,136
UDishonoredDamageType_BulletFar,DishonoredGame,136,136,0,0x4,0x4,0x644cf0,0x6336d0,DishonoredGame,UDishonoredDamageType_Bullet,UDishonoredDamageType_Bullet,UObject,0x0,0x0,0x0,0x0,Weapon,0x651c40,0x6336d0,0x650150,0x62f700,0xf66c20,0xeead88,0x641af0,0x6242e0,136
UDishonoredDamageType_BulletMedium,DishonoredGame,136,136,0,0x4,0x4,0x644c60,0x6336a0,DishonoredGame,UDishonoredDamageType_Bullet,UDishonoredDamageType_Bullet,UObject,0x0,0x0,0x0,0x0,Weapon,0x651c10,0x6336a0,0x650130,0x62f6e0,0xf66de8,0xeeabd0,0x641af0,0x6242e0,136
UDishonoredDamageType_Electricity,DishonoredGame,136,136,0,0x4,0x4,0x644fc0,0x61faf0,DishonoredGame,UDishonoredDamageType,UDishonoredDamageType,UObject,0x0,0x0,0x0,0x0,Weapon,0x64c2b0,0x61faf0,0x649b20,0x61b6b0,0xf66338,0xeeb620,0x641a50,0x61f550,136
UDishonoredDamageType_Explosion,DishonoredGame,136,136,0,0x4,0x4,0x645050,0x61fb20,DishonoredGame,UDishonoredDamageType,UDishonoredDamageType,UObject,0x0,0x0,0x0,0x0,Weapon,0x64c2e0,0x61fb20,0x649b40,0x61b6d0,0xf66170,0xeeb7d8,0x641a50,0x61f550,136
UDishonoredDamageType_FastHit,DishonoredGame,140,140,0,0x4,0x4,0x6450e0,0x61fb50,DishonoredGame,UDishonoredDamageType,UDishonoredDamageType,UObject,0x0,0x0,0x0,0x0,Weapon,0x64c310,0x61fb50,0x649b60,0x61b6f0,0xf65fa8,0xeebb48,0x641a70,0x61f4d0,140
UDishonoredDamageType_FrontalImpale,DishonoredGame,136,136,0,0x4,0x4,0x645c20,0x61fc70,DishonoredGame,UDishonoredDamageType,UDishonoredDamageType,UObject,0x0,0x0,0x0,0x0,Weapon,0x64c430,0x61fc70,0x649ba0,0x61b730,0xf63c08,0xeedda8,0x641a50,0x61f550,136
UDishonoredDamageType_Knockdown,DishonoredGame,136,136,0,0x4,0x4,0x645cb0,0x61fca0,DishonoredGame,UDishonoredDamageType,UDishonoredDamageType,UObject,0x0,0x0,0x0,0x0,Weapon,0x64c460,0x61fca0,0x649bc0,0x61b750,0xf63a40,0xeedf60,0x641a50,0x61f550,136
UDishonoredDamageType_Plague,DishonoredGame,136,136,0,0x4,0x4,0x645dd0,0x61fd00,DishonoredGame,UDishonoredDamageType,UDishonoredDamageType,UObject,0x0,0x0,0x0,0x0,Weapon,0x64c4c0,0x61fd00,0x649c00,0x61b790,0xf636b0,0xeee2d0,0x641a50,0x61f550,136
UDishonoredDamageType_Projectile,DishonoredGame,136,136,0,0x4,0x4,0x645e60,0x61fd30,DishonoredGame,UDishonoredDamageType,UDishonoredDamageType,UObject,0x0,0x0,0x0,0x0,Weapon,0x64c4f0,0x61fd30,0x649c20,0x61b7b0,0xf634e8,0xeee488,0x641a50,0x61f550,136
UDishonoredDamageType_Projectile_Stealth,DishonoredGame,136,136,0,0x4,0x4,0x645ef0,0x624ab0,DishonoredGame,UDishonoredDamageType_Projectile,UDishonoredDamageType_Projectile,UObject,0x0,0x0,0x0,0x0,Weapon,0x64d6b0,0x624ab0,0x64c520,0x61fd60,0xf63320,0xeee640,0x641a30,0x61f4b0,136
UDishonoredDamageType_SpawnRatSwarm,DishonoredGame,136,136,0,0x4,0x4,0x646130,0x61fe00,DishonoredGame,UDishonoredDamageType,UDishonoredDamageType,UObject,0x0,0x0,0x0,0x0,Weapon,0x64c590,0x61fe00,0x649c90,0x61b840,0xf62c00,0xeeeed8,0x641a50,0x61f550,136
UDishonoredDamageType_Stomped,DishonoredGame,136,136,0,0x4,0x4,0x646250,0x61fe60,DishonoredGame,UDishonoredDamageType,UDishonoredDamageType,UObject,0x0,0x0,0x0,0x0,Weapon,0x64c5f0,0x61fe60,0x649cd0,0x61b880,0xf62870,0xeef248,0x641a50,0x61f550,136
UDishonoredDebugMenu,DishonoredGame,80,80,0,0x0,0x0,0x658450,0x5f8840,DishonoredGame,UObject,UObject,UObject,0x0,0x0,0x0,0x0,Engine,0x65c960,0x5f8840,0x62b800,0x5e3e30,0xf6ba80,0xee6370,0x658220,0x612d20,80
UDishonoredDecalComponent,DishonoredGame,848,848,0,0x0,0x0,0x650de0,0x5f8fe0,DishonoredGame,UDecalComponent,UDecalComponent,UObject,0x0,0x0,0x0,0x0,Engine,0x652ea0,0x5f8fe0,0x62b8b0,0x5e3f30,0xf6b528,0xee6898,0x6509b0,0x60ada0,848
UDishonoredEngine,DishonoredGame,1964,2052,88,0xc,0xc,0x657160,0x5f95c0,DishonoredGame,UGameEngine,UGameEngine,UObject,0x0,0x0,0x0,0x0,Engine,0x6584e0,0x5f95c0,0x62b950,0x5e4160,0xf6b198,0xee6c08,0x656b60,0x60d140,1964
UDishonoredGlobalAIManager,DishonoredGame,248,252,4,0x4,0x4,0x8d1cc0,0x841320,DishonoredGame,UObject,UObject,UObject,0x0,0x0,0x0,0x0,AI,0x8d41c0,0x841320,0x8af0b0,0x83de20,0x1001938,0xf76a50,0x8d1850,0x861e00,248
UDishonoredInventory,DishonoredGame,316,316,0,0x4,0x4,0x85a580,0x801b50,DishonoredGame,UObject,UObject,UObject,0x0,0x0,0x0,0x0,Item,0x85b760,0x801b50,0x849b70,0x7fec00,0xfe0868,0xf5d980,0x85a0f0,0x8179a0,316
UDishonoredInventoryItem,DishonoredGame,276,276,0,0x1,0x1,0x8619d0,0x801b80,DishonoredGame,UObject,UObject,UObject,0x0,0x0,0x0,0x0,Engine,0x861a60,0x801b80,0x849be0,0x7fec80,0xfe06a0,0xf5db38,0x861980,0x81b590,276
UDishonoredInventoryItemPostUpdateTickComponent,DishonoredGame,84,84,0,0x0,0x0,0x855030,0x802d20,DishonoredGame,UActorComponent,UActorComponent,UObject,0x0,0x0,0x0,0x0,Engine,0x856bd0,0x802d20,0x84a050,0x7ff0d0,0xfe04d8,0xf5dcf0,0x84ef20,0x8041f0,84
UDishonoredItemEmpty,DishonoredGame,320,320,0,0x0,0x0,0x8ad730,0x8405e0,DishonoredGame,UDishonoredInventoryItem,UDishonoredInventoryItem,UObject,0x0,0x0,0x0,0x0,Item,0x8ada30,0x8405e0,0x887c00,0x83cf90,0xff2ea0,0xf747f0,0x8ac4a0,0x8635e0,320
UDishonoredItemSkeletalComponent,DishonoredGame,1104,1136,32,0x0,0x0,0x8828e0,0x802dc0,DishonoredGame,UDishonoredPlayerSkeletalComponent,UDishonoredPlayerSkeletalComponent,UObject,0x0,0x0,0x0,0x0,Engine,0x882ef0,0x802dc0,0x861d70,0x7ff1e0,0xff1078,0xf5e218,0x882890,0x81a570,1104
UDishonoredMantleEdgeFinderComponent,DishonoredGame,272,272,0,0x0,0x0,0x731c60,0x6c6a80,DishonoredGame,UActorComponent,UActorComponent,UObject,0x0,0x0,0x0,0x0,Engine,0x735490,0x6c6a80,0x722260,0x6c1c20,0xf9d710,0xf1f630,0x731560,0x6d78b0,272
UDishonoredMapInfo,DishonoredGame,176,184,8,0x0,0x0,0x651400,0x5fa750,DishonoredGame,UMapInfo,UMapInfo,UObject,0x0,0x0,0x0,0x0,Engine,0x653670,0x5fa750,0x62fe60,0x5ea220,0xf6a190,0xee79c8,0x650a10,0x60adf0,176
UDishonoredNativeState,DishonoredGame,64,64,0,0x1,0x1,0x69a1b0,0x662720,DishonoredGame,UObject,UObject,UObject,0x0,0x0,0x0,0x0,Engine,0x69de80,0x662720,0x692790,0x65f7f0,0xf76cc0,0xefef08,0x696c80,0x6662a0,64
UDishonoredNativeStateMachine,DishonoredGame,188,188,0,0x4,0x4,0x6ac450,0x662790,DishonoredGame,UObject,UObject,UObject,0x0,0x0,0x0,0x0,Game,0x6ad300,0x662790,0x6927b0,0x65f820,0xf76af8,0xeff0c0,0x6a99c0,0x67ca20,188
UDishonoredNoteComponent,DishonoredGame,464,464,0,0x0,0x0,0x6a4de0,0x646fc0,DishonoredGame,UPrimitiveComponent,UPrimitiveComponent,UObject,0x0,0x0,0x0,0x0,Engine,0x6a6d60,0x646fc0,0x691790,0x6436f0,0xf7a788,0xefb2e0,0x6a45b0,0x6492a0,464
UDishonoredNotify_AllowMantleCancel,DishonoredGame,60,60,0,0x0,0x0,0x6dbf40,0x6846e0,DishonoredGame,UAnimNotify,UAnimNotify,UObject,0x0,0x0,0x0,0x0,Engine,0x6e96d0,0x6846e0,0x6d04d0,0x67ef60,0xf8e5b0,0xf0ef30,0x6d7db0,0x685fc0,60
UDishonoredNotify_AllowMantleEnd,DishonoredGame,60,60,0,0x0,0x0,0x6dba70,0x684630,DishonoredGame,UAnimNotify,UAnimNotify,UObject,0x0,0x0,0x0,0x0,Engine,0x6e9510,0x684630,0x6d0470,0x67eeb0,0xf8eb08,0xf0ea08,0x6d7dd0,0x685fe0,60
UDishonoredNotify_AllowRagdoll,DishonoredGame,60,60,0,0x0,0x0,0x6db720,0x6845a0,DishonoredGame,UAnimNotify,UAnimNotify,UObject,0x0,0x0,0x0,0x0,Engine,0x6e9480,0x6845a0,0x6d0410,0x67ede0,0xf8f060,0xf0e4e0,0x6d7df0,0x686000,60
UDishonoredNotify_AnimStateAdvance,DishonoredGame,60,60,0,0x0,0x0,0x6db1f0,0x684480,DishonoredGame,UAnimNotify,UAnimNotify,UObject,0x0,0x0,0x0,0x0,Engine,0x6e92a0,0x684480,0x6d0350,0x67ec60,0xf8fb10,0xf0da90,0x6d7e10,0x686020,60
UDishonoredNotify_AnimStateExit,DishonoredGame,60,60,0,0x0,0x0,0x6db280,0x6844b0,DishonoredGame,UAnimNotify,UAnimNotify,UObject,0x0,0x0,0x0,0x0,Engine,0x6e9300,0x6844b0,0x6d0370,0x67ecb0,0xf8f948,0xf0dc48,0x6d7e30,0x686040,60
UDishonoredNotify_AnimStateSyncEnd,DishonoredGame,64,64,0,0x0,0x0,0x6dc090,0x684780,DishonoredGame,UAnimNotify,UAnimNotify,UObject,0x0,0x0,0x0,0x0,Engine,0x6e9730,0x684780,0x6d0510,0x67efe0,0xf8e220,0xf0f2a0,0x6d7e50,0x686060,64
UDishonoredNotify_AttachEquippedItem,DishonoredGame,64,64,0,0x0,0x0,0x6dbb30,0x684680,DishonoredGame,UAnimNotify,UAnimNotify,UObject,0x0,0x0,0x0,0x0,Engine,0x6e9540,0x684680,0x6d0490,0x67ef00,0xf8e940,0xf0ebc0,0x6d7e70,0x686080,64
UDishonoredNotify_AttackInterruptable,DishonoredGame,60,60,0,0x0,0x0,0x6dd940,0x684bc0,DishonoredGame,UAnimNotify,UAnimNotify,UObject,0x0,0x0,0x0,0x0,Engine,0x6e9cf0,0x684bc0,0x6d07d0,0x67f460,0xf8baf0,0xf11870,0x6d7e90,0x6860a0,60
UDishonoredNotify_AttackZone,DishonoredGame,80,80,0,0x0,0x0,0x6dedf0,0x6850f0,DishonoredGame,UAnimNotify,UAnimNotify,UObject,0x0,0x0,0x0,0x0,Engine,0x6ea310,0x6850f0,0x6d0a90,0x67f900,0xf89588,0xf13c88,0x6d7ed0,0x6860e0,80
UDishonoredNotify_CameraPitchTarget,DishonoredGame,76,76,0,0x0,0x0,0x6db070,0x684420,DishonoredGame,UAnimNotify,UAnimNotify,UObject,0x0,0x0,0x0,0x0,Engine,0x6e9210,0x684420,0x6d0310,0x67ec00,0xf8fea0,0xf0d720,0x6d7ef0,0x686100,76
UDishonoredNotify_ChainExit,DishonoredGame,60,60,0,0x0,0x0,0x6db310,0x6844e0,DishonoredGame,UAnimNotify,UAnimNotify,UObject,0x0,0x0,0x0,0x0,Engine,0x6e9360,0x6844e0,0x6d0390,0x67ed00,0xf8f780,0xf0de00,0x6d7f10,0x686120,60
UDishonoredNotify_ChainInput,DishonoredGame,60,60,0,0x0,0x0,0x6db430,0x684540,DishonoredGame,UAnimNotify,UAnimNotify,UObject,0x0,0x0,0x0,0x0,Engine,0x6e9420,0x684540,0x6d03d0,0x67ed60,0xf8f3f0,0xf0e170,0x6d7f30,0x686140,60
UDishonoredNotify_ChainStart,DishonoredGame,60,60,0,0x0,0x0,0x6db3a0,0x684510,DishonoredGame,UAnimNotify,UAnimNotify,UObject,0x0,0x0,0x0,0x0,Engine,0x6e93c0,0x684510,0x6d03b0,0x67ed30,0xf8f5b8,0xf0dfb8,0x6d7f50,0x686160,60
UDishonoredNotify_CrouchMantleTransition,DishonoredGame,60,60,0,0x0,0x0,0x6ddb20,0x684c10,DishonoredGame,UAnimNotify,UAnimNotify,UObject,0x0,0x0,0x0,0x0,Engine,0x6e9d40,0x684c10,0x6d07f0,0x67f4a0,0xf8b760,0xf11be0,0x6d8ce0,0x689780,60
UDishonoredNotify_EndDropCorpse,DishonoredGame,60,60,0,0x0,0x0,0x6dc2d0,0x684830,DishonoredGame,UAnimNotify,UAnimNotify,UObject,0x0,0x0,0x0,0x0,Engine,0x6e97c0,0x684830,0x6d0570,0x67f070,0xf8dcc8,0xf0f7c8,0x6d7f70,0x686180,60
UDishonoredNotify_FireDialogHook,DishonoredGame,64,64,0,0x0,0x0,0x6ddca0,0x684c40,DishonoredGame,UAnimNotify,UAnimNotify,UObject,0x0,0x0,0x0,0x0,Engine,0x6e9d70,0x684c40,0x6d0810,0x67f4d0,0xf8b598,0xf11d98,0x6d7f90,0x6861a0,64
UDishonoredNotify_FireProjectile,DishonoredGame,60,60,0,0x0,0x0,0x6dc700,0x6848c0,DishonoredGame,UAnimNotify,UAnimNotify,UObject,0x0,0x0,0x0,0x0,Engine,0x6e98f0,0x6848c0,0x6d05d0,0x67f100,0xf8d770,0xf0fcf0,0x6d7fb0,0x6861c0,60
UDishonoredNotify_Footfall,DishonoredGame,64,64,0,0x0,0x0,0x6dc120,0x6847b0,DishonoredGame,UAnimNotify,UAnimNotify,UObject,0x0,0x0,0x0,0x0,Engine,0x6e9760,0x6847b0,0x6d0530,0x67f010,0xf8e058,0xf0f458,0x6d7fd0,0x6861e0,64
UDishonoredNotify_PlayTune,DishonoredGame,64,64,0,0x0,0x0,0x6de3c0,0x684f10,DishonoredGame,UAnimNotify,UAnimNotify,UObject,0x0,0x0,0x0,0x0,Engine,0x6ea070,0x684f10,0x6d0970,0x67f6d0,0xf8a590,0xf12d10,0x6d8010,0x686220,64
UDishonoredNotify_PlayerMeleeWeaponHitFlesh,DishonoredGame,60,60,0,0x0,0x0,0x6dc5a0,0x684890,DishonoredGame,UAnimNotify,UAnimNotify,UObject,0x0,0x0,0x0,0x0,Engine,0x6e98c0,0x684890,0x6d05b0,0x67f0d0,0xf8d938,0xf0fb38,0x6d7ff0,0x686200,60
UDishonoredNotify_Ragdoll,DishonoredGame,60,60,0,0x0,0x0,0x6db590,0x684570,DishonoredGame,UAnimNotify,UAnimNotify,UObject,0x0,0x0,0x0,0x0,Engine,0x6e9450,0x684570,0x6d03f0,0x67edb0,0xf8f228,0xf0e328,0x6d8030,0x686240,60
UDishonoredNotify_ReleaseCorpse,DishonoredGame,60,60,0,0x0,0x0,0x6dc210,0x6847e0,DishonoredGame,UAnimNotify,UAnimNotify,UObject,0x0,0x0,0x0,0x0,Engine,0x6e9790,0x6847e0,0x6d0550,0x67f040,0xf8de90,0xf0f610,0x6d8050,0x686260,60
UDishonoredNotify_SetBodyMode,DishonoredGame,64,64,0,0x0,0x0,0x6db810,0x6845d0,DishonoredGame,UAnimNotify,UAnimNotify,UObject,0x0,0x0,0x0,0x0,Engine,0x6e94b0,0x6845d0,0x6d0430,0x67ee30,0xf8ee98,0xf0e698,0x6d8070,0x686280,64
UDishonoredNotify_SeverLimb,DishonoredGame,80,80,0,0x0,0x0,0x6dc3f0,0x684860,DishonoredGame,UAnimNotify,UAnimNotify,UObject,0x0,0x0,0x0,0x0,Engine,0x6e97f0,0x684860,0x6d0590,0x67f0a0,0xf8db00,0xf0f980,0x6d8090,0x6862a0,80
UDishonoredNotify_ShowEquippedInvItem,DishonoredGame,64,64,0,0x0,0x0,0x6db100,0x684450,DishonoredGame,UAnimNotify,UAnimNotify,UObject,0x0,0x0,0x0,0x0,Engine,0x6e9240,0x684450,0x6d0330,0x67ec30,0xf8fcd8,0xf0d8d8,0x6d80b0,0x6862c0,64
UDishonoredNotify_StartPlague,DishonoredGame,60,60,0,0x0,0x0,0x6de4b0,0x684f40,DishonoredGame,UAnimNotify,UAnimNotify,UObject,0x0,0x0,0x0,0x0,Engine,0x6ea0a0,0x684f40,0x6d0990,0x67f720,0xf8a3c8,0xf12ec8,0x6d80d0,0x6862e0,60
UDishonoredNotify_Stunned,DishonoredGame,64,64,0,0x0,0x0,0x6dc000,0x684750,DishonoredGame,UAnimNotify,UAnimNotify,UObject,0x0,0x0,0x0,0x0,Engine,0x6e9700,0x684750,0x6d04f0,0x67efb0,0xf8e3e8,0xf0f0e8,0x6d80f0,0x686300,64
UDishonoredNotify_UsableObjectActivate,DishonoredGame,64,64,0,0x0,0x0,0x6db960,0x684600,DishonoredGame,UAnimNotify,UAnimNotify,UObject,0x0,0x0,0x0,0x0,Engine,0x6e94e0,0x684600,0x6d0450,0x67ee60,0xf8ecd0,0xf0e850,0x6d8110,0x686320,64
UDishonoredObjective,DishonoredGame,100,108,8,0x0,0x0,0x731230,0x6c6270,DishonoredGame,UObject,UObject,UObject,0x0,0x0,0x0,0x0,Engine,0x734da0,0x6c6270,0x721e80,0x6c1690,0xfa1010,0xf1bf30,0x7311f0,0x6d98d0,100
UDishonoredObjectivesComponent,DishonoredGame,108,112,4,0x0,0x0,0x7312c0,0x6c62a0,DishonoredGame,UActorComponent,UActorComponent,UObject,0x0,0x0,0x0,0x0,Engine,0x734dd0,0x6c62a0,0x721f00,0x6c1730,0xfa0e48,0xf1c0e8,0x731210,0x6d98f0,108
UDishonoredPlayerInput,DishonoredGame,604,604,0,0xc,0xc,0x6fa1b0,0x6a3660,DishonoredGame,UPlayerInput,UPlayerInput,APlayerController,0x0,0x0,0x0,0x0,Input,0x6fa8b0,0x6a3660,0x6d1a40,0x6a1260,0xf863a8,0xf16ca8,0x6f9a70,0x6bf140,604
UDishonoredPlayerSkeletalComponent,DishonoredGame,1088,1120,32,0x0,0x0,0x71a7d0,0x6c36b0,DishonoredGame,UDisSkeletalMeshComponent,UDisSkeletalMeshComponent,UObject,0x0,0x0,0x0,0x0,Engine,0x71c450,0x6c36b0,0x6fb8f0,0x6bfa50,0xf96368,0xf17f98,0x71a450,0x6dea20,1088
UDishonoredPowersComponent,DishonoredGame,112,112,0,0x4,0x4,0x71ecc0,0x6c36e0,DishonoredGame,UActorComponent,UActorComponent,UObject,0x0,0x0,0x0,0x0,Player,0x71f710,0x6c36e0,0x6fb9b0,0x6bfb20,0xf961a0,0xf18150,0x71e9b0,0x6e0f70,112
UDishonoredSearchCrumbsComponent,DishonoredGame,212,212,0,0x4,0x4,0x718400,0x6c3710,DishonoredGame,UActorComponent,UActorComponent,UObject,0x0,0x0,0x0,0x0,AI,0x718f00,0x6c3710,0x6fb9d0,0x6bfb40,0xf95fd8,0xf18308,0x717cd0,0x6dcfb0,212
UDishonoredSeqBlendByAim,DishonoredGame,448,448,0,0x0,0x0,0x6f3d70,0x685700,DishonoredGame,UAnimNodeSequenceBlendByAim,UAnimNodeSequenceBlendByAim,UObject,0x0,0x0,0x0,0x0,Engine,0x6f4ec0,0x685700,0x6d0d50,0x67fce0,0xf87578,0xf15b78,0x6f1f60,0x69e450,448
UDishonoredSeqVersus,DishonoredGame,336,336,0,0x0,0x0,0x6f3e00,0x68fd00,DishonoredGame,UDishonoredAnimNodeSeq,UDishonoredAnimNodeSeq,UObject,0x0,0x0,0x0,0x0,Engine,0x6f5320,0x68fd00,0x6f4ef0,0x685730,0xf873b0,0xf15d30,0x6f1ee0,0x69e3d0,336
UDishonoredStatCollectionInfo,DishonoredGame,96,96,0,0x4,0x4,0x85b4f0,0x7eb4b0,DishonoredGame,UObject,UObject,UObject,0x0,0x0,0x0,0x0,Stat,0x85c5d0,0x7eb4b0,0x8497d0,0x7e7fc0,0xfe1a38,0xf5c840,0x85b4b0,0x7fd4a0,96
UDishonoredStatCollectionInfoCustom,DishonoredGame,96,96,0,0x4,0x4,0x85b580,0x7f0140,DishonoredGame,UDishonoredStatCollectionInfo,UDishonoredStatCollectionInfo,UObject,0x0,0x0,0x0,0x0,Stat,0x85d1f0,0x7f0140,0x85c600,0x7eb4e0,0xfe1870,0xf5c9f8,0x85b4d0,0x7fd4c0,96
UDishonoredTask_Base,DishonoredGame,112,124,12,0x1,0x1,0x738670,0x6c62d0,DishonoredGame,UObject,UObject,UObject,0x0,0x0,0x0,0x0,Engine,0x739120,0x6c62d0,0x721f20,0x6c1750,0xfa0c80,0xf1c2a0,0x737fe0,0x6ddcd0,112
UDishonoredTask_Custom,DishonoredGame,124,136,12,0x0,0x0,0x738700,0x6cc290,DishonoredGame,UDishonoredTask_Base,UDishonoredTask_Base,UObject,0x0,0x0,0x0,0x0,Engine,0x73ab00,0x6cc290,0x739150,0x6c6400,0xfa0ab8,0xf1c458,0x738000,0x6ddcf0,124
UDishonoredViewportClient,DishonoredGame,340,340,0,0xc,0xc,0x657240,0x5fa780,DishonoredGame,UGameViewportClient,UGameViewportClient,UEngine,0x0,0x0,0x0,0x0,Engine,0x6585a0,0x5fa780,0x62feb0,0x5ea270,0xf69fc8,0xee7b80,0x656cf0,0x5fb2c0,340
UDishonoredVisibilityComponent,DishonoredGame,124,124,0,0x0,0x0,0x72d8b0,0x6c6450,DishonoredGame,UActorComponent,UActorComponent,UObject,0x0,0x0,0x0,0x0,Engine,0x72f9f0,0x6c6450,0x722030,0x6c1910,0xfa0728,0xf1c7c8,0x72d880,0x6cd920,124
UDishonoredWaterVolumeInfo,DishonoredGame,400,400,0,0x0,0x0,0x6515d0,0x5fa7b0,DishonoredGame,UObject,UObject,UObject,0x0,0x0,0x0,0x0,Engine,0x6536a0,0x5fa7b0,0x62ff90,0x5ea370,0xf69e00,0xee7d38,0x650790,0x60ad30,400
UDishonoredWeapon,DishonoredGame,280,280,0,0x5,0x5,0x8ac9f0,0x820cc0,DishonoredGame,UDishonoredInventoryItem,UDishonoredInventoryItem,UObject,0x0,0x0,0x0,0x0,Weapon,0x8ad8a0,0x820cc0,0x886a40,0x81c920,0xffaee0,0xf6cbd8,0x8ac540,0x83c150,280
UDishonoredWeapon_Ranged,DishonoredGame,308,308,0,0x5,0x5,0x8aca80,0x828bf0,DishonoredGame,UDishonoredWeapon,UDishonoredWeapon,UObject,0x0,0x0,0x0,0x0,Weapon,0x8ada90,0x828bf0,0x8ad8d0,0x820cf0,0xffad18,0xf6cd90,0x8ac770,0x83c380,308
UDishonoredWepPistol,DishonoredGame,320,332,12,0x4,0x4,0x8acb10,0x82cbb0,DishonoredGame,UDishonoredWeapon_Ranged,UDishonoredWeapon_Ranged,UObject,0x0,0x0,0x0,0x0,WeaponRanged,0x8ade00,0x82cbb0,0x8adac0,0x828d80,0xffa7c0,0xf6d2b8,0x8ac7c0,0x83c3d0,320
UDishonoredWepSword,DishonoredGame,284,284,0,0x4,0x4,0x8acba0,0x8318a0,DishonoredGame,UDisWepMelee,UDisWepMelee,UObject,0x0,0x0,0x0,0x0,Weapon,0x8ae810,0x8318a0,0x8ade30,0x82cc00,0xffa430,0xf6d628,0x8ac5e0,0x83c1f0,284
UDistributionFloat,Core,76,76,0,0x1,0x1,0x7c630,0x7c7d0,Core,UComponent,UComponent,UObject,0x0,0x0,0x0,0x0,Engine,0x7ee90,0x7c7d0,0x7dc60,0x7a270,0xe43db8,0xe6de68,0x7c2c0,0x73a00,76
UDistributionFloatConstant,Engine,80,80,0,0x0,0x0,0x201af0,0x1e1960,Engine,UDistributionFloat,UDistributionFloat,UObject,0x0,0x0,0x0,0x0,Engine,0x20bb80,0x1e1960,0x1e1480,0x1cb360,0xef77e8,0xe912c0,0x1fff40,0x1eb380,80
UDistributionFloatConstantCurve,Engine,92,92,0,0x0,0x0,0x219d10,0x1e1990,Engine,UDistributionFloat,UDistributionFloat,UObject,0x0,0x0,0x0,0x0,Engine,0x21a5c0,0x1e1990,0x1e14e0,0x1cb3a0,0xef7620,0xe91478,0x219c20,0x204f40,92
UDistributionFloatParameterBase,Engine,108,108,0,0x1,0x1,0x201c10,0x1eb770,Engine,UDistributionFloatConstant,UDistributionFloatConstant,UObject,0x0,0x0,0x0,0x0,Engine,0x210e40,0x1eb770,0x20bbe0,0x1e1a20,0xef70c8,0xe919a0,0x1fff70,0x1eb3b0,108
UDistributionFloatParticleParameter,Engine,108,108,0,0x0,0x0,0x4d6590,0x4a40d0,Engine,UDistributionFloatParameterBase,UDistributionFloatParameterBase,UObject,0x0,0x0,0x0,0x0,Engine,0x4dfcb0,0x4a40d0,0x4c1860,0x49d740,0xf3bba0,0xec8e68,0x4d3840,0x4aedd0,108
UDistributionFloatUniform,Engine,84,84,0,0x0,0x0,0x201b80,0x1e19c0,Engine,UDistributionFloat,UDistributionFloat,UObject,0x0,0x0,0x0,0x0,Engine,0x20bbb0,0x1e19c0,0x1e1520,0x1cb3c0,0xef7458,0xe91630,0x1fffa0,0x1eb3e0,84
UDistributionFloatUniformCurve,Engine,92,92,0,0x0,0x0,0x219da0,0x1e19f0,Engine,UDistributionFloat,UDistributionFloat,UObject,0x0,0x0,0x0,0x0,Engine,0x21a5f0,0x1e19f0,0x1e1540,0x1cb400,0xef7290,0xe917e8,0x219c50,0x204f70,92
UDistributionVector,Core,76,76,0,0x1,0x1,0x7c6c0,0x7c800,Core,UComponent,UComponent,UObject,0x0,0x0,0x0,0x0,Engine,0x7eec0,0x7c800,0x7dc80,0x7a290,0xe43650,0xe6bc08,0x7c2e0,0x73a50,76
UDistributionVectorConstant,Engine,96,96,0,0x0,0x0,0x1f7610,0x1e1a40,Engine,UDistributionVector,UDistributionVector,UObject,0x0,0x0,0x0,0x0,Engine,0x201ca0,0x1e1a40,0x1e1560,0x1cb550,0xef6f00,0xe91b58,0x1f5b50,0x1e0990,96
UDistributionVectorConstantCurve,Engine,100,100,0,0x0,0x0,0x216b70,0x1e1a70,Engine,UDistributionVector,UDistributionVector,UObject,0x0,0x0,0x0,0x0,Engine,0x219e30,0x1e1a70,0x1e1690,0x1cb600,0xef6d38,0xe91d10,0x2167a0,0x201eb0,100
UDistributionVectorParameterBase,Engine,156,156,0,0x1,0x1,0x1f7730,0x1eb7a0,Engine,UDistributionVectorConstant,UDistributionVectorConstant,UObject,0x0,0x0,0x0,0x0,Engine,0x20bc00,0x1eb7a0,0x201d00,0x1e1b00,0xef67e0,0xe92238,0x1f5b80,0x1eb410,156
UDistributionVectorParticleParameter,Engine,156,156,0,0x0,0x0,0x4d03d0,0x4a4100,Engine,UDistributionVectorParameterBase,UDistributionVectorParameterBase,UObject,0x0,0x0,0x0,0x0,Engine,0x4d6620,0x4a4100,0x4c1880,0x49d780,0xf3b9d8,0xec9020,0x4c9e50,0x4a59d0,156
UDistributionVectorUniform,Engine,108,108,0,0x0,0x0,0x1f76a0,0x1e1aa0,Engine,UDistributionVector,UDistributionVector,UObject,0x0,0x0,0x0,0x0,Engine,0x201cd0,0x1e1aa0,0x1e1780,0x1cb6b0,0xef6b70,0xe91ec8,0x1f5bb0,0x1e0a80,108
UDistributionVectorUniformCurve,Engine,104,104,0,0x0,0x0,0x219e60,0x1e1ad0,Engine,UDistributionVector,UDistributionVector,UObject,0x0,0x0,0x0,0x0,Engine,0x21a620,0x1e1ad0,0x1e1870,0x1cb790,0xef69a8,0xe92080,0x219c80,0x204fa0,104
UDominantDirectionalLightComponent,Engine,656,656,0,0x0,0x0,0x104fc0,0xe5190,Engine,UDirectionalLightComponent,UDirectionalLightComponent,UObject,0x0,0x0,0x0,0x0,Engine,0x1096b0,0xe5190,0x1070f0,0xe0420,0xed4b98,0xe73488,0x104ef0,0x105ac0,656
UDominantPointLightComponent,Engine,560,560,0,0x0,0x0,0x148f40,0x133160,Engine,UPointLightComponent,UPointLightComponent,UObject,0x0,0x0,0x0,0x0,Engine,0x14d020,0x133160,0x14ac60,0x1301d0,0xedd170,0xe7a740,0x148e90,0x1412e0,560
UDominantSpotLightComponent,Engine,768,768,0,0x0,0x0,0x167590,0x14d140,Engine,USpotLightComponent,USpotLightComponent,UObject,0x0,0x0,0x0,0x0,Engine,0x16b380,0x14d140,0x169dc0,0x1499c0,0xedee20,0xe7d560,0x165120,0x15c6a0,768
UDownloadableContentEnumerator,Engine,104,104,0,0x0,0x0,0x104560,0xe0f20,Engine,UObject,UObject,UObject,0x0,0x0,0x0,0x0,Engine,0x106050,0xe0f20,0xd8600,0xdadc0,0xed40e8,0xe74090,0x1035c0,0x104330,104
UDownloadableContentManager,Engine,180,192,12,0x0,0x0,0x1087e0,0xe0ef0,Engine,UObject,UObject,UObject,0x0,0x0,0x0,0x0,Engine,0x109760,0xe0ef0,0xd85e0,0xdad40,0xed42b0,0xe73ed8,0x1065b0,0x1073e0,180
UDrawBoxComponent,Engine,480,480,0,0x100,0x100,0x146920,0x133c50,Engine,UPrimitiveComponent,UPrimitiveComponent,UObject,0x0,0x0,0x0,0x0,Engine,0x147440,0x133c50,0x1469b0,0x1309e0,0xedba48,0xe7bd98,0x145d30,0x13dec0,480
UDrawCapsuleComponent,Engine,480,480,0,0x100,0x100,0x1469d0,0x133c80,Engine,UPrimitiveComponent,UPrimitiveComponent,UObject,0x0,0x0,0x0,0x0,Engine,0x147470,0x133c80,0x146a60,0x130a00,0xedb880,0xe7bf50,0x145d50,0x13dee0,480
UDrawConeComponent,Engine,480,480,0,0x0,0x0,0x146660,0x133b70,Engine,UPrimitiveComponent,UPrimitiveComponent,UObject,0x0,0x0,0x0,0x0,Engine,0x1472d0,0x133b70,0x1466f0,0x130960,0xedc330,0xe7b500,0x145f00,0x13e3a0,480
UDrawCylinderComponent,Engine,496,496,0,0x100,0x100,0x146870,0x133c20,Engine,UPrimitiveComponent,UPrimitiveComponent,UObject,0x0,0x0,0x0,0x0,Engine,0x147410,0x133c20,0x146900,0x1309c0,0xedbc10,0xe7bbe0,0x145d10,0x13dea0,496
UDrawFrustumComponent,Engine,480,480,0,0x100,0x100,0xf7a90,0xe1040,Engine,UPrimitiveComponent,UPrimitiveComponent,UObject,0x0,0x0,0x0,0x0,Engine,0xfa660,0xe1040,0xd8620,0xdae60,0xed3f20,0xe74248,0xf79c0,0xe0f50,480
UDrawLightConeComponent,Engine,480,480,0,0x0,0x0,0x147300,0x135e20,Engine,UDrawConeComponent,UDrawConeComponent,UObject,0x0,0x0,0x0,0x0,Engine,0x147e30,0x135e20,0x147390,0x133ba0,0xedc168,0xe7b6b8,0x146fe0,0x13e650,480
UDrawLightRadiusComponent,Engine,480,480,0,0x100,0x100,0xf7b20,0xe1070,Engine,UDrawSphereComponent,UDrawSphereComponent,UObject,0x0,0x0,0x0,0x0,Engine,0xfa690,0xe1070,0xd8830,0xdb080,0xed3d58,0xe74400,0xf79e0,0xe0fa0,480
UDrawPylonRadiusComponent,Engine,480,480,0,0x0,0x0,0xfa6c0,0xe1110,Engine,UDrawSphereComponent,UDrawSphereComponent,UObject,0x0,0x0,0x0,0x0,Engine,0xfd040,0xe1110,0xd8b40,0xdb3a0,0xed3b90,0xe745b8,0xf7de0,0xe2330,480
UDrawQuadComponent,Engine,464,464,0,0x100,0x100,0x1467c0,0x133bf0,Engine,UPrimitiveComponent,UPrimitiveComponent,UObject,0x0,0x0,0x0,0x0,Engine,0x1473e0,0x133bf0,0x146850,0x1309a0,0xedbdd8,0xe7ba28,0x145d90,0x13df20,464
UDrawSphereComponent,Engine,480,480,0,0x100,0x100,0x1465b0,0x133b40,Engine,UPrimitiveComponent,UPrimitiveComponent,UObject,0x0,0x0,0x0,0x0,Engine,0x1472a0,0x133b40,0x146640,0x130940,0xedc4f8,0xe7b348,0x145cf0,0x13de80,480
UDynamicLightEnvironmentComponent,Engine,292,292,0,0x0,0x0,0xf7bb0,0xe12b0,Engine,ULightEnvironmentComponent,ULightEnvironmentComponent,UObject,0x0,0x0,0x0,0x0,Engine,0xfa750,0xe12b0,0xd8be0,0xdb450,0xed39c8,0xe74770,0xf78c0,0xf84e0,292
UDynamicSpriteComponent,GameFramework,544,544,0,0x0,0x0,0x5aaf80,0x55ab80,GameFramework,USpriteComponent,USpriteComponent,UObject,0x0,0x0,0x0,0x0,Engine,0x5ac4a0,0x55ab80,0x598530,0x557c70,0xf55a10,0xedd828,0x5aadc0,0x56cd10,544
UEdCoordSystem,Engine,144,144,0,0x0,0x0,0x1828e0,0x16c7a0,Engine,UObject,UObject,UObject,0x0,0x0,0x0,0x0,Engine,0x185860,0x16c7a0,0x170ab0,0x166ac0,0xee4620,0xe83f80,0x182790,0x179070,144
UEditorLinkSelectionInterface,Engine,56,56,0,0x4001,0x4001,0x1766f0,0x16c8d0,Engine,UInterface,UInterface,UObject,0x0,0x0,0x0,0x0,Engine,0x17ce50,0x16c8d0,0x170b50,0x166be0,0xee29a0,0xe85b00,0x696f80,0x6e8cb0,56
UEngine,Engine,1480,1480,0,0xd,0xd,0x21bd50,0x1e2850,Engine,USubsystem,USubsystem,UObject,0x0,0x0,0x0,0x0,Engine,0x21c0d0,0x1e2850,0x1eefd0,0x1d8750,0xef6450,0xe925a8,0x21bce0,0x209b40,1480
UEngineTypes,Engine,56,56,0,0x1,0x1,0x1f8520,0x1e2820,Engine,UObject,UObject,UObject,0x0,0x0,0x0,0x0,Engine,0x205720,0x1e2820,0x1eefb0,0x1d8730,0xef6618,0xe923f0,0x5b8ed0,0x8ab340,56
UEnum,Core,72,72,0,0x10000000,0x10000000,0x7a5b0,0x794c0,Core,UField,UField,UStruct,0x4,0x4,0x0,0x0,Engine,0x7c9c0,0x794c0,0x6dd50,0x248d0,0xe904f8,0xe6d0a8,0x46100,0x73b50,72
UExporter,Core,96,96,0,0x10000009,0x10000009,0x998b0,0x7a2f0,Core,UObject,UObject,UObject,0x0,0x0,0x0,0x0,Engine,0x9b420,0x7a2f0,0x714e0,0x285d0,0xe45188,0xe6f150,0x56240,0x6c910,96
UFaceFXAnimSet,Engine,104,104,0,0x0,0x0,0x570010,0x527420,Engine,UObject,UObject,UObject,0x0,0x0,0x0,0x0,Engine,0x570600,0x527420,0x567ee0,0x526ca0,0xf4ca00,0xed7c18,0x56f390,0x52e060,104
UFaceFXAsset,Engine,116,116,0,0x0,0x0,0x5700a0,0x527450,Engine,UObject,UObject,UObject,0x0,0x0,0x0,0x0,Engine,0x570630,0x527450,0x567f20,0x526cc0,0xf4c838,0xed7dd0,0x56f3b0,0x52e080,116
UFactory,Core,108,108,0,0x109,0x109,0x7c750,0x7a320,Core,UObject,UObject,UObject,0x0,0x0,0x0,0x0,Engine,0x7dca0,0x7a320,0x71500,0x285f0,0xe90330,0xe6b370,0x56220,0x6c8c0,108
UField,Core,60,60,0,0x10000001,0x10000001,0x480a0,0x1b7c0,Core,UObject,UObject,UObject,0x1,0x1,0x0,0x0,Engine,0x509e0,0x1b7c0,0x4b80,0x4b40,0xe456e0,0xe6d5d0,0x46030,0x6c470,60
UFlashMovie,GFxUI,168,168,0,0x0,0x0,0x5d5160,0x5884a0,GFxUI,USwfMovie,USwfMovie,UObject,0x0,0x0,0x0,0x0,Engine,0x5dae80,0x5884a0,0x5d90e0,0x57be20,0xf58b60,0xedee40,0x5d4930,0x5977a0,168
UFloatProperty,Core,108,108,0,0x10000000,0x10000000,0x7cfe0,0x7bea0,Core,UProperty,UProperty,UField,0x100,0x100,0x0,0x0,Engine,0x7e600,0x7bea0,0x7d070,0x79da0,0xe90168,0xe6ec28,0x7c3e0,0x73c20,108
UFluidInfluenceComponent,,560,,,0x0,,0x51d630,,Engine,UPrimitiveComponent,,,0x0,,0x0,,,0x51dfe0,,0x4f47b0,,0xf3f520,,0x51d580,,560
UFluidSurfaceComponent,,688,,,0x0,,0x537550,,Engine,UPrimitiveComponent,,,0x0,,0x0,,,0x537d70,,0x5265a0,,0xf428a0,,0x5373b0,,688
UFoliageComponent,,592,,,0x0,,0x51dae0,,Engine,UPrimitiveComponent,,,0x0,,0x0,,,0x51e1c0,,0x4f4170,,0xf40528,,0x51da50,,592
UFont,Engine,328,328,0,0x0,0x0,0x253ae0,0x213bf0,Engine,UObject,UObject,UObject,0x0,0x0,0x0,0x0,Engine,0x256a00,0x213bf0,0x229370,0x211d30,0xf022b0,0xe938b0,0x253060,0x2423e0,328
UFontImportOptions,Engine,204,204,0,0x8,0x8,0x242010,0x213c20,Engine,UObject,UObject,UObject,0x0,0x0,0x0,0x0,Engine,0x245940,0x213c20,0x229390,0x211d50,0xf020e8,0xe93a68,0x23f3c0,0x229980,204
UForceFeedbackManager,Engine,80,80,0,0x9,0x9,0x22eb60,0x213ce0,Engine,UObject,UObject,APlayerController,0x0,0x0,0x0,0x0,Engine,0x238220,0x213ce0,0x2293e0,0x211da0,0xf01b90,0xe93f90,0x22bb30,0x213ef0,80
UForceFeedbackWaveform,Engine,80,80,0,0x0,0x0,0x245970,0x213cb0,Engine,UObject,UObject,UObject,0x0,0x0,0x0,0x0,Engine,0x247c70,0x213cb0,0x2293c0,0x211d80,0xf01d58,0xe93dd8,0x242600,0x22d270,80
UForceFieldShape,Engine,56,56,0,0x1,0x1,0x3f2460,0x3cfd20,Engine,UObject,UObject,UObject,0x0,0x0,0x0,0x0,Engine,0x3f81f0,0x3cfd20,0x3ef4b0,0x3ccb10,0xf28ef8,0xeb9e18,0x3f23e0,0x3cfc40,56
UForceFieldShapeBox,Engine,60,60,0,0x0,0x0,0x3f24f0,0x3d59c0,Engine,UForceFieldShape,UForceFieldShape,UObject,0x0,0x0,0x0,0x0,Engine,0x3fbe20,0x3d59c0,0x3f8220,0x3cfd50,0xf28d30,0xeb9fd0,0x3f2400,0x3d5960,60
UForceFieldShapeCapsule,Engine,60,60,0,0x0,0x0,0x3f2690,0x3d59f0,Engine,UForceFieldShape,UForceFieldShape,UObject,0x0,0x0,0x0,0x0,Engine,0x3fbe50,0x3d59f0,0x3f8240,0x3cfe80,0xf28b68,0xeba188,0x3f2420,0x3d5980,60
UForceFieldShapeSphere,Engine,60,60,0,0x0,0x0,0x3f2880,0x3d5a20,Engine,UForceFieldShape,UForceFieldShape,UObject,0x0,0x0,0x0,0x0,Engine,0x3fbe80,0x3d5a20,0x3f8260,0x3d0000,0xf289a0,0xeba340,0x3f2440,0x3d59a0,60
UFunction,Core,160,160,0,0x10000000,0x10000000,0x7a360,0x79400,Core,UStruct,UStruct,UState,0x80000,0x80000,0x0,0x0,Engine,0x7c900,0x79400,0x6ed30,0x25de0,0xe8fdc8,0xe6bf78,0x460d0,0x73b20,160
UGFxAction_CloseMovie,GFxUI,256,256,0,0x0,0x0,0x5de6c0,0x5750d0,GFxUI,USequenceAction,USequenceAction,UObject,0x0,0x0,0x0,0x0,Engine,0x5e1a10,0x5750d0,0x5b6e50,0x572340,0xf59610,0xedf1b0,0x5dd130,0x59d2c0,256
UGFxAction_GetVariable,GFxUI,264,264,0,0x0,0x0,0x5de750,0x575100,GFxUI,USequenceAction,USequenceAction,UObject,0x0,0x0,0x0,0x0,Engine,0x5e1a40,0x575100,0x5b6e70,0x572370,0xf587d0,0xedf368,0x5dd150,0x59d2e0,264
UGFxAction_Invoke,GFxUI,276,276,0,0x0,0x0,0x5de7e0,0x575130,GFxUI,USequenceAction,USequenceAction,UObject,0x0,0x0,0x0,0x0,Engine,0x5e1a70,0x575130,0x5b6e90,0x572390,0xf58ef0,0xedfc00,0x5dd170,0x59d300,276
UGFxAction_OpenMovie,GFxUI,296,296,0,0x1,0x1,0x5de870,0x575160,GFxUI,USequenceAction,USequenceAction,UObject,0x0,0x0,0x0,0x0,Engine,0x5e1aa0,0x575160,0x5b6eb0,0x5723b0,0xf57d20,0xee0128,0x5dd190,0x59d320,296
UGFxAction_SetCaptureKeys,GFxUI,264,264,0,0x0,0x0,0x5de900,0x575190,GFxUI,USequenceAction,USequenceAction,UObject,0x0,0x0,0x0,0x0,Engine,0x5e1ad0,0x575190,0x5b6ed0,0x5723d0,0xf57990,0xedeff8,0x5dd1b0,0x59d340,264
UGFxAction_SetVariable,GFxUI,264,264,0,0x0,0x0,0x5de990,0x5751c0,GFxUI,USequenceAction,USequenceAction,UObject,0x0,0x0,0x0,0x0,Engine,0x5e1b00,0x5751c0,0x5b6ef0,0x5723f0,0xf58608,0xedf6d8,0x5dd1d0,0x59d360,264
UGFxDataStoreSubscriber,GFxUI,64,64,0,0x0,0x0,0x5b9720,0x574c70,GFxUI,UObject,UObject,UObject,0x0,0x0,0x0,0x0,Engine,0x5bf500,0x574c70,0x5b6b10,0x571fd0,0xf58d28,0xee02e0,0x5b94f0,0x574a20,64
UGFxEngine,GFxUI,72,72,0,0x0,0x0,0x5d1570,0x574e50,GFxUI,UObject,UObject,UObject,0x0,0x0,0x0,0x0,Engine,0x5d4980,0x574e50,0x5b6b50,0x572030,0xf580b0,0xedf890,0x5d0b80,0x5903c0,72
UGFxEvent_FSCommand,GFxUI,292,292,0,0x0,0x0,0x5dea20,0x575230,GFxUI,USequenceEvent,USequenceEvent,UObject,0x0,0x0,0x0,0x0,Engine,0x5e1b30,0x575230,0x5b6f30,0x572450,0xf58440,0xedfdb8,0x5dd1f0,0x59d380,292
UGFxFSCmdHandler,GFxUI,56,56,0,0x1,0x1,0x5b9cf0,0x5753e0,GFxUI,UObject,UObject,UObject,0x0,0x0,0x0,0x0,Engine,0x5c0520,0x5753e0,0x5b6fd0,0x5724f0,0xf59280,0xedfa48,0x5b8ed0,0x8ab340,56
UGFxFSCmdHandler_Kismet,GFxUI,56,56,0,0x0,0x0,0x5b9aa0,0x587480,GFxUI,UGFxFSCmdHandler,UGFxFSCmdHandler,UObject,0x0,0x0,0x0,0x0,Engine,0x5cf3e0,0x587480,0x5caf20,0x57b6f0,0xf59448,0xedec88,0x5b94d0,0x57a8e0,56
UGFxInteraction,GFxUI,108,108,0,0x8,0x8,0x5b9b30,0x575200,GFxUI,UInteraction,UInteraction,UObject,0x0,0x0,0x0,0x0,Engine,0x5bff50,0x575200,0x5b6f10,0x572410,0xf57ee8,0xedf520,0x5b8ef0,0x5743e0,108
UGFxMoviePlayer,GFxUI,376,376,0,0x0,0x0,0x5e1b60,0x575390,GFxUI,UObject,UObject,UObject,0x0,0x0,0x0,0x0,UI,0x5e30f0,0x575390,0x5b6fb0,0x5724d0,0xf58998,0xede918,0x5dfd50,0x5a1dc0,376
UGFxObject,GFxUI,116,116,0,0x0,0x0,0x5d35e0,0x57bdc0,GFxUI,UObject,UObject,UGFxMoviePlayer,0x0,0x0,0x0,0x0,Engine,0x5e35c0,0x57bdc0,0x5e3120,0x5753c0,0xf57b58,0xede760,0x5d1270,0x590ab0,116
UGFxRawData,GFxUI,104,104,0,0x0,0x0,0x5d5040,0x575410,GFxUI,UObject,UObject,UObject,0x0,0x0,0x0,0x0,Engine,0x5d7310,0x575410,0x5b6ff0,0x572510,0xf590b8,0xedead0,0x5d48f0,0x594640,104
UGameCameraBase,GameFramework,64,64,0,0x1,0x1,0x59c0c0,0x55ada0,GameFramework,UObject,UObject,UObject,0x0,0x0,0x0,0x0,Camera,0x5a0590,0x55ada0,0x598df0,0x558390,0xf54bd0,0xedab78,0x59bfd0,0x55ac10,64
UGameCrowdPopulationManager,GameFramework,144,144,0,0x0,0x0,0x5aa760,0x55e7c0,GameFramework,UObject,UObject,UObject,0x0,0x0,0x0,0x0,Engine,0x5abf00,0x55e7c0,0x59abe0,0x55a260,0xf56f70,0xedbca8,0x5a9820,0x56bb60,144
UGameCrowdSpawnInterface,GameFramework,56,56,0,0x4001,0x4001,0x59dfe0,0x55cc70,GameFramework,UInterface,UInterface,UObject,0x0,0x0,0x0,0x0,Engine,0x5a0c50,0x55cc70,0x599eb0,0x5594b0,0xf562f8,0xeda808,0x696f80,0x6e8cb0,56
UGameCrowdSpawner,GameFramework,204,204,0,0x0,0x0,0x5aa830,0x55e7f0,GameFramework,UObject,UObject,UObject,0x0,0x0,0x0,0x0,Engine,0x5abf30,0x55e7f0,0x59ac00,0x55a280,0xf55bd8,0xedc540,0x5a97e0,0x56bb40,204
UGameCrowd_ListOfAgents,GameFramework,68,68,0,0x0,0x0,0x5aa160,0x55cc40,GameFramework,UObject,UObject,UObject,0x0,0x0,0x0,0x0,Engine,0x5aba50,0x55cc40,0x599e90,0x559490,0xf554b8,0xedc018,0x5a9800,0x42c110,68
UGameDamageType,GameFramework,144,144,0,0x5,0x5,0x59ff70,0x55ef40,GameFramework,UDamageType,UDamageType,UObject,0x0,0x0,0x0,0x0,Weapon,0x5a5550,0x55ef40,0x59bcd0,0x55a680,0xf53bc8,0xedbaf0,0x59bd90,0x55a860,144
UGameDecal,GameFramework,768,768,0,0x1,0x1,0x5ac040,0x55e8f0,GameFramework,UDecalComponent,UDecalComponent,UObject,0x0,0x0,0x0,0x0,Engine,0x5ac650,0x55e8f0,0x59ac40,0x55a2d0,0xf56130,0xedc1d0,0x5abf60,0x56d740,768
UGameDestinationConnRenderingComponent,GameFramework,464,464,0,0x0,0x0,0x5abc30,0x55cce0,GameFramework,UPrimitiveComponent,UPrimitiveComponent,UObject,0x0,0x0,0x0,0x0,Engine,0x5ac560,0x55cce0,0x599ef0,0x559500,0xf55128,0xedd148,0x5aaf20,0x55a8b0,464
UGameEngine,Engine,1804,1804,0,0xc,0xc,0x1f8660,0x1ef840,Engine,UEngine,UEngine,UObject,0x0,0x0,0x0,0x0,Engine,0x21c470,0x1ef840,0x21c100,0x1e2880,0xef6288,0xe92760,0x1e96a0,0x1d49a0,1804
UGameSkelCtrl_Recoil,GameFramework,308,308,0,0x0,0x0,0x5ac180,0x55ea70,GameFramework,USkelControlBase,USkelControlBase,UObject,0x0,0x0,0x0,0x0,Engine,0x5ac740,0x55ea70,0x59b160,0x55a630,0xf55f68,0xedb938,0x5ac0d0,0x56d790,308
UGameStateObject,,92,,,0x0,,0x5a9600,,GameFramework,UObject,,,0x0,,0x0,,,0x5aaa70,,0x59b1a0,,0xf544b0,,0x5a95c0,,92
UGameStatsAggregator,,244,,,0x4,,0x5b2020,,GameFramework,UGameplayEventsHandler,,,0x0,,0x0,,,0x5b20b0,,0x59b350,,0xf532e0,,0x5b1fd0,,244
UGameThirdPersonCamera,GameFramework,372,372,0,0x0,0x0,0x5aa0d0,0x55f530,GameFramework,UGameCameraBase,UGameCameraBase,UObject,0x0,0x0,0x0,0x0,Camera,0x5ab990,0x55f530,0x5a05c0,0x55ae00,0xf54d98,0xedb410,0x5aa020,0x56bd10,372
UGameThirdPersonCameraMode,GameFramework,548,548,0,0x4,0x4,0x59c150,0x55ae20,GameFramework,UObject,UObject,UObject,0x0,0x0,0x0,0x0,Camera,0x5a05e0,0x55ae20,0x598e30,0x5583f0,0xf54120,0xedc6f8,0x59c080,0x55ad20,548
UGameThirdPersonCameraMode_Default,GameFramework,560,560,0,0x4,0x4,0x59c1e0,0x55f560,GameFramework,UGameThirdPersonCameraMode,UGameThirdPersonCameraMode,UObject,0x0,0x0,0x0,0x0,Camera,0x5a5d20,0x55f560,0x5a0610,0x55ae50,0xf54678,0xedb0a0,0x59c0a0,0x55f510,560
UGameTypes,GameFramework,56,56,0,0x0,0x0,0x59f9d0,0x55e950,GameFramework,UObject,UObject,UObject,0x0,0x0,0x0,0x0,Engine,0x5a3650,0x55e950,0x59b050,0x55a510,0xf54a08,0xeda2e0,0x5b8ed0,0x8ab340,56
UGameUISceneClient,Engine,336,336,0,0xc,0xc,0x467710,0x41e8c0,Engine,UUISceneClient,UUISceneClient,UUIInteraction,0x0,0x0,0x0,0x0,UI,0x468430,0x41e8c0,0x442770,0x41a190,0xf2a798,0xec1758,0x466830,0x445290,336
UGameViewportClient,Engine,284,284,0,0xc,0xc,0x2dfee0,0x2b0610,Engine,UObject,UObject,UEngine,0x0,0x0,0x0,0x0,Engine,0x2e0500,0x2b0610,0x2c10d0,0x2a6220,0xf06858,0xe9fb18,0x2dfe90,0x2c5980,284
UGameplayEvents,,316,,,0x1,,0x101410,,Engine,UObject,,,0x0,,0x0,,,0x103550,,0xd9e70,,0xed3468,,0xfd7c0,,316
UGameplayEventsHandler,,84,,,0x5,,0xfb830,,Engine,UObject,,,0x0,,0x0,,,0xfd790,,0xd9e90,,0xed2f10,,0xf95e0,,84
UGameplayEventsReader,,328,,,0x0,,0x101530,,Engine,UGameplayEvents,,,0x0,,0x0,,,0x104a70,,0x1035a0,,0xed30d8,,0xfd7e0,,328
UGameplayEventsWriter,,320,,,0x0,,0x1014a0,,Engine,UGameplayEvents,,,0x0,,0x0,,,0x104a40,,0x103580,,0xed32a0,,0xfd800,,320
UGenericParamListStatEntry,,64,,,0x0,,0xe5c20,,Engine,UObject,,,0x0,,0x0,,,0xec0e0,,0xd9eb0,,0xed2d48,,0xe0e60,,64
UGuidCache,Engine,128,128,0,0x10000000,0x10000000,0x5674c0,0x50cf40,Engine,UObject,UObject,UObject,0x0,0x0,0x0,0x0,Engine,0x567550,0x50cf40,0x54b250,0x50a9c0,0xf47ea0,0xed78a8,0x567470,0x526430,128
UHelpCommandlet,Core,120,120,0,0x8,0x8,0x7c7e0,0x7cbe0,Core,UCommandlet,UCommandlet,UObject,0x0,0x0,0x0,0x0,Engine,0x80da0,0x7cbe0,0x7de00,0x7a480,0xe8eb80,0xe6cd38,0x7c2a0,0x739b0,120
UIniLocPatcher,Engine,88,88,0,0x4,0x4,0x53a120,0x4f1100,Engine,UObject,UObject,UObject,0x0,0x0,0x0,0x0,Engine,0x53a790,0x4f1100,0x5268e0,0x4f0790,0xf424d8,0xed0348,0x539af0,0x4fbb70,88
UInput,Engine,284,284,0,0xc,0xc,0x421a90,0x3da430,Engine,UInteraction,UInteraction,UObject,0x0,0x0,0x0,0x0,Input,0x42d8c0,0x3da430,0x3fd8f0,0x3d6ae0,0xf267c8,0xebc3e8,0x421420,0x4069a0,284
UInstancedStaticMeshComponent,Engine,624,624,0,0x0,0x0,0x121870,0x10edf0,Engine,UStaticMeshComponent,UStaticMeshComponent,UObject,0x0,0x0,0x0,0x0,Engine,0x121df0,0x10edf0,0x10fd10,0x10ce80,0xedadc8,0xe75128,0x121850,0x11ba00,624
UIntProperty,Core,108,108,0,0x10000000,0x10000000,0x7cdd0,0x7be10,Core,UProperty,UProperty,UField,0x80,0x80,0x0,0x0,Engine,0x7e570,0x7be10,0x7ce60,0x79d40,0xe9cc48,0xe6b528,0x7c380,0x73bc0,108
UInteraction,Engine,104,104,0,0x8,0x8,0x3f6930,0x3d4120,Engine,UUIRoot,UUIRoot,UObject,0x0,0x0,0x0,0x0,Engine,0x3f9550,0x3d4120,0x3f0c80,0x3ce3e0,0xf26270,0xebc910,0x3f63b0,0x3d3c00,104
UInteractiveFoliageComponent,,592,,,0x0,,0x51dc90,,Engine,UStaticMeshComponent,,,0x0,,0x0,,,0x51e240,,0x4f41b0,,0xf3ffd0,,0x51dac0,,592
UInterface,Core,56,56,0,0x4001,0x4001,0x7aa50,0x79580,Core,UObject,UObject,UObject,0x0,0x0,0x0,0x0,Engine,0x7ca80,0x79580,0x71600,0x28880,0xe8f4d8,0xe6c658,0x45fb0,0x6c340,56
UInterfaceProperty,Core,112,112,0,0x10000000,0x10000000,0x7d260,0x7bfa0,Core,UProperty,UProperty,UField,0x1000,0x1000,0x0,0x0,Engine,0x7e700,0x7bfa0,0x7d2f0,0x79de0,0xe44508,0xe6d940,0x7c4a0,0x73ce0,112
UInterface_NavMeshPathObject,Engine,56,56,0,0x4001,0x4001,0x284630,0x262c90,Engine,UInterface,UInterface,UObject,0x0,0x0,0x0,0x0,Engine,0x28c350,0x262c90,0x279330,0x25f1e0,0xf03998,0xe9e5d0,0x696f80,0x6e8cb0,56
UInterface_NavigationHandle,Engine,56,56,0,0x4001,0x4001,0x2845a0,0x262c60,Engine,UInterface,UInterface,UObject,0x0,0x0,0x0,0x0,Engine,0x28c320,0x262c60,0x279310,0x25f1c0,0xf03b60,0xe9e418,0x696f80,0x6e8cb0,56
UInterpCurveEdSetup,Engine,72,72,0,0x0,0x0,0x253170,0x214440,Engine,UObject,UObject,UObject,0x0,0x0,0x0,0x0,Engine,0x255c10,0x214440,0x229b10,0x212530,0xf01800,0xe94300,0x253150,0x2423c0,72
UInterpData,Engine,156,156,0,0x0,0x0,0x24a1a0,0x214880,Engine,USequenceVariable,USequenceVariable,UObject,0x0,0x0,0x0,0x0,Engine,0x24b090,0x214880,0x22a6c0,0x212620,0xf010e0,0xe949e0,0x2477d0,0x235320,156
UInterpFilter,Engine,68,68,0,0x0,0x0,0x23af80,0x215070,Engine,UObject,UObject,UObject,0x0,0x0,0x0,0x0,Engine,0x240b10,0x215070,0x22a9a0,0x212a80,0xefa990,0xe9ad90,0x239810,0x222b10,68
UInterpFilter_Classes,Engine,84,84,0,0x0,0x0,0x244400,0x21a1c0,Engine,UInterpFilter,UInterpFilter,UObject,0x0,0x0,0x0,0x0,Engine,0x2471c0,0x21a1c0,0x240b40,0x2150a0,0xefa7c8,0xe9af48,0x243a70,0x22ee20,84
UInterpFilter_Custom,Engine,80,80,0,0x0,0x0,0x244490,0x21a1f0,Engine,UInterpFilter,UInterpFilter,UObject,0x0,0x0,0x0,0x0,Engine,0x2471f0,0x21a1f0,0x240b60,0x2150c0,0xefa600,0xe9b100,0x243a90,0x22ee70,80
UInterpGroup,Engine,112,112,0,0x0,0x0,0x243d30,0x2148b0,Engine,UObject,UObject,UObject,0x0,0x0,0x0,0x0,Engine,0x246cf0,0x2148b0,0x22a6e0,0x212660,0xf00f18,0xe94b98,0x243ab0,0x22ee90,112
UInterpGroupAI,Engine,128,128,0,0x0,0x0,0x246e20,0x218020,Engine,UInterpGroup,UInterpGroup,UObject,0x0,0x0,0x0,0x0,Engine,0x24a290,0x218020,0x246eb0,0x214950,0xf007f8,0xe95278,0x246b70,0x2334b0,128
UInterpGroupDirector,Engine,112,112,0,0x0,0x0,0x246d50,0x217fc0,Engine,UInterpGroup,UInterpGroup,UObject,0x0,0x0,0x0,0x0,Engine,0x24a230,0x217fc0,0x246de0,0x214910,0xf00b88,0xe94f08,0x246ba0,0x2334e0,112
UInterpGroupInst,Engine,112,112,0,0x0,0x0,0x243dc0,0x2148e0,Engine,UObject,UObject,UObject,0x0,0x0,0x0,0x0,Engine,0x246d20,0x2148e0,0x22a700,0x212680,0xf00d50,0xe94d50,0x243c00,0x22eec0,112
UInterpGroupInstAI,Engine,148,148,0,0x0,0x0,0x243ee0,0x218050,Engine,UInterpGroupInst,UInterpGroupInst,UObject,0x0,0x0,0x0,0x0,Engine,0x24a2c0,0x218050,0x246ed0,0x214970,0xf00630,0xe95430,0x243c20,0x22eee0,148
UInterpGroupInstDirector,Engine,112,112,0,0x0,0x0,0x243e50,0x217ff0,Engine,UInterpGroupInst,UInterpGroupInst,UObject,0x0,0x0,0x0,0x0,Engine,0x24a260,0x217ff0,0x246e00,0x214930,0xf009c0,0xe950c0,0x243c40,0x22ef00,112
UInterpGroupInstPlayer,Engine,152,152,0,0x0,0x0,0x546a60,0x4fd850,Engine,UInterpGroupInst,UInterpGroupInst,UObject,0x0,0x0,0x0,0x0,Engine,0x548240,0x4fd850,0x53b5f0,0x4fc420,0xf47108,0xed1d28,0x5469f0,0x508260,152
UInterpGroupPlayer,Engine,128,128,0,0x0,0x0,0x544650,0x4fd820,Engine,UInterpGroup,UInterpGroup,UObject,0x0,0x0,0x0,0x0,Engine,0x546a30,0x4fd820,0x53b5d0,0x4fc3e0,0xf472d0,0xed1b70,0x5444f0,0x4fd520,128
UInterpTrack,Engine,124,124,0,0x100,0x100,0x24b0c0,0x214990,Engine,UObject,UObject,UObject,0x0,0x0,0x0,0x0,Engine,0x24d810,0x214990,0x22a720,0x2126a0,0xf00468,0xe955e8,0x24aa30,0x23a600,124
UInterpTrackAIControl,Engine,136,136,0,0x0,0x0,0x548dc0,0x4fdae0,Engine,UInterpTrack,UInterpTrack,UObject,0x0,0x0,0x0,0x0,Engine,0x549270,0x4fdae0,0x53b910,0x4fc750,0xf46f40,0xed1ee0,0x548c00,0x509120,136
UInterpTrackAIControlBodyIntentionKeyProperties,Engine,64,68,4,0x0,0x0,0x53c8b0,0x506700,Engine,UInterpTrackAIControlKeyProperties,UInterpTrackAIControlKeyProperties,UObject,0x0,0x0,0x0,0x0,Engine,0x546af0,0x506700,0x544710,0x5029d0,0xf46bb0,0xed2250,0x53c4e0,0x502790,64
UInterpTrackAIControlKeyProperties,Engine,56,56,0,0x1,0x1,0x53c820,0x5029a0,Engine,UInterpTrackKeyProperties,UInterpTrackKeyProperties,UObject,0x0,0x0,0x0,0x0,Engine,0x5446e0,0x5029a0,0x541aa0,0x4feba0,0xf46d78,0xed2098,0x53c4a0,0x4fe730,56
UInterpTrackAIControlNPCAimKeyProperties,Engine,68,68,0,0x0,0x0,0x53c9d0,0x506760,Engine,UInterpTrackAIControlKeyProperties,UInterpTrackAIControlKeyProperties,UObject,0x0,0x0,0x0,0x0,Engine,0x546b50,0x506760,0x544750,0x502a10,0xf46820,0xed25c0,0x53c500,0x5027b0,68
UInterpTrackAIControlNPCFireKeyProperties,Engine,72,72,0,0x0,0x0,0x53c940,0x506730,Engine,UInterpTrackAIControlKeyProperties,UInterpTrackAIControlKeyProperties,UObject,0x0,0x0,0x0,0x0,Engine,0x546b20,0x506730,0x544730,0x5029f0,0xf469e8,0xed2408,0x53c520,0x5027d0,72
UInterpTrackAkEvent,AkAudio,136,136,0,0x0,0x0,0x5f8b40,0x5af780,AkAudio,UInterpTrack,UInterpTrack,UObject,0x0,0x0,0x0,0x0,Engine,0x5f9b20,0x5af780,0x5f4d90,0x5ae530,0xf5c558,0xee2828,0x5f8ac0,0x5b3900,136
UInterpTrackAkEventKeyProperties,Engine,60,60,0,0x0,0x0,0x5f5da0,0x5afa70,Engine,UInterpTrackKeyProperties,UInterpTrackKeyProperties,UObject,0x0,0x0,0x0,0x0,Engine,0x5f6550,0x5afa70,0x5f4f70,0x5ae7a0,0xf5dab8,0xee24b8,0x5f5cf0,0x5af700,60
UInterpTrackAkRTPC,AkAudio,156,156,0,0x0,0x0,0x5f8bd0,0x5af7b0,AkAudio,UInterpTrackFloatBase,UInterpTrackFloatBase,UObject,0x0,0x0,0x0,0x0,Engine,0x5f9b50,0x5af7b0,0x5f4db0,0x5ae550,0xf5c390,0xee1388,0x5f8b00,0x5b3940,156
UInterpTrackAnimControl,Engine,168,168,0,0x0,0x0,0x24b9c0,0x222f50,Engine,UInterpTrackFloatBase,UInterpTrackFloatBase,UObject,0x0,0x0,0x0,0x0,Engine,0x252600,0x222f50,0x24f290,0x2184b0,0xefd0c0,0xe987c0,0x24abb0,0x23a780,168
UInterpTrackAttachment,Engine,148,148,0,0x0,0x0,0x548e50,0x4fdb50,Engine,UInterpTrack,UInterpTrack,UObject,0x0,0x0,0x0,0x0,Engine,0x5492a0,0x4fdb50,0x53b9f0,0x4fc840,0xf46658,0xed2778,0x548c40,0x509160,148
UInterpTrackAttachmentKeyProperties,Engine,96,96,0,0x0,0x0,0x53ca60,0x502c40,Engine,UInterpTrackKeyProperties,UInterpTrackKeyProperties,UObject,0x0,0x0,0x0,0x0,Engine,0x544770,0x502c40,0x541af0,0x4fefd0,0xf46490,0xed2930,0x53c540,0x4fe830,96
UInterpTrackAudioMaster,Engine,144,144,0,0x0,0x0,0x24bd20,0x2230a0,Engine,UInterpTrackVectorBase,UInterpTrackVectorBase,UObject,0x0,0x0,0x0,0x0,Engine,0x2527b0,0x2230a0,0x24f5e0,0x218740,0xefb440,0xe9a340,0x24af50,0x23ab30,144
UInterpTrackBoolProp,Engine,144,144,0,0x0,0x0,0x24b5d0,0x218280,Engine,UInterpTrack,UInterpTrack,UObject,0x0,0x0,0x0,0x0,Engine,0x24f180,0x218280,0x24d8e0,0x214af0,0xefe9b0,0xe96fb0,0x24aa70,0x23a640,144
UInterpTrackColorProp,Engine,152,152,0,0x0,0x0,0x24b660,0x222e30,Engine,UInterpTrackVectorBase,UInterpTrackVectorBase,UObject,0x0,0x0,0x0,0x0,Engine,0x252540,0x222e30,0x24f1b0,0x2182d0,0xefe620,0xe97320,0x24af90,0x23ab70,152
UInterpTrackColorScale,Engine,144,144,0,0x0,0x0,0x24bae0,0x223010,Engine,UInterpTrackVectorBase,UInterpTrackVectorBase,UObject,0x0,0x0,0x0,0x0,Engine,0x252720,0x223010,0x24f550,0x2185f0,0xefc280,0xe99580,0x24afd0,0x23abb0,144
UInterpTrackDialog,DishonoredGame,136,136,0,0x0,0x0,0x8edde0,0x869940,DishonoredGame,UInterpTrack,UInterpTrack,UObject,0x0,0x0,0x0,0x0,Engine,0x8ef0b0,0x869940,0x8d9310,0x865d40,0x1006f08,0xf7b440,0x8edd10,0x886290,136
UInterpTrackDialogKeyProperties,DishonoredGame,88,88,0,0x0,0x0,0x8e4830,0x869970,DishonoredGame,UInterpTrackKeyProperties,UInterpTrackKeyProperties,UObject,0x0,0x0,0x0,0x0,Engine,0x8e6e70,0x869970,0x8d9330,0x865d60,0x1006d40,0xf7b5f8,0x8e4810,0x87b9a0,88
UInterpTrackDirector,Engine,140,140,0,0x0,0x0,0x24b810,0x2183b0,Engine,UInterpTrack,UInterpTrack,UObject,0x0,0x0,0x0,0x0,Engine,0x24f220,0x2183b0,0x24d920,0x214b50,0xefdb70,0xe97d70,0x24aab0,0x23a680,140
UInterpTrackEvent,Engine,140,140,0,0x0,0x0,0x24b780,0x218350,Engine,UInterpTrack,UInterpTrack,UObject,0x0,0x0,0x0,0x0,Engine,0x24f1f0,0x218350,0x24d900,0x214b10,0xefdf00,0xe97a00,0x24aaf0,0x23a6c0,140
UInterpTrackFaceFX,Engine,164,164,0,0x0,0x0,0x24bb70,0x218640,Engine,UInterpTrack,UInterpTrack,UObject,0x0,0x0,0x0,0x0,Engine,0x24f570,0x218640,0x24d940,0x214c70,0xefbef0,0xe998f0,0x24ab30,0x23a700,164
UInterpTrackFaceTo,Engine,156,156,0,0x0,0x0,0x548ee0,0x4fdb90,Engine,UInterpTrackFloatBase,UInterpTrackFloatBase,UObject,0x0,0x0,0x0,0x0,Engine,0x5492d0,0x4fdb90,0x53ba20,0x4fc860,0xf462c8,0xed2ae8,0x548c80,0x5091a0,156
UInterpTrackFaceToKeyProperties,Engine,76,76,0,0x0,0x0,0x53cb80,0x4ff590,Engine,UInterpTrackKeyProperties,UInterpTrackKeyProperties,UObject,0x0,0x0,0x0,0x0,Engine,0x541e60,0x4ff590,0x53e840,0x4fdbf0,0xf45f38,0xed2e58,0x53c560,0x86e900,76
UInterpTrackFade,Engine,148,148,0,0x0,0x0,0x24b8a0,0x222ef0,Engine,UInterpTrackFloatBase,UInterpTrackFloatBase,UObject,0x0,0x0,0x0,0x0,Engine,0x2525a0,0x222ef0,0x24f250,0x218410,0xefd7e0,0xe980e0,0x24ac00,0x23a7c0,148
UInterpTrackFloatBase,Engine,144,144,0,0x1,0x1,0x24b300,0x218170,Engine,UInterpTrack,UInterpTrack,UObject,0x0,0x0,0x0,0x0,Engine,0x24f0b0,0x218170,0x24d880,0x214a90,0xeff628,0xe963a8,0x24ab70,0x23a740,144
UInterpTrackFloatMaterialParam,Engine,168,168,0,0x0,0x0,0x24f2d0,0x222fb0,Engine,UInterpTrackFloatBase,UInterpTrackFloatBase,UObject,0x0,0x0,0x0,0x0,Engine,0x252660,0x222fb0,0x24f360,0x218550,0xefc9a0,0xe98ea0,0x24efb0,0x23ccf0,168
UInterpTrackFloatParticleParam,Engine,152,152,0,0x0,0x0,0x24ba50,0x222f80,Engine,UInterpTrackFloatBase,UInterpTrackFloatBase,UObject,0x0,0x0,0x0,0x0,Engine,0x252630,0x222f80,0x24f2b0,0x218500,0xefcd30,0xe98b30,0x24ac50,0x23a800,152
UInterpTrackFloatProp,Engine,152,152,0,0x0,0x0,0x24b4b0,0x222d40,Engine,UInterpTrackFloatBase,UInterpTrackFloatBase,UObject,0x0,0x0,0x0,0x0,Engine,0x2524e0,0x222d40,0x24f140,0x218200,0xeff0d0,0xe968d0,0x24ac90,0x23a840,152
UInterpTrackInst,Engine,64,64,0,0x0,0x0,0x22c210,0x2149c0,Engine,UObject,UObject,UObject,0x0,0x0,0x0,0x0,Engine,0x22f740,0x2149c0,0x22a740,0x2126c0,0xf002a0,0xe957a0,0x22bfb0,0x214470,64
UInterpTrackInstAIControl,Engine,68,68,0,0x0,0x0,0x53cc10,0x4fdc20,Engine,UInterpTrackInst,UInterpTrackInst,UObject,0x0,0x0,0x0,0x0,Engine,0x53ede0,0x4fdc20,0x53ba90,0x4fc8d0,0xf45d70,0xed3010,0x53c3e0,0x4fd5b0,68
UInterpTrackInstAkEvent,AkAudio,84,84,0,0x0,0x0,0x5f7900,0x5af7e0,AkAudio,UInterpTrackInst,UInterpTrackInst,UObject,0x0,0x0,0x0,0x0,Engine,0x5f7db0,0x5af7e0,0x5f4dd0,0x5ae570,0xf5cab0,0xee1c20,0x5f78e0,0x5b1c90,84
UInterpTrackInstAkRTPC,AkAudio,64,64,0,0x0,0x0,0x5f5d10,0x5af810,AkAudio,UInterpTrackInst,UInterpTrackInst,UObject,0x0,0x0,0x0,0x0,Engine,0x5f6520,0x5af810,0x5f4df0,0x5ae590,0xf5d398,0xee1dd8,0x22bff0,0x5af5c0,64
UInterpTrackInstAnimControl,Engine,112,112,0,0x0,0x0,0x22c960,0x2184d0,Engine,UInterpTrackInst,UInterpTrackInst,UObject,0x0,0x0,0x0,0x0,Engine,0x239ae0,0x2184d0,0x22f850,0x214bd0,0xefcef8,0xe98978,0x22bfd0,0x217d40,112
UInterpTrackInstAttachment,Engine,96,96,0,0x0,0x0,0x53cca0,0x4fdc50,Engine,UInterpTrackInst,UInterpTrackInst,UObject,0x0,0x0,0x0,0x0,Engine,0x53ee10,0x4fdc50,0x53bad0,0x4fc920,0xf45ba8,0xed31c8,0x53c400,0x4fd600,96
UInterpTrackInstAudioMaster,Engine,64,64,0,0x0,0x0,0x22ccc0,0x218760,Engine,UInterpTrackInst,UInterpTrackInst,UObject,0x0,0x0,0x0,0x0,Engine,0x239c00,0x218760,0x22f950,0x214cf0,0xefb278,0xe9a4f8,0x22bff0,0x5af5c0,64
UInterpTrackInstBoolProp,Engine,80,80,0,0x0,0x0,0x22c570,0x222e00,Engine,UInterpTrackInstProperty,UInterpTrackInstProperty,UObject,0x0,0x0,0x0,0x0,Engine,0x240940,0x222e00,0x2399c0,0x2182b0,0xefe7e8,0xe97168,0x22c110,0x217e60,80
UInterpTrackInstColorProp,Engine,80,80,0,0x0,0x0,0x22c600,0x222e60,Engine,UInterpTrackInstProperty,UInterpTrackInstProperty,UObject,0x0,0x0,0x0,0x0,Engine,0x240970,0x222e60,0x2399e0,0x2182f0,0xefe458,0xe974d8,0x22c130,0x217e80,80
UInterpTrackInstColorScale,Engine,64,64,0,0x0,0x0,0x22ca80,0x218610,Engine,UInterpTrackInst,UInterpTrackInst,UObject,0x0,0x0,0x0,0x0,Engine,0x239b40,0x218610,0x22f8d0,0x214c50,0xefc0b8,0xe99738,0x22c010,0x217d60,64
UInterpTrackInstDialog,DishonoredGame,96,96,0,0x0,0x0,0x8ec3b0,0x8699c0,DishonoredGame,UInterpTrackInst,UInterpTrackInst,UObject,0x0,0x0,0x0,0x0,Engine,0x8ede70,0x8699c0,0x8d9360,0x865d80,0x1006b78,0xf7b7b0,0x8ec030,0x885260,96
UInterpTrackInstDirector,Engine,68,68,0,0x0,0x0,0x22c7b0,0x2183e0,Engine,UInterpTrackInst,UInterpTrackInst,UObject,0x0,0x0,0x0,0x0,Engine,0x239a50,0x2183e0,0x22f7f0,0x214b70,0xefd9a8,0xe97f28,0x22c030,0x217d80,68
UInterpTrackInstEvent,Engine,68,68,0,0x0,0x0,0x22c720,0x218380,Engine,UInterpTrackInst,UInterpTrackInst,UObject,0x0,0x0,0x0,0x0,Engine,0x239a20,0x218380,0x22f7d0,0x214b30,0xefdd38,0xe97bb8,0x22c050,0x217da0,68
UInterpTrackInstFaceFX,Engine,72,72,0,0x0,0x0,0x22cb10,0x218670,Engine,UInterpTrackInst,UInterpTrackInst,UObject,0x0,0x0,0x0,0x0,Engine,0x239b70,0x218670,0x22f8f0,0x214c90,0xefbd28,0xe99aa8,0x22c070,0x217dc0,72
UInterpTrackInstFaceTo,Engine,72,72,0,0x0,0x0,0x53cd30,0x4fdc80,Engine,UInterpTrackInst,UInterpTrackInst,UObject,0x0,0x0,0x0,0x0,Engine,0x53ef90,0x4fdc80,0x53bb10,0x4fc970,0xf459e0,0xed3380,0x53c420,0x4fd650,72
UInterpTrackInstFade,Engine,64,64,0,0x0,0x0,0x22c840,0x218430,Engine,UInterpTrackInst,UInterpTrackInst,UObject,0x0,0x0,0x0,0x0,Engine,0x239a80,0x218430,0x22f810,0x214b90,0xefd618,0xe98298,0x22c090,0x217de0,64
UInterpTrackInstFloatMaterialParam,Engine,80,80,0,0x0,0x0,0x24f380,0x218570,Engine,UInterpTrackInst,UInterpTrackInst,UObject,0x0,0x0,0x0,0x0,Engine,0x252690,0x218570,0x22f890,0x214c10,0xefc7d8,0xe99058,0x24f030,0x23cd70,80
UInterpTrackInstFloatParticleParam,Engine,68,68,0,0x0,0x0,0x22c9f0,0x218520,Engine,UInterpTrackInst,UInterpTrackInst,UObject,0x0,0x0,0x0,0x0,Engine,0x239b10,0x218520,0x22f870,0x214bf0,0xefcb68,0xe98ce8,0x22c0b0,0x217e00,68
UInterpTrackInstFloatProp,Engine,80,80,0,0x0,0x0,0x22c450,0x222d70,Engine,UInterpTrackInstProperty,UInterpTrackInstProperty,UObject,0x0,0x0,0x0,0x0,Engine,0x2408e0,0x222d70,0x239980,0x218220,0xefef08,0xe96a88,0x22c150,0x217ea0,80
UInterpTrackInstLinearColorProp,Engine,92,92,0,0x0,0x0,0x22c690,0x222ec0,Engine,UInterpTrackInstProperty,UInterpTrackInstProperty,UObject,0x0,0x0,0x0,0x0,Engine,0x2409a0,0x222ec0,0x239a00,0x218330,0xefe0c8,0xe97848,0x22c170,0x217ec0,92
UInterpTrackInstLocomotion,Engine,208,208,0,0x0,0x0,0x53cdc0,0x4fdcb0,Engine,UInterpTrackInst,UInterpTrackInst,UObject,0x0,0x0,0x0,0x0,Engine,0x53efc0,0x4fdcb0,0x53bb70,0x4fc9e0,0xf45818,0xed3538,0x53c440,0x4fd6a0,208
UInterpTrackInstLookAt,Engine,72,72,0,0x0,0x0,0x53ce80,0x4fdd10,Engine,UInterpTrackInst,UInterpTrackInst,UObject,0x0,0x0,0x0,0x0,Engine,0x53f800,0x4fdd10,0x53bc70,0x4fcb00,0xf45650,0xed36f0,0x53c460,0x4fd6f0,72
UInterpTrackInstMorphWeight,Engine,64,64,0,0x0,0x0,0x22cba0,0x2186c0,Engine,UInterpTrackInst,UInterpTrackInst,UObject,0x0,0x0,0x0,0x0,Engine,0x239ba0,0x2186c0,0x22f910,0x214cb0,0xefb998,0xe99e18,0x22bff0,0x5af5c0,64
UInterpTrackInstMove,Engine,176,176,0,0x0,0x0,0x22c330,0x2180e0,Engine,UInterpTrackInst,UInterpTrackInst,UObject,0x0,0x0,0x0,0x0,Engine,0x239920,0x2180e0,0x22f790,0x214a30,0xeffd48,0xe95cc8,0x22c0d0,0x217e20,176
UInterpTrackInstParticleReplay,Engine,68,68,0,0x0,0x0,0x22cde0,0x218820,Engine,UInterpTrackInst,UInterpTrackInst,UObject,0x0,0x0,0x0,0x0,Engine,0x239c60,0x218820,0x22f990,0x214d70,0xefab58,0xe9abd8,0x22c0b0,0x217e00,68
UInterpTrackInstProperty,Engine,72,72,0,0x0,0x0,0x22c2a0,0x218080,Engine,UInterpTrackInst,UInterpTrackInst,UObject,0x0,0x0,0x0,0x0,Engine,0x2398f0,0x218080,0x22f770,0x2149f0,0xf000d8,0xe95958,0x22c0f0,0x217e40,72
UInterpTrackInstSkelControlScale,Engine,64,64,0,0x0,0x0,0x22cc30,0x218710,Engine,UInterpTrackInst,UInterpTrackInst,UObject,0x0,0x0,0x0,0x0,Engine,0x239bd0,0x218710,0x22f930,0x214cd0,0xefb608,0xe9a188,0x22bff0,0x5af5c0,64
UInterpTrackInstSlomo,Engine,68,68,0,0x0,0x0,0x22c8d0,0x218480,Engine,UInterpTrackInst,UInterpTrackInst,UObject,0x0,0x0,0x0,0x0,Engine,0x239ab0,0x218480,0x22f830,0x214bb0,0xefd288,0xe98608,0x22c1b0,0x217f00,68
UInterpTrackInstSoireeControl,Engine,88,88,0,0x0,0x0,0x546f80,0x4fdd40,Engine,UInterpTrackInst,UInterpTrackInst,UObject,0x0,0x0,0x0,0x0,Engine,0x548270,0x4fdd40,0x53bd10,0x4fcbb0,0xf45488,0xed38a8,0x546a10,0x508280,88
UInterpTrackInstStretchAnimControl,Engine,92,100,8,0x0,0x0,0x53d500,0x4fe030,Engine,UInterpTrackInst,UInterpTrackInst,UObject,0x0,0x0,0x0,0x0,Engine,0x5408d0,0x4fe030,0x53bf20,0x4fce10,0xf439d0,0xed5270,0x53c480,0x4fd740,92
UInterpTrackInstToggle,Engine,76,76,0,0x0,0x0,0x22c3c0,0x218140,Engine,UInterpTrackInst,UInterpTrackInst,UObject,0x0,0x0,0x0,0x0,Engine,0x239950,0x218140,0x22f7b0,0x214a70,0xeff7f0,0xe961f0,0x22c1d0,0x217f20,76
UInterpTrackInstVectorMaterialParam,Engine,80,80,0,0x0,0x0,0x24f4c0,0x2185c0,Engine,UInterpTrackInst,UInterpTrackInst,UObject,0x0,0x0,0x0,0x0,Engine,0x2526f0,0x2185c0,0x22f8b0,0x214c30,0xefc448,0xe993c8,0x24f030,0x23cd90,80
UInterpTrackInstVectorProp,Engine,88,88,0,0x0,0x0,0x22c4e0,0x222dd0,Engine,UInterpTrackInstProperty,UInterpTrackInstProperty,UObject,0x0,0x0,0x0,0x0,Engine,0x240910,0x222dd0,0x2399a0,0x218260,0xefeb78,0xe96df8,0x22c190,0x217ee0,88
UInterpTrackInstVisibility,Engine,72,72,0,0x0,0x0,0x22cd50,0x2187c0,Engine,UInterpTrackInst,UInterpTrackInst,UObject,0x0,0x0,0x0,0x0,Engine,0x239c30,0x2187c0,0x22f970,0x214d30,0xefaee8,0xe9a868,0x22c1f0,0x217f40,72
UInterpTrackKeyProperties,Engine,56,56,0,0x0,0x0,0x53caf0,0x4fdbc0,Engine,UObject,UObject,UObject,0x0,0x0,0x0,0x0,Engine,0x53e810,0x4fdbc0,0x53ba40,0x4fc880,0xf46100,0xed2ca0,0x5b8ed0,0x8ab340,56
UInterpTrackLinearColorBase,Engine,144,144,0,0x1,0x1,0x24b420,0x2181d0,Engine,UInterpTrack,UInterpTrack,UObject,0x0,0x0,0x0,0x0,Engine,0x24f110,0x2181d0,0x24d8c0,0x214ad0,0xeff298,0xe96718,0x24ae10,0x23a9f0,144
UInterpTrackLinearColorProp,Engine,152,152,0,0x0,0x0,0x24b6f0,0x222e90,Engine,UInterpTrackLinearColorBase,UInterpTrackLinearColorBase,UObject,0x0,0x0,0x0,0x0,Engine,0x252570,0x222e90,0x24f1d0,0x218310,0xefe290,0xe97690,0x24ae50,0x23aa30,152
UInterpTrackLocomotion,Engine,172,172,0,0x0,0x0,0x548f70,0x4fdd70,Engine,UInterpTrackFloatBase,UInterpTrackFloatBase,UObject,0x0,0x0,0x0,0x0,Engine,0x549300,0x4fdd70,0x53bd60,0x4fcc00,0xf452c0,0xed3a60,0x548cc0,0x5091e0,172
UInterpTrackLocomotionKeyProperties,Engine,104,104,0,0x0,0x0,0x53cf10,0x500680,Engine,UInterpTrackKeyProperties,UInterpTrackKeyProperties,UObject,0x0,0x0,0x0,0x0,Engine,0x5424e0,0x500680,0x53fa30,0x4fdda0,0xf450f8,0xed3c18,0x53c4c0,0x4fe780,104
UInterpTrackLookAt,Engine,156,156,0,0x0,0x0,0x549000,0x4fde10,Engine,UInterpTrackFloatBase,UInterpTrackFloatBase,UObject,0x0,0x0,0x0,0x0,Engine,0x549330,0x4fde10,0x53bd90,0x4fcc40,0xf44f30,0xed3dd0,0x548d00,0x509220,156
UInterpTrackLookAtKeyProperties,Engine,84,84,0,0x0,0x0,0x53cff0,0x500810,Engine,UInterpTrackKeyProperties,UInterpTrackKeyProperties,UObject,0x0,0x0,0x0,0x0,Engine,0x542ab0,0x500810,0x53fbb0,0x4fde40,0xf44d68,0xed3f88,0x53c580,0x4fe880,84
UInterpTrackMorphWeight,Engine,152,152,0,0x0,0x0,0x24bc00,0x223040,Engine,UInterpTrackFloatBase,UInterpTrackFloatBase,UObject,0x0,0x0,0x0,0x0,Engine,0x252750,0x223040,0x24f5a0,0x2186a0,0xefbb60,0xe99c60,0x24acd0,0x23a880,152
UInterpTrackMove,Engine,196,196,0,0x0,0x0,0x24b150,0x2180b0,Engine,UInterpTrack,UInterpTrack,UObject,0x0,0x0,0x0,0x0,Engine,0x24f050,0x2180b0,0x24d840,0x214a10,0xefff10,0xe95b10,0x24ad10,0x23a8c0,196
UInterpTrackMoveAxis,Engine,160,160,0,0x0,0x0,0x24b1e0,0x22a6a0,Engine,UInterpTrackFloatBase,UInterpTrackFloatBase,UObject,0x0,0x0,0x0,0x0,Engine,0x2533b0,0x22a6a0,0x2524c0,0x222d20,0xeffb80,0xe95e80,0x24ad50,0x23a900,160
UInterpTrackParticleReplay,Engine,144,144,0,0x0,0x0,0x24be40,0x2187f0,Engine,UInterpTrack,UInterpTrack,UObject,0x0,0x0,0x0,0x0,Engine,0x24f630,0x2187f0,0x24d980,0x214d50,0xefad20,0xe9aa20,0x24ae90,0x23aa70,144
UInterpTrackSkelControlScale,Engine,152,152,0,0x0,0x0,0x24bc90,0x223070,Engine,UInterpTrackFloatBase,UInterpTrackFloatBase,UObject,0x0,0x0,0x0,0x0,Engine,0x252780,0x223070,0x24f5c0,0x2186f0,0xefb7d0,0xe99fd0,0x24ad90,0x23a970,152
UInterpTrackSlomo,Engine,144,144,0,0x0,0x0,0x24b930,0x222f20,Engine,UInterpTrackFloatBase,UInterpTrackFloatBase,UObject,0x0,0x0,0x0,0x0,Engine,0x2525d0,0x222f20,0x24f270,0x218460,0xefd450,0xe98450,0x24add0,0x23a9b0,144
UInterpTrackSoireeControl,Engine,136,136,0,0x0,0x0,0x549090,0x4fde60,Engine,UInterpTrack,UInterpTrack,UObject,0x0,0x0,0x0,0x0,Engine,0x549360,0x4fde60,0x53be00,0x4fccb0,0xf44ba0,0xed4140,0x548d80,0x5092a0,136
UInterpTrackSoireeControlKeyProperties,Engine,84,84,0,0x0,0x0,0x53d080,0x500840,Engine,UInterpTrackKeyProperties,UInterpTrackKeyProperties,UObject,0x0,0x0,0x0,0x0,Engine,0x542e90,0x500840,0x53fbd0,0x4fde90,0xf449d8,0xed42f8,0x53c580,0x4fe880,84
UInterpTrackStretchAnimControl,Engine,164,168,4,0x0,0x0,0x549120,0x4fdeb0,Engine,UInterpTrackFloatBase,UInterpTrackFloatBase,UObject,0x0,0x0,0x0,0x0,Engine,0x549390,0x4fdeb0,0x53be20,0x4fcce0,0xf44810,0xed44b0,0x548d40,0x509260,164
UInterpTrackStretchAnimKeyProperties,Engine,64,64,0,0x0,0x0,0x53d110,0x500d60,Engine,UInterpTrackKeyProperties,UInterpTrackKeyProperties,UObject,0x0,0x0,0x0,0x0,Engine,0x543080,0x500d60,0x540030,0x4fdee0,0xf44648,0xed4668,0x53c5a0,0x4fe8a0,64
UInterpTrackToggle,Engine,144,144,0,0x0,0x0,0x24b270,0x218110,Engine,UInterpTrack,UInterpTrack,UObject,0x0,0x0,0x0,0x0,Engine,0x24f080,0x218110,0x24d860,0x214a50,0xeff9b8,0xe96038,0x24aed0,0x23aab0,144
UInterpTrackVectorBase,Engine,144,144,0,0x1,0x1,0x24b390,0x2181a0,Engine,UInterpTrack,UInterpTrack,UObject,0x0,0x0,0x0,0x0,Engine,0x24f0e0,0x2181a0,0x24d8a0,0x214ab0,0xeff460,0xe96560,0x24af10,0x23aaf0,144
UInterpTrackVectorMaterialParam,Engine,168,168,0,0x0,0x0,0x24f410,0x222fe0,Engine,UInterpTrackVectorBase,UInterpTrackVectorBase,UObject,0x0,0x0,0x0,0x0,Engine,0x2526c0,0x222fe0,0x24f4a0,0x2185a0,0xefc610,0xe99210,0x24eff0,0x23cd30,168
UInterpTrackVectorProp,Engine,152,152,0,0x0,0x0,0x24b540,0x222da0,Engine,UInterpTrackVectorBase,UInterpTrackVectorBase,UObject,0x0,0x0,0x0,0x0,Engine,0x252510,0x222da0,0x24f160,0x218240,0xefed40,0xe96c40,0x24b010,0x23abf0,152
UInterpTrackVisibility,Engine,140,140,0,0x0,0x0,0x24bdb0,0x218790,Engine,UInterpTrack,UInterpTrack,UObject,0x0,0x0,0x0,0x0,Engine,0x24f600,0x218790,0x24d960,0x214d10,0xefb0b0,0xe9a6b0,0x24b050,0x23ac30,140
UKMeshProps,Engine,124,124,0,0x100,0x100,0x3b7760,0x385340,Engine,UObject,UObject,UObject,0x0,0x0,0x0,0x0,Engine,0x3b9510,0x385340,0x3a3a80,0x3824c0,0xf1e210,0xeb6038,0x3b7600,0x397a00,124
UKillZDamageType,Engine,88,88,0,0x1,0x1,0x1764b0,0x173240,Engine,UDamageType,UDamageType,UObject,0x0,0x0,0x0,0x0,Engine,0x1828b0,0x173240,0x17cd80,0x16c760,0xee5460,0xe831c0,0x1762f0,0x172ce0,88
UKismetBookMark,Engine,80,80,0,0x0,0x0,0x182970,0x173340,Engine,UBookMark2D,UBookMark2D,UObject,0x0,0x0,0x0,0x0,Engine,0x185890,0x173340,0x17ce00,0x16c830,0xee40c8,0xe844a8,0x182730,0x178fd0,80
ULensFlare,Engine,500,500,0,0x0,0x0,0x521d60,0x4d3c40,Engine,UObject,UObject,UObject,0x0,0x0,0x0,0x0,Engine,0x522050,0x4d3c40,0x4f4410,0x4cd220,0xf3fc40,0xecfc68,0x521d40,0x4ec910,500
ULensFlareComponent,Engine,528,528,0,0x0,0x0,0x521650,0x4d3c70,Engine,UPrimitiveComponent,UPrimitiveComponent,UObject,0x0,0x0,0x0,0x0,Engine,0x521df0,0x4d3c70,0x4f4430,0x4cd240,0xf3fa78,0xecfe20,0x521630,0x4ec400,528
ULevel,Engine,796,796,0,0x10000000,0x10000000,0x2770f0,0x2470f0,Engine,ULevelBase,ULevelBase,UObject,0x0,0x0,0x0,0x0,Engine,0x277180,0x2470f0,0x271ea0,0x244b10,0xf02b78,0xe9b6a8,0x2770d0,0x25e910,796
ULevelBase,Engine,140,140,0,0x10000001,0x10000001,0x271680,0x244ac0,Engine,UObject,UObject,UObject,0x0,0x0,0x0,0x0,Engine,0x271e70,0x244ac0,0x25cdb0,0x242c00,0xf02d40,0xe9b4f0,0x271420,0x257da0,140
ULevelGridVolumeRenderingComponent,Engine,464,464,0,0x0,0x0,0x1219d0,0x10ee80,Engine,UPrimitiveComponent,UPrimitiveComponent,UObject,0x0,0x0,0x0,0x0,Engine,0x121e50,0x10ee80,0x10fe00,0x10cf70,0xedaa38,0xe75498,0x121700,0x110880,464
ULevelStreaming,Engine,160,160,0,0x1,0x1,0x3b50b0,0x3847a0,Engine,UObject,UObject,UObject,0x0,0x0,0x0,0x0,Engine,0x3b76b0,0x3847a0,0x3a2930,0x381360,0xf1ecc0,0xeb55e8,0x3b42f0,0x3939b0,160
ULevelStreamingAlwaysLoaded,Engine,164,164,0,0x0,0x0,0x3b5140,0x388200,Engine,ULevelStreaming,ULevelStreaming,UObject,0x0,0x0,0x0,0x0,Engine,0x3b9350,0x388200,0x3b76e0,0x3847d0,0xf1eaf8,0xeb57a0,0x3b4310,0x3939d0,164
ULevelStreamingDistance,Engine,176,176,0,0x0,0x0,0x3b5260,0x388260,Engine,ULevelStreaming,ULevelStreaming,UObject,0x0,0x0,0x0,0x0,Engine,0x3b93b0,0x388260,0x3b7720,0x384810,0xf1e768,0xeb5b10,0x3b4330,0x3939f0,176
ULevelStreamingKismet,Engine,160,160,0,0x0,0x0,0x3b51d0,0x388230,Engine,ULevelStreaming,ULevelStreaming,UObject,0x0,0x0,0x0,0x0,Engine,0x3b9380,0x388230,0x3b7700,0x3847f0,0xf1e930,0xeb5958,0x3b4350,0x393a10,160
ULevelStreamingPersistent,Engine,160,160,0,0x8,0x8,0x3b52f0,0x388290,Engine,ULevelStreaming,ULevelStreaming,UObject,0x0,0x0,0x0,0x0,Engine,0x3b93e0,0x388290,0x3b7740,0x384830,0xf1e5a0,0xeb5cc8,0x3b4370,0x393a30,160
ULightComponent,Engine,432,432,0,0x101,0x101,0x126420,0x10ef30,Engine,UActorComponent,UActorComponent,UObject,0x0,0x0,0x0,0x0,Engine,0x126a00,0x10ef30,0x1102d0,0x10d120,0xeda870,0xe75650,0x125d00,0x126530,432
ULightEnvironmentComponent,Engine,108,108,0,0x0,0x0,0x11a7f0,0x10f930,Engine,UActorComponent,UActorComponent,UObject,0x0,0x0,0x0,0x0,Engine,0x11cd30,0x10f930,0x110970,0x10d830,0xeda4e0,0xe759c0,0x11a510,0x11bde0,108
ULightFunction,Engine,72,72,0,0x0,0x0,0x111ce0,0x10ef60,Engine,UObject,UObject,UObject,0x0,0x0,0x0,0x0,Engine,0x1154d0,0x10ef60,0x1102f0,0x10d140,0xeda6a8,0xe75808,0x111cc0,0x843660,72
ULightMapTexture2D,Engine,372,376,4,0x10000000,0x10000000,0x271f20,0x245050,Engine,UTexture2D,UTexture2D,UObject,0x0,0x0,0x0,0x0,Engine,0x273430,0x245050,0x25d670,0x2434c0,0xf02600,0xe9bbd0,0x271e20,0x2586a0,372
ULightmappedSurfaceCollection,Engine,72,72,0,0x0,0x0,0x211820,0x1e4410,Engine,UObject,UObject,UObject,0x0,0x0,0x0,0x0,Engine,0x2153b0,0x1e4410,0x1ef4c0,0x1d8c90,0xef5280,0xe936d8,0x210d00,0x1faaf0,72
ULightmassPrimitiveSettingsObject,Engine,84,84,0,0x0,0x0,0x1f9f00,0x1e4320,Engine,UObject,UObject,UObject,0x0,0x0,0x0,0x0,Engine,0x205f70,0x1e4320,0x1ef420,0x1d8bd0,0xef5b68,0xe92e40,0x1f59a0,0x1dfcf0,84
ULineBatchComponent,Engine,496,496,0,0x100,0x100,0x271580,0x244a90,Engine,UPrimitiveComponent,UPrimitiveComponent,UObject,0x0,0x0,0x0,0x0,Engine,0x271e40,0x244a90,0x25cd80,0x242bd0,0xf02f08,0xe9b338,0x271400,0x24ca60,496
ULinker,Core,356,356,0,0x10000008,0x10000008,0x7bb70,0x797b0,Core,UObject,UObject,UObject,0x0,0x0,0x0,0x0,Engine,0x7cae0,0x797b0,0x71640,0x28b10,0xe90888,0xe6d788,0x6c130,0x7a210,356
ULinkerLoad,Core,1832,1832,0,0x10000008,0x10000008,0x7cb10,0x7b000,Core,ULinker,ULinker,UObject,0x0,0x0,0x0,0x0,Engine,0x7e4b0,0x7b000,0x7cba0,0x797e0,0xe906c0,0xe6ede0,0x7c5f0,0x7a230,1832
ULinkerSave,Core,524,524,0,0x10000008,0x10000008,0x7cbc0,0x7b030,Core,ULinker,ULinker,UObject,0x0,0x0,0x0,0x0,Engine,0x7e4e0,0x7b030,0x7cc50,0x79800,0xe86060,0xe6b1b8,0x7c610,0x7a250,524
ULocalPlayer,Engine,612,612,0,0xc,0xc,0x2de040,0x2b9060,Engine,UPlayer,UPlayer,UEngine,0x0,0x0,0x0,0x0,Engine,0x2de910,0x2b9060,0x2d4550,0x2b05f0,0xf06a20,0xe9f960,0x2ddff0,0x2c3f00,612
UMCPBase,IpDrv,60,60,0,0x1,0x1,0x5b4840,0x56f060,IpDrv,UObject,UObject,UObject,0x0,0x0,0x0,0x0,Engine,0x5b4970,0x56f060,0x5b32f0,0x56ebb0,0xf574a8,0xeddf28,0x5b4820,0x570160,60
UMapInfo,Engine,56,56,0,0x1,0x1,0x176660,0x16c880,Engine,UObject,UObject,UObject,0x0,0x0,0x0,0x0,Engine,0x17ce20,0x16c880,0x170b30,0x166bb0,0xee3450,0xe850b0,0x176310,0x16c490,56
UMapProperty,Core,116,116,0,0x10000000,0x10000000,0x7d520,0x7c060,Core,UProperty,UProperty,UField,0x400000,0x400000,0x0,0x0,Engine,0x7e7c0,0x7c060,0x7d5b0,0x79e60,0xe8f310,0xe6cef0,0x7c560,0x73da0,116
UMaterial,Engine,912,912,0,0x0,0x0,0x126a50,0x10f990,Engine,UMaterialInterface,UMaterialInterface,UObject,0x0,0x0,0x0,0x0,Engine,0x126d30,0x10f990,0x110ac0,0x10dbb0,0xeda318,0xe75b78,0x1269b0,0x127090,912
UMaterialExpression,Engine,96,96,0,0x1,0x1,0x1203f0,0x113a60,Engine,UObject,UObject,UMaterial,0x0,0x0,0x0,0x0,Engine,0x1274d0,0x113a60,0x126d60,0x110050,0xeda150,0xe75d30,0x11ee50,0x11e0b0,96
UMaterialExpressionAntialiasedTextureMask,Engine,160,160,0,0x0,0x0,0x121050,0x120130,Engine,UMaterialExpressionTextureSampleParameter2D,UMaterialExpressionTextureSampleParameter2D,UMaterial,0x0,0x0,0x0,0x0,Engine,0x129610,0x120130,0x128360,0x11c980,0xed7a20,0xe78300,0x1202b0,0x1216c0,160
UMaterialExpressionComponentMask,Engine,128,128,0,0x0,0x0,0x1206c0,0x116810,Engine,UMaterialExpression,UMaterialExpression,UMaterial,0x0,0x0,0x0,0x0,Engine,0x1276c0,0x116810,0x127540,0x113ad0,0xed9868,0xe765c8,0x120110,0x121660,128
UMaterialExpressionDynamicParameter,Engine,108,108,0,0x0,0x0,0x120f30,0x116940,Engine,UMaterialExpression,UMaterialExpression,UMaterial,0x0,0x0,0x0,0x0,Engine,0x1277f0,0x116940,0x1275a0,0x113b30,0xed7db0,0xe77f90,0x120130,0x1214a0,108
UMaterialExpressionFontSample,Engine,104,104,0,0x0,0x0,0x120e10,0x1168f0,Engine,UMaterialExpression,UMaterialExpression,UMaterial,0x0,0x0,0x0,0x0,Engine,0x1277a0,0x1168f0,0x127580,0x113b10,0xed8140,0xe77c20,0x120170,0x121510,104
UMaterialExpressionFontSampleParameter,Engine,128,128,0,0x0,0x0,0x120ea0,0x11a280,Engine,UMaterialExpressionFontSample,UMaterialExpressionFontSample,UMaterial,0x0,0x0,0x0,0x0,Engine,0x127ab0,0x11a280,0x1277d0,0x116920,0xed7f78,0xe77dd8,0x120190,0x121530,128
UMaterialExpressionLightmapUVs,Engine,96,96,0,0x0,0x0,0x120fc0,0x116970,Engine,UMaterialExpression,UMaterialExpression,UMaterial,0x0,0x0,0x0,0x0,Engine,0x127820,0x116970,0x1275c0,0x113b50,0xed7be8,0xe78148,0x1201b0,0x121550,96
UMaterialExpressionMeshEmitterDynamicParameter,Engine,108,108,0,0x0,0x0,0x120510,0x11c6e0,Engine,UMaterialExpressionDynamicParameter,UMaterialExpressionDynamicParameter,UMaterial,0x0,0x0,0x0,0x0,Engine,0x128200,0x11c6e0,0x127930,0x11a100,0xed9dc0,0xe760a0,0x120150,0x1214c0,108
UMaterialExpressionParameter,Engine,120,120,0,0x0,0x0,0x120750,0x116840,Engine,UMaterialExpression,UMaterialExpression,UMaterial,0x0,0x0,0x0,0x0,Engine,0x1276f0,0x116840,0x127560,0x113af0,0xed96a0,0xe76780,0x1201d0,0x121570,120
UMaterialExpressionScalarParameter,Engine,124,124,0,0x0,0x0,0x120870,0x11a170,Engine,UMaterialExpressionParameter,UMaterialExpressionParameter,UMaterial,0x0,0x0,0x0,0x0,Engine,0x1279a0,0x11a170,0x127740,0x116890,0xed9310,0xe76af0,0x1201f0,0x121590,124
UMaterialExpressionStaticComponentMaskParameter,Engine,156,156,0,0x0,0x0,0x120630,0x11c720,Engine,UMaterialExpressionParameter,UMaterialExpressionParameter,UMaterial,0x0,0x0,0x0,0x0,Engine,0x128230,0x11c720,0x127950,0x11a120,0xed9a30,0xe76410,0x120210,0x1215b0,156
UMaterialExpressionStaticSwitchParameter,Engine,184,184,0,0x0,0x0,0x120900,0x11a1a0,Engine,UMaterialExpressionParameter,UMaterialExpressionParameter,UMaterial,0x0,0x0,0x0,0x0,Engine,0x1279d0,0x11a1a0,0x127760,0x1168b0,0xed9148,0xe76ca8,0x120230,0x121600,184
UMaterialExpressionTextureCoordinate,Engine,112,112,0,0x0,0x0,0x1205a0,0x1167e0,Engine,UMaterialExpression,UMaterialExpression,UMaterial,0x0,0x0,0x0,0x0,Engine,0x127690,0x1167e0,0x127520,0x113ab0,0xed9bf8,0xe76258,0x120270,0x121640,112
UMaterialExpressionTextureSample,Engine,128,128,0,0x0,0x0,0x120480,0x1167b0,Engine,UMaterialExpression,UMaterialExpression,UMaterial,0x0,0x0,0x0,0x0,Engine,0x127660,0x1167b0,0x127500,0x113a90,0xed9f88,0xe75ee8,0x120110,0x121660,128
UMaterialExpressionTextureSampleParameter,Engine,152,152,0,0x1,0x1,0x120990,0x11a1d0,Engine,UMaterialExpressionTextureSample,UMaterialExpressionTextureSample,UMaterial,0x0,0x0,0x0,0x0,Engine,0x127a00,0x11a1d0,0x127780,0x1168d0,0xed8f80,0xe76e60,0x120290,0x121680,152
UMaterialExpressionTextureSampleParameter2D,Engine,152,152,0,0x0,0x0,0x120a20,0x11c7b0,Engine,UMaterialExpressionTextureSampleParameter,UMaterialExpressionTextureSampleParameter,UMaterial,0x0,0x0,0x0,0x0,Engine,0x128260,0x11c7b0,0x127a30,0x11a200,0xed8db8,0xe77018,0x120310,0x1216a0,152
UMaterialExpressionTextureSampleParameterCube,Engine,152,152,0,0x0,0x0,0x120ab0,0x11c7f0,Engine,UMaterialExpressionTextureSampleParameter,UMaterialExpressionTextureSampleParameter,UMaterial,0x0,0x0,0x0,0x0,Engine,0x128290,0x11c7f0,0x127a50,0x11a220,0xed8bf0,0xe771d0,0x120310,0x1216a0,152
UMaterialExpressionTextureSampleParameterMeshSubUV,Engine,152,152,0,0x0,0x0,0x120bd0,0x1200b0,Engine,UMaterialExpressionTextureSampleParameter2D,UMaterialExpressionTextureSampleParameter2D,UMaterial,0x0,0x0,0x0,0x0,Engine,0x129590,0x1200b0,0x1282f0,0x11c850,0xed8860,0xe77540,0x1202d0,0x1216e0,152
UMaterialExpressionTextureSampleParameterMeshSubUVBlend,Engine,152,152,0,0x0,0x0,0x120c60,0x121ed0,Engine,UMaterialExpressionTextureSampleParameterMeshSubUV,UMaterialExpressionTextureSampleParameterMeshSubUV,UMaterial,0x0,0x0,0x0,0x0,Engine,0x12a7a0,0x121ed0,0x1295c0,0x1200e0,0xed8698,0xe776f8,0x1202f0,0x121700,152
UMaterialExpressionTextureSampleParameterMovie,Engine,152,152,0,0x0,0x0,0x120b40,0x11c820,Engine,UMaterialExpressionTextureSampleParameter,UMaterialExpressionTextureSampleParameter,UMaterial,0x0,0x0,0x0,0x0,Engine,0x1282c0,0x11c820,0x127a70,0x11a240,0xed8a28,0xe77388,0x120310,0x1216a0,152
UMaterialExpressionTextureSampleParameterNormal,Engine,156,156,0,0x0,0x0,0x120cf0,0x11c880,Engine,UMaterialExpressionTextureSampleParameter,UMaterialExpressionTextureSampleParameter,UMaterial,0x0,0x0,0x0,0x0,Engine,0x128310,0x11c880,0x127a90,0x11a260,0xed84d0,0xe778b0,0x120330,0x121720,156
UMaterialExpressionTextureSampleParameterSubUV,Engine,152,152,0,0x0,0x0,0x120d80,0x120100,Engine,UMaterialExpressionTextureSampleParameter2D,UMaterialExpressionTextureSampleParameter2D,UMaterial,0x0,0x0,0x0,0x0,Engine,0x1295e0,0x120100,0x128340,0x11c8c0,0xed8308,0xe77a68,0x1202d0,0x1216e0,152
UMaterialExpressionVectorParameter,Engine,136,136,0,0x0,0x0,0x1207e0,0x11a140,Engine,UMaterialExpressionParameter,UMaterialExpressionParameter,UMaterial,0x0,0x0,0x0,0x0,Engine,0x127970,0x11a140,0x127720,0x116870,0xed94d8,0xe76938,0x120250,0x121620,136
UMaterialInstance,Engine,208,208,0,0x1,0x1,0x121110,0x110070,Engine,UMaterialInterface,UMaterialInterface,UObject,0x0,0x0,0x0,0x0,Engine,0x121b40,0x110070,0x110d90,0x10dea0,0xed7858,0xe784b8,0x120350,0x11f390,208
UMaterialInstanceConstant,Engine,256,256,0,0x0,0x0,0x126c40,0x114540,Engine,UMaterialInstance,UMaterialInstance,UObject,0x0,0x0,0x0,0x0,Engine,0x126d80,0x114540,0x121b70,0x1101c0,0xed7690,0xe78670,0x126a30,0x1270e0,256
UMaterialInstanceTimeVarying,Engine,264,264,0,0x0,0x0,0x14ea20,0x12d820,Engine,UMaterialInstance,UMaterialInstance,UObject,0x0,0x0,0x0,0x0,Engine,0x14ee30,0x12d820,0x12b8e0,0x127b10,0xeddfb0,0xe79980,0x14ea00,0x1464b0,264
UMaterialInterface,Engine,116,116,0,0x1,0x1,0x13d820,0x12d850,Engine,USurface,USurface,UObject,0x0,0x0,0x0,0x0,Engine,0x141060,0x12d850,0x12bb00,0x127c70,0xeddde8,0xe79b38,0x13cc60,0x137ec0,116
UMatineeData,Engine,144,144,0,0x100,0x100,0x547ec0,0x4fe060,Engine,UObject,UObject,UObject,0x0,0x0,0x0,0x0,Engine,0x5482a0,0x4fe060,0x53bf40,0x4fce40,0xf43808,0xed5428,0x546f60,0x5082a0,144
UMeshComponent,Engine,480,480,0,0x101,0x101,0x1463a0,0x133a90,Engine,UPrimitiveComponent,UPrimitiveComponent,UObject,0x0,0x0,0x0,0x0,Engine,0x1471f0,0x133a90,0x146430,0x1308e0,0xedcc18,0xe7ac68,0x145c90,0x13de20,480
UMeshComponentFactory,Engine,76,76,0,0x1,0x1,0x18c5c0,0x1756a0,Engine,UPrimitiveComponentFactory,UPrimitiveComponentFactory,UObject,0x0,0x0,0x0,0x0,Engine,0x18f4e0,0x1756a0,0x17efb0,0x16e230,0xee1cf8,0xe86708,0x18b4d0,0x185830,76
UMetaData,Core,116,116,0,0x10000000,0x10000000,0x7a520,0x79490,Core,UObject,UObject,UObject,0x0,0x0,0x0,0x0,Engine,0x7c990,0x79490,0x71560,0x28790,0xe8ff98,0xe6dcb0,0x71800,0x864b0,116
UModel,Engine,2568,2568,0,0x10000000,0x10000000,0x2b25f0,0x260890,Engine,UObject,UObject,UObject,0x0,0x0,0x0,0x0,Engine,0x2b80f0,0x260890,0x278200,0x25e940,0xf06298,0xe9be48,0x2b25d0,0x298200,2568
UModelComponent,Engine,496,496,0,0x100,0x100,0x2a3d40,0x261830,Engine,UPrimitiveComponent,UPrimitiveComponent,UObject,0x0,0x0,0x0,0x0,Engine,0x2a6300,0x261830,0x278290,0x25e9d0,0xf060c8,0xe9c000,0x2a3cf0,0x285640,496
UMultiFont,Engine,340,340,0,0x0,0x0,0x256a30,0x2167b0,Engine,UFont,UFont,UObject,0x0,0x0,0x0,0x0,Engine,0x25c110,0x2167b0,0x256ac0,0x213c50,0xf01f20,0xe93c20,0x253ba0,0x242400,340
UNameProperty,Core,108,108,0,0x10000000,0x10000000,0x7d310,0x7bfd0,Core,UProperty,UProperty,UField,0x2000,0x2000,0x0,0x0,Engine,0x7e730,0x7bfd0,0x7d3a0,0x79e00,0xe44340,0xe6c810,0x7c4d0,0x73d10,108
UNaturalVoiceEnums,Engine,56,56,0,0x1,0x1,0x133440,0x12f0e0,Engine,UObject,UObject,UObject,0x0,0x0,0x0,0x0,Engine,0x137340,0x12f0e0,0x12c890,0x128730,0xedda58,0xe79ea8,0x5b8ed0,0x8ab340,56
UNavMeshGoalFilter_MinPathDistance,Engine,72,72,0,0x0,0x0,0x27cac0,0x269d00,Engine,UNavMeshGoal_Filter,UNavMeshGoal_Filter,UObject,0x0,0x0,0x0,0x0,Engine,0x28c260,0x269d00,0x2843f0,0x2625c0,0xf04448,0xe9db80,0x27bea0,0x269900,72
UNavMeshGoalFilter_NotNearOtherAI,Engine,72,72,0,0x0,0x0,0x27cbd0,0x269d30,Engine,UNavMeshGoal_Filter,UNavMeshGoal_Filter,UObject,0x0,0x0,0x0,0x0,Engine,0x28c290,0x269d30,0x284410,0x262660,0xf04280,0xe9dd38,0x27bec0,0x269920,72
UNavMeshGoalFilter_OutOfViewFrom,Engine,84,84,0,0x0,0x0,0x27ce50,0x269d60,Engine,UNavMeshGoal_Filter,UNavMeshGoal_Filter,UObject,0x0,0x0,0x0,0x0,Engine,0x28c2c0,0x269d60,0x284430,0x262870,0xf040b8,0xe9def0,0x27bee0,0x269940,84
UNavMeshGoalFilter_OutSideOfDotProductWedge,Engine,96,96,0,0x0,0x0,0x27d0b0,0x269d90,Engine,UNavMeshGoal_Filter,UNavMeshGoal_Filter,UObject,0x0,0x0,0x0,0x0,Engine,0x28c2f0,0x269d90,0x284450,0x262a60,0xf03ef0,0xe9e0a8,0x27bf00,0x269960,96
UNavMeshGoalFilter_PolyEncompassesAI,Engine,80,80,0,0x0,0x0,0x27c760,0x269cd0,Engine,UNavMeshGoal_Filter,UNavMeshGoal_Filter,UObject,0x0,0x0,0x0,0x0,Engine,0x28c230,0x269cd0,0x2843d0,0x2622d0,0xf04610,0xe9d9c8,0x27bf20,0x269980,80
UNavMeshGoal_At,Engine,104,104,0,0x0,0x0,0x27c520,0x269be0,Engine,UNavMeshPathGoalEvaluator,UNavMeshPathGoalEvaluator,UObject,0x0,0x0,0x0,0x0,Engine,0x28c1a0,0x269be0,0x284300,0x262200,0xf050c0,0xe9cf78,0x27c040,0x269a60,104
UNavMeshGoal_ClosestActorInList,Engine,152,152,0,0x0,0x0,0x2aefb0,0x269c40,Engine,UNavMeshPathGoalEvaluator,UNavMeshPathGoalEvaluator,UObject,0x0,0x0,0x0,0x0,Engine,0x2b2a40,0x269c40,0x284340,0x262240,0xf04d30,0xe9d2e8,0x2aef60,0x298610,152
UNavMeshGoal_Filter,Engine,68,68,0,0x1,0x1,0x27c6d0,0x2622a0,Engine,UObject,UObject,UObject,0x0,0x0,0x0,0x0,Engine,0x2843a0,0x2622a0,0x278f60,0x25edc0,0xf047d8,0xe9d810,0x27be80,0x261d50,68
UNavMeshGoal_GenericFilterContainer,Engine,96,96,0,0x0,0x0,0x298060,0x269ca0,Engine,UNavMeshPathGoalEvaluator,UNavMeshPathGoalEvaluator,UObject,0x0,0x0,0x0,0x0,Engine,0x29bfb0,0x269ca0,0x284380,0x262280,0xf049a0,0xe9d658,0x298040,0x27d8e0,96
UNavMeshGoal_Null,Engine,80,80,0,0x0,0x0,0x27c5b0,0x269c10,Engine,UNavMeshPathGoalEvaluator,UNavMeshPathGoalEvaluator,UObject,0x0,0x0,0x0,0x0,Engine,0x28c1d0,0x269c10,0x284320,0x262220,0xf04ef8,0xe9d130,0x27c060,0x269a80,80
UNavMeshGoal_OutOfViewFrom,GameFramework,96,96,0,0x0,0x0,0x59bf40,0x55abe0,GameFramework,UNavMeshPathGoalEvaluator,UNavMeshPathGoalEvaluator,UObject,0x0,0x0,0x0,0x0,Engine,0x5a0400,0x55abe0,0x598570,0x557cb0,0xf53d90,0xedbe60,0x59bf20,0x55aad0,96
UNavMeshGoal_PolyEncompassesAI,Engine,88,88,0,0x0,0x0,0x27c640,0x269c70,Engine,UNavMeshPathGoalEvaluator,UNavMeshPathGoalEvaluator,UObject,0x0,0x0,0x0,0x0,Engine,0x28c200,0x269c70,0x284360,0x262260,0xf04b68,0xe9d4a0,0x27c080,0x269aa0,88
UNavMeshPathConstraint,Engine,76,76,0,0x0,0x0,0x27c0a0,0x2620e0,Engine,UObject,UObject,UObject,0x0,0x0,0x0,0x0,Engine,0x2841e0,0x2620e0,0x278f20,0x25ecd0,0xf05f00,0xe9c1b8,0x27bf40,0x261e90,76
UNavMeshPathGoalEvaluator,Engine,76,76,0,0x0,0x0,0x27c490,0x2621d0,Engine,UObject,UObject,UObject,0x0,0x0,0x0,0x0,Engine,0x2842d0,0x2621d0,0x278f40,0x25ed60,0xf05288,0xe9cdc0,0x27c020,0x262000,76
UNavMeshPath_AlongLine,Engine,88,88,0,0x0,0x0,0x27c1c0,0x269af0,Engine,UNavMeshPathConstraint,UNavMeshPathConstraint,UObject,0x0,0x0,0x0,0x0,Engine,0x28c0b0,0x269af0,0x284230,0x262130,0xf05b70,0xe9c528,0x27bf60,0x2699a0,88
UNavMeshPath_BiasAgainstPolysWithinDistanceOfLocations,GameFramework,116,116,0,0x0,0x0,0x5a8a60,0x55abb0,GameFramework,UNavMeshPathConstraint,UNavMeshPathConstraint,UObject,0x0,0x0,0x0,0x0,Engine,0x5a9ff0,0x55abb0,0x598550,0x557c90,0xf55680,0xedd9e0,0x5a8a10,0x569850,116
UNavMeshPath_EnforceTwoWayEdges,Engine,76,76,0,0x0,0x0,0x27c400,0x269bb0,Engine,UNavMeshPathConstraint,UNavMeshPathConstraint,UObject,0x0,0x0,0x0,0x0,Engine,0x28c170,0x269bb0,0x2842b0,0x2621b0,0xf05450,0xe9cc08,0x27bf80,0x2699c0,76
UNavMeshPath_MinDistBetweenSpecsOfType,Engine,96,96,0,0x0,0x0,0x27c370,0x269b80,Engine,UNavMeshPathConstraint,UNavMeshPathConstraint,UObject,0x0,0x0,0x0,0x0,Engine,0x28c140,0x269b80,0x284290,0x262190,0xf05618,0xe9ca50,0x27bfa0,0x2699e0,96
UNavMeshPath_Toward,Engine,88,88,0,0x0,0x0,0x27c130,0x269ac0,Engine,UNavMeshPathConstraint,UNavMeshPathConstraint,UObject,0x0,0x0,0x0,0x0,Engine,0x28c080,0x269ac0,0x284210,0x262110,0xf05d38,0xe9c370,0x27bfc0,0x269a00,88
UNavMeshPath_WithinDistanceEnvelope,Engine,104,104,0,0x0,0x0,0x27c2e0,0x269b50,Engine,UNavMeshPathConstraint,UNavMeshPathConstraint,UObject,0x0,0x0,0x0,0x0,Engine,0x28c110,0x269b50,0x284270,0x262170,0xf057e0,0xe9c898,0x27bfe0,0x269a20,104
UNavMeshPath_WithinTraversalDist,Engine,88,88,0,0x0,0x0,0x27c250,0x269b20,Engine,UNavMeshPathConstraint,UNavMeshPathConstraint,UObject,0x0,0x0,0x0,0x0,Engine,0x28c0e0,0x269b20,0x284250,0x262150,0xf059a8,0xe9c6e0,0x27c000,0x269a40,88
UNavMeshRenderingComponent,Engine,464,464,0,0x0,0x0,0x145b40,0x135d80,Engine,UPrimitiveComponent,UPrimitiveComponent,UObject,0x0,0x0,0x0,0x0,Engine,0x147a40,0x135d80,0x146fa0,0x132f70,0xedd890,0xe7a060,0x145b00,0x13dd50,464
UNavigationHandle,Engine,228,228,0,0x0,0x0,0x2b3060,0x262c30,Engine,UObject,UObject,AActor,0x0,0x0,0x0,0x0,Engine,0x2b8120,0x262c30,0x2792f0,0x25f1a0,0xf03d28,0xe9e260,0x2b2a20,0x2985f0,228
UNavigationMeshBase,Engine,464,464,0,0x10000000,0x10000000,0x2b6270,0x262e20,Engine,UObject,UObject,UObject,0x0,0x0,0x0,0x0,Engine,0x2b8740,0x262e20,0x279720,0x25f5f0,0xf03608,0xe9e940,0x2b2760,0x298300,464
UObject,Core,56,56,0,0x101,0x101,0x20300,0x26f30,Core,UObject,UObject,UObject,0x0,0x0,0x0,0x0,Engine,0x6f150,0x26f30,0x6de60,0x24cd0,0xe8e9b8,0xe6c4a0,0x18b30,0x18900,56
UObjectProperty,Core,112,112,0,0x10000000,0x10000000,0x7d090,0x7bed0,Core,UProperty,UProperty,UField,0x10000,0x10000,0x0,0x0,Engine,0x7e630,0x7bed0,0x7d120,0x79dc0,0xe458a8,0xe6f308,0x7c410,0x73c50,112
UObjectRedirector,Core,60,60,0,0x10000000,0x10000000,0x7bef0,0x79cc0,Core,UObject,UObject,UObject,0x0,0x0,0x0,0x0,Engine,0x7ccc0,0x79cc0,0x6f180,0x26f60,0xe43ba8,0xe6bdc0,0x461b0,0x6c930,60
UObjectReferencer,Engine,68,68,0,0x0,0x0,0x211790,0x1e28d0,Engine,UObject,UObject,UObject,0x0,0x0,0x0,0x0,Engine,0x214bf0,0x1e28d0,0x1ef010,0x1d8790,0xef5ef8,0xe92ad0,0x210d20,0x1fab40,68
UObjectSerializer,Core,68,68,0,0x10000008,0x10000008,0x7bc00,0x79840,Core,UObject,UObject,UObject,0x0,0x0,0x0,0x0,Engine,0x7cc70,0x79840,0x71660,0x28b30,0xe9ca80,0xe6c2e8,0x46210,0x6c960,68
UOnlineGameplayEvents,,148,,,0x0,,0x53a270,,Engine,UObject,,,0x0,,0x0,,,0x53a7f0,,0x526a00,,0xf41860,,0x539b20,,148
UOnlineLobbyInterfaceSteamworks,OnlineSubsystemSteamworks,56,56,0,0x0,0x0,0x5eab00,0x5a5af0,OnlineSubsystemSteamworks,UObject,UObject,UOnlineSubsystemCommonImpl,0x0,0x0,0x0,0x0,Engine,0x5edc40,0x5a5af0,0x5ea5f0,0x5a5850,0xf5b9a0,0xee0748,0x5b8ed0,0x8ab340,56
UOnlinePlayerStorage,Engine,100,100,0,0x0,0x0,0x53a930,0x4f11a0,Engine,UObject,UObject,UObject,0x0,0x0,0x0,0x0,Engine,0x53ab10,0x4f11a0,0x526920,0x4f07d0,0xf41db8,0xed0a28,0x53a840,0x4fc1f0,100
UOnlineProfileSettings,Engine,136,136,0,0x0,0x0,0x53a9c0,0x4f4010,Engine,UOnlinePlayerStorage,UOnlinePlayerStorage,UObject,0x0,0x0,0x0,0x0,Engine,0x53ab90,0x4f4010,0x53ab40,0x4f11d0,0xf41bf0,0xed0be0,0x53a860,0x4fc210,136
UOnlineStats,Engine,68,68,0,0x1,0x1,0x537620,0x4f1130,Engine,UObject,UObject,UObject,0x0,0x0,0x0,0x0,Engine,0x539a40,0x4f1130,0x526900,0x4f07b0,0xf42310,0xed0500,0x537370,0x4fb6d0,68
UOnlineStatsRead,Engine,132,132,0,0x1,0x1,0x53a8a0,0x4f1ed0,Engine,UOnlineStats,UOnlineStats,UObject,0x0,0x0,0x0,0x0,Engine,0x53aae0,0x4f1ed0,0x539a70,0x4f1160,0xf42148,0xed06b8,0x53a880,0x4fc230,132
UOnlineStatsWrite,Engine,132,132,0,0x1,0x1,0x5376b0,0x4f1f00,Engine,UOnlineStats,UOnlineStats,UObject,0x0,0x0,0x0,0x0,Engine,0x53a1b0,0x4f1f00,0x539a90,0x4f1180,0xf41f80,0xed0870,0x537390,0x4fb700,132
UOnlineSubsystem,Engine,168,180,12,0x5,0x5,0x53a1e0,0x4f11f0,Engine,UObject,UObject,UObject,0x0,0x0,0x0,0x0,Engine,0x53a7c0,0x4f11f0,0x5269e0,0x4f0890,0xf41a28,0xed0d98,0x539ad0,0x4fc1d0,168
UOnlineSubsystemCommonImpl,IpDrv,184,200,16,0x5,0x5,0x5b5300,0x56f030,IpDrv,UOnlineSubsystem,UOnlineSubsystem,UObject,0x0,0x0,0x0,0x0,Engine,0x5b5390,0x56f030,0x5b2920,0x56e1c0,0xf57670,0xeddd70,0x5b52a0,0x570b00,184
UOnlineSubsystemSteamworks,OnlineSubsystemSteamworks,1284,1132,-152,0x4,0x4,0x5f4a60,0x5a5ac0,OnlineSubsystemSteamworks,UOnlineSubsystemCommonImpl,UOnlineSubsystemCommonImpl,UObject,0x0,0x0,0x0,0x0,Engine,0x5f4af0,0x5a5ac0,0x5ea5d0,0x5a5830,0xf5bb68,0xee0900,0x5f4a30,0x5ae380,1284
UPackage,Core,228,228,0,0x10000000,0x10000000,0x6d2d0,0x2ed90,Core,UObject,UObject,UObject,0x0,0x0,0x0,0x0,Engine,0x717b0,0x2ed90,0x715a0,0x28820,0xe8ed48,0xe6ef98,0x6d220,0x7ffb0,228
UPackageMap,Core,188,188,0,0x10000008,0x10000008,0x7aae0,0x795b0,Core,UObject,UObject,UObject,0x0,0x0,0x0,0x0,Engine,0x7cab0,0x795b0,0x71620,0x288a0,0xe86228,0xe6e1d8,0x6b530,0x79f10,188
UParticleEmitter,Engine,100,100,0,0x1,0x1,0x4e0cd0,0x4a3dc0,Engine,UObject,UObject,UObject,0x0,0x0,0x0,0x0,Engine,0x4e4340,0x4a3dc0,0x4c1490,0x49d370,0xf3dd78,0xec6dc0,0x4dfdb0,0x4bdd60,100
UParticleLODLevel,Engine,156,156,0,0x0,0x0,0x4e0df0,0x4a3e40,Engine,UObject,UObject,UObject,0x0,0x0,0x0,0x0,Engine,0x4e4390,0x4a3e40,0x4c14d0,0x49d3b0,0xf3d820,0xec72e8,0x4dfd90,0x4bdd40,156
UParticleLightEnvironmentComponent,Engine,300,300,0,0x0,0x0,0xf7c40,0xe69f0,Engine,UDynamicLightEnvironmentComponent,UDynamicLightEnvironmentComponent,UObject,0x0,0x0,0x0,0x0,Engine,0xfd070,0xe69f0,0xfa780,0xe12e0,0xed3800,0xe74928,0xf78e0,0xf8500,300
UParticleModule,Engine,68,68,0,0x1,0x1,0x4d0460,0x4a4130,Engine,UObject,UObject,UObject,0x0,0x0,0x0,0x0,Engine,0x4d6650,0x4a4130,0x4c18a0,0x49d7c0,0xf3b810,0xec91d8,0x4c9e80,0x4a5a00,68
UParticleModuleAcceleration,Engine,104,104,0,0x0,0x0,0x4eadd0,0x4bd7c0,Engine,UParticleModuleAccelerationBase,UParticleModuleAccelerationBase,UObject,0x0,0x0,0x0,0x0,Engine,0x4edb30,0x4bd7c0,0x4e1a20,0x4b5a00,0xf38468,0xecc3b0,0x4e94d0,0x4c7910,104
UParticleModuleAccelerationBase,Engine,72,72,0,0x1,0x1,0x4cfc80,0x4b23d0,Engine,UParticleModule,UParticleModule,UObject,0x0,0x0,0x0,0x0,Engine,0x4e1190,0x4b23d0,0x4dfaf0,0x4aba20,0xf3d490,0xec7658,0x4c9ea0,0x4a5a20,72
UParticleModuleAccelerationOverLifetime,Engine,100,100,0,0x0,0x0,0x4e86a0,0x4bd7f0,Engine,UParticleModuleAccelerationBase,UParticleModuleAccelerationBase,UObject,0x0,0x0,0x0,0x0,Engine,0x4eae60,0x4bd7f0,0x4e1a40,0x4b6780,0xf382a0,0xecc568,0x4e62c0,0x4c5540,100
UParticleModuleAttractorBase,Engine,68,68,0,0x1,0x1,0x4cfd10,0x4b2400,Engine,UParticleModule,UParticleModule,UObject,0x0,0x0,0x0,0x0,Engine,0x4e11c0,0x4b2400,0x4dfb10,0x4aba40,0xf3d2c8,0xec7810,0x4c9f20,0x4a5ac0,68
UParticleModuleAttractorLine,Engine,148,148,0,0x0,0x0,0x4e9080,0x4bdc20,Engine,UParticleModuleAttractorBase,UParticleModuleAttractorBase,UObject,0x0,0x0,0x0,0x0,Engine,0x4eb160,0x4bdc20,0x4e1c20,0x4bab70,0xf35b70,0xeceb38,0x4e62e0,0x4c5590,148
UParticleModuleAttractorParticle,Engine,144,144,0,0x0,0x0,0x4e5e90,0x4bdc50,Engine,UParticleModuleAttractorBase,UParticleModuleAttractorBase,UObject,0x0,0x0,0x0,0x0,Engine,0x4e9110,0x4bdc50,0x4e1c40,0x4bab90,0xf359a8,0xececf0,0x4e1ec0,0x4c0690,144
UParticleModuleAttractorPoint,Engine,156,156,0,0x0,0x0,0x4e9140,0x4bdc80,Engine,UParticleModuleAttractorBase,UParticleModuleAttractorBase,UObject,0x0,0x0,0x0,0x0,Engine,0x4eb190,0x4bdc80,0x4e1c60,0x4bb0f0,0xf357e0,0xeceea8,0x4e6300,0x4c55b0,156
UParticleModuleBeamBase,Engine,68,68,0,0x1,0x1,0x4cb780,0x4b08a0,Engine,UParticleModule,UParticleModule,UObject,0x0,0x0,0x0,0x0,Engine,0x4e0c20,0x4b08a0,0x4ded50,0x4a7490,0xf3ed80,0xec5e48,0x4c9ec0,0x4a5a70,68
UParticleModuleBeamModifier,Engine,172,172,0,0x0,0x0,0x4e6b70,0x4bc070,Engine,UParticleModuleBeamBase,UParticleModuleBeamBase,UObject,0x0,0x0,0x0,0x0,Engine,0x4e9570,0x4bc070,0x4e0c50,0x4b08d0,0xf3e9f0,0xec61b8,0x4e6320,0x4c5600,172
UParticleModuleBeamNoise,Engine,240,240,0,0x0,0x0,0x4e6c00,0x4bc0a0,Engine,UParticleModuleBeamBase,UParticleModuleBeamBase,UObject,0x0,0x0,0x0,0x0,Engine,0x4e95a0,0x4bc0a0,0x4e0c70,0x4b0a30,0xf3e828,0xec6370,0x4e6340,0x4c5650,240
UParticleModuleBeamSource,Engine,168,168,0,0x0,0x0,0x4e6c90,0x4bc0d0,Engine,UParticleModuleBeamBase,UParticleModuleBeamBase,UObject,0x0,0x0,0x0,0x0,Engine,0x4e95d0,0x4bc0d0,0x4e0c90,0x4b0a50,0xf3e660,0xec6528,0x4e6360,0x4c56a0,168
UParticleModuleBeamTarget,Engine,172,172,0,0x0,0x0,0x4e6d20,0x4bc100,Engine,UParticleModuleBeamBase,UParticleModuleBeamBase,UObject,0x0,0x0,0x0,0x0,Engine,0x4e9600,0x4bc100,0x4e0cb0,0x4b0da0,0xf3e498,0xec66e0,0x4e6380,0x4c56f0,172
UParticleModuleCameraBase,Engine,68,68,0,0x1,0x1,0x49c3c0,0x474090,Engine,UParticleModule,UParticleModule,UObject,0x0,0x0,0x0,0x0,Engine,0x4a0a10,0x474090,0x496d20,0x46ddc0,0xf35050,0xec2f98,0x4c9f20,0x4a5ac0,68
UParticleModuleCameraOffset,Engine,104,104,0,0x0,0x0,0x4b7790,0x4788a0,Engine,UParticleModuleCameraBase,UParticleModuleCameraBase,UObject,0x0,0x0,0x0,0x0,Engine,0x4b8ab0,0x4788a0,0x4a0a40,0x4740c0,0xf34e88,0xec3150,0x4b6a50,0x492260,104
UParticleModuleCollision,Engine,224,224,0,0x0,0x0,0x4b8ae0,0x4788d0,Engine,UParticleModuleCollisionBase,UParticleModuleCollisionBase,UObject,0x0,0x0,0x0,0x0,Engine,0x4b9820,0x4788d0,0x4a0a90,0x474110,0xf34af8,0xec34c0,0x4b8970,0x4955e0,224
UParticleModuleCollisionBase,Engine,68,68,0,0x1,0x1,0x49c450,0x4740e0,Engine,UParticleModule,UParticleModule,UObject,0x0,0x0,0x0,0x0,Engine,0x4a0a60,0x4740e0,0x496ec0,0x46df60,0xf34cc0,0xec3308,0x4c9f20,0x4a5ac0,68
UParticleModuleColor,Engine,128,128,0,0x0,0x0,0x4e8de0,0x4bdad0,Engine,UParticleModuleColorBase,UParticleModuleColorBase,UObject,0x0,0x0,0x0,0x0,Engine,0x4eb0a0,0x4bdad0,0x4e1b40,0x4b9e90,0xf367e8,0xecdf30,0x4e63a0,0x4c5740,128
UParticleModuleColorBase,Engine,68,68,0,0x1,0x1,0x4cfda0,0x4b2430,Engine,UParticleModule,UParticleModule,UObject,0x0,0x0,0x0,0x0,Engine,0x4e11f0,0x4b2430,0x4dfb30,0x4aba60,0xf3d100,0xec79c8,0x4c9f20,0x4a5ac0,68
UParticleModuleColorByParameter,Engine,80,80,0,0x0,0x0,0x4d2c50,0x4bdb00,Engine,UParticleModuleColorBase,UParticleModuleColorBase,UObject,0x0,0x0,0x0,0x0,Engine,0x4e5d30,0x4bdb00,0x4e1b60,0x4b9eb0,0xf36620,0xece0e8,0x4c9ee0,0x4aee00,80
UParticleModuleColorOverLife,Engine,128,128,0,0x0,0x0,0x4e8e70,0x4bdb30,Engine,UParticleModuleColorBase,UParticleModuleColorBase,UObject,0x0,0x0,0x0,0x0,Engine,0x4eb0d0,0x4bdb30,0x4e1b80,0x4b9fb0,0xf36458,0xece2a0,0x4e63c0,0x4c5790,128
UParticleModuleColorScaleOverLife,Engine,128,128,0,0x0,0x0,0x4e8f00,0x4bdb60,Engine,UParticleModuleColorBase,UParticleModuleColorBase,UObject,0x0,0x0,0x0,0x0,Engine,0x4eb100,0x4bdb60,0x4e1ba0,0x4ba1c0,0xf36290,0xece458,0x4e63e0,0x4c57e0,128
UParticleModuleEventBase,Engine,68,68,0,0x1,0x1,0x49d6d0,0x475320,Engine,UParticleModule,UParticleModule,UObject,0x0,0x0,0x0,0x0,Engine,0x4a0ab0,0x475320,0x497010,0x46e0a0,0xf34930,0xec3678,0x49a300,0x471dd0,68
UParticleModuleEventGenerator,Engine,80,80,0,0x0,0x0,0x4bb5c0,0x478900,Engine,UParticleModuleEventBase,UParticleModuleEventBase,UObject,0x0,0x0,0x0,0x0,Engine,0x4bdf30,0x478900,0x4a0ae0,0x475350,0xf34768,0xec3830,0x4bb280,0x4982a0,80
UParticleModuleEventReceiverBase,Engine,80,80,0,0x1,0x1,0x49d7f0,0x478de0,Engine,UParticleModuleEventBase,UParticleModuleEventBase,UObject,0x0,0x0,0x0,0x0,Engine,0x4a6fc0,0x478de0,0x4a0fe0,0x4753d0,0xf34210,0xec3d58,0x49a320,0x477560,80
UParticleModuleEventReceiverKillParticles,Engine,84,84,0,0x0,0x0,0x49d880,0x47ef70,Engine,UParticleModuleEventReceiverBase,UParticleModuleEventReceiverBase,UObject,0x0,0x0,0x0,0x0,Engine,0x4a9f40,0x47ef70,0x4a6ff0,0x478e10,0xf34048,0xec3f10,0x49a340,0x477580,84
UParticleModuleEventReceiverSpawn,Engine,152,152,0,0x0,0x0,0x4b8c00,0x47efa0,Engine,UParticleModuleEventReceiverBase,UParticleModuleEventReceiverBase,UObject,0x0,0x0,0x0,0x0,Engine,0x4b9880,0x47efa0,0x4a7010,0x478e30,0xf33e80,0xec40c8,0x4b8990,0x495630,152
UParticleModuleEventSendToGame,Engine,56,56,0,0x1,0x1,0x49d760,0x4753a0,Engine,UObject,UObject,UObject,0x0,0x0,0x0,0x0,Engine,0x4a0b00,0x4753a0,0x497050,0x46e0f0,0xf343d8,0xec3ba0,0x5b8ed0,0x8ab340,56
UParticleModuleKillBase,Engine,68,68,0,0x1,0x1,0x4cfe30,0x4b2460,Engine,UParticleModule,UParticleModule,UObject,0x0,0x0,0x0,0x0,Engine,0x4e1220,0x4b2460,0x4dfb50,0x4aba80,0xf3cf38,0xec7b80,0x4c9f20,0x4a5ac0,68
UParticleModuleKillBox,Engine,128,128,0,0x0,0x0,0x4e8f90,0x4bdb90,Engine,UParticleModuleKillBase,UParticleModuleKillBase,UObject,0x0,0x0,0x0,0x0,Engine,0x4eb130,0x4bdb90,0x4e1bc0,0x4ba650,0xf360c8,0xece610,0x4e6400,0x4c5830,128
UParticleModuleKillHeight,Engine,100,100,0,0x0,0x0,0x4e5d70,0x4bdbc0,Engine,UParticleModuleKillBase,UParticleModuleKillBase,UObject,0x0,0x0,0x0,0x0,Engine,0x4e9020,0x4bdbc0,0x4e1be0,0x4ba940,0xf35f00,0xece7c8,0x4e2530,0x4c06e0,100
UParticleModuleLifetime,Engine,96,96,0,0x0,0x0,0x4e5e00,0x4bdbf0,Engine,UParticleModuleLifetimeBase,UParticleModuleLifetimeBase,UObject,0x0,0x0,0x0,0x0,Engine,0x4e9050,0x4bdbf0,0x4e1c00,0x4bab50,0xf35d38,0xece980,0x4e2550,0x4c0730,96
UParticleModuleLifetimeBase,Engine,68,68,0,0x1,0x1,0x4cfec0,0x4b2490,Engine,UParticleModule,UParticleModule,UObject,0x0,0x0,0x0,0x0,Engine,0x4e1250,0x4b2490,0x4dfb70,0x4abaa0,0xf3cd70,0xec7d38,0x4c9f00,0x4a5b10,68
UParticleModuleLocation,Engine,96,96,0,0x0,0x0,0x4e7270,0x4bd2a0,Engine,UParticleModuleLocationBase,UParticleModuleLocationBase,UObject,0x0,0x0,0x0,0x0,Engine,0x4eaa90,0x4bd2a0,0x4e1690,0x4b33c0,0xf3b648,0xec9390,0x4e6420,0x4c5880,96
UParticleModuleLocationBase,Engine,68,68,0,0x1,0x1,0x4cff50,0x4b24c0,Engine,UParticleModule,UParticleModule,UObject,0x0,0x0,0x0,0x0,Engine,0x4e1280,0x4b24c0,0x4dfb90,0x4abac0,0xf3cba8,0xec7ef0,0x4c9f20,0x4a5ac0,68
UParticleModuleLocationBoneSocket,Engine,112,112,0,0x0,0x0,0x4e1730,0x4bd3d0,Engine,UParticleModuleLocationBase,UParticleModuleLocationBase,UObject,0x0,0x0,0x0,0x0,Engine,0x4e55f0,0x4bd3d0,0x4e17c0,0x4b4640,0xf3a9d0,0xec9f98,0x4dffe0,0x4bdde0,112
UParticleModuleLocationDirect,Engine,180,180,0,0x0,0x0,0x4e7300,0x4bd2d0,Engine,UParticleModuleLocationBase,UParticleModuleLocationBase,UObject,0x0,0x0,0x0,0x0,Engine,0x4eaac0,0x4bd2d0,0x4e16b0,0x4b3580,0xf3b480,0xec9548,0x4e6440,0x4c58d0,180
UParticleModuleLocationEmitter,Engine,92,92,0,0x0,0x0,0x4d05f0,0x4bd300,Engine,UParticleModuleLocationBase,UParticleModuleLocationBase,UObject,0x0,0x0,0x0,0x0,Engine,0x4e5590,0x4bd300,0x4e16d0,0x4b39e0,0xf3b2b8,0xec9700,0x4c9f40,0x4aee20,92
UParticleModuleLocationEmitterDirect,Engine,76,76,0,0x0,0x0,0x4d0930,0x4bd330,Engine,UParticleModuleLocationBase,UParticleModuleLocationBase,UObject,0x0,0x0,0x0,0x0,Engine,0x4e55c0,0x4bd330,0x4e16f0,0x4b3a00,0xf3b0f0,0xec98b8,0x4c9f60,0x4aee40,76
UParticleModuleLocationPrimitiveBase,Engine,128,128,0,0x0,0x0,0x4e7390,0x4bd360,Engine,UParticleModuleLocationBase,UParticleModuleLocationBase,UObject,0x0,0x0,0x0,0x0,Engine,0x4eaaf0,0x4bd360,0x4e1710,0x4b3a20,0xf3af28,0xec9a70,0x4e6460,0x4c5920,128
UParticleModuleLocationPrimitiveCylinder,Engine,192,192,0,0x0,0x0,0x4e7420,0x4bf0b0,Engine,UParticleModuleLocationPrimitiveBase,UParticleModuleLocationPrimitiveBase,UObject,0x0,0x0,0x0,0x0,Engine,0x4eda90,0x4bf0b0,0x4eab20,0x4bd390,0xf3ad60,0xec9c28,0x4e6480,0x4c7930,192
UParticleModuleLocationPrimitiveSphere,Engine,156,156,0,0x0,0x0,0x4e74b0,0x4bf0e0,Engine,UParticleModuleLocationPrimitiveBase,UParticleModuleLocationPrimitiveBase,UObject,0x0,0x0,0x0,0x0,Engine,0x4edac0,0x4bf0e0,0x4eab40,0x4bd3b0,0xf3ab98,0xec9de0,0x4e64a0,0x4c7950,156
UParticleModuleMaterialBase,Engine,68,68,0,0x1,0x1,0x49d910,0x4753f0,Engine,UParticleModule,UParticleModule,UObject,0x0,0x0,0x0,0x0,Engine,0x4a1000,0x4753f0,0x497390,0x46e490,0xf33cb8,0xec4280,0x4c9f20,0x4a5ac0,68
UParticleModuleMaterialByParameter,Engine,92,92,0,0x0,0x0,0x4b78b0,0x478e80,Engine,UParticleModuleMaterialBase,UParticleModuleMaterialBase,UObject,0x0,0x0,0x0,0x0,Engine,0x4b8cc0,0x478e80,0x4a1050,0x475440,0xf33928,0xec45f0,0x4b6bf0,0x4922b0,92
UParticleModuleMeshMaterial,Engine,80,80,0,0x0,0x0,0x4b7820,0x478e50,Engine,UParticleModuleMaterialBase,UParticleModuleMaterialBase,UObject,0x0,0x0,0x0,0x0,Engine,0x4b8c90,0x478e50,0x4a1030,0x475420,0xf33af0,0xec4438,0x4b6c10,0x4922d0,80
UParticleModuleMeshRotation,Engine,100,100,0,0x0,0x0,0x4e7600,0x4bd4a0,Engine,UParticleModuleRotationBase,UParticleModuleRotationBase,UObject,0x0,0x0,0x0,0x0,Engine,0x4eab90,0x4bd4a0,0x4e1820,0x4b5000,0xf3a2b0,0xeca678,0x4e64e0,0x4c5a20,100
UParticleModuleMeshRotationRate,Engine,96,96,0,0x0,0x0,0x4e7690,0x4bd4d0,Engine,UParticleModuleRotationRateBase,UParticleModuleRotationRateBase,UObject,0x0,0x0,0x0,0x0,Engine,0x4eabc0,0x4bd4d0,0x4e1840,0x4b5020,0xf3a0e8,0xeca830,0x4e6500,0x4c5a70,96
UParticleModuleMeshRotationRateMultiplyLife,Engine,96,96,0,0x0,0x0,0x4e7720,0x4bd500,Engine,UParticleModuleRotationRateBase,UParticleModuleRotationRateBase,UObject,0x0,0x0,0x0,0x0,Engine,0x4eabf0,0x4bd500,0x4e1860,0x4b5040,0xf39f20,0xeca9e8,0x4e6520,0x4c5ac0,96
UParticleModuleMeshRotationRateOverLife,Engine,100,100,0,0x0,0x0,0x4e77b0,0x4bd530,Engine,UParticleModuleRotationRateBase,UParticleModuleRotationRateBase,UObject,0x0,0x0,0x0,0x0,Engine,0x4eac20,0x4bd530,0x4e1880,0x4b5060,0xf39d58,0xecaba0,0x4e6540,0x4c5b10,100
UParticleModuleOrbit,Engine,172,172,0,0x0,0x0,0x4b8cf0,0x4794c0,Engine,UParticleModuleOrbitBase,UParticleModuleOrbitBase,UObject,0x0,0x0,0x0,0x0,Engine,0x4b98b0,0x4794c0,0x4a16b0,0x475490,0xf33598,0xec4960,0x4b89b0,0x495680,172
UParticleModuleOrbitBase,Engine,72,72,0,0x1,0x1,0x49d9a0,0x475460,Engine,UParticleModule,UParticleModule,UObject,0x0,0x0,0x0,0x0,Engine,0x4a1680,0x475460,0x4973b0,0x46e4b0,0xf33760,0xec47a8,0x4ca000,0x471e80,72
UParticleModuleOrientationAxisLock,Engine,72,72,0,0x0,0x0,0x4d13e0,0x4bd430,Engine,UParticleModuleOrientationBase,UParticleModuleOrientationBase,UObject,0x0,0x0,0x0,0x0,Engine,0x4e5620,0x4bd430,0x4e1800,0x4b4fe0,0xf3a640,0xeca308,0x4c9f80,0x4aee60,72
UParticleModuleOrientationBase,Engine,68,68,0,0x1,0x1,0x4cffe0,0x4b24f0,Engine,UParticleModule,UParticleModule,UObject,0x0,0x0,0x0,0x0,Engine,0x4e12b0,0x4b24f0,0x4dfbb0,0x4abae0,0xf3c9e0,0xec80a8,0x4c9f20,0x4a5ac0,68
UParticleModuleParameterBase,Engine,68,68,0,0x1,0x1,0x49da30,0x4754b0,Engine,UParticleModule,UParticleModule,UObject,0x0,0x0,0x0,0x0,Engine,0x4a16d0,0x4754b0,0x4977f0,0x46e8f0,0xf333d0,0xec4b18,0x4c9f20,0x4a5ac0,68
UParticleModuleParameterDynamic,Engine,80,80,0,0x0,0x0,0x4bdf60,0x4794f0,Engine,UParticleModuleParameterBase,UParticleModuleParameterBase,UObject,0x0,0x0,0x0,0x0,Engine,0x4bf070,0x4794f0,0x4a1700,0x4754e0,0xf33208,0xec4cd0,0x4bd6f0,0x49a690,80
UParticleModuleRequired,Engine,192,192,0,0x0,0x0,0x4e5650,0x4ac9c0,Engine,UParticleModule,UParticleModule,UObject,0x0,0x0,0x0,0x0,Engine,0x4e75d0,0x4ac9c0,0x4d8240,0x4a4a80,0xf3a478,0xeca4c0,0x4e2970,0x4c07a0,192
UParticleModuleRotation,Engine,96,96,0,0x0,0x0,0x4e5730,0x4bd560,Engine,UParticleModuleRotationBase,UParticleModuleRotationBase,UObject,0x0,0x0,0x0,0x0,Engine,0x4e7840,0x4bd560,0x4e18a0,0x4b5100,0xf39b90,0xecad58,0x4e2a30,0x4c07f0,96
UParticleModuleRotationBase,Engine,68,68,0,0x1,0x1,0x4d0070,0x4b2520,Engine,UParticleModule,UParticleModule,UObject,0x0,0x0,0x0,0x0,Engine,0x4e12e0,0x4b2520,0x4dfbd0,0x4abb00,0xf3c818,0xec8260,0x4c9f20,0x4a5ac0,68
UParticleModuleRotationOverLifetime,Engine,100,100,0,0x0,0x0,0x4e5850,0x4bd5c0,Engine,UParticleModuleRotationBase,UParticleModuleRotationBase,UObject,0x0,0x0,0x0,0x0,Engine,0x4e78a0,0x4bd5c0,0x4e18e0,0x4b5140,0xf39800,0xecb0c8,0x4e2a50,0x4c0840,100
UParticleModuleRotationRate,Engine,96,96,0,0x0,0x0,0x4e57c0,0x4bd590,Engine,UParticleModuleRotationRateBase,UParticleModuleRotationRateBase,UObject,0x0,0x0,0x0,0x0,Engine,0x4e7870,0x4bd590,0x4e18c0,0x4b5120,0xf399c8,0xecaf10,0x4e2c50,0x4c0890,96
UParticleModuleRotationRateBase,Engine,68,68,0,0x1,0x1,0x4d0100,0x4b2550,Engine,UParticleModule,UParticleModule,UObject,0x0,0x0,0x0,0x0,Engine,0x4e1310,0x4b2550,0x4dfbf0,0x4abb20,0xf3c650,0xec8418,0x4c9f20,0x4a5ac0,68
UParticleModuleRotationRateMultiplyLife,Engine,96,96,0,0x0,0x0,0x4e5ac0,0x4bd790,Engine,UParticleModuleRotationRateBase,UParticleModuleRotationRateBase,UObject,0x0,0x0,0x0,0x0,Engine,0x4e8670,0x4bd790,0x4e1a00,0x4b59e0,0xf38630,0xecc1f8,0x4e2c70,0x4c08e0,96
UParticleModuleSize,Engine,96,96,0,0x0,0x0,0x4e78d0,0x4bd5f0,Engine,UParticleModuleSizeBase,UParticleModuleSizeBase,UObject,0x0,0x0,0x0,0x0,Engine,0x4eac50,0x4bd5f0,0x4e1900,0x4b5160,0xf39638,0xecb280,0x4e6560,0x4c5b60,96
UParticleModuleSizeBase,Engine,68,68,0,0x1,0x1,0x4d0190,0x4b2580,Engine,UParticleModule,UParticleModule,UObject,0x0,0x0,0x0,0x0,Engine,0x4e1340,0x4b2580,0x4dfc10,0x4abb40,0xf3c488,0xec85d0,0x4c9f20,0x4a5ac0,68
UParticleModuleSizeMultiplyLife,Engine,100,100,0,0x0,0x0,0x4e79f0,0x4bd650,Engine,UParticleModuleSizeBase,UParticleModuleSizeBase,UObject,0x0,0x0,0x0,0x0,Engine,0x4eacb0,0x4bd650,0x4e1940,0x4b51a0,0xf392a8,0xecb5f0,0x4e6580,0x4c5bb0,100
UParticleModuleSizeMultiplyVelocity,Engine,100,100,0,0x0,0x0,0x4e7960,0x4bd620,Engine,UParticleModuleSizeBase,UParticleModuleSizeBase,UObject,0x0,0x0,0x0,0x0,Engine,0x4eac80,0x4bd620,0x4e1920,0x4b5180,0xf39470,0xecb438,0x4e65a0,0x4c5c00,100
UParticleModuleSizeScale,Engine,100,100,0,0x0,0x0,0x4e7a80,0x4bd680,Engine,UParticleModuleSizeBase,UParticleModuleSizeBase,UObject,0x0,0x0,0x0,0x0,Engine,0x4eace0,0x4bd680,0x4e1960,0x4b5330,0xf390e0,0xecb7a8,0x4e65c0,0x4c5c50,100
UParticleModuleSizeScaleByTime,Engine,100,100,0,0x0,0x0,0x4e7b10,0x4bd6b0,Engine,UParticleModuleSizeBase,UParticleModuleSizeBase,UObject,0x0,0x0,0x0,0x0,Engine,0x4ead10,0x4bd6b0,0x4e1980,0x4b5350,0xf38f18,0xecb960,0x4e65e0,0x4c5ca0,100
UParticleModuleSourceMovement,Engine,96,96,0,0x0,0x0,0x4e7540,0x4bd400,Engine,UParticleModuleLocationBase,UParticleModuleLocationBase,UObject,0x0,0x0,0x0,0x0,Engine,0x4eab60,0x4bd400,0x4e17e0,0x4b4fc0,0xf3a808,0xeca150,0x4e64c0,0x4c59d0,96
UParticleModuleSpawn,Engine,144,144,0,0x0,0x0,0x4b7940,0x4798a0,Engine,UParticleModuleSpawnBase,UParticleModuleSpawnBase,UObject,0x0,0x0,0x0,0x0,Engine,0x4b8d80,0x4798a0,0x4a1b30,0x475750,0xf32ae8,0xec53b0,0x4b6ce0,0x4922f0,144
UParticleModuleSpawnBase,Engine,72,72,0,0x1,0x1,0x49dda0,0x475720,Engine,UParticleModule,UParticleModule,UObject,0x0,0x0,0x0,0x0,Engine,0x4a1b00,0x475720,0x497930,0x46ea70,0xf32cb0,0xec51f8,0x49a360,0x471ea0,72
UParticleModuleSpawnPerUnit,Engine,112,112,0,0x0,0x0,0x4b79d0,0x4798d0,Engine,UParticleModuleSpawnBase,UParticleModuleSpawnBase,UObject,0x0,0x0,0x0,0x0,Engine,0x4b8db0,0x4798d0,0x4a1b50,0x475770,0xf32920,0xec5568,0x4b6d00,0x492340,112
UParticleModuleStoreSpawnTime,Engine,68,68,0,0x0,0x0,0x49e0e0,0x479900,Engine,UParticleModuleStoreSpawnTimeBase,UParticleModuleStoreSpawnTimeBase,UObject,0x0,0x0,0x0,0x0,Engine,0x4a7650,0x479900,0x4a1ba0,0x4759e0,0xf32590,0xec58d8,0x49a380,0x4776a0,68
UParticleModuleStoreSpawnTimeBase,Engine,68,68,0,0x1,0x1,0x49e050,0x4759b0,Engine,UParticleModule,UParticleModule,UObject,0x0,0x0,0x0,0x0,Engine,0x4a1b70,0x4759b0,0x497950,0x46eaa0,0xf32758,0xec5720,0x4c9f20,0x4a5ac0,68
UParticleModuleSubUV,Engine,96,96,0,0x0,0x0,0x4e58e0,0x4bd6e0,Engine,UParticleModuleSubUVBase,UParticleModuleSubUVBase,UObject,0x0,0x0,0x0,0x0,Engine,0x4e7ba0,0x4bd6e0,0x4e19a0,0x4b5370,0xf38d50,0xecbb18,0x4e2fb0,0x4c0930,96
UParticleModuleSubUVBase,Engine,68,68,0,0x1,0x1,0x4d0220,0x4b25b0,Engine,UParticleModule,UParticleModule,UObject,0x0,0x0,0x0,0x0,Engine,0x4e1370,0x4b25b0,0x4dfc30,0x4abb60,0xf3c2c0,0xec8788,0x4c9f20,0x4a5ac0,68
UParticleModuleSubUVDirect,Engine,124,124,0,0x0,0x0,0x4e8550,0x4bd760,Engine,UParticleModuleSubUVBase,UParticleModuleSubUVBase,UObject,0x0,0x0,0x0,0x0,Engine,0x4eada0,0x4bd760,0x4e19e0,0x4b56f0,0xf387f8,0xecc040,0x4e6600,0x4c5d10,124
UParticleModuleSubUVMovie,Engine,132,132,0,0x0,0x0,0x4e5970,0x4bf6e0,Engine,UParticleModuleSubUV,UParticleModuleSubUV,UObject,0x0,0x0,0x0,0x0,Engine,0x4ead40,0x4bf6e0,0x4e7fb0,0x4bd710,0xf38b88,0xecbcd0,0x4e2fd0,0x4c5cf0,132
UParticleModuleSubUVSelect,Engine,96,96,0,0x0,0x0,0x4e8200,0x4bd730,Engine,UParticleModuleSubUVBase,UParticleModuleSubUVBase,UObject,0x0,0x0,0x0,0x0,Engine,0x4ead70,0x4bd730,0x4e19c0,0x4b56d0,0xf389c0,0xecbe88,0x4e6620,0x4c5d60,96
UParticleModuleTrailBase,Engine,68,68,0,0x1,0x1,0x50cbc0,0x4d3ad0,Engine,UParticleModule,UParticleModule,UObject,0x0,0x0,0x0,0x0,Engine,0x514e80,0x4d3ad0,0x4f3ed0,0x4ccf30,0xf411a0,0xecf060,0x500350,0x4d4510,68
UParticleModuleTrailSource,Engine,128,128,0,0x0,0x0,0x51ca30,0x4e0d80,Engine,UParticleModuleTrailBase,UParticleModuleTrailBase,UObject,0x0,0x0,0x0,0x0,Engine,0x51d960,0x4e0d80,0x514eb0,0x4d3b00,0xf40fd8,0xecf218,0x51c510,0x4e93f0,128
UParticleModuleTrailSpawn,Engine,76,76,0,0x0,0x0,0x50d000,0x4e1100,Engine,UParticleModuleTrailBase,UParticleModuleTrailBase,UObject,0x0,0x0,0x0,0x0,Engine,0x5194c0,0x4e1100,0x5155f0,0x4d3b20,0xf40e10,0xecf3d0,0x500370,0x4d4530,76
UParticleModuleTrailTaper,Engine,100,100,0,0x0,0x0,0x51cb30,0x4e1280,Engine,UParticleModuleTrailBase,UParticleModuleTrailBase,UObject,0x0,0x0,0x0,0x0,Engine,0x51d990,0x4e1280,0x515610,0x4d3b40,0xf40c48,0xecf588,0x51c530,0x4e9440,100
UParticleModuleTypeDataAnimTrail,Engine,96,96,0,0x0,0x0,0x50d300,0x4d3c10,Engine,UParticleModuleTypeDataBase,UParticleModuleTypeDataBase,UObject,0x0,0x0,0x0,0x0,Engine,0x515690,0x4d3c10,0x4f40c0,0x4cd160,0xf406f0,0xecfab0,0x500390,0x4d4550,96
UParticleModuleTypeDataBase,Engine,68,68,0,0x1,0x1,0x4d02b0,0x4b25e0,Engine,UParticleModule,UParticleModule,UObject,0x0,0x0,0x0,0x0,Engine,0x4e13a0,0x4b25e0,0x4dfc50,0x4abb80,0xf3c0f8,0xec8940,0x4c9fa0,0x4a5c20,68
UParticleModuleTypeDataBeam,Engine,224,224,0,0x0,0x0,0x4e8760,0x4bd8b0,Engine,UParticleModuleTypeDataBase,UParticleModuleTypeDataBase,UObject,0x0,0x0,0x0,0x0,Engine,0x4eae90,0x4bd8b0,0x4e1ac0,0x4b6af0,0xf37b80,0xeccc48,0x4e6640,0x4c5db0,224
UParticleModuleTypeDataBeam2,Engine,196,196,0,0x0,0x0,0x4e41d0,0x4be420,Engine,UParticleModuleTypeDataBase,UParticleModuleTypeDataBase,UObject,0x0,0x0,0x0,0x0,Engine,0x4e6b40,0x4be420,0x4e4260,0x4bc050,0xf3ebb8,0xec6000,0x4e3210,0x4c09b0,196
UParticleModuleTypeDataDecal,Engine,76,76,0,0x0,0x0,0x4d1470,0x4bd820,Engine,UParticleModuleTypeDataBase,UParticleModuleTypeDataBase,UObject,0x0,0x0,0x0,0x0,Engine,0x4e5b50,0x4bd820,0x4e1a60,0x4b6a90,0xf380d8,0xecc720,0x4c9fc0,0x4aee80,76
UParticleModuleTypeDataMesh,Engine,92,92,0,0x0,0x0,0x4d1500,0x4bd850,Engine,UParticleModuleTypeDataBase,UParticleModuleTypeDataBase,UObject,0x0,0x0,0x0,0x0,Engine,0x4e5b80,0x4bd850,0x4e1a80,0x4b6ab0,0xf37f10,0xecc8d8,0x4c9fe0,0x4aeea0,92
UParticleModuleTypeDataMeshPhysX,Engine,124,124,0,0x0,0x0,0x49dc80,0x4756c0,Engine,UParticleModuleTypeDataMesh,UParticleModuleTypeDataMesh,UObject,0x0,0x0,0x0,0x0,Engine,0x4a1aa0,0x4756c0,0x497820,0x46e940,0xf33040,0xec4e88,0x49a3c0,0x471f70,124
UParticleModuleTypeDataPhysX,Engine,88,88,0,0x0,0x0,0x49dd10,0x4756f0,Engine,UParticleModuleTypeDataBase,UParticleModuleTypeDataBase,UObject,0x0,0x0,0x0,0x0,Engine,0x4a1ad0,0x4756f0,0x4978c0,0x46e9f0,0xf32e78,0xec5040,0x49a3a0,0x471f20,88
UParticleModuleTypeDataRibbon,Engine,108,108,0,0x0,0x0,0x50d270,0x4d3be0,Engine,UParticleModuleTypeDataBase,UParticleModuleTypeDataBase,UObject,0x0,0x0,0x0,0x0,Engine,0x515660,0x4d3be0,0x4f4010,0x4cd0a0,0xf408b8,0xecf8f8,0x5003b0,0x4d4570,108
UParticleModuleTypeDataTrail,Engine,116,116,0,0x0,0x0,0x4e5c10,0x4bd880,Engine,UParticleModuleTypeDataBase,UParticleModuleTypeDataBase,UObject,0x0,0x0,0x0,0x0,Engine,0x4e8730,0x4bd880,0x4e1aa0,0x4b6ad0,0xf37d48,0xecca90,0x4e3230,0x4c0a00,116
UParticleModuleTypeDataTrail2,Engine,100,100,0,0x0,0x0,0x50d1e0,0x4d3bb0,Engine,UParticleModuleTypeDataBase,UParticleModuleTypeDataBase,UObject,0x0,0x0,0x0,0x0,Engine,0x515630,0x4d3bb0,0x4f3f20,0x4ccfa0,0xf40a80,0xecf740,0x5003d0,0x4d4590,100
UParticleModuleUberBase,Engine,80,80,0,0x1,0x1,0x4e4850,0x4b2610,Engine,UParticleModule,UParticleModule,UObject,0x0,0x0,0x0,0x0,Engine,0x4e7240,0x4b2610,0x4dfc70,0x4abba0,0xf3bf30,0xec8af8,0x4e3250,0x4c0a50,80
UParticleModuleUberLTISIVCL,Engine,248,248,0,0x0,0x0,0x4e87f0,0x4bd8e0,Engine,UParticleModuleUberBase,UParticleModuleUberBase,UObject,0x0,0x0,0x0,0x0,Engine,0x4eaec0,0x4bd8e0,0x4e8880,0x4b6b10,0xf379b8,0xecce00,0x4e6660,0x4c5e00,248
UParticleModuleUberLTISIVCLIL,Engine,276,276,0,0x0,0x0,0x4e88a0,0x4bd910,Engine,UParticleModuleUberBase,UParticleModuleUberBase,UObject,0x0,0x0,0x0,0x0,Engine,0x4eaef0,0x4bd910,0x4e8930,0x4b6b30,0xf377f0,0xeccfb8,0x4e6680,0x4c5e50,276
UParticleModuleUberLTISIVCLILIRSSBLIRR,Engine,364,364,0,0x0,0x0,0x4e8950,0x4bd940,Engine,UParticleModuleUberBase,UParticleModuleUberBase,UObject,0x0,0x0,0x0,0x0,Engine,0x4eaf20,0x4bd940,0x4e89e0,0x4b6b50,0xf37628,0xecd170,0x4e66a0,0x4c5ea0,364
UParticleModuleUberRainDrops,Engine,216,216,0,0x0,0x0,0x4e5ca0,0x4bd970,Engine,UParticleModuleUberBase,UParticleModuleUberBase,UObject,0x0,0x0,0x0,0x0,Engine,0x4eaf50,0x4bd970,0x4e8a00,0x4b6b70,0xf37460,0xecd328,0x4e3560,0x4c0a70,216
UParticleModuleUberRainImpacts,Engine,368,368,0,0x0,0x0,0x4e8a20,0x4bd9b0,Engine,UParticleModuleUberBase,UParticleModuleUberBase,UObject,0x0,0x0,0x0,0x0,Engine,0x4eaf80,0x4bd9b0,0x4e8ab0,0x4b7b30,0xf37298,0xecd4e0,0x4e66c0,0x4c5ef0,368
UParticleModuleUberRainSplashA,Engine,252,252,0,0x0,0x0,0x4e8ad0,0x4bd9e0,Engine,UParticleModuleUberBase,UParticleModuleUberBase,UObject,0x0,0x0,0x0,0x0,Engine,0x4eafb0,0x4bd9e0,0x4e8b60,0x4b86d0,0xf370d0,0xecd698,0x4e66e0,0x4c5f40,252
UParticleModuleUberRainSplashB,Engine,252,252,0,0x0,0x0,0x4e8b80,0x4bda10,Engine,UParticleModuleUberBase,UParticleModuleUberBase,UObject,0x0,0x0,0x0,0x0,Engine,0x4eafe0,0x4bda10,0x4e8c10,0x4b89e0,0xf36f08,0xecd850,0x4e6700,0x4c5f90,252
UParticleModuleVelocity,Engine,128,128,0,0x0,0x0,0x4e8c30,0x4bda40,Engine,UParticleModuleVelocityBase,UParticleModuleVelocityBase,UObject,0x0,0x0,0x0,0x0,Engine,0x4eb010,0x4bda40,0x4e1ae0,0x4b8c00,0xf36d40,0xecda08,0x4e6720,0x4c5fe0,128
UParticleModuleVelocityBase,Engine,72,72,0,0x1,0x1,0x4d0340,0x4b2640,Engine,UParticleModule,UParticleModule,UObject,0x0,0x0,0x0,0x0,Engine,0x4e13d0,0x4b2640,0x4dfc90,0x4abbc0,0xf3bd68,0xec8cb0,0x4ca000,0x471e80,72
UParticleModuleVelocityInheritParent,Engine,100,100,0,0x0,0x0,0x4e8cc0,0x4bda70,Engine,UParticleModuleVelocityBase,UParticleModuleVelocityBase,UObject,0x0,0x0,0x0,0x0,Engine,0x4eb040,0x4bda70,0x4e1b00,0x4b9280,0xf36b78,0xecdbc0,0x4e6740,0x4c6030,100
UParticleModuleVelocityOverLifetime,Engine,104,104,0,0x0,0x0,0x4e8d50,0x4bdaa0,Engine,UParticleModuleVelocityBase,UParticleModuleVelocityBase,UObject,0x0,0x0,0x0,0x0,Engine,0x4eb070,0x4bdaa0,0x4e1b20,0x4b94a0,0xf369b0,0xecdd78,0x4e6760,0x4c6080,104
UParticleSpriteEmitter,Engine,100,100,0,0x0,0x0,0x4e0d60,0x4a8860,Engine,UParticleEmitter,UParticleEmitter,UObject,0x0,0x0,0x0,0x0,Engine,0x4e6e90,0x4a8860,0x4e4370,0x4a3df0,0xf3dbb0,0xec6f78,0x4dfdd0,0x4bdd80,100
UParticleStaticMeshComponent,Engine,576,576,0,0x0,0x0,0x4b8a20,0x473370,Engine,UStaticMeshComponent,UStaticMeshComponent,UObject,0x0,0x0,0x0,0x0,Engine,0x4b97f0,0x473370,0x495d00,0x46cd20,0xf35218,0xec2de0,0x4b8a00,0x473320,576
UParticleSystem,Engine,304,304,0,0x0,0x0,0x4eb500,0x4a3d90,Engine,UObject,UObject,UObject,0x0,0x0,0x0,0x0,Engine,0x4ef0c0,0x4a3d90,0x4c1470,0x49d350,0xf3df40,0xec6c08,0x4eb4e0,0x4caca0,304
UParticleSystemComponent,Engine,704,704,0,0x0,0x0,0x4f3280,0x4a3e10,Engine,UPrimitiveComponent,UPrimitiveComponent,UObject,0x0,0x0,0x0,0x0,Engine,0x4f3310,0x4a3e10,0x4c14b0,0x49d390,0xf3d9e8,0xec7130,0x4f3260,0x4cc620,704
UParticleSystemReplay,Engine,72,72,0,0x0,0x0,0x4f27e0,0x4a3e70,Engine,UObject,UObject,UObject,0x0,0x0,0x0,0x0,Engine,0x4f2870,0x4a3e70,0x4c14f0,0x49d3d0,0xf3d658,0xec74a0,0x4f27c0,0x4cc160,72
UPatchScriptCommandlet,Engine,124,124,0,0x10000008,0x10000008,0x57c890,0x533850,Engine,UCommandlet,UCommandlet,UObject,0x0,0x0,0x0,0x0,Engine,0x57cb00,0x533850,0x574730,0x532da0,0xf518f8,0xed97a0,0x57c840,0x53c050,124
UPathRenderingComponent,Engine,464,464,0,0x0,0x0,0x145bd0,0x135db0,Engine,UPrimitiveComponent,UPrimitiveComponent,UObject,0x0,0x0,0x0,0x0,Engine,0x147a70,0x135db0,0x146fc0,0x132ff0,0xedd6c8,0xe7a218,0x145b20,0x13dda0,464
UPendingLevel,Engine,176,176,0,0x10000009,0x10000009,0x56f470,0x527050,Engine,ULevelBase,ULevelBase,UObject,0x0,0x0,0x0,0x0,Engine,0x5703a0,0x527050,0x567680,0x526450,0xf4cbc8,0xed7a60,0x56f450,0x52e0a0,176
UPhysXParticleSystem,Engine,148,148,0,0x0,0x0,0x4cad40,0x4a0de0,Engine,UObject,UObject,UObject,0x0,0x0,0x0,0x0,Engine,0x4d3f00,0x4a0de0,0x4c11f0,0x49d0a0,0xf3f110,0xec5ad8,0x4ca020,0x4a5ca0,148
UPhysicalMaterial,Engine,140,140,0,0x0,0x0,0x3ce480,0x3a80e0,Engine,UObject,UObject,UObject,0x0,0x0,0x0,0x0,Engine,0x3d9360,0x3a80e0,0x3c0250,0x39e5e0,0xf21518,0xeb7710,0x3cd2f0,0x3ab900,140
UPhysicalMaterialPropertyBase,Engine,56,56,0,0x1,0x1,0x3c9d80,0x3a8110,Engine,UObject,UObject,UObject,0x0,0x0,0x0,0x0,Engine,0x3ce510,0x3a8110,0x3c0270,0x39e610,0xf21350,0xeb78c8,0x5b8ed0,0x8ab340,56
UPhysicsAsset,Engine,160,160,0,0x0,0x0,0x3ee210,0x3a8020,Engine,UObject,UObject,UObject,0x0,0x0,0x0,0x0,Engine,0x3ee2d0,0x3a8020,0x3c01d0,0x39e550,0xf21c38,0xeb7030,0x3ee1f0,0x3cbf90,160
UPhysicsAssetInstance,Engine,176,176,0,0x0,0x0,0x3ee160,0x3a8080,Engine,UObject,UObject,UObject,0x0,0x0,0x0,0x0,Engine,0x3ee2a0,0x3a8080,0x3c0210,0x39e590,0xf218a8,0xeb73a0,0x3ee110,0x3cbfb0,176
UPhysicsLODVerticalEmitter,Engine,60,60,0,0x4,0x4,0x4c58b0,0x4a1340,Engine,UObject,UObject,UObject,0x0,0x0,0x0,0x0,Engine,0x4cb6f0,0x4a1340,0x4c1330,0x49d1f0,0xf3ef48,0xec5c90,0x4c5360,0x4a0dc0,60
UPlayer,Engine,92,92,0,0xc,0xc,0x2cb290,0x2b05c0,Engine,UObject,UObject,UObject,0x0,0x0,0x0,0x0,Engine,0x2d4520,0x2b05c0,0x2c10b0,0x2a61e0,0xf06be8,0xe9f7a8,0x2cb260,0x2b0560,92
UPlayerInput,Engine,444,444,0,0xc,0xc,0x42d8f0,0x3defc0,Engine,UInput,UInput,APlayerController,0x0,0x0,0x0,0x0,Input,0x430b40,0x3defc0,0x42d980,0x3da460,0xf26600,0xebc5a0,0x428e00,0x4069c0,444
UPlayerManagerInteraction,Engine,104,104,0,0x8,0x8,0x2cb320,0x2b9090,Engine,UInteraction,UInteraction,UGameViewportClient,0x0,0x0,0x0,0x0,Engine,0x2e0990,0x2b9090,0x2e0530,0x2b0640,0xf06690,0xe9fcd0,0x2cb240,0x2b0510,104
UPointLightComponent,Engine,560,560,0,0x0,0x0,0x148eb0,0x1301a0,Engine,ULightComponent,ULightComponent,UObject,0x0,0x0,0x0,0x0,Engine,0x14ac30,0x1301a0,0x12d7d0,0x1294a0,0xedd338,0xe7a588,0x148e70,0x1412c0,560
UPolys,Engine,72,72,0,0x10000000,0x10000000,0x252f30,0x213e00,Engine,UObject,UObject,UObject,0x0,0x0,0x0,0x0,Engine,0x253b70,0x213e00,0x229560,0x211f30,0xf019c8,0xe94148,0x250ec0,0x23cfc0,72
UPostProcessChain,Engine,84,84,0,0x0,0x0,0x30cd80,0x2cfd50,Engine,UObject,UObject,UObject,0x0,0x0,0x0,0x0,Engine,0x313af0,0x2cfd50,0x2e3440,0x2c8300,0xf17970,0xea0350,0x30c920,0x3041f0,84
UPrefab,Engine,92,92,0,0x0,0x0,0x302060,0x2cfd80,Engine,UObject,UObject,UObject,0x0,0x0,0x0,0x0,Engine,0x306400,0x2cfd80,0x2e3490,0x2c8390,0xf177a8,0xea0508,0x302040,0x2ec550,92
UPrefabSequence,Engine,332,332,0,0x0,0x0,0x314920,0x2f1740,Engine,USequence,USequence,UObject,0x0,0x0,0x0,0x0,Engine,0x3285d0,0x2f1740,0x325a60,0x2ec730,0xf17250,0xea0a30,0x313b60,0x309d00,332
UPrefabSequenceContainer,Engine,328,328,0,0x0,0x0,0x314890,0x2f1710,Engine,USequence,USequence,UObject,0x0,0x0,0x0,0x0,Engine,0x3285a0,0x2f1710,0x325a40,0x2ec710,0xf17418,0xea0878,0x313b80,0x309d50,328
UPrimitiveComponent,Engine,464,464,0,0x101,0x101,0x144c60,0x1308b0,Engine,UActorComponent,UActorComponent,UObject,0x0,0x0,0x0,0x0,Engine,0x146370,0x1308b0,0x12dc80,0x129970,0xedcde0,0xe7aab0,0x144660,0x13d330,464
UPrimitiveComponentFactory,Engine,64,64,0,0x1,0x1,0x178050,0x16e200,Engine,UObject,UObject,UObject,0x0,0x0,0x0,0x0,Engine,0x17ef80,0x16e200,0x173280,0x1695c0,0xee1ec0,0xe86550,0x176330,0x16c4e0,64
UProperty,Core,108,108,0,0x10000001,0x10000001,0x7bf80,0x79cf0,Core,UField,UField,UField,0x8000,0x8000,0x0,0x0,Engine,0x7ccf0,0x79cf0,0x6dfa0,0x24cf0,0xe8fa30,0xe6e390,0x46140,0x6c5b0,108
URB_BSJointSetup,Engine,252,252,0,0x0,0x0,0x3d65f0,0x3b4e70,Engine,URB_ConstraintSetup,URB_ConstraintSetup,UObject,0x0,0x0,0x0,0x0,Engine,0x3e22a0,0x3b4e70,0x3df1e0,0x3a9800,0xf20510,0xeb8688,0x3cd370,0x3ab980,252
URB_BodyInstance,Engine,224,224,0,0x0,0x0,0x3ce3f0,0x3a80b0,Engine,UObject,UObject,UObject,0x0,0x0,0x0,0x0,Engine,0x3d9330,0x3a80b0,0x3c0230,0x39e5b0,0xf216e0,0xeb7558,0x3cd310,0x3ab920,224
URB_BodySetup,Engine,200,200,0,0x0,0x0,0x3ecca0,0x3a8050,Engine,UKMeshProps,UKMeshProps,UObject,0x0,0x0,0x0,0x0,Engine,0x3ed3a0,0x3a8050,0x3c01f0,0x39e570,0xf21a70,0xeb71e8,0x3ecc50,0x3cb960,200
URB_ConstraintDrawComponent,Engine,464,464,0,0x0,0x0,0x3ec130,0x3a9910,Engine,UPrimitiveComponent,UPrimitiveComponent,UObject,0x0,0x0,0x0,0x0,Engine,0x3ec450,0x3a9910,0x3c5fd0,0x3a4340,0xf1f6d0,0xeb9448,0x3e86e0,0x3a75f0,464
URB_ConstraintInstance,Engine,176,176,0,0x0,0x0,0x3d69e0,0x3a98e0,Engine,UObject,UObject,UObject,0x0,0x0,0x0,0x0,Engine,0x3df2c0,0x3a98e0,0x3c5fb0,0x3a4310,0xf1f898,0xeb9290,0x3cd330,0x3ab940,176
URB_ConstraintSetup,Engine,252,252,0,0x0,0x0,0x3d6560,0x3a97d0,Engine,UObject,UObject,UObject,0x0,0x0,0x0,0x0,Engine,0x3df1b0,0x3a97d0,0x3c5f90,0x3a42d0,0xf206d8,0xeb84d0,0x3cd350,0x3ab960,252
URB_DistanceJointSetup,Engine,252,252,0,0x0,0x0,0x3d6950,0x3b4f90,Engine,URB_ConstraintSetup,URB_ConstraintSetup,UObject,0x0,0x0,0x0,0x0,Engine,0x3e23c0,0x3b4f90,0x3df2a0,0x3a98c0,0xf1fa60,0xeb90d8,0x3cd370,0x3ab980,252
URB_Handle,Engine,188,188,0,0x0,0x0,0x3d2570,0x3a90c0,Engine,UActorComponent,UActorComponent,UObject,0x0,0x0,0x0,0x0,Engine,0x3ddf30,0x3a90c0,0x3c4160,0x3a2510,0xf20fc0,0xeb7c38,0x3cd2d0,0x3ab8e0,188
URB_HingeSetup,Engine,252,252,0,0x0,0x0,0x3d6680,0x3b4ea0,Engine,URB_ConstraintSetup,URB_ConstraintSetup,UObject,0x0,0x0,0x0,0x0,Engine,0x3e22d0,0x3b4ea0,0x3df200,0x3a9820,0xf20348,0xeb8840,0x3cd370,0x3ab980,252
URB_PrismaticSetup,Engine,252,252,0,0x0,0x0,0x3d6710,0x3b4ed0,Engine,URB_ConstraintSetup,URB_ConstraintSetup,UObject,0x0,0x0,0x0,0x0,Engine,0x3e2300,0x3b4ed0,0x3df220,0x3a9840,0xf20180,0xeb89f8,0x3cd370,0x3ab980,252
URB_PulleyJointSetup,Engine,252,252,0,0x0,0x0,0x3d6830,0x3b4f30,Engine,URB_ConstraintSetup,URB_ConstraintSetup,UObject,0x0,0x0,0x0,0x0,Engine,0x3e2360,0x3b4f30,0x3df260,0x3a9880,0xf1fdf0,0xeb8d68,0x3cd370,0x3ab980,252
URB_RadialImpulseComponent,Engine,480,480,0,0x0,0x0,0x3eb0f0,0x3a9090,Engine,UPrimitiveComponent,UPrimitiveComponent,UObject,0x0,0x0,0x0,0x0,Engine,0x3ec370,0x3a9090,0x3c4140,0x3a24e0,0xf21188,0xeb7a80,0x3e8700,0x3a7640,480
URB_SkelJointSetup,Engine,252,252,0,0x0,0x0,0x3d67a0,0x3b4f00,Engine,URB_ConstraintSetup,URB_ConstraintSetup,UObject,0x0,0x0,0x0,0x0,Engine,0x3e2330,0x3b4f00,0x3df240,0x3a9860,0xf1ffb8,0xeb8bb0,0x3cd370,0x3ab980,252
URB_Spring,Engine,164,164,0,0x0,0x0,0x3eb180,0x3a90f0,Engine,UActorComponent,UActorComponent,UObject,0x0,0x0,0x0,0x0,Engine,0x3ec3a0,0x3a90f0,0x3c4180,0x3a2540,0xf20df8,0xeb7df0,0x3e8720,0x3c6ca0,164
URB_StayUprightSetup,Engine,252,252,0,0x0,0x0,0x3d68c0,0x3b4f60,Engine,URB_ConstraintSetup,URB_ConstraintSetup,UObject,0x0,0x0,0x0,0x0,Engine,0x3e2390,0x3b4f60,0x3df280,0x3a98a0,0xf1fc28,0xeb8f20,0x3cd370,0x3ab980,252
URadialBlurComponent,Engine,192,192,0,0x0,0x0,0x153710,0x147fa0,Engine,UActorComponent,UActorComponent,UObject,0x0,0x0,0x0,0x0,Engine,0x1589f0,0x147fa0,0x14fec0,0x146b00,0xee0220,0xe7c278,0x1533f0,0x14a2b0,192
URouteRenderingComponent,Engine,464,464,0,0x0,0x0,0x160d40,0x148ab0,Engine,UPrimitiveComponent,UPrimitiveComponent,UObject,0x0,0x0,0x0,0x0,Engine,0x161e80,0x148ab0,0x150280,0x146ef0,0xee0058,0xe7c430,0x160d20,0x148a60,464
USavedMove,Engine,228,228,0,0x0,0x0,0x176390,0x16c6c0,Engine,UObject,UObject,UObject,0x0,0x0,0x0,0x0,Engine,0x17cd20,0x16c6c0,0x170a70,0x166a50,0xee62a0,0xe82400,0x176350,0x16c530,228
UScene,Engine,56,56,0,0x0,0x0,0x439b90,0x415c70,Engine,UObject,UObject,UObject,0x0,0x0,0x0,0x0,Engine,0x43fc00,0x415c70,0x434f40,0x4110c0,0xf29550,0xec2888,0x5b8ed0,0x8ab340,56
USceneCapture2DComponent,Engine,288,288,0,0x0,0x0,0x3082c0,0x2d4070,Engine,USceneCaptureComponent,USceneCaptureComponent,UObject,0x0,0x0,0x0,0x0,Engine,0x30af70,0x2d4070,0x308350,0x2d0580,0xf16ec0,0xea0da0,0x306710,0x2ed570,288
USceneCapture2DHitMaskComponent,Engine,176,176,0,0x0,0x0,0x308370,0x2d40a0,Engine,USceneCaptureComponent,USceneCaptureComponent,UObject,0x0,0x0,0x0,0x0,Engine,0x30afa0,0x2d40a0,0x308400,0x2d05a0,0xf16cf8,0xea0f58,0x306760,0x2ed5c0,176
USceneCaptureComponent,Engine,140,140,0,0x1,0x1,0x3064a0,0x2d0550,Engine,UActorComponent,UActorComponent,UObject,0x0,0x0,0x0,0x0,Engine,0x308290,0x2d0550,0x2e6530,0x2cb420,0xf17088,0xea0be8,0x303fc0,0x2e8b00,140
USceneCaptureCubeMapComponent,Engine,164,164,0,0x0,0x0,0x308420,0x2d40d0,Engine,USceneCaptureComponent,USceneCaptureComponent,UObject,0x0,0x0,0x0,0x0,Engine,0x30afd0,0x2d40d0,0x3084b0,0x2d05c0,0xf16b30,0xea1110,0x306780,0x2ed5e0,164
USceneCapturePortalComponent,Engine,152,152,0,0x0,0x0,0x308580,0x2d4130,Engine,USceneCaptureComponent,USceneCaptureComponent,UObject,0x0,0x0,0x0,0x0,Engine,0x30b030,0x2d4130,0x308610,0x2d0600,0xf167a0,0xea1480,0x3067a0,0x2ed600,152
USceneCaptureReflectComponent,Engine,156,156,0,0x0,0x0,0x3084d0,0x2d4100,Engine,USceneCaptureComponent,USceneCaptureComponent,UObject,0x0,0x0,0x0,0x0,Engine,0x30b000,0x2d4100,0x308560,0x2d05e0,0xf16968,0xea12c8,0x3067c0,0x2ed620,156
UScriptStruct,Core,156,156,0,0x10000000,0x10000000,0x7c870,0x7a890,Core,UStruct,UStruct,UObject,0x10,0x10,0x0,0x0,Engine,0x7de20,0x7a890,0x71520,0x28680,0xe45c48,0xe6ea70,0x46080,0x73ad0,156
UScriptedTexture,Engine,292,292,0,0x0,0x0,0x185560,0x182b60,Engine,UTextureRenderTarget2D,UTextureRenderTarget2D,UObject,0x0,0x0,0x0,0x0,Engine,0x18fb50,0x182b60,0x18d800,0x17d3d0,0xee9ba0,0xe7ed00,0x182870,0x1791f0,292
USelection,Engine,92,92,0,0x10000008,0x10000008,0x307120,0x2d19c0,Engine,UObject,UObject,UObject,0x0,0x0,0x0,0x0,Engine,0x308990,0x2d19c0,0x2e9fa0,0x2ceff0,0xf15b28,0xea2088,0x306430,0x2ed270,92
USeqAct_AccessObjectList,Engine,256,256,0,0x0,0x0,0x3170f0,0x2fec20,Engine,USeqAct_SetSequenceVariable,USeqAct_SetSequenceVariable,UObject,0x0,0x0,0x0,0x0,Engine,0x32c180,0x2fec20,0x328730,0x2f2340,0xf0c588,0xeab0e8,0x3140e0,0x30a3c0,256
USeqAct_ActivateRemoteEvent,Engine,264,264,0,0x0,0x0,0x3161c0,0x2eec90,Engine,USequenceAction,USequenceAction,UObject,0x0,0x0,0x0,0x0,Engine,0x3260a0,0x2eec90,0x31d040,0x2e9a20,0xf0f5a0,0xea8280,0x313bc0,0x309da0,264
USeqAct_ActorFactory,Engine,332,332,0,0x0,0x0,0x316250,0x2feb20,Engine,USeqAct_Latent,USeqAct_Latent,UObject,0x0,0x0,0x0,0x0,Engine,0x32c080,0x2feb20,0x328650,0x2f2260,0xf0f3d8,0xea8438,0x313e20,0x30a010,332
USeqAct_ActorFactoryEx,Engine,332,332,0,0x0,0x0,0x3162e0,0x3042a0,Engine,USeqAct_ActorFactory,USeqAct_ActorFactory,UObject,0x0,0x0,0x0,0x0,Engine,0x32e580,0x3042a0,0x32c0b0,0x2feb50,0xf0f210,0xea85f0,0x313e40,0x30b860,332
USeqAct_AddFloat,Engine,264,264,0,0x0,0x0,0x318410,0x2f26a0,Engine,USeqAct_SetSequenceVariable,USeqAct_SetSequenceVariable,UObject,0x0,0x0,0x0,0x0,Engine,0x328a90,0x2f26a0,0x326940,0x2ef530,0xf088f8,0xeaeb58,0x314100,0x30a410,264
USeqAct_AddInt,Engine,264,264,0,0x0,0x0,0x318140,0x2f25b0,Engine,USeqAct_SetSequenceVariable,USeqAct_SetSequenceVariable,UObject,0x0,0x0,0x0,0x0,Engine,0x3289a0,0x2f25b0,0x3268a0,0x2ef490,0xf091e0,0xeae2c0,0x314120,0x30a430,264
USeqAct_AkClearBanks,AkAudio,248,248,0,0x0,0x0,0x5fa610,0x5af840,AkAudio,USequenceAction,USequenceAction,UObject,0x0,0x0,0x0,0x0,Engine,0x5fb840,0x5af840,0x5f4e10,0x5ae5c0,0xf5dc80,0xee2300,0x5fa4d0,0x5b4380,248
USeqAct_AkLoadBank,AkAudio,276,276,0,0x0,0x0,0x5fa8e0,0x5af930,AkAudio,USeqAct_Latent,USeqAct_Latent,UObject,0x0,0x0,0x0,0x0,Engine,0x5fb930,0x5af930,0x5f4eb0,0x5ae680,0xf5d008,0xee0e60,0x5fa4f0,0x5b43a0,276
USeqAct_AkPostEvent,AkAudio,276,280,4,0x0,0x0,0x5fa970,0x5af960,AkAudio,USeqAct_Latent,USeqAct_Latent,UObject,0x0,0x0,0x0,0x0,Engine,0x5fb960,0x5af960,0x5f4ed0,0x5ae6b0,0xf5d8f0,0xee0ad8,0x5fa510,0x5b43c0,276
USeqAct_AkPostTrigger,AkAudio,260,260,0,0x0,0x0,0x5fa6a0,0x5af870,AkAudio,USequenceAction,USequenceAction,UObject,0x0,0x0,0x0,0x0,Engine,0x5fb870,0x5af870,0x5f4e30,0x5ae5f0,0xf5d1d0,0xee0ca8,0x5fa530,0x5b43e0,260
USeqAct_AkSetRTPCValue,AkAudio,284,284,0,0x0,0x0,0x5faa00,0x5af990,AkAudio,USeqAct_Latent,USeqAct_Latent,UObject,0x0,0x0,0x0,0x0,Engine,0x5fb990,0x5af990,0x5f4ef0,0x5ae6e0,0xf5c000,0xee1018,0x5fa550,0x5b4400,284
USeqAct_AkSetState,AkAudio,272,272,0,0x0,0x0,0x5fa730,0x5af8a0,AkAudio,USequenceAction,USequenceAction,UObject,0x0,0x0,0x0,0x0,Engine,0x5fb8a0,0x5af8a0,0x5f4e50,0x5ae610,0xf5cc78,0xee29e0,0x5fa570,0x5b4420,272
USeqAct_AkSetSwitch,AkAudio,272,272,0,0x0,0x0,0x5fa7c0,0x5af8d0,AkAudio,USequenceAction,USequenceAction,UObject,0x0,0x0,0x0,0x0,Engine,0x5fb8d0,0x5af8d0,0x5f4e70,0x5ae630,0xf5c1c8,0xee11d0,0x5fa590,0x5b4440,272
USeqAct_AkStartAmbientSound,AkAudio,248,248,0,0x0,0x0,0x5faa90,0x5afa40,AkAudio,USequenceAction,USequenceAction,UObject,0x0,0x0,0x0,0x0,Engine,0x5fb9c0,0x5afa40,0x5f4f50,0x5ae770,0xf5d728,0xee18b0,0x5fa5b0,0x5b4460,248
USeqAct_AkStopAll,AkAudio,248,248,0,0x0,0x0,0x5fa850,0x5af900,AkAudio,USequenceAction,USequenceAction,UObject,0x0,0x0,0x0,0x0,Engine,0x5fb900,0x5af900,0x5f4e90,0x5ae650,0xf5c8e8,0xee1540,0x5fa5d0,0x5b4480,248
USeqAct_AndGate,Engine,276,276,0,0x0,0x0,0x316370,0x2eecc0,Engine,USequenceAction,USequenceAction,UObject,0x0,0x0,0x0,0x0,Engine,0x3260d0,0x2eecc0,0x31d060,0x2e9a40,0xf0f048,0xea87a8,0x313be0,0x309dc0,276
USeqAct_AttachToActor,Engine,284,284,0,0x0,0x0,0x318890,0x2ef660,Engine,USequenceAction,USequenceAction,UObject,0x0,0x0,0x0,0x0,Engine,0x326a70,0x2ef660,0x31d4e0,0x2e9ec0,0xf07ab8,0xeaf918,0x313c00,0x909cd0,284
USeqAct_AttachToEvent,Engine,252,252,0,0x0,0x0,0x316400,0x2eecf0,Engine,USequenceAction,USequenceAction,UObject,0x0,0x0,0x0,0x0,Engine,0x326100,0x2eecf0,0x31d080,0x2e9a60,0xf0ee80,0xea8960,0x313c20,0x309de0,252
USeqAct_CameraFade,Engine,288,288,0,0x0,0x0,0x316490,0x2eed20,Engine,USequenceAction,USequenceAction,UObject,0x0,0x0,0x0,0x0,Engine,0x326130,0x2eed20,0x31d0a0,0x2e9a80,0xf0ecb8,0xea8b18,0x313c40,0x309e00,288
USeqAct_CameraLookAt,Engine,300,300,0,0x0,0x0,0x316520,0x2eed50,Engine,USequenceAction,USequenceAction,UObject,0x0,0x0,0x0,0x0,Engine,0x326160,0x2eed50,0x31d0c0,0x2e9aa0,0xf0eaf0,0xea8cd0,0x313c60,0x309e20,300
USeqAct_CastToFloat,Engine,256,256,0,0x0,0x0,0x318650,0x2f2760,Engine,USeqAct_SetSequenceVariable,USeqAct_SetSequenceVariable,UObject,0x0,0x0,0x0,0x0,Engine,0x328b50,0x2f2760,0x3269c0,0x2ef5b0,0xf081d8,0xeaf238,0x314140,0x30a450,256
USeqAct_CastToInt,Engine,260,260,0,0x0,0x0,0x318380,0x2f2670,Engine,USeqAct_SetSequenceVariable,USeqAct_SetSequenceVariable,UObject,0x0,0x0,0x0,0x0,Engine,0x328a60,0x2f2670,0x326920,0x2ef510,0xf08ac0,0xeae9a0,0x314160,0x30a470,260
USeqAct_ChangeCollision,Engine,256,256,0,0x0,0x0,0x3165b0,0x2eed80,Engine,USequenceAction,USequenceAction,UObject,0x0,0x0,0x0,0x0,Engine,0x326190,0x2eed80,0x31d0e0,0x2e9ac0,0xf0e928,0xea8e88,0x313c80,0x309e40,256
USeqAct_CommitMapChange,Engine,248,248,0,0x0,0x0,0x316640,0x2eedb0,Engine,USequenceAction,USequenceAction,UObject,0x0,0x0,0x0,0x0,Engine,0x3261c0,0x2eedb0,0x31d100,0x2e9ae0,0xf0e760,0xea9040,0x313ca0,0x309e90,248
USeqAct_ControlGameMovie,GameFramework,284,284,0,0x0,0x0,0x5b0c20,0x55ea40,GameFramework,USeqAct_Latent,USeqAct_Latent,UObject,0x0,0x0,0x0,0x0,Engine,0x5b0fb0,0x55ea40,0x59b140,0x55a610,0xf56850,0xedaee8,0x5ad9d0,0x56dd90,284
USeqAct_ConvertToString,Engine,268,268,0,0x0,0x0,0x3166d0,0x2eede0,Engine,USequenceAction,USequenceAction,UObject,0x0,0x0,0x0,0x0,Engine,0x3261f0,0x2eede0,0x31d120,0x2e9b00,0xf0e598,0xea91f8,0x313cc0,0x309eb0,268
USeqAct_Delay,Engine,284,284,0,0x0,0x0,0x316760,0x2feb70,Engine,USeqAct_Latent,USeqAct_Latent,UObject,0x0,0x0,0x0,0x0,Engine,0x32c0d0,0x2feb70,0x328670,0x2f2280,0xf0e3d0,0xea93b0,0x313e60,0x30a090,284
USeqAct_DivideFloat,Engine,264,264,0,0x0,0x0,0x3185c0,0x2f2730,Engine,USeqAct_SetSequenceVariable,USeqAct_SetSequenceVariable,UObject,0x0,0x0,0x0,0x0,Engine,0x328b20,0x2f2730,0x3269a0,0x2ef590,0xf083a0,0xeaf080,0x314180,0x30a490,264
USeqAct_DivideInt,Engine,264,264,0,0x0,0x0,0x3182f0,0x2f2640,Engine,USeqAct_SetSequenceVariable,USeqAct_SetSequenceVariable,UObject,0x0,0x0,0x0,0x0,Engine,0x328a30,0x2f2640,0x326900,0x2ef4f0,0xf08c88,0xeae7e8,0x3141a0,0x30a4b0,264
USeqAct_DrawText,Engine,296,296,0,0x0,0x0,0x3167f0,0x2eee10,Engine,USequenceAction,USequenceAction,UObject,0x0,0x0,0x0,0x0,Engine,0x326220,0x2eee10,0x31d140,0x2e9b20,0xf0e208,0xea9568,0x313ce0,0x309ed0,296
USeqAct_FinishSequence,Engine,260,260,0,0x0,0x0,0x316880,0x2eee40,Engine,USequenceAction,USequenceAction,UObject,0x0,0x0,0x0,0x0,Engine,0x326250,0x2eee40,0x31d160,0x2e9b40,0xf0e040,0xea9720,0x313d00,0x309ef0,260
USeqAct_ForceGarbageCollection,Engine,264,264,0,0x0,0x0,0x316910,0x2feba0,Engine,USeqAct_Latent,USeqAct_Latent,UObject,0x0,0x0,0x0,0x0,Engine,0x32c100,0x2feba0,0x328690,0x2f22a0,0xf0de78,0xea98d8,0x313e80,0x30a0e0,264
USeqAct_GameCrowdSpawner,GameFramework,252,252,0,0x1,0x1,0x5affe0,0x55e730,GameFramework,USequenceAction,USequenceAction,UObject,0x0,0x0,0x0,0x0,Engine,0x5b0cc0,0x55e730,0x59aba0,0x55a200,0xf53a00,0xedb780,0x5ad9f0,0x56ddb0,252
USeqAct_Gate,Engine,260,260,0,0x0,0x0,0x3169a0,0x2eee70,Engine,USequenceAction,USequenceAction,UObject,0x0,0x0,0x0,0x0,Engine,0x326280,0x2eee70,0x31d180,0x2e9b60,0xf0dcb0,0xea9a90,0x313d20,0x309f10,260
USeqAct_GetDistance,Engine,252,252,0,0x0,0x0,0x316a30,0x2eeea0,Engine,USequenceAction,USequenceAction,UObject,0x0,0x0,0x0,0x0,Engine,0x3262b0,0x2eeea0,0x31d1a0,0x2e9b80,0xf0dae8,0xea9c48,0x313d40,0x309f30,252
USeqAct_GetLocationAndRotation,Engine,280,280,0,0x0,0x0,0x316be0,0x2eef30,Engine,USequenceAction,USequenceAction,UObject,0x0,0x0,0x0,0x0,Engine,0x326340,0x2eef30,0x31d200,0x2e9be0,0xf0d590,0xeaa170,0x313d60,0x309f50,280
USeqAct_GetProperty,Engine,256,256,0,0x0,0x0,0x316ac0,0x2eeed0,Engine,USequenceAction,USequenceAction,UObject,0x0,0x0,0x0,0x0,Engine,0x3262e0,0x2eeed0,0x31d1c0,0x2e9ba0,0xf0d920,0xea9e00,0x313d80,0x309f70,256
USeqAct_GetVectorComponents,Engine,272,272,0,0x0,0x0,0x3186e0,0x2ef5d0,Engine,USequenceAction,USequenceAction,UObject,0x0,0x0,0x0,0x0,Engine,0x3269e0,0x2ef5d0,0x31d480,0x2e9e60,0xf08010,0xeaf3f0,0x313da0,0x309f90,272
USeqAct_GetVelocity,Engine,264,264,0,0x0,0x0,0x316b50,0x2eef00,Engine,USequenceAction,USequenceAction,UObject,0x0,0x0,0x0,0x0,Engine,0x326310,0x2eef00,0x31d1e0,0x2e9bc0,0xf0d758,0xea9fb8,0x313dc0,0x309fb0,264
USeqAct_Interp,Engine,520,520,0,0x0,0x0,0x252430,0x214850,Engine,USeqAct_Latent,USeqAct_Latent,UObject,0x0,0x0,0x0,0x0,Engine,0x253380,0x214850,0x22a6a0,0x212600,0xf012a8,0xe94828,0x250e70,0x2421d0,520
USeqAct_IsInObjectList,Engine,252,252,0,0x0,0x0,0x316c70,0x2eef60,Engine,USequenceAction,USequenceAction,UObject,0x0,0x0,0x0,0x0,Engine,0x326370,0x2eef60,0x31d220,0x2e9c00,0xf0d3c8,0xeaa328,0x313de0,0x309fd0,252
USeqAct_Latent,Engine,264,264,0,0x1,0x1,0x316d00,0x2eef90,Engine,USequenceAction,USequenceAction,UObject,0x0,0x0,0x0,0x0,Engine,0x3263a0,0x2eef90,0x31d240,0x2e9c20,0xf0d200,0xeaa4e0,0x313e00,0x309ff0,264
USeqAct_LevelStreaming,Engine,284,284,0,0x0,0x0,0x316d90,0x3042d0,Engine,USeqAct_LevelStreamingBase,USeqAct_LevelStreamingBase,UObject,0x0,0x0,0x0,0x0,Engine,0x32e5b0,0x3042d0,0x32c130,0x2febd0,0xf0d038,0xeaa698,0x313ec0,0x30a150,284
USeqAct_LevelStreamingBase,Engine,268,268,0,0x1,0x1,0x316e20,0x2f22c0,Engine,USeqAct_Latent,USeqAct_Latent,UObject,0x0,0x0,0x0,0x0,Engine,0x3286b0,0x2f22c0,0x3263d0,0x2eefc0,0xf0ce70,0xeaa850,0x313ea0,0x30a130,268
USeqAct_LevelVisibility,Engine,280,280,0,0x0,0x0,0x316eb0,0x2f22f0,Engine,USeqAct_Latent,USeqAct_Latent,UObject,0x0,0x0,0x0,0x0,Engine,0x3286e0,0x2f22f0,0x3263f0,0x2eefe0,0xf0cca8,0xeaaa08,0x313f00,0x30a1c0,280
USeqAct_Log,Engine,280,280,0,0x0,0x0,0x316f40,0x2ef000,Engine,USequenceAction,USequenceAction,UObject,0x0,0x0,0x0,0x0,Engine,0x326410,0x2ef000,0x31d260,0x2e9c40,0xf0cae0,0xeaabc0,0x313fc0,0x30a280,280
USeqAct_ModifyHealth,Engine,272,272,0,0x0,0x0,0x316fd0,0x2ef030,Engine,USequenceAction,USequenceAction,UObject,0x0,0x0,0x0,0x0,Engine,0x326440,0x2ef030,0x31d280,0x2e9c60,0xf0c918,0xeaad78,0x313fe0,0x30a2a0,272
USeqAct_ModifyObjectList,Engine,252,252,0,0x0,0x0,0x317060,0x2febf0,Engine,USeqAct_SetSequenceVariable,USeqAct_SetSequenceVariable,UObject,0x0,0x0,0x0,0x0,Engine,0x32c150,0x2febf0,0x328710,0x2f2320,0xf0c750,0xeaaf30,0x3141c0,0x30a4d0,252
USeqAct_ModifyProperty,GameFramework,260,260,0,0x0,0x0,0x5b0b90,0x55ea10,GameFramework,USequenceAction,USequenceAction,UObject,0x0,0x0,0x0,0x0,Engine,0x5b0f80,0x55ea10,0x59b120,0x55a5f0,0xf55848,0xedb5c8,0x5ada10,0x56ddd0,260
USeqAct_MultiLevelStreaming,Engine,284,284,0,0x0,0x0,0x317180,0x2fec50,Engine,USeqAct_LevelStreamingBase,USeqAct_LevelStreamingBase,UObject,0x0,0x0,0x0,0x0,Engine,0x32c1b0,0x2fec50,0x328750,0x2f2360,0xf0c3c0,0xeab2a0,0x313ee0,0x30a1a0,284
USeqAct_MultiplyFloat,Engine,264,264,0,0x0,0x0,0x318530,0x2f2700,Engine,USeqAct_SetSequenceVariable,USeqAct_SetSequenceVariable,UObject,0x0,0x0,0x0,0x0,Engine,0x328af0,0x2f2700,0x326980,0x2ef570,0xf08568,0xeaeec8,0x3141e0,0x30a520,264
USeqAct_MultiplyInt,Engine,264,264,0,0x0,0x0,0x318260,0x2f2610,Engine,USeqAct_SetSequenceVariable,USeqAct_SetSequenceVariable,UObject,0x0,0x0,0x0,0x0,Engine,0x328a00,0x2f2610,0x3268e0,0x2ef4d0,0xf08e50,0xeae630,0x314200,0x30a540,264
USeqAct_ParticleEventGenerator,Engine,320,320,0,0x0,0x0,0x317210,0x2ef060,Engine,USequenceAction,USequenceAction,UObject,0x0,0x0,0x0,0x0,Engine,0x326470,0x2ef060,0x31d2a0,0x2e9c80,0xf0c1f8,0xeab458,0x314000,0x30a2c0,320
USeqAct_PlayFaceFXAnim,Engine,280,280,0,0x0,0x0,0x3172a0,0x2ef090,Engine,USequenceAction,USequenceAction,UObject,0x0,0x0,0x0,0x0,Engine,0x3264a0,0x2ef090,0x31d2c0,0x2e9ca0,0xf0c030,0xeab610,0x314020,0x30a2e0,280
USeqAct_Possess,Engine,256,256,0,0x0,0x0,0x317330,0x2ef0c0,Engine,USequenceAction,USequenceAction,UObject,0x0,0x0,0x0,0x0,Engine,0x3264d0,0x2ef0c0,0x31d2e0,0x2e9cc0,0xf0be68,0xeab7c8,0x314040,0x30a300,256
USeqAct_PrepareMapChange,Engine,288,288,0,0x0,0x0,0x3173c0,0x2f2380,Engine,USeqAct_Latent,USeqAct_Latent,UObject,0x0,0x0,0x0,0x0,Engine,0x328770,0x2f2380,0x326500,0x2ef0f0,0xf0bca0,0xeab980,0x313f20,0x30a1e0,288
USeqAct_RandomSwitch,Engine,284,284,0,0x0,0x0,0x317450,0x2fec80,Engine,USeqAct_Switch,USeqAct_Switch,UObject,0x0,0x0,0x0,0x0,Engine,0x32c1e0,0x2fec80,0x3287a0,0x2f23b0,0xf0bad8,0xeabb38,0x314360,0x30a720,284
USeqAct_SetBlockRigidBody,Engine,248,248,0,0x0,0x0,0x3174e0,0x2ef110,Engine,USequenceAction,USequenceAction,UObject,0x0,0x0,0x0,0x0,Engine,0x326520,0x2ef110,0x31d300,0x2e9ce0,0xf0b910,0xeabcf0,0x314060,0x30a320,248
USeqAct_SetBool,Engine,252,252,0,0x0,0x0,0x317690,0x2f23d0,Engine,USeqAct_SetSequenceVariable,USeqAct_SetSequenceVariable,UObject,0x0,0x0,0x0,0x0,Engine,0x3287c0,0x2f23d0,0x3265b0,0x2ef1a0,0xf0b3b8,0xeac218,0x314220,0x30a560,252
USeqAct_SetCameraTarget,Engine,268,268,0,0x0,0x0,0x317570,0x2ef140,Engine,USequenceAction,USequenceAction,UObject,0x0,0x0,0x0,0x0,Engine,0x326550,0x2ef140,0x31d320,0x2e9d00,0xf0b748,0xeabea8,0x314080,0x30a340,268
USeqAct_SetDOFParams,Engine,352,352,0,0x0,0x0,0x317720,0x2f2400,Engine,USeqAct_Latent,USeqAct_Latent,UObject,0x0,0x0,0x0,0x0,Engine,0x3287f0,0x2f2400,0x3265d0,0x2ef1c0,0xf0b1f0,0xeac3d0,0x313f40,0x30a200,352
USeqAct_SetFloat,Engine,264,264,0,0x0,0x0,0x317840,0x2f2460,Engine,USeqAct_SetSequenceVariable,USeqAct_SetSequenceVariable,UObject,0x0,0x0,0x0,0x0,Engine,0x328850,0x2f2460,0x326610,0x2ef200,0xf0ae60,0xeac740,0x314240,0x30a580,264
USeqAct_SetInt,Engine,264,264,0,0x0,0x0,0x3178d0,0x2f2490,Engine,USeqAct_SetSequenceVariable,USeqAct_SetSequenceVariable,UObject,0x0,0x0,0x0,0x0,Engine,0x328880,0x2f2490,0x326630,0x2ef220,0xf0ac98,0xeac8f8,0x314260,0x30a5a0,264
USeqAct_SetLocation,Engine,280,280,0,0x0,0x0,0x317960,0x2f24c0,Engine,USeqAct_SetSequenceVariable,USeqAct_SetSequenceVariable,UObject,0x0,0x0,0x0,0x0,Engine,0x3288b0,0x2f24c0,0x326650,0x2ef240,0xf0aad0,0xeacab0,0x314280,0x30a5c0,280
USeqAct_SetMatInstScalarParam,Engine,264,272,8,0x0,0x0,0x317a80,0x2ef290,Engine,USequenceAction,USequenceAction,UObject,0x0,0x0,0x0,0x0,Engine,0x3266a0,0x2ef290,0x31d380,0x2e9d60,0xf0a740,0xeace20,0x3140a0,0x30a380,264
USeqAct_SetMaterial,Engine,256,256,0,0x0,0x0,0x3179f0,0x2ef260,Engine,USequenceAction,USequenceAction,UObject,0x0,0x0,0x0,0x0,Engine,0x326670,0x2ef260,0x31d360,0x2e9d40,0xf0a908,0xeacc68,0x7e57d0,0x30a360,256
USeqAct_SetMesh,Engine,264,264,0,0x0,0x0,0x317b10,0x2ef2c0,Engine,USequenceAction,USequenceAction,UObject,0x0,0x0,0x0,0x0,Engine,0x3266d0,0x2ef2c0,0x31d3a0,0x2e9d80,0xf0a578,0xeacfd8,0x3140c0,0x30a3a0,264
USeqAct_SetMotionBlurParams,Engine,280,280,0,0x0,0x0,0x3177b0,0x2f2430,Engine,USeqAct_Latent,USeqAct_Latent,UObject,0x0,0x0,0x0,0x0,Engine,0x328820,0x2f2430,0x3265f0,0x2ef1e0,0xf0b028,0xeac588,0x313f60,0x30a220,280
USeqAct_SetObject,Engine,256,256,0,0x0,0x0,0x317ba0,0x2f24f0,Engine,USeqAct_SetSequenceVariable,USeqAct_SetSequenceVariable,UObject,0x0,0x0,0x0,0x0,Engine,0x3288e0,0x2f24f0,0x326700,0x2ef2f0,0xf0a3b0,0xead190,0x3142a0,0x30a5e0,256
USeqAct_SetPhysics,Engine,252,252,0,0x0,0x0,0x317c30,0x2ef310,Engine,USequenceAction,USequenceAction,UObject,0x0,0x0,0x0,0x0,Engine,0x326720,0x2ef310,0x31d3c0,0x2e9da0,0xf0a1e8,0xead348,0x7e5f50,0x8e60c0,252
USeqAct_SetRigidBodyIgnoreVehicles,Engine,248,248,0,0x0,0x0,0x317cc0,0x2ef340,Engine,USequenceAction,USequenceAction,UObject,0x0,0x0,0x0,0x0,Engine,0x326750,0x2ef340,0x31d3e0,0x2e9dc0,0xf0a020,0xead500,0x314060,0x30a320,248
USeqAct_SetSequenceVariable,Engine,248,248,0,0x1,0x1,0x317600,0x2ef170,Engine,USequenceAction,USequenceAction,UObject,0x0,0x0,0x0,0x0,Engine,0x326580,0x2ef170,0x31d340,0x2e9d20,0xf0b580,0xeac060,0x314060,0x30a320,248
USeqAct_SetString,Engine,272,272,0,0x0,0x0,0x317d50,0x2f2520,Engine,USeqAct_SetSequenceVariable,USeqAct_SetSequenceVariable,UObject,0x0,0x0,0x0,0x0,Engine,0x328910,0x2f2520,0x326780,0x2ef370,0xf09e58,0xead6b8,0x3142c0,0x30a600,272
USeqAct_SetVectorComponents,Engine,272,272,0,0x0,0x0,0x318770,0x2ef600,Engine,USequenceAction,USequenceAction,UObject,0x0,0x0,0x0,0x0,Engine,0x326a10,0x2ef600,0x31d4a0,0x2e9e80,0xf07e48,0xeaf5a8,0x314320,0x30a660,272
USeqAct_StreamInTextures,Engine,308,308,0,0x0,0x0,0x317de0,0x2f2550,Engine,USeqAct_Latent,USeqAct_Latent,UObject,0x0,0x0,0x0,0x0,Engine,0x328940,0x2f2550,0x3267a0,0x2ef390,0xf09c90,0xead870,0x313f80,0x30a240,308
USeqAct_SubtractFloat,Engine,264,264,0,0x0,0x0,0x3184a0,0x2f26d0,Engine,USeqAct_SetSequenceVariable,USeqAct_SetSequenceVariable,UObject,0x0,0x0,0x0,0x0,Engine,0x328ac0,0x2f26d0,0x326960,0x2ef550,0xf08730,0xeaed10,0x3142e0,0x30a620,264
USeqAct_SubtractInt,Engine,264,264,0,0x0,0x0,0x3181d0,0x2f25e0,Engine,USeqAct_SetSequenceVariable,USeqAct_SetSequenceVariable,UObject,0x0,0x0,0x0,0x0,Engine,0x3289d0,0x2f25e0,0x3268c0,0x2ef4b0,0xf09018,0xeae478,0x314300,0x30a640,264
USeqAct_Switch,Engine,272,272,0,0x0,0x0,0x317e70,0x2ef3b0,Engine,USequenceAction,USequenceAction,UObject,0x0,0x0,0x0,0x0,Engine,0x3267c0,0x2ef3b0,0x31d400,0x2e9de0,0xf09ac8,0xeada28,0x314340,0x30a680,272
USeqAct_Teleport,Engine,268,268,0,0x0,0x0,0x318800,0x2ef630,Engine,USequenceAction,USequenceAction,UObject,0x0,0x0,0x0,0x0,Engine,0x326a40,0x2ef630,0x31d4c0,0x2e9ea0,0xf07c80,0xeaf760,0x7e5ef0,0x30a770,268
USeqAct_Timer,Engine,256,256,0,0x0,0x0,0x317f00,0x2ef3e0,Engine,USequenceAction,USequenceAction,UObject,0x0,0x0,0x0,0x0,Engine,0x3267f0,0x2ef3e0,0x31d420,0x2e9e00,0xf09900,0xeadbe0,0x314380,0x30a790,256
USeqAct_Toggle,Engine,248,248,0,0x0,0x0,0x317f90,0x2ef410,Engine,USequenceAction,USequenceAction,UObject,0x0,0x0,0x0,0x0,Engine,0x326820,0x2ef410,0x31d440,0x2e9e20,0xf09738,0xeadd98,0x3143a0,0x30a7b0,248
USeqAct_Trace,Engine,308,308,0,0x0,0x0,0x318020,0x2ef440,Engine,USequenceAction,USequenceAction,UObject,0x0,0x0,0x0,0x0,Engine,0x326850,0x2ef440,0x31d460,0x2e9e40,0xf09570,0xeadf50,0x3143c0,0x30a7d0,308
USeqAct_WaitForLevelsVisible,Engine,280,280,0,0x0,0x0,0x3180b0,0x2f2580,Engine,USeqAct_Latent,USeqAct_Latent,UObject,0x0,0x0,0x0,0x0,Engine,0x328970,0x2f2580,0x326880,0x2ef470,0xf093a8,0xeae108,0x313fa0,0x30a260,280
USeqCond_CompareBool,Engine,228,228,0,0x0,0x0,0x314f30,0x2ee6a0,Engine,USequenceCondition,USequenceCondition,UObject,0x0,0x0,0x0,0x0,Engine,0x325ab0,0x2ee6a0,0x31cc60,0x2e9640,0xf13068,0xea49c8,0x314400,0x30a7f0,228
USeqCond_CompareFloat,Engine,232,232,0,0x0,0x0,0x314fc0,0x2ee6d0,Engine,USequenceCondition,USequenceCondition,UObject,0x0,0x0,0x0,0x0,Engine,0x325ae0,0x2ee6d0,0x31cc80,0x2e9660,0xf12ea0,0xea4b80,0x314420,0x30a810,232
USeqCond_CompareInt,Engine,232,232,0,0x0,0x0,0x315050,0x2ee700,Engine,USequenceCondition,USequenceCondition,UObject,0x0,0x0,0x0,0x0,Engine,0x325b10,0x2ee700,0x31cca0,0x2e9680,0xf12cd8,0xea4d38,0x314440,0x30a830,232
USeqCond_CompareObject,Engine,224,224,0,0x0,0x0,0x3150e0,0x2ee730,Engine,USequenceCondition,USequenceCondition,UObject,0x0,0x0,0x0,0x0,Engine,0x325b40,0x2ee730,0x31ccc0,0x2e96a0,0xf12b10,0xea4ef0,0x314460,0x30a850,224
USeqCond_GetServerType,Engine,224,224,0,0x0,0x0,0x315170,0x2ee760,Engine,USequenceCondition,USequenceCondition,UObject,0x0,0x0,0x0,0x0,Engine,0x325b70,0x2ee760,0x31cce0,0x2e96c0,0xf12948,0xea50a8,0x314480,0x30a870,224
USeqCond_Increment,Engine,236,236,0,0x0,0x0,0x315200,0x2ee790,Engine,USequenceCondition,USequenceCondition,UObject,0x0,0x0,0x0,0x0,Engine,0x325ba0,0x2ee790,0x31cd00,0x2e96e0,0xf12780,0xea5260,0x3144a0,0x30a890,236
USeqCond_IncrementFloat,Engine,236,236,0,0x0,0x0,0x315290,0x2ee7c0,Engine,USequenceCondition,USequenceCondition,UObject,0x0,0x0,0x0,0x0,Engine,0x325bd0,0x2ee7c0,0x31cd20,0x2e9700,0xf125b8,0xea5418,0x3144c0,0x30a8b0,236
USeqCond_IsAlive,Engine,224,224,0,0x0,0x0,0x3154d0,0x2ee850,Engine,USequenceCondition,USequenceCondition,UObject,0x0,0x0,0x0,0x0,Engine,0x325c60,0x2ee850,0x31cd80,0x2e9760,0xf11e98,0xea5af8,0x3144e0,0x30a8d0,224
USeqCond_IsConsole,Engine,224,224,0,0x0,0x0,0x315680,0x2ee8d0,Engine,USequenceCondition,USequenceCondition,UObject,0x0,0x0,0x0,0x0,Engine,0x325ce0,0x2ee8d0,0x31cdc0,0x2e97a0,0xf11940,0xea6020,0x314500,0x30a8f0,224
USeqCond_IsLoggedIn,Engine,228,228,0,0x0,0x0,0x315440,0x2ee820,Engine,USequenceCondition,USequenceCondition,UObject,0x0,0x0,0x0,0x0,Engine,0x325c30,0x2ee820,0x31cd60,0x2e9740,0xf12060,0xea5940,0x314520,0x30a910,228
USeqCond_IsSameTeam,Engine,224,224,0,0x0,0x0,0x315320,0x2ee7f0,Engine,USequenceCondition,USequenceCondition,UObject,0x0,0x0,0x0,0x0,Engine,0x325c00,0x2ee7f0,0x31cd40,0x2e9720,0xf123f0,0xea55d0,0x314540,0x30a930,224
USeqCond_MatureLanguage,Engine,224,224,0,0x0,0x0,0x3157a0,0x2ee930,Engine,USequenceCondition,USequenceCondition,UObject,0x0,0x0,0x0,0x0,Engine,0x325d40,0x2ee930,0x31ce00,0x2e97e0,0xf115b0,0xea6390,0x314560,0x30a950,224
USeqCond_ShowGore,Engine,224,224,0,0x0,0x0,0x315830,0x2ee960,Engine,USequenceCondition,USequenceCondition,UObject,0x0,0x0,0x0,0x0,Engine,0x325d70,0x2ee960,0x31ce20,0x2e9800,0xf113e8,0xea6548,0x314580,0x30a970,224
USeqCond_SwitchBase,Engine,224,224,0,0x1,0x1,0x315560,0x2ee880,Engine,USequenceCondition,USequenceCondition,UObject,0x0,0x0,0x0,0x0,Engine,0x325c90,0x2ee880,0x31cda0,0x2e9780,0xf11cd0,0xea5cb0,0x3145a0,0x30a990,224
USeqCond_SwitchClass,Engine,236,236,0,0x0,0x0,0x3153b0,0x2feaf0,Engine,USeqCond_SwitchBase,USeqCond_SwitchBase,UObject,0x0,0x0,0x0,0x0,Engine,0x32c050,0x2feaf0,0x328600,0x2f2210,0xf12228,0xea5788,0x3145c0,0x30a9b0,236
USeqCond_SwitchObject,Engine,240,240,0,0x0,0x0,0x3155f0,0x2f2230,Engine,USeqCond_SwitchBase,USeqCond_SwitchBase,UObject,0x0,0x0,0x0,0x0,Engine,0x328620,0x2f2230,0x325cc0,0x2ee8b0,0xf11b08,0xea5e68,0x3145e0,0x30aa00,240
USeqCond_SwitchPlatform,Engine,224,224,0,0x0,0x0,0x315710,0x2ee900,Engine,USequenceCondition,USequenceCondition,UObject,0x0,0x0,0x0,0x0,Engine,0x325d10,0x2ee900,0x31cde0,0x2e97c0,0xf11778,0xea61d8,0x314600,0x30aa20,224
USeqEvent_AISeeEnemy,Engine,276,276,0,0x0,0x0,0x3158c0,0x2ee990,Engine,USequenceEvent,USequenceEvent,UObject,0x0,0x0,0x0,0x0,Engine,0x325da0,0x2ee990,0x31ce40,0x2e9820,0xf11220,0xea6700,0x314640,0x30aa40,276
USeqEvent_AnimNotify,Engine,280,280,0,0x0,0x0,0x315950,0x2ee9c0,Engine,USequenceEvent,USequenceEvent,UObject,0x0,0x0,0x0,0x0,Engine,0x325dd0,0x2ee9c0,0x31ce60,0x2e9840,0xf11058,0xea68b8,0x314660,0x30aa60,280
USeqEvent_Console,Engine,292,292,0,0x0,0x0,0x3159e0,0x2ee9f0,Engine,USequenceEvent,USequenceEvent,UObject,0x0,0x0,0x0,0x0,Engine,0x325e00,0x2ee9f0,0x31ce80,0x2e9860,0xf10e90,0xea6a70,0x314680,0x30aa80,292
USeqEvent_ConstraintBroken,Engine,272,272,0,0x0,0x0,0x315a70,0x2eea20,Engine,USequenceEvent,USequenceEvent,UObject,0x0,0x0,0x0,0x0,Engine,0x325e30,0x2eea20,0x31cea0,0x2e9880,0xf10cc8,0xea6c28,0x7e60f0,0x9118e0,272
USeqEvent_CrowdAgentReachedDestination,GameFramework,272,272,0,0x0,0x0,0x5b0070,0x55e760,GameFramework,USequenceEvent,USequenceEvent,UObject,0x0,0x0,0x0,0x0,Engine,0x5b0cf0,0x55e760,0x59abc0,0x55a230,0xf53838,0xedb258,0x5ada30,0x56ddf0,272
USeqEvent_Destroyed,Engine,272,272,0,0x0,0x0,0x315b00,0x2eea50,Engine,USequenceEvent,USequenceEvent,UObject,0x0,0x0,0x0,0x0,Engine,0x325e60,0x2eea50,0x31cec0,0x2e98a0,0xf10b00,0xea6de0,0x7e60f0,0x9118e0,272
USeqEvent_LOS,Engine,284,284,0,0x0,0x0,0x318920,0x2ef690,Engine,USequenceEvent,USequenceEvent,UObject,0x0,0x0,0x0,0x0,Engine,0x326aa0,0x2ef690,0x31d500,0x2e9ee0,0xf078f0,0xeafad0,0x3146e0,0x30aae0,284
USeqEvent_LevelLoaded,Engine,272,272,0,0x0,0x0,0x315b90,0x2eea80,Engine,USequenceEvent,USequenceEvent,UObject,0x0,0x0,0x0,0x0,Engine,0x325e90,0x2eea80,0x31cee0,0x2e98c0,0xf10938,0xea6f98,0x3146a0,0x30aaa0,272
USeqEvent_LevelStartup,Engine,272,272,0,0x0,0x0,0x315c20,0x2eeab0,Engine,USequenceEvent,USequenceEvent,UObject,0x0,0x0,0x0,0x0,Engine,0x325ec0,0x2eeab0,0x31cf00,0x2e98e0,0xf10770,0xea7150,0x3146c0,0x30aac0,272
USeqEvent_Mover,Engine,276,276,0,0x0,0x0,0x315cb0,0x2eeae0,Engine,USequenceEvent,USequenceEvent,UObject,0x0,0x0,0x0,0x0,Engine,0x325ef0,0x2eeae0,0x31cf20,0x2e9900,0xf105a8,0xea7308,0x314700,0x30ab00,276
USeqEvent_ParticleEvent,Engine,324,324,0,0x0,0x0,0x315d40,0x2eeb10,Engine,USequenceEvent,USequenceEvent,UObject,0x0,0x0,0x0,0x0,Engine,0x325f20,0x2eeb10,0x31cf40,0x2e9920,0xf103e0,0xea74c0,0x314720,0x30ab20,324
USeqEvent_RemoteEvent,Engine,284,284,0,0x0,0x0,0x315dd0,0x2eeb40,Engine,USequenceEvent,USequenceEvent,UObject,0x0,0x0,0x0,0x0,Engine,0x325f50,0x2eeb40,0x31cf60,0x2e9940,0xf10218,0xea7678,0x314740,0x30ab40,284
USeqEvent_RigidBodyCollision,Engine,276,276,0,0x0,0x0,0x315e60,0x2eeb70,Engine,USequenceEvent,USequenceEvent,UObject,0x0,0x0,0x0,0x0,Engine,0x325f80,0x2eeb70,0x31cf80,0x2e9960,0xf10050,0xea7830,0x7e6150,0x30ab60,276
USeqEvent_SeeDeath,Engine,272,272,0,0x0,0x0,0x315ef0,0x2eeba0,Engine,USequenceEvent,USequenceEvent,UObject,0x0,0x0,0x0,0x0,Engine,0x325fb0,0x2eeba0,0x31cfa0,0x2e9980,0xf0fe88,0xea79e8,0x314760,0x30ab80,272
USeqEvent_SequenceActivated,Engine,284,284,0,0x0,0x0,0x315f80,0x2eebd0,Engine,USequenceEvent,USequenceEvent,UObject,0x0,0x0,0x0,0x0,Engine,0x325fe0,0x2eebd0,0x31cfc0,0x2e99a0,0xf0fcc0,0xea7ba0,0x314780,0x30aba0,284
USeqEvent_TakeDamage,Engine,312,312,0,0x0,0x0,0x316010,0x2eec00,Engine,USequenceEvent,USequenceEvent,UObject,0x0,0x0,0x0,0x0,Engine,0x326010,0x2eec00,0x31cfe0,0x2e99c0,0xf0faf8,0xea7d58,0x3147a0,0x30abc0,312
USeqEvent_Touch,Engine,336,336,0,0x0,0x0,0x3160a0,0x2eec30,Engine,USequenceEvent,USequenceEvent,UObject,0x0,0x0,0x0,0x0,Engine,0x326040,0x2eec30,0x31d000,0x2e99e0,0xf0f930,0xea7f10,0x3147c0,0x30abe0,336
USeqEvent_Used,Engine,320,320,0,0x0,0x0,0x316130,0x2eec60,Engine,USequenceEvent,USequenceEvent,UObject,0x0,0x0,0x0,0x0,Engine,0x326070,0x2eec60,0x31d020,0x2e9a00,0xf0f768,0xea80c8,0x3147e0,0x30ac00,320
USeqVar_Bool,Engine,152,152,0,0x0,0x0,0x308cb0,0x2e4110,Engine,USequenceVariable,USequenceVariable,UObject,0x0,0x0,0x0,0x0,Engine,0x314d20,0x2e4110,0x3135a0,0x2d89a0,0xf14958,0xea31b8,0x308070,0x2fe6c0,152
USeqVar_Character,Engine,180,180,0,0x1,0x1,0x309400,0x2e9610,Engine,USeqVar_Object,USeqVar_Object,UObject,0x0,0x0,0x0,0x0,Engine,0x319eb0,0x2e9610,0x314f10,0x2e4300,0xf13230,0xea4810,0x308170,0x2fe7c0,180
USeqVar_External,Engine,164,164,0,0x0,0x0,0x308d40,0x2edd00,Engine,USequenceVariable,USequenceVariable,USequence,0x0,0x0,0x0,0x0,Engine,0x325a80,0x2edd00,0x31cc40,0x2e9500,0xf14790,0xea3370,0x308090,0x2fe6e0,164
USeqVar_Float,Engine,152,152,0,0x0,0x0,0x308dd0,0x2e4140,Engine,USequenceVariable,USequenceVariable,UObject,0x0,0x0,0x0,0x0,Engine,0x314d50,0x2e4140,0x3135c0,0x2d89c0,0xf145c8,0xea3528,0x3080b0,0x2fe700,152
USeqVar_Int,Engine,152,152,0,0x0,0x0,0x308e60,0x2e4170,Engine,USequenceVariable,USequenceVariable,UObject,0x0,0x0,0x0,0x0,Engine,0x314d80,0x2e4170,0x3135e0,0x2d89e0,0xf14400,0xea36e0,0x3080f0,0x2fe740,152
USeqVar_Named,Engine,164,164,0,0x0,0x0,0x308ef0,0x2e41a0,Engine,USequenceVariable,USequenceVariable,UObject,0x0,0x0,0x0,0x0,Engine,0x314db0,0x2e41a0,0x313600,0x2d8a00,0xf14238,0xea3898,0x308130,0x2fe780,164
USeqVar_Object,Engine,176,176,0,0x0,0x0,0x308f80,0x2e41d0,Engine,USequenceVariable,USequenceVariable,UObject,0x0,0x0,0x0,0x0,Engine,0x314de0,0x2e41d0,0x313620,0x2d8a20,0xf14070,0xea3a50,0x308150,0x2fe7a0,176
USeqVar_ObjectList,Engine,188,188,0,0x0,0x0,0x309010,0x2e9520,Engine,USeqVar_Object,USeqVar_Object,UObject,0x0,0x0,0x0,0x0,Engine,0x319dc0,0x2e9520,0x314e10,0x2e4200,0xf13ea8,0xea3c08,0x308190,0x2fe7e0,188
USeqVar_ObjectVolume,Engine,208,208,0,0x0,0x0,0x3090a0,0x2e9550,Engine,USeqVar_Object,USeqVar_Object,UObject,0x0,0x0,0x0,0x0,Engine,0x319df0,0x2e9550,0x314e30,0x2e4220,0xf13ce0,0xea3dc0,0x3081b0,0x2fe800,208
USeqVar_Player,Engine,196,196,0,0x0,0x0,0x309130,0x2e9580,Engine,USeqVar_Object,USeqVar_Object,UObject,0x0,0x0,0x0,0x0,Engine,0x319e20,0x2e9580,0x314e50,0x2e4240,0xf13b18,0xea3f78,0x3081d0,0x2fe820,196
USeqVar_RandomFloat,Engine,160,160,0,0x0,0x0,0x3091c0,0x2e95b0,Engine,USeqVar_Float,USeqVar_Float,UObject,0x0,0x0,0x0,0x0,Engine,0x319e50,0x2e95b0,0x314e70,0x2e4260,0xf13950,0xea4130,0x3080d0,0x2fe720,160
USeqVar_RandomInt,Engine,160,160,0,0x0,0x0,0x309250,0x2e95e0,Engine,USeqVar_Int,USeqVar_Int,UObject,0x0,0x0,0x0,0x0,Engine,0x319e80,0x2e95e0,0x314e90,0x2e4280,0xf13788,0xea42e8,0x308110,0x2fe760,160
USeqVar_String,Engine,160,160,0,0x0,0x0,0x3092e0,0x2e42a0,Engine,USequenceVariable,USequenceVariable,UObject,0x0,0x0,0x0,0x0,Engine,0x314eb0,0x2e42a0,0x313640,0x2d8a40,0xf135c0,0xea44a0,0x3081f0,0x2fe840,160
USeqVar_Vector,Engine,160,160,0,0x0,0x0,0x309370,0x2e42d0,Engine,USequenceVariable,USequenceVariable,UObject,0x0,0x0,0x0,0x0,Engine,0x314ee0,0x2e42d0,0x313660,0x2d8a60,0xf133f8,0xea4658,0x308210,0x2fe860,160
USequence,Engine,328,328,0,0x0,0x0,0x314a00,0x2e9410,Engine,USequenceOp,USequenceOp,UObject,0x0,0x0,0x0,0x0,Engine,0x31cb80,0x2e9410,0x31b710,0x2e4040,0xf15960,0xea2240,0x313b40,0x307180,328
USequenceAction,Engine,248,248,0,0x1,0x1,0x314a90,0x2e9440,Engine,USequenceOp,USequenceOp,UObject,0x0,0x0,0x0,0x0,Engine,0x31cbb0,0x2e9440,0x31b730,0x2e4060,0xf15798,0xea23f8,0x313ba0,0x3071d0,248
USequenceCondition,Engine,224,224,0,0x1,0x1,0x314b20,0x2e9470,Engine,USequenceOp,USequenceOp,UObject,0x0,0x0,0x0,0x0,Engine,0x31cbe0,0x2e9470,0x31b750,0x2e4080,0xf155d0,0xea25b0,0x3143e0,0x307be0,224
USequenceEvent,Engine,272,272,0,0x1,0x1,0x314bb0,0x2e94a0,Engine,USequenceOp,USequenceOp,UObject,0x0,0x0,0x0,0x0,Engine,0x31cc10,0x2e94a0,0x31b770,0x2e40a0,0xf15408,0xea2768,0x314620,0x307f30,272
USequenceFrame,Engine,172,172,0,0x0,0x0,0x308a70,0x2e40c0,Engine,USequenceObject,USequenceObject,UObject,0x0,0x0,0x0,0x0,Engine,0x314c40,0x2e40c0,0x313550,0x2d8920,0xf15240,0xea2920,0x308000,0x2fe620,172
USequenceFrameWrapped,Engine,172,172,0,0x0,0x0,0x308b00,0x2e94d0,Engine,USequenceFrame,USequenceFrame,UObject,0x0,0x0,0x0,0x0,Engine,0x319d60,0x2e94d0,0x314c70,0x2e40f0,0xf15078,0xea2ad8,0x308020,0x302960,172
USequenceObject,Engine,140,140,0,0x1,0x1,0x308b90,0x2d19f0,Engine,UObject,UObject,UObject,0x0,0x0,0x0,0x0,Engine,0x30c940,0x2d19f0,0x2ea0b0,0x2cf0a0,0xf14eb0,0xea2c90,0x307fe0,0x2fe600,140
USequenceOp,Engine,224,224,0,0x1,0x1,0x314c90,0x2d8940,Engine,USequenceObject,USequenceObject,UObject,0x0,0x0,0x0,0x0,Engine,0x319d90,0x2d8940,0x30c970,0x2d1a20,0xf14ce8,0xea2e48,0x313b20,0x307160,224
USequenceVariable,Engine,148,148,0,0x1,0x1,0x308c20,0x2d8970,Engine,USequenceObject,USequenceObject,UObject,0x0,0x0,0x0,0x0,Engine,0x313570,0x2d8970,0x30c990,0x2d1a40,0xf14b20,0xea3000,0x308050,0x2fe6a0,148
USettings,Engine,128,128,0,0x1,0x1,0x53aa50,0x4f1270,Engine,UObject,UObject,UObject,0x0,0x0,0x0,0x0,Engine,0x53ab60,0x4f1270,0x526a20,0x4f08b0,0xf41698,0xed0f50,0x53a820,0x4fc1b0,128
UShaderCache,Engine,128,128,0,0x10000000,0x10000000,0x16ad60,0x148ba0,Engine,UObject,UObject,UObject,0x0,0x0,0x0,0x0,Engine,0x16be90,0x148ba0,0x1502a0,0x146f20,0xedfe90,0xe7c5e8,0x169480,0x160650,128
UShadowMap1D,Engine,120,120,0,0x10000000,0x10000000,0x351cb0,0x30f7d0,Engine,UObject,UObject,UObject,0x0,0x0,0x0,0x0,Engine,0x359b80,0x30f7d0,0x32e980,0x30c0a0,0xf1c068,0xeb00c8,0x351c90,0x330790,120
UShadowMap2D,Engine,104,104,0,0x100,0x100,0x337530,0x30f7a0,Engine,UObject,UObject,UObject,0x0,0x0,0x0,0x0,Engine,0x340380,0x30f7a0,0x32e960,0x30c070,0xf1c230,0xeaff10,0x337510,0x314b80,104
UShadowMapTexture2D,Engine,372,376,4,0x100,0x100,0x368780,0x30f770,Engine,UTexture2D,UTexture2D,UObject,0x0,0x0,0x0,0x0,Engine,0x36b190,0x30f770,0x32e940,0x30c040,0xf1c3f8,0xeafd58,0x368760,0x34c080,372
USkelControlBase,Engine,184,184,0,0x1,0x1,0x3521c0,0x30fc30,Engine,UAnimObject,UAnimObject,UObject,0x0,0x0,0x0,0x0,Engine,0x359e10,0x30fc30,0x32f5e0,0x30c790,0xf1bea0,0xeb0280,0x352040,0x330860,184
USkelControlFootPlacement,Engine,284,284,0,0x0,0x0,0x352490,0x31e260,Engine,USkelControlLimb,USkelControlLimb,UObject,0x0,0x0,0x0,0x0,Engine,0x36b4b0,0x31e260,0x368a90,0x314ff0,0xf1b5b8,0xeb0b18,0x3520e0,0x336930,284
USkelControlHandlebars,Engine,252,252,0,0x0,0x0,0x3525b0,0x31e2c0,Engine,USkelControlSingleBone,USkelControlSingleBone,UObject,0x0,0x0,0x0,0x0,Engine,0x36b510,0x31e2c0,0x368ad0,0x315030,0xf1b228,0xeb0e88,0x352140,0x336990,252
USkelControlLimb,Engine,248,248,0,0x0,0x0,0x352400,0x314fc0,Engine,USkelControlBase,USkelControlBase,UObject,0x0,0x0,0x0,0x0,Engine,0x368a60,0x314fc0,0x359ea0,0x30fcc0,0xf1b780,0xeb0960,0x3520c0,0x336910,248
USkelControlLookAt,Engine,300,300,0,0x0,0x0,0x3522e0,0x314f60,Engine,USkelControlBase,USkelControlBase,UObject,0x0,0x0,0x0,0x0,Engine,0x368a00,0x314f60,0x359e60,0x30fc80,0xf1bb10,0xeb05f0,0x352100,0x336950,300
USkelControlSingleBone,Engine,232,232,0,0x0,0x0,0x352250,0x314f30,Engine,USkelControlBase,USkelControlBase,UObject,0x0,0x0,0x0,0x0,Engine,0x3689d0,0x314f30,0x359e40,0x30fc60,0xf1bcd8,0xeb0438,0x352120,0x336970,232
USkelControlSpline,Engine,204,204,0,0x0,0x0,0x352370,0x314f90,Engine,USkelControlBase,USkelControlBase,UObject,0x0,0x0,0x0,0x0,Engine,0x368a30,0x314f90,0x359e80,0x30fca0,0xf1b948,0xeb07a8,0x352180,0x3369d0,204
USkelControlTrail,Engine,304,304,0,0x0,0x0,0x352640,0x315050,Engine,USkelControlBase,USkelControlBase,UObject,0x0,0x0,0x0,0x0,Engine,0x368af0,0x315050,0x359ec0,0x30fce0,0xf1b060,0xeb1040,0x3521a0,0x3369f0,304
USkelControlWheel,Engine,256,256,0,0x0,0x0,0x352520,0x31e290,Engine,USkelControlSingleBone,USkelControlSingleBone,UObject,0x0,0x0,0x0,0x0,Engine,0x36b4e0,0x31e290,0x368ab0,0x315010,0xf1b3f0,0xeb0cd0,0x352160,0x3369b0,256
USkelControl_CCD_IK,Engine,256,256,0,0x0,0x0,0x3526d0,0x315080,Engine,USkelControlBase,USkelControlBase,UObject,0x0,0x0,0x0,0x0,Engine,0x368b20,0x315080,0x359ee0,0x30fd00,0xf1ae98,0xeb11f8,0x352060,0x3368b0,256
USkelControl_Multiply,Engine,188,188,0,0x0,0x0,0x3527f0,0x3150e0,Engine,USkelControlBase,USkelControlBase,UObject,0x0,0x0,0x0,0x0,Engine,0x368b80,0x3150e0,0x359f20,0x30fd40,0xf1ab08,0xeb1568,0x352080,0x3368d0,188
USkelControl_TwistBone,Engine,196,196,0,0x0,0x0,0x352760,0x3150b0,Engine,USkelControlBase,USkelControlBase,UObject,0x0,0x0,0x0,0x0,Engine,0x368b50,0x3150b0,0x359f00,0x30fd20,0xf1acd0,0xeb13b0,0x3520a0,0x3368f0,196
USkeletalMesh,Engine,528,528,0,0x140,0x140,0x375190,0x313840,Engine,UObject,UObject,UObject,0x0,0x0,0x0,0x0,Engine,0x377010,0x313840,0x3310a0,0x30e7b0,0xf18930,0xeb3610,0x374170,0x354b20,528
USkeletalMeshComponent,Engine,1056,1088,32,0x100,0x100,0x372090,0x312490,Engine,UMeshComponent,UMeshComponent,UObject,0x0,0x0,0x0,0x0,Engine,0x373170,0x312490,0x330640,0x30d660,0xf18af8,0xeb3458,0x371da0,0x352a70,1056
USkeletalMeshSocket,Engine,120,120,0,0x0,0x0,0x3360b0,0x313870,Engine,UObject,UObject,UObject,0x0,0x0,0x0,0x0,Engine,0x33d730,0x313870,0x3310c0,0x30e7d0,0xf18768,0xeb37c8,0x334cf0,0x312420,120
USkyLightComponent,Engine,432,432,0,0x0,0x0,0x1651d0,0x148d90,Engine,ULightComponent,ULightComponent,UObject,0x0,0x0,0x0,0x0,Engine,0x169860,0x148d90,0x1506f0,0x147340,0xedfc98,0xe7c7a0,0x165160,0x15c6e0,432
USmokeTestCommandlet,Engine,120,120,0,0x10000008,0x10000008,0x219fe0,0x1e3660,Engine,UCommandlet,UCommandlet,UObject,0x0,0x0,0x0,0x0,Engine,0x21a830,0x1e3660,0x1ef2f0,0x1d8960,0xef5d30,0xe92c88,0x219ef0,0x204fd0,120
USpeechRecognition,Engine,192,192,0,0x0,0x0,0x109790,0xe1f70,Engine,UObject,UObject,UObject,0x0,0x0,0x0,0x0,Engine,0x10bce0,0xe1f70,0xd9230,0xdba40,0xed3630,0xe74ae0,0x1089a0,0x109750,192
USpeedTree,Engine,124,124,0,0x0,0x0,0x53d9e0,0x4fd260,Engine,UObject,UObject,UObject,0x0,0x0,0x0,0x0,Engine,0x541750,0x4fd260,0x53abe0,0x4fc280,0xf479f0,0xed1490,0x53d9c0,0x4fe4f0,124
USpeedTreeActorFactory,Engine,92,92,0,0x4,0x4,0x544460,0x4fd290,Engine,UActorFactory,UActorFactory,UObject,0x0,0x0,0x0,0x0,Editor,0x546900,0x4fd290,0x53ac60,0x4fc350,0xf47828,0xed1648,0x544440,0x506470,92
USpeedTreeComponent,Engine,640,640,0,0x0,0x0,0x548550,0x4fd350,Engine,UPrimitiveComponent,UPrimitiveComponent,UObject,0x0,0x0,0x0,0x0,Engine,0x548bd0,0x4fd350,0x53ac80,0x4fc380,0xf47660,0xed1800,0x548360,0x509000,640
USpeedTreeComponentFactory,Engine,68,68,0,0x0,0x0,0x53dc70,0x4fd470,Engine,UPrimitiveComponentFactory,UPrimitiveComponentFactory,UObject,0x0,0x0,0x0,0x0,Engine,0x5418a0,0x4fd470,0x53acb0,0x4fc3b0,0xf47498,0xed19b8,0x53d9a0,0x4fe4d0,68
USphericalHarmonicLightComponent,Engine,592,592,0,0x0,0x0,0x165800,0x148dc0,Engine,ULightComponent,ULightComponent,UObject,0x0,0x0,0x0,0x0,Engine,0x169890,0x148dc0,0x150720,0x1473b0,0xedfad0,0xe7c958,0x165180,0x15c700,592
USplineComponent,Engine,512,512,0,0x0,0x0,0x161180,0x1491b0,Engine,UPrimitiveComponent,UPrimitiveComponent,UObject,0x0,0x0,0x0,0x0,Engine,0x161f50,0x1491b0,0x150800,0x147470,0xedf708,0xe7ccc8,0x1610d0,0x158dc0,512
USplineMeshComponent,Engine,688,688,0,0x0,0x0,0x161330,0x1494c0,Engine,UStaticMeshComponent,UStaticMeshComponent,UObject,0x0,0x0,0x0,0x0,Engine,0x161fa0,0x1494c0,0x150c40,0x1478d0,0xedf1b0,0xe7d1f0,0x160d00,0x14a670,688
USpotLightComponent,Engine,576,576,0,0x0,0x0,0x167500,0x149990,Engine,UPointLightComponent,UPointLightComponent,UObject,0x0,0x0,0x0,0x0,Engine,0x169d90,0x149990,0x150ca0,0x147950,0xedefe8,0xe7d3a8,0x165100,0x15c680,576
USpriteComponent,Engine,480,480,0,0x0,0x0,0x18d000,0x16a120,Engine,UPrimitiveComponent,UPrimitiveComponent,UObject,0x0,0x0,0x0,0x0,Engine,0x18f7e0,0x16a120,0x16e9b0,0x165080,0xeeaf38,0xe7da18,0x18b4b0,0x16c2f0,480
UState,Core,200,200,0,0x10000000,0x10000000,0x6c590,0x23dd0,Core,UStruct,UStruct,UObject,0x40000,0x40000,0x0,0x0,Engine,0x6cba0,0x23dd0,0x57c70,0x21ef0,0xe44c30,0xe6fba0,0x6c060,0x79f50,200
UStateNPCActionParry,DishonoredGame,104,104,0,0x4,0x4,0x6ba1a0,0x671930,DishonoredGame,UStateNPCMasterAction,UStateNPCMasterAction,UObject,0x0,0x0,0x0,0x0,NPC,0x6c4680,0x671930,0x6c24e0,0x6702a0,0xf82560,0xf044f8,0x6b6700,0x666860,104
UStateNPCAttractSpell,DishonoredGame,116,116,0,0x4,0x4,0x6ba2e0,0x674310,DishonoredGame,UStateNPCMasterPlayAnim,UStateNPCMasterPlayAnim,UObject,0x0,0x0,0x0,0x0,NPC,0x6c66c0,0x674310,0x6c46b0,0x671960,0xf82398,0xf046b0,0x6b6b50,0x666c20,116
UStateNPCEscapeExplosion,DishonoredGame,64,64,0,0x0,0x0,0x72b5c0,0x6e5dc0,DishonoredGame,UDishonoredNativeState,UDishonoredNativeState,UObject,0x0,0x0,0x0,0x0,Engine,0x72de90,0x6e5dc0,0x722cf0,0x6e39a0,0xf9b700,0xf216e0,0x729600,0x6e8cd0,64
UStateNPCInstigatedMasterAction,DishonoredGame,104,104,0,0x4,0x4,0x6ba3b0,0x671980,DishonoredGame,UStateNPCMasterAction,UStateNPCMasterAction,UObject,0x0,0x0,0x0,0x0,NPC,0x6c46d0,0x671980,0x6c2500,0x6702c0,0xf821d0,0xf04868,0x6b6720,0x6668b0,104
UStateNPCMasterAction,DishonoredGame,100,100,0,0x4,0x4,0x6ba440,0x66cff0,DishonoredGame,UStateSharedActionBase,UStateSharedActionBase,UObject,0x0,0x0,0x0,0x0,NPC,0x6bf7e0,0x66cff0,0x6aff30,0x66a480,0xf82008,0xf04a20,0x6b66e0,0x666840,100
UStateNPCMasterActionImmolate,DishonoredGame,156,156,0,0x4,0x4,0x6ba500,0x6743a0,DishonoredGame,UStateNPCInstigatedMasterAction,UStateNPCInstigatedMasterAction,UObject,0x0,0x0,0x0,0x0,NPC,0x6c6750,0x6743a0,0x6c4730,0x6719b0,0xf81e40,0xf04bd8,0x6b6740,0x66c070,156
UStateNPCMasterActionMelee,DishonoredGame,112,112,0,0x4,0x4,0x6ba930,0x6703f0,DishonoredGame,UStateNPCMasterAction,UStateNPCMasterAction,UObject,0x0,0x0,0x0,0x0,NPC,0x6c2550,0x6703f0,0x6bf930,0x66d130,0xf81c78,0xf04d90,0x6b6840,0x666a20,112
UStateNPCMasterActionMeleeSwarm,DishonoredGame,116,120,4,0x4,0x4,0x6c7d60,0x670420,DishonoredGame,UStateNPCMasterAction,UStateNPCMasterAction,UObject,0x0,0x0,0x0,0x0,NPC,0x6c9920,0x670420,0x6bfa20,0x66d280,0xf81ab0,0xf04f48,0x6c73d0,0x674e90,116
UStateNPCMasterActionMeleeVersus,DishonoredGame,104,104,0,0x4,0x4,0x6bad40,0x6706e0,DishonoredGame,UStateNPCMasterAction,UStateNPCMasterAction,UObject,0x0,0x0,0x0,0x0,NPC,0x6c2700,0x6706e0,0x6bfa90,0x66d300,0xf818e8,0xf05100,0x6b6860,0x666a40,104
UStateNPCMasterActionPostPossessed,DishonoredGame,104,104,0,0x4,0x4,0x6baef0,0x674570,DishonoredGame,UStateNPCInstigatedMasterAction,UStateNPCInstigatedMasterAction,UObject,0x0,0x0,0x0,0x0,NPC,0x6c6970,0x674570,0x6c47c0,0x671b00,0xf81720,0xf052b8,0x6b6760,0x66c090,104
UStateNPCMasterAim,DishonoredGame,132,132,0,0x4,0x4,0x6bfae0,0x670710,DishonoredGame,UStateNPCMasterAction,UStateNPCMasterAction,UObject,0x0,0x0,0x0,0x0,NPC,0x6c2850,0x670710,0x6bfb70,0x66d320,0xf81390,0xf05628,0x6be4d0,0x66c180,132
UStateNPCMasterAim_Grenade,DishonoredGame,132,132,0,0x4,0x4,0x6bfb90,0x671b20,DishonoredGame,UStateNPCMasterAim,UStateNPCMasterAim,UObject,0x0,0x0,0x0,0x0,NPC,0x6c47e0,0x671b20,0x6c2960,0x670860,0xf811c8,0xf057e0,0x6be500,0x66c1b0,132
UStateNPCMasterBePossessed,DishonoredGame,108,112,4,0x4,0x4,0x6bb470,0x6748e0,DishonoredGame,UStateNPCInstigatedMasterAction,UStateNPCInstigatedMasterAction,UObject,0x0,0x0,0x0,0x0,NPC,0x6c6b40,0x6748e0,0x6c4890,0x671bd0,0xf80c70,0xf05d08,0x6b6780,0x66c0b0,108
UStateNPCMasterBeingAssassinated,DishonoredGame,120,120,0,0x4,0x4,0x6bb140,0x670890,DishonoredGame,UStateNPCMasterAction,UStateNPCMasterAction,UObject,0x0,0x0,0x0,0x0,NPC,0x6c2990,0x670890,0x6bfc20,0x66d340,0xf81000,0xf05998,0x6b6a30,0x666ad0,120
UStateNPCMasterBeingChoked,DishonoredGame,104,104,0,0x4,0x4,0x6bb3e0,0x6708c0,DishonoredGame,UStateNPCMasterAction,UStateNPCMasterAction,UObject,0x0,0x0,0x0,0x0,NPC,0x6c29c0,0x6708c0,0x6bfc40,0x66d360,0xf80e38,0xf05b50,0x6b6a50,0x666af0,104
UStateNPCMasterDead,DishonoredGame,120,120,0,0x5,0x5,0x6bcd00,0x681da0,DishonoredGame,UStateNPCInstigatedMasterAction,UStateNPCInstigatedMasterAction,UObject,0x0,0x0,0x0,0x0,NPC,0x6c6e20,0x681da0,0x6c4ca0,0x67cf80,0xf7ec60,0xf07c08,0x6b94c0,0x686a10,120
UStateNPCMasterDead_BeingCarried,DishonoredGame,160,160,0,0x4,0x4,0x6c4cc0,0x687d60,DishonoredGame,UStateNPCMasterDead,UStateNPCMasterDead,UObject,0x0,0x0,0x0,0x0,NPC,0x6c8b70,0x687d60,0x6c6e50,0x681eb0,0xf7e8d0,0xf07f78,0x6c44d0,0x69c050,160
UStateNPCMasterDead_Electrocuted,DishonoredGame,228,228,0,0x4,0x4,0x6bcf20,0x699f30,DishonoredGame,UStateNPCMasterDead_Limp,UStateNPCMasterDead_Limp,UObject,0x0,0x0,0x0,0x0,NPC,0x6caf70,0x699f30,0x6ca0f0,0x690ea0,0xf7e378,0xf084a0,0x6b9510,0x686a60,228
UStateNPCMasterDead_Limp,DishonoredGame,184,184,0,0x4,0x4,0x6bd0e0,0x687ec0,DishonoredGame,UStateNPCMasterDead,UStateNPCMasterDead,UObject,0x0,0x0,0x0,0x0,NPC,0x6c8ba0,0x687ec0,0x6c6fa0,0x681f50,0xf7e1b0,0xf08658,0x6b94e0,0x686a30,184
UStateNPCMasterDistracted,DishonoredGame,116,116,0,0x4,0x4,0x6bb500,0x6708f0,DishonoredGame,UStateNPCMasterAction,UStateNPCMasterAction,UObject,0x0,0x0,0x0,0x0,NPC,0x6c29f0,0x6708f0,0x6bfe50,0x66d4c0,0xf80aa8,0xf05ec0,0x6b6a70,0x666b10,116
UStateNPCMasterDodge,DishonoredGame,112,112,0,0x4,0x4,0x6bb5d0,0x6709b0,DishonoredGame,UStateNPCMasterAction,UStateNPCMasterAction,UObject,0x0,0x0,0x0,0x0,NPC,0x6c2a20,0x6709b0,0x6bfe70,0x66d4e0,0xf808e0,0xf06078,0x6b6a90,0x666b30,112
UStateNPCMasterDualPlayAnim,DishonoredGame,116,116,0,0x4,0x4,0x6bb740,0x674970,DishonoredGame,UStateNPCMasterPlayAnim,UStateNPCMasterPlayAnim,UObject,0x0,0x0,0x0,0x0,NPC,0x6c6be0,0x674970,0x6c4a70,0x671da0,0xf80718,0xf06230,0x6b6b70,0x666c70,116
UStateNPCMasterEquip,DishonoredGame,96,96,0,0x0,0x0,0x6bb7d0,0x665600,DishonoredGame,UStateNPCUpperBodyAction,UStateNPCUpperBodyAction,UObject,0x0,0x0,0x0,0x0,NPC,0x6c4a90,0x665600,0x6c2a50,0x661ba0,0xf80550,0xf063e8,0x6b6bf0,0x666cc0,96
UStateNPCMasterFalling,DishonoredGame,104,104,0,0x4,0x4,0x6ba080,0x677bd0,DishonoredGame,UStateNPCInstigatedMasterAction,UStateNPCInstigatedMasterAction,UObject,0x0,0x0,0x0,0x0,NPC,0x6c7ac0,0x677bd0,0x6c66a0,0x6742f0,0xf828f0,0xf04188,0x6b67a0,0x66c0d0,104
UStateNPCMasterFallingUncontrolled,DishonoredGame,100,100,0,0x4,0x4,0x6ba110,0x6718f0,DishonoredGame,UStateNPCMasterAction,UStateNPCMasterAction,UObject,0x0,0x0,0x0,0x0,NPC,0x6c4650,0x6718f0,0x6c24c0,0x670280,0xf82728,0xf04340,0x6b6ab0,0x666b50,100
UStateNPCMasterGesture,DishonoredGame,104,104,0,0x4,0x4,0x6bbb40,0x6709e0,DishonoredGame,UStateNPCMasterAction,UStateNPCMasterAction,UObject,0x0,0x0,0x0,0x0,NPC,0x6c2a70,0x6709e0,0x6bfee0,0x66d500,0xf80388,0xf065a0,0x6b6ad0,0x666ba0,104
UStateNPCMasterLyingInWait,DishonoredGame,100,100,0,0x4,0x4,0x6bbbd0,0x670a10,DishonoredGame,UStateNPCMasterAction,UStateNPCMasterAction,UObject,0x0,0x0,0x0,0x0,NPC,0x6c2aa0,0x670a10,0x6bff00,0x66d520,0xf801c0,0xf06758,0x6b6af0,0x666bc0,100
UStateNPCMasterMinigame,DishonoredGame,100,100,0,0x4,0x4,0x6bbc60,0x670a80,DishonoredGame,UStateNPCMasterAction,UStateNPCMasterAction,UObject,0x0,0x0,0x0,0x0,NPC,0x6c2ad0,0x670a80,0x6bff20,0x66d540,0xf7fff8,0xf06910,0x6b6b10,0x666be0,100
UStateNPCMasterPlayAnim,DishonoredGame,116,116,0,0x4,0x4,0x6bbd70,0x670ab0,DishonoredGame,UStateNPCMasterAction,UStateNPCMasterAction,UObject,0x0,0x0,0x0,0x0,NPC,0x6c2b00,0x670ab0,0x6bff40,0x66d560,0xf7fe30,0xf06ac8,0x6b6b30,0x666c00,116
UStateNPCMasterProjectileHitReact,DishonoredGame,124,124,0,0x4,0x4,0x6bbe50,0x6749a0,DishonoredGame,UStateNPCInstigatedMasterAction,UStateNPCInstigatedMasterAction,UObject,0x0,0x0,0x0,0x0,NPC,0x6c6c60,0x6749a0,0x6c4b90,0x671e70,0xf7fc68,0xf06c80,0x6b67c0,0x66c120,124
UStateNPCMasterRangedAttack,DishonoredGame,116,116,0,0x4,0x4,0x6bbee0,0x671e90,DishonoredGame,UStateNPCMasterPlayAnim,UStateNPCMasterPlayAnim,UObject,0x0,0x0,0x0,0x0,NPC,0x6c4bb0,0x671e90,0x6c2b30,0x670ae0,0xf7faa0,0xf06e38,0x6b6b90,0x8efb30,116
UStateNPCMasterStrongHitReact,DishonoredGame,116,116,0,0x4,0x4,0x6bbf70,0x674a20,DishonoredGame,UStateNPCInstigatedMasterAction,UStateNPCInstigatedMasterAction,UObject,0x0,0x0,0x0,0x0,NPC,0x6c6ce0,0x674a20,0x6c4be0,0x671ec0,0xf7f8d8,0xf06ff0,0x6b67e0,0x66c140,116
UStateNPCMasterStunned,DishonoredGame,140,140,0,0x4,0x4,0x6bc000,0x674a50,DishonoredGame,UStateNPCInstigatedMasterAction,UStateNPCInstigatedMasterAction,UObject,0x0,0x0,0x0,0x0,NPC,0x6c6d10,0x674a50,0x6c4c00,0x671ee0,0xf7f710,0xf071a8,0x6b6800,0x66c160,140
UStateNPCMasterSurprised,DishonoredGame,132,132,0,0x4,0x4,0x6bc220,0x6815a0,DishonoredGame,UStateNPCMasterPlayAnim,UStateNPCMasterPlayAnim,UObject,0x0,0x0,0x0,0x0,NPC,0x6c4c20,0x6815a0,0x6c2b50,0x67caa0,0xf7f548,0xf07370,0x6b6bb0,0x686930,132
UStateNPCMasterTallboyAim,DishonoredGame,172,172,0,0x4,0x4,0x6c0220,0x681c90,DishonoredGame,UStateNPCMasterAim,UStateNPCMasterAim,UObject,0x0,0x0,0x0,0x0,NPC,0x6c4c70,0x681c90,0x6c2f30,0x67cc80,0xf7ee28,0xf07a50,0x6be530,0x690350,172
UStateNPCMasterThrown,DishonoredGame,172,176,4,0x4,0x4,0x6bc320,0x6816e0,DishonoredGame,UStateNPCInstigatedMasterAction,UStateNPCInstigatedMasterAction,UObject,0x0,0x0,0x0,0x0,NPC,0x6c6da0,0x6816e0,0x6c4c50,0x67cb40,0xf7f380,0xf07528,0x6b6820,0x6868a0,172
UStateNPCMasterWalk,DishonoredGame,68,68,0,0x0,0x0,0x6bc890,0x681b00,DishonoredGame,UDishonoredNativeState,UDishonoredNativeState,UObject,0x0,0x0,0x0,0x0,NPC,0x6c01f0,0x681b00,0x6b1350,0x67cc50,0xf7eff0,0xf07898,0x6b66c0,0x686880,68
UStateNPCMusicBox,DishonoredGame,100,100,0,0x0,0x0,0x6bd6d0,0x691370,DishonoredGame,UStateNPCUpperPlayAnim,UStateNPCUpperPlayAnim,UObject,0x0,0x0,0x0,0x0,NPC,0x6c56b0,0x691370,0x6c3330,0x688710,0xf7dc58,0xf08b80,0x6b6c30,0x686990,100
UStateNPCUpperBodyAction,DishonoredGame,84,84,0,0x0,0x0,0x6bd5b0,0x681fb0,DishonoredGame,UStateSharedActionBase,UStateSharedActionBase,UObject,0x0,0x0,0x0,0x0,NPC,0x6c0a30,0x681fb0,0x6b18b0,0x67d2e0,0xf7dfe8,0xf08810,0x6b6bd0,0x686950,84
UStateNPCUpperPlayAnim,DishonoredGame,100,100,0,0x0,0x0,0x6bd640,0x6886e0,DishonoredGame,UStateNPCUpperBodyAction,UStateNPCUpperBodyAction,UObject,0x0,0x0,0x0,0x0,NPC,0x6c3300,0x6886e0,0x6c0a60,0x681fe0,0xf7de20,0xf089c8,0x6b6c10,0x686970,100
UStatePlayerAction,DishonoredGame,112,112,0,0x4,0x4,0x6beec0,0x66fc30,DishonoredGame,UStateSharedActionBase_PlayerOnly,UStateSharedActionBase_PlayerOnly,UObject,0x0,0x0,0x0,0x0,PlayerState,0x6c2210,0x66fc30,0x6afc00,0x66c8c0,0xf84018,0xf02b30,0x6be290,0x66bcb0,112
UStatePlayerBlock,DishonoredGame,120,120,0,0x4,0x4,0x6bef50,0x677320,DishonoredGame,UStatePlayerChangeReadyStance,UStatePlayerChangeReadyStance,UObject,0x0,0x0,0x0,0x0,PlayerState,0x6c7650,0x677320,0x6c6170,0x673d20,0xf83e50,0xf02ce8,0x6be2f0,0x66bd10,120
UStatePlayerCarryCorpseIdle,DishonoredGame,104,104,0,0x0,0x0,0x6bf310,0x6717c0,DishonoredGame,UStatePlayerUpperIdle,UStatePlayerUpperIdle,UObject,0x0,0x0,0x0,0x0,Engine,0x6c6520,0x6717c0,0x6c4580,0x66ff60,0xf831d8,0xf038f0,0x6bf100,0x66c300,104
UStatePlayerChangeReadyStance,DishonoredGame,120,120,0,0x4,0x4,0x6befe0,0x6716e0,DishonoredGame,UStatePlayerAction,UStatePlayerAction,UObject,0x0,0x0,0x0,0x0,PlayerState,0x6c4400,0x6716e0,0x6c2240,0x66fd70,0xf83c88,0xf02ea0,0x6be2c0,0x66bce0,120
UStatePlayerEquipChange,DishonoredGame,124,124,0,0x4,0x4,0x6bf070,0x671710,DishonoredGame,UStatePlayerAction,UStatePlayerAction,UObject,0x0,0x0,0x0,0x0,PlayerState,0x6c4460,0x671710,0x6c2260,0x66fdf0,0xf83ac0,0xf03058,0x6be380,0x66be00,124
UStatePlayerGenericFatality,DishonoredGame,180,180,0,0x4,0x4,0x6bf3c0,0x679580,DishonoredGame,UStatePlayerMeleeAttack,UStatePlayerMeleeAttack,UObject,0x0,0x0,0x0,0x0,PlayerState,0x6c9700,0x679580,0x6c7a50,0x677b60,0xf82c80,0xf03e18,0x6be350,0x66bda0,180
UStatePlayerGrabCorpse,DishonoredGame,128,128,0,0x4,0x4,0x6bf140,0x673eb0,DishonoredGame,UStatePlayerEquipChange,UStatePlayerEquipChange,UObject,0x0,0x0,0x0,0x0,PlayerState,0x6c6300,0x673eb0,0x6c4500,0x671740,0xf838f8,0xf03210,0x6be3b0,0x66be30,128
UStatePlayerGrabMovable,DishonoredGame,120,120,0,0x4,0x4,0x6bf1d0,0x671760,DishonoredGame,UStatePlayerAction,UStatePlayerAction,UObject,0x0,0x0,0x0,0x0,PlayerState,0x6c4520,0x671760,0x6c2340,0x66fed0,0xf83730,0xf033c8,0x6be3e0,0x66be60,120
UStatePlayerMasterAction,DishonoredGame,116,116,0,0x4,0x4,0x69df60,0x66e020,DishonoredGame,UStateSharedActionBase_PlayerOnly,UStateSharedActionBase_PlayerOnly,UObject,0x0,0x0,0x0,0x0,PlayerState,0x6a3d70,0x66e020,0x6a1e70,0x66c2e0,0xf763d8,0xeff7a0,0x69bfb0,0x66bec0,116
UStatePlayerMasterAssassinate,DishonoredGame,136,136,0,0x4,0x4,0x69dff0,0x6752d0,DishonoredGame,UStatePlayerMasterChangeReadyStance,UStatePlayerMasterChangeReadyStance,UObject,0x0,0x0,0x0,0x0,PlayerState,0x6a8400,0x6752d0,0x6a71e0,0x672820,0xf76210,0xeff958,0x69c010,0x66bf20,136
UStatePlayerMasterBase,DishonoredGame,80,80,0,0x4,0x4,0x69aad0,0x6674a0,DishonoredGame,UDishonoredNativeState,UDishonoredNativeState,UObject,0x0,0x0,0x0,0x0,PlayerState,0x6a04e0,0x6674a0,0x69e0b0,0x662ea0,0xf76048,0xeffb10,0x696cc0,0x666320,80
UStatePlayerMasterChangeReadyStance,DishonoredGame,124,124,0,0x4,0x4,0x69e0d0,0x671030,DishonoredGame,UStatePlayerMasterAction,UStatePlayerMasterAction,UObject,0x0,0x0,0x0,0x0,PlayerState,0x6a5f60,0x671030,0x6a3df0,0x66e1d0,0xf75e80,0xeffcc8,0x69bfe0,0x66bef0,124
UStatePlayerMasterChoice_Base,DishonoredGame,92,92,0,0x5,0x5,0x6b84d0,0x66c7b0,DishonoredGame,UStatePlayerMasterBase,UStatePlayerMasterBase,UObject,0x0,0x0,0x0,0x0,PlayerState,0x6bebd0,0x66c7b0,0x6af8d0,0x669080,0xf84e58,0xf01d70,0x6b6020,0x666340,92
UStatePlayerMasterChoke,DishonoredGame,132,132,0,0x4,0x4,0x69e160,0x671060,DishonoredGame,UStatePlayerMasterAction,UStatePlayerMasterAction,UObject,0x0,0x0,0x0,0x0,PlayerState,0x6a6000,0x671060,0x6a3e70,0x66e2a0,0xf75cb8,0xeffe80,0x69c040,0x66bf80,132
UStatePlayerMasterClimb,DishonoredGame,84,84,0,0x4,0x4,0x69b2b0,0x66c370,DishonoredGame,UStatePlayerMasterBase,UStatePlayerMasterBase,UObject,0x0,0x0,0x0,0x0,PlayerState,0x6a1e90,0x66c370,0x6a0510,0x667750,0xf75af0,0xf00038,0x696d00,0x6663d0,84
UStatePlayerMasterDead,DishonoredGame,144,144,0,0x4,0x4,0x69e240,0x671310,DishonoredGame,UStatePlayerMasterAction,UStatePlayerMasterAction,UObject,0x0,0x0,0x0,0x0,PlayerState,0x6a61b0,0x671310,0x6a3f50,0x66e630,0xf75760,0xf003a8,0x69c070,0x66bfb0,144
UStatePlayerMasterFalling,DishonoredGame,108,108,0,0x4,0x4,0x69b5c0,0x66c4a0,DishonoredGame,UStatePlayerMasterBase,UStatePlayerMasterBase,UObject,0x0,0x0,0x0,0x0,PlayerState,0x6a1ec0,0x66c4a0,0x6a0530,0x667930,0xf75598,0xf00560,0x696d20,0x6663f0,108
UStatePlayerMasterHolePeeking,DishonoredGame,96,96,0,0x4,0x4,0x69b6a0,0x66c4d0,DishonoredGame,UStatePlayerMasterBase,UStatePlayerMasterBase,UObject,0x0,0x0,0x0,0x0,PlayerState,0x6a1ef0,0x66c4d0,0x6a0550,0x667950,0xf753d0,0xf00718,0x696d40,0x666410,96
UStatePlayerMasterInDialog,DishonoredGame,180,180,0,0x4,0x4,0x6b8a20,0x66faa0,DishonoredGame,UStatePlayerMasterChoice_Base,UStatePlayerMasterChoice_Base,UObject,0x0,0x0,0x0,0x0,PlayerState,0x6c2080,0x66faa0,0x6beca0,0x66c850,0xf84c90,0xf01f28,0x6b6c50,0x666ce0,180
UStatePlayerMasterInScriptedChoice,DishonoredGame,96,100,4,0x4,0x4,0x6b9130,0x66fad0,DishonoredGame,UStatePlayerMasterChoice_Base,UStatePlayerMasterChoice_Base,UObject,0x0,0x0,0x0,0x0,PlayerState,0x6c20b0,0x66fad0,0x6becc0,0x66c870,0xf84ac8,0xf020e0,0x6b6040,0x666360,96
UStatePlayerMasterInStore,DishonoredGame,92,92,0,0x4,0x4,0x69b8f0,0x671340,DishonoredGame,UStatePlayerMasterChoice_Base,UStatePlayerMasterChoice_Base,UObject,0x0,0x0,0x0,0x0,PlayerState,0x69e3d0,0x671340,0x692fa0,0x66ea80,0xf75208,0xf008d0,0x696ce0,0x666380,92
UStatePlayerMasterJump,DishonoredGame,112,112,0,0x4,0x4,0x69b980,0x66c500,DishonoredGame,UStatePlayerMasterBase,UStatePlayerMasterBase,UObject,0x0,0x0,0x0,0x0,PlayerState,0x6a1f20,0x66c500,0x6a0570,0x667bb0,0xf75040,0xf00a88,0x696d60,0x666430,112
UStatePlayerMasterLeaning,DishonoredGame,112,112,0,0x4,0x4,0x69bb40,0x66c530,DishonoredGame,UStatePlayerMasterBase,UStatePlayerMasterBase,UObject,0x0,0x0,0x0,0x0,PlayerState,0x6a1f50,0x66c530,0x6a0590,0x667bd0,0xf74e78,0xf00c40,0x696d80,0x666450,112
UStatePlayerMasterMantle,DishonoredGame,192,192,0,0x4,0x4,0x6be580,0x6713f0,DishonoredGame,UStatePlayerMasterAction,UStatePlayerMasterAction,UObject,0x0,0x0,0x0,0x0,PlayerState,0x6c1df0,0x6713f0,0x6af320,0x66ec00,0xf85e60,0xf00df8,0x6be550,0x66c560,192
UStatePlayerMasterMinigame,DishonoredGame,124,124,0,0x4,0x4,0x6be8d0,0x671420,DishonoredGame,UStatePlayerMasterAction,UStatePlayerMasterAction,UObject,0x0,0x0,0x0,0x0,PlayerState,0x6c1f50,0x671420,0x6af4e0,0x66ef20,0xf85c98,0xf00fb0,0x6be440,0x66bfe0,124
UStatePlayerMasterPossess,DishonoredGame,124,128,4,0x4,0x4,0x6bece0,0x676c70,DishonoredGame,UStatePlayerMasterPossess_Base,UStatePlayerMasterPossess_Base,UObject,0x0,0x0,0x0,0x0,PlayerState,0x6c6060,0x676c70,0x6c3ee0,0x673b10,0xf84900,0xf02298,0x6bec30,0x66c210,124
UStatePlayerMasterPossess_Base,DishonoredGame,120,124,4,0x5,0x5,0x6bed70,0x671640,DishonoredGame,UStatePlayerMasterAction,UStatePlayerMasterAction,UObject,0x0,0x0,0x0,0x0,PlayerState,0x6c2140,0x671640,0x6afb80,0x66fb70,0xf84738,0xf02450,0x6bec00,0x66c1e0,120
UStatePlayerMasterPrePossess,DishonoredGame,164,168,4,0x4,0x4,0x6bee00,0x673c20,DishonoredGame,UStatePlayerMasterPossess_Base,UStatePlayerMasterPossess_Base,UObject,0x0,0x0,0x0,0x0,PlayerState,0x6c3fb0,0x673c20,0x6c2170,0x671670,0xf84570,0xf02608,0x6bec60,0x66c270,164
UStatePlayerMasterSlide,DishonoredGame,180,180,0,0x4,0x4,0x6cdce0,0x66c6f0,DishonoredGame,UStatePlayerMasterBase,UStatePlayerMasterBase,UObject,0x0,0x0,0x0,0x0,PlayerState,0x6cebf0,0x66c6f0,0x6af520,0x667f80,0xf85908,0xf01320,0x6cdc00,0x67ca60,180
UStatePlayerMasterSoiree,DishonoredGame,136,140,4,0x4,0x4,0x6be990,0x66c720,DishonoredGame,UStatePlayerMasterBase,UStatePlayerMasterBase,UObject,0x0,0x0,0x0,0x0,PlayerState,0x6c1f80,0x66c720,0x6af560,0x668650,0xf85740,0xf014d8,0x6be270,0x66bc30,136
UStatePlayerMasterStunned,DishonoredGame,136,136,0,0x4,0x4,0x6bea20,0x671540,DishonoredGame,UStatePlayerMasterAction,UStatePlayerMasterAction,UObject,0x0,0x0,0x0,0x0,PlayerState,0x6c1fb0,0x671540,0x6af700,0x66f8d0,0xf85578,0xf01690,0x6be470,0x66c010,136
UStatePlayerMasterSwim,DishonoredGame,112,112,0,0x4,0x4,0x6b78b0,0x66c750,DishonoredGame,UStatePlayerMasterBase,UStatePlayerMasterBase,UObject,0x0,0x0,0x0,0x0,PlayerState,0x6beab0,0x66c750,0x6af7c0,0x668770,0xf853b0,0xf01848,0x6b60f0,0x666470,112
UStatePlayerMasterVersus,DishonoredGame,120,120,0,0x4,0x4,0x6beae0,0x671570,DishonoredGame,UStatePlayerMasterAction,UStatePlayerMasterAction,UObject,0x0,0x0,0x0,0x0,PlayerState,0x6c1fe0,0x671570,0x6af810,0x66f9f0,0xf851e8,0xf01a00,0x6be4a0,0x66c040,120
UStatePlayerMasterWalk,DishonoredGame,88,88,0,0x4,0x4,0x6b7b90,0x66c780,DishonoredGame,UStatePlayerMasterBase,UStatePlayerMasterBase,UObject,0x0,0x0,0x0,0x0,PlayerState,0x6beb70,0x66c780,0x6af870,0x668790,0xf85020,0xf01bb8,0x6b6110,0x666490,88
UStatePlayerMeleeAttack,DishonoredGame,172,172,0,0x4,0x4,0x6bf4e0,0x674250,DishonoredGame,UStatePlayerChangeReadyStance,UStatePlayerChangeReadyStance,UObject,0x0,0x0,0x0,0x0,PlayerState,0x6c6600,0x674250,0x6c4630,0x6718d0,0xf82ab8,0xf03fd0,0x6be320,0x66bd70,172
UStatePlayerTransitionItemIn,DishonoredGame,112,112,0,0x4,0x4,0x6bf260,0x671790,DishonoredGame,UStatePlayerAction,UStatePlayerAction,UObject,0x0,0x0,0x0,0x0,PlayerState,0x6c4550,0x671790,0x6c2360,0x66ff40,0xf83568,0xf03580,0x6be410,0x66be90,112
UStatePlayerUpperBase,DishonoredGame,76,76,0,0x0,0x0,0x6b9250,0x669790,DishonoredGame,UDishonoredNativeState,UDishonoredNativeState,UObject,0x0,0x0,0x0,0x0,Engine,0x6bee90,0x669790,0x6afbe0,0x6641c0,0xf841e0,0xf02978,0x6b6130,0x6664b0,76
UStatePlayerUpperIdle,DishonoredGame,76,76,0,0x0,0x0,0x6b98f0,0x66ce60,DishonoredGame,UStatePlayerUpperBase,UStatePlayerUpperBase,UObject,0x0,0x0,0x0,0x0,Engine,0x6c23b0,0x66ce60,0x6bf3a0,0x669b90,0xf82e48,0xf03c60,0x6b6160,0x66bc50,76
UStatePlayerUpperNav,DishonoredGame,76,76,0,0x0,0x0,0x6b9770,0x66c8e0,DishonoredGame,UStatePlayerUpperBase,UStatePlayerUpperBase,UObject,0x0,0x0,0x0,0x0,Engine,0x6c2380,0x66c8e0,0x6bf2f0,0x669a10,0xf833a0,0xf03738,0x6b6190,0x66bc80,76
UStateSharedActionBase,DishonoredGame,76,76,0,0x0,0x0,0x69a330,0x666eb0,DishonoredGame,UDishonoredNativeState,UDishonoredNativeState,UObject,0x0,0x0,0x0,0x0,Engine,0x6a0490,0x666eb0,0x69deb0,0x662840,0xf76768,0xeff430,0x696ca0,0x6662c0,76
UStateSharedActionBase_PlayerOnly,DishonoredGame,104,104,0,0x4,0x4,0x69ded0,0x66c2b0,DishonoredGame,UStateSharedActionBase,UStateSharedActionBase,UObject,0x0,0x0,0x0,0x0,PlayerState,0x6a1e40,0x66c2b0,0x6a04c0,0x666f50,0xf765a0,0xeff5e8,0x69bf80,0x66bc00,104
UStaticMesh,Engine,312,312,0,0x10002040,0x10002040,0x39daa0,0x35a520,Engine,UObject,UObject,UObject,0x0,0x0,0x0,0x0,Engine,0x39ddb0,0x35a520,0x37b430,0x358ac0,0xf1ca28,0xeb4d30,0x39afd0,0x379a40,312
UStaticMeshComponent,Engine,576,576,0,0x100,0x100,0x12dca0,0x135df0,Engine,UMeshComponent,UMeshComponent,UObject,0x0,0x0,0x0,0x0,Engine,0x147e00,0x135df0,0x147220,0x133ac0,0xedca50,0xe7ae20,0x12c8b0,0x128750,576
UStaticMeshComponentFactory,Engine,80,80,0,0x0,0x0,0x18c650,0x17aa40,Engine,UMeshComponentFactory,UMeshComponentFactory,UObject,0x0,0x0,0x0,0x0,Engine,0x190690,0x17aa40,0x18f510,0x1756d0,0xee1b30,0xe868c0,0x18b4f0,0x185850,80
UStrProperty,Core,108,108,0,0x10000000,0x10000000,0x7d3c0,0x7c000,Core,UProperty,UProperty,UField,0x4000,0x4000,0x0,0x0,Engine,0x7e760,0x7c000,0x7d450,0x79e20,0xe439e0,0xe6cb80,0x7c500,0x73d40,108
UStruct,Core,128,128,0,0x10000000,0x10000000,0x48130,0x21ec0,Core,UField,UField,UObject,0x8,0x8,0x0,0x0,Engine,0x57c40,0x21ec0,0x50a10,0x1b7f0,0xe446d8,0xe6b898,0x46050,0x73aa0,128
UStructProperty,Core,112,112,0,0x10000000,0x10000000,0x7d5d0,0x7c090,Core,UProperty,UProperty,UField,0x100000,0x100000,0x0,0x0,Engine,0x7e7f0,0x7c090,0x7d660,0x79e80,0xe44150,0xe6b6e0,0x7c590,0x73dd0,112
USubsystem,Core,60,60,0,0x9,0x9,0x7a9c0,0x79550,Core,UObject,UObject,UObject,0x0,0x0,0x0,0x0,Engine,0x7ca50,0x79550,0x715e0,0x28860,0xe45518,0xe6f9e8,0x45fd0,0x6c360,60
USurface,Engine,56,56,0,0x1,0x1,0x178d90,0x16a360,Engine,UObject,UObject,UObject,0x0,0x0,0x0,0x0,Engine,0x17fe40,0x16a360,0x16ea30,0x165110,0xeead70,0xe7dbd0,0x176370,0x16c580,56
USwfMovie,GFxUI,168,168,0,0x0,0x0,0x5d50d0,0x57bdf0,GFxUI,UGFxRawData,UGFxRawData,UObject,0x0,0x0,0x0,0x0,Engine,0x5d90b0,0x57bdf0,0x5d7340,0x575440,0xf58278,0xedff70,0x5d4910,0x597780,168
USystem,Core,260,260,0,0x10000004,0x10000004,0x9a8b0,0x7b650,Core,USubsystem,USubsystem,UObject,0x0,0x0,0x0,0x0,Engine,0x9bd50,0x7b650,0x7cca0,0x79880,0xe45350,0xe6f4c0,0x7c300,0x6c420,260
UTextBuffer,Core,92,92,0,0x10000000,0x10000000,0x7a490,0x79460,Core,UObject,UObject,UObject,0x0,0x0,0x0,0x0,Engine,0x7c960,0x79460,0x71540,0x28710,0xe8f6a0,0xe6d418,0x45ff0,0x6c3b0,92
UTextBufferFactory,Core,108,108,0,0x10000000,0x10000000,0x81000,0x7d0d0,Core,UFactory,UFactory,UObject,0x0,0x0,0x0,0x0,Engine,0x88ae0,0x7d0d0,0x7e200,0x7ac50,0xe8fbf8,0xe6e020,0x7ee70,0x7c7b0,108
UTexture,Engine,236,236,0,0x1,0x1,0x184290,0x16f100,Engine,USurface,USurface,UObject,0x0,0x0,0x0,0x0,Engine,0x187c00,0x16f100,0x1802f0,0x16a840,0xeeaba8,0xe7dd88,0x1827b0,0x1790c0,236
UTexture2D,Engine,368,372,4,0x0,0x0,0x18f810,0x1771f0,Engine,UTexture,UTexture,UObject,0x0,0x0,0x0,0x0,Engine,0x190a30,0x1771f0,0x187f80,0x16f210,0xeea9e0,0xe7df40,0x18e430,0x187c70,368
UTexture2DComposite,Engine,252,252,0,0x0,0x0,0x18d280,0x177e70,Engine,UTexture,UTexture,UObject,0x0,0x0,0x0,0x0,Engine,0x18f8a0,0x177e70,0x1883c0,0x170440,0xeea818,0xe7e0f8,0x18b870,0x1859e0,252
UTexture2DDynamic,Engine,256,256,0,0x0,0x0,0x185260,0x177f20,Engine,UTexture,UTexture,UObject,0x0,0x0,0x0,0x0,Engine,0x18aff0,0x177f20,0x188400,0x170a20,0xeea650,0xe7e2b0,0x1827d0,0x1790e0,256
UTextureCube,Engine,280,280,0,0x0,0x0,0x1852f0,0x177ff0,Engine,UTexture,UTexture,UObject,0x0,0x0,0x0,0x0,Engine,0x18b020,0x177ff0,0x188420,0x170cf0,0xeea488,0xe7e468,0x1827f0,0x179100,280
UTextureFlipBook,Engine,432,436,4,0x0,0x0,0x18f8d0,0x17d020,Engine,UTexture2D,UTexture2D,UObject,0x0,0x0,0x0,0x0,Engine,0x193330,0x17d020,0x190a60,0x178160,0xeea2c0,0xe7e620,0x18e450,0x187c90,432
UTextureMovie,Engine,316,316,0,0x0,0x0,0x185380,0x178540,Engine,UTexture,UTexture,UObject,0x0,0x0,0x0,0x0,Engine,0x18b050,0x178540,0x188490,0x1715e0,0xeea0f8,0xe7e7d8,0x182810,0x179120,316
UTextureRenderTarget,Engine,244,244,0,0x1,0x1,0x185410,0x178730,Engine,UTexture,UTexture,UObject,0x0,0x0,0x0,0x0,Engine,0x18b080,0x178730,0x1884b0,0x171db0,0xee9f30,0xe7e990,0x182830,0x179140,244
UTextureRenderTarget2D,Engine,276,276,0,0x0,0x0,0x1854a0,0x17d2d0,Engine,UTextureRenderTarget,UTextureRenderTarget,UObject,0x0,0x0,0x0,0x0,Engine,0x18d730,0x17d2d0,0x18b0b0,0x178760,0xee9d68,0xe7eb48,0x182850,0x179190,276
UTextureRenderTargetCube,Engine,252,252,0,0x0,0x0,0x1855f0,0x17d3f0,Engine,UTextureRenderTarget,UTextureRenderTarget,UObject,0x0,0x0,0x0,0x0,Engine,0x18d820,0x17d3f0,0x18b0d0,0x178ad0,0xee99d8,0xe7eeb8,0x182890,0x179240,252
UTranslationContext,Engine,68,68,0,0x0,0x0,0x5964b0,0x54df60,Engine,UObject,UObject,UObject,0x0,0x0,0x0,0x0,Engine,0x596800,0x54df60,0x58dbb0,0x54d000,0xf52e80,0xed9f38,0x596490,0x555920,68
UTranslatorTag,Engine,64,64,0,0x0,0x0,0x58eb80,0x54df90,Engine,UObject,UObject,UObject,0x0,0x0,0x0,0x0,Engine,0x5931d0,0x54df90,0x58dbd0,0x54d020,0xf53048,0xed9d80,0x58eb60,0x54df10,64
UUIConfigFileProvider,Engine,108,108,0,0x8,0x8,0x40f0c0,0x3daed0,Engine,UUIConfigProvider,UUIConfigProvider,UObject,0x0,0x0,0x0,0x0,Engine,0x419090,0x3daed0,0x415560,0x3d73d0,0xf25988,0xebd1a8,0x40ccf0,0x3ebe50,108
UUIConfigProvider,Engine,84,84,0,0x9,0x9,0x40f030,0x3d73a0,Engine,UUIDataProvider,UUIDataProvider,UObject,0x0,0x0,0x0,0x0,Engine,0x415530,0x3d73a0,0x413480,0x3d4250,0xf25b50,0xebcff0,0x40ccd0,0x3ebe30,84
UUIConfigSectionProvider,Engine,96,96,0,0x8,0x8,0x40f150,0x3df6b0,Engine,UUIConfigProvider,UUIConfigProvider,UUIConfigFileProvider,0x0,0x0,0x0,0x0,Engine,0x41e2a0,0x3df6b0,0x4190c0,0x3daf00,0xf257c0,0xebd360,0x40cd20,0x3ebe80,96
UUIDataProvider,Engine,84,84,0,0x9,0x9,0x40efa0,0x3d4220,Engine,UUIRoot,UUIRoot,UObject,0x0,0x0,0x0,0x0,Engine,0x413450,0x3d4220,0x3f1530,0x3ced20,0xf25d18,0xebce38,0x40cca0,0x3ebe00,84
UUIDataProvider_MenuItem,Engine,256,256,0,0xc,0xc,0x4110c0,0x3e1fe0,Engine,UUIResourceDataProvider,UUIResourceDataProvider,UObject,0x0,0x0,0x0,0x0,UI,0x41ec80,0x3e1fe0,0x41cd40,0x3dc5d0,0xf21ec0,0xec0a60,0x40d100,0x3ec330,256
UUIDataProvider_OnlineFriends,Engine,272,272,0,0x8,0x8,0x415cf0,0x3dbdb0,Engine,UUIDataProvider_OnlinePlayerDataBase,UUIDataProvider_OnlinePlayerDataBase,UObject,0x0,0x0,0x0,0x0,Engine,0x41bd60,0x3dbdb0,0x415d80,0x3d82d0,0xf22d00,0xebfca0,0x4153b0,0x3f4f40,272
UUIDataProvider_OnlinePlayerDataBase,Engine,88,88,0,0x9,0x9,0x410c40,0x3d82a0,Engine,UUIDataProvider,UUIDataProvider,UObject,0x0,0x0,0x0,0x0,Engine,0x415cc0,0x3d82a0,0x413b10,0x3d45a0,0xf22ec8,0xebfae8,0x40cd40,0x3ebea0,88
UUIDataProvider_OnlinePlayerStorage,Engine,120,120,0,0xc,0xc,0x410f10,0x3dbfd0,Engine,UUIDataProvider_OnlinePlayerDataBase,UUIDataProvider_OnlinePlayerDataBase,UObject,0x0,0x0,0x0,0x0,Game,0x41c130,0x3dbfd0,0x415e50,0x3d8690,0xf225e0,0xec0380,0x40cd70,0x3ebed0,120
UUIDataProvider_OnlinePlayerStorageArray,Engine,132,132,0,0x8,0x8,0x410fa0,0x3d86b0,Engine,UUIDataProvider,UUIDataProvider,UObject,0x0,0x0,0x0,0x0,Engine,0x415e70,0x3d86b0,0x413c00,0x3d4900,0xf22418,0xec0538,0x40cdc0,0x3ebf40,132
UUIDataProvider_OnlineProfileSettings,Engine,120,120,0,0xc,0xc,0x410e80,0x3e6fd0,Engine,UUIDataProvider_OnlinePlayerStorage,UUIDataProvider_OnlinePlayerStorage,UObject,0x0,0x0,0x0,0x0,Game,0x427bb0,0x3e6fd0,0x41ebe0,0x3e15e0,0xf227a8,0xec01c8,0x40cd90,0x3ebef0,120
UUIDataProvider_PlayerAchievements,Engine,104,104,0,0x8,0x8,0x415da0,0x3dbde0,Engine,UUIDataProvider_OnlinePlayerDataBase,UUIDataProvider_OnlinePlayerDataBase,UObject,0x0,0x0,0x0,0x0,Engine,0x41bd90,0x3dbde0,0x415e30,0x3d8580,0xf22b38,0xebfe58,0x4153e0,0x3f4f70,104
UUIDataProvider_Settings,Engine,140,140,0,0x8,0x8,0x410b20,0x3e0680,Engine,UUIDynamicDataProvider,UUIDynamicDataProvider,UObject,0x0,0x0,0x0,0x0,Engine,0x41e8f0,0x3e0680,0x41b930,0x3dbc00,0xf23258,0xebf778,0x40d090,0x3ec2c0,140
UUIDataProvider_SettingsArray,Engine,132,132,0,0x8,0x8,0x410bb0,0x3d8270,Engine,UUIDataProvider,UUIDataProvider,UObject,0x0,0x0,0x0,0x0,Engine,0x415c90,0x3d8270,0x413af0,0x3d4580,0xf23090,0xebf930,0x40ce00,0x3ebf80,132
UUIDataStore,Engine,116,116,0,0x9,0x9,0x40f1e0,0x3d73f0,Engine,UUIDataProvider,UUIDataProvider,UObject,0x0,0x0,0x0,0x0,Engine,0x415580,0x3d73f0,0x4134a0,0x3d4270,0xf255f8,0xebd518,0x40ce40,0x3ebfc0,116
UUIDataStorePublisher,Engine,56,56,0,0x4001,0x4001,0x3f6ac0,0x3d75f0,Engine,UUIDataStoreSubscriber,UUIDataStoreSubscriber,UObject,0x0,0x0,0x0,0x0,Engine,0x3fe2f0,0x3d75f0,0x3f9a50,0x3d4320,0xf23420,0xebf5c0,0x6b6000,0x3d6e80,56
UUIDataStoreSubscriber,Engine,56,56,0,0x4001,0x4001,0x3f6a30,0x3d42f0,Engine,UInterface,UInterface,UObject,0x0,0x0,0x0,0x0,Engine,0x3f9a20,0x3d42f0,0x3f1550,0x3ced40,0xf235e8,0xebf408,0x696f80,0x6e8cb0,56
UUIDataStore_DynamicResource,Engine,200,200,0,0xc,0xc,0x422060,0x3daf50,Engine,UUIDataStore,UUIDataStore,UObject,0x0,0x0,0x0,0x0,Game,0x42da40,0x3daf50,0x4155d0,0x3d7440,0xf25268,0xebd888,0x421bb0,0x40b4c0,200
UUIDataStore_Fonts,Engine,116,116,0,0x8,0x8,0x40f420,0x3dafe0,Engine,UUIDataStore,UUIDataStore,UObject,0x0,0x0,0x0,0x0,Engine,0x419140,0x3dafe0,0x415630,0x3d74a0,0xf24b48,0xebdf68,0x40ce60,0x3ebff0,116
UUIDataStore_GameResource,Engine,192,192,0,0xc,0xc,0x421fd0,0x3daf20,Engine,UUIDataStore,UUIDataStore,UObject,0x0,0x0,0x0,0x0,Game,0x42da10,0x3daf20,0x4155b0,0x3d7420,0xf25430,0xebd6d0,0x421c90,0x40b4e0,192
UUIDataStore_GameState,Engine,128,128,0,0x9,0x9,0x40f300,0x3dafb0,Engine,UUIDataStore,UUIDataStore,UObject,0x0,0x0,0x0,0x0,Engine,0x419110,0x3dafb0,0x415610,0x3d7480,0xf24ed8,0xebdbf8,0x40ce90,0x3ec020,128
UUIDataStore_InputAlias,Engine,188,188,0,0xc,0xc,0x42da70,0x3df830,Engine,UUIDataStore_StringBase,UUIDataStore_StringBase,UObject,0x0,0x0,0x0,0x0,Input,0x430bc0,0x3df830,0x4191d0,0x3db070,0xf24428,0xebe648,0x42d9c0,0x40b520,188
UUIDataStore_MenuItems,Engine,272,272,0,0xc,0xc,0x42e900,0x3e1fb0,Engine,UUIDataStore_GameResource,UUIDataStore_GameResource,UObject,0x0,0x0,0x0,0x0,UI,0x430f10,0x3e1fb0,0x42e990,0x3dc5b0,0xf22088,0xec08a8,0x42d9a0,0x40b500,272
UUIDataStore_OnlinePlayerData,Engine,224,224,0,0xc,0xc,0x410cd0,0x3e1050,Engine,UUIDataStore_Remote,UUIDataStore_Remote,UObject,0x0,0x0,0x0,0x0,Engine,0x41e920,0x3e1050,0x41c110,0x3dbf30,0xf22970,0xec0010,0x40ced0,0x3ec060,224
UUIDataStore_OnlineStats,Engine,228,228,0,0x9,0x9,0x411030,0x3e1bb0,Engine,UUIDataStore_Remote,UUIDataStore_Remote,UObject,0x0,0x0,0x0,0x0,Engine,0x41ec00,0x3e1bb0,0x41c290,0x3dc590,0xf22250,0xec06f0,0x40cf00,0x3ec090,228
UUIDataStore_Registry,Engine,120,120,0,0x8,0x8,0x40f8a0,0x3db110,Engine,UUIDataStore,UUIDataStore,UObject,0x0,0x0,0x0,0x0,Engine,0x419270,0x3db110,0x415730,0x3d75d0,0xf237b0,0xebf250,0x40ceb0,0x3ec040,120
UUIDataStore_Remote,Engine,116,116,0,0x9,0x9,0x40f4b0,0x3db010,Engine,UUIDataStore,UUIDataStore,UObject,0x0,0x0,0x0,0x0,Engine,0x419170,0x3db010,0x415650,0x3d74c0,0xf24980,0xebe120,0x40cfd0,0x3ec1d0,116
UUIDataStore_Settings,Engine,116,116,0,0x9,0x9,0x40f270,0x3daf80,Engine,UUIDataStore,UUIDataStore,UObject,0x0,0x0,0x0,0x0,Game,0x4190e0,0x3daf80,0x4155f0,0x3d7460,0xf250a0,0xebda40,0x40cfd0,0x3ec1d0,116
UUIDataStore_StringAliasMap,Engine,192,192,0,0xc,0xc,0x433650,0x3e3b90,Engine,UUIDataStore_StringBase,UUIDataStore_StringBase,UObject,0x0,0x0,0x0,0x0,Game,0x433970,0x3e3b90,0x41e2f0,0x3df810,0xf247b8,0xebe2d8,0x433520,0x40fc90,192
UUIDataStore_StringBase,Engine,116,116,0,0x9,0x9,0x40f540,0x3db040,Engine,UUIDataStore,UUIDataStore,UObject,0x0,0x0,0x0,0x0,Engine,0x4191a0,0x3db040,0x415670,0x3d74e0,0xf245f0,0xebe490,0x40cfd0,0x3ec1d0,116
UUIDataStore_Strings,Engine,128,128,0,0x8,0x8,0x40f390,0x3e3b00,Engine,UUIDataStore_StringBase,UUIDataStore_StringBase,UObject,0x0,0x0,0x0,0x0,Engine,0x4220f0,0x3e3b00,0x41e2d0,0x3df7e0,0xf24d10,0xebddb0,0x40d010,0x3ec210,128
UUIDynamicDataProvider,Engine,120,120,0,0x9,0x9,0x40f780,0x3db0e0,Engine,UUIPropertyDataProvider,UUIPropertyDataProvider,UObject,0x0,0x0,0x0,0x0,Engine,0x419240,0x3db0e0,0x4156e0,0x3d7550,0xf23d08,0xebed28,0x40d060,0x3ec290,120
UUIDynamicFieldProvider,Engine,228,228,0,0x4,0x4,0x4336e0,0x3d7570,Engine,UUIDataProvider,UUIDataProvider,UObject,0x0,0x0,0x0,0x0,UI,0x4339a0,0x3d7570,0x4134e0,0x3d42b0,0xf23b40,0xebeee0,0x433600,0x40fcb0,228
UUIInteraction,Engine,348,348,0,0xc,0xc,0x421f40,0x3d6ec0,Engine,UInteraction,UInteraction,UGameViewportClient,0x0,0x0,0x0,0x0,UI,0x42d9e0,0x3d6ec0,0x3f9580,0x3d4150,0xf260a8,0xebcac8,0x4215f0,0x400430,348
UUILayerBase,Engine,56,56,0,0x1,0x1,0x437660,0x41a280,Engine,UUIRoot,UUIRoot,UObject,0x0,0x0,0x0,0x0,Engine,0x442790,0x41a280,0x43e1f0,0x413740,0xf29b20,0xec2360,0x696f80,0x6e8cb0,56
UUIListElementCellProvider,Engine,56,56,0,0x4001,0x4001,0x43cee0,0x412e40,Engine,UInterface,UInterface,UObject,0x0,0x0,0x0,0x0,Engine,0x442640,0x412e40,0x433c20,0x40fe10,0xf2b080,0xec0ec0,0x696f80,0x6e8cb0,56
UUIListElementProvider,Engine,56,56,0,0x4001,0x4001,0x43ce50,0x412e10,Engine,UInterface,UInterface,UObject,0x0,0x0,0x0,0x0,Engine,0x442610,0x412e10,0x433c00,0x40fdf0,0xf2b248,0xec0d08,0x696f80,0x6e8cb0,56
UUIManager,Engine,56,56,0,0x0,0x0,0x43e210,0x413790,Engine,UObject,UObject,UUIInteraction,0x0,0x0,0x0,0x0,Engine,0x4427c0,0x413790,0x4341d0,0x410370,0xf29790,0xec26d0,0x5b8ed0,0x8ab340,56
UUIMapSummary,Engine,168,168,0,0xc,0xc,0x40f6f0,0x3df8e0,Engine,UUIResourceDataProvider,UUIResourceDataProvider,UObject,0x0,0x0,0x0,0x0,Game,0x41e310,0x3df8e0,0x419220,0x3db0c0,0xf23ed0,0xebeb70,0x40d140,0x3ec370,168
UUIPropertyDataProvider,Engine,108,108,0,0x9,0x9,0x40f5d0,0x3d7500,Engine,UUIDataProvider,UUIDataProvider,UObject,0x0,0x0,0x0,0x0,Engine,0x415690,0x3d7500,0x4134c0,0x3d4290,0xf24260,0xebe800,0x40d040,0x3ec270,108
UUIResourceCombinationProvider,Engine,100,100,0,0x9,0x9,0x40f810,0x3d75a0,Engine,UUIDataProvider,UUIDataProvider,UObject,0x0,0x0,0x0,0x0,Game,0x415700,0x3d75a0,0x413500,0x3d42d0,0xf23978,0xebf098,0x40d260,0x3ec490,100
UUIResourceDataProvider,Engine,120,120,0,0xd,0xd,0x40f660,0x3db090,Engine,UUIPropertyDataProvider,UUIPropertyDataProvider,UObject,0x0,0x0,0x0,0x0,Game,0x4191f0,0x3db090,0x4156c0,0x3d7530,0xf24098,0xebe9b8,0x40d0c0,0x3ec2f0,120
UUIRoot,Engine,56,56,0,0x1,0x1,0x4375d0,0x4136d0,Engine,UObject,UObject,UObject,0x0,0x0,0x0,0x0,Engine,0x43e0f0,0x4136d0,0x434190,0x410310,0xf2ab28,0xec13e8,0x5b8ed0,0x8ab340,56
UUISceneClient,Engine,224,224,0,0x9,0x9,0x43e120,0x41a160,Engine,UUIRoot,UUIRoot,UObject,0x0,0x0,0x0,0x0,Engine,0x442740,0x41a160,0x43e1b0,0x413700,0xf2a960,0xec15a0,0x43ce00,0x419000,224
UUIScreenObject,Engine,284,284,0,0x5,0x5,0x44e830,0x41e810,Engine,UUIRoot,UUIRoot,UObject,0x0,0x0,0x0,0x0,UI,0x453ce0,0x41e810,0x442670,0x4191d0,0xf2aeb8,0xec1078,0x44e810,0x42c130,284
UUISoundTheme,Engine,68,68,0,0x0,0x0,0x44e8c0,0x413760,Engine,UObject,UObject,UObject,0x0,0x0,0x0,0x0,Engine,0x453d20,0x413760,0x4341b0,0x410350,0xf29958,0xec2518,0x5a9800,0x42c110,68
UUIState,Engine,92,92,0,0x1,0x1,0x45f150,0x41a1b0,Engine,UUIRoot,UUIRoot,UObject,0x0,0x0,0x0,0x0,Engine,0x4638c0,0x41a1b0,0x43e1d0,0x413720,0xf2a5d0,0xec1910,0x45f0b0,0x43cb80,92
UUIState_Active,Engine,92,92,0,0x0,0x0,0x45f300,0x41e950,Engine,UUIState,UUIState,UObject,0x0,0x0,0x0,0x0,Engine,0x467800,0x41e950,0x463930,0x41a220,0xf2a078,0xec1e38,0x45f0f0,0x43cbc0,92
UUIState_Disabled,Engine,92,92,0,0x0,0x0,0x45f270,0x41e920,Engine,UUIState,UUIState,UObject,0x0,0x0,0x0,0x0,Engine,0x4677d0,0x41e920,0x463910,0x41a200,0xf2a240,0xec1c80,0x45f0d0,0x43cba0,92
UUIState_Enabled,Engine,92,92,0,0x0,0x0,0x45f1e0,0x41e8f0,Engine,UUIState,UUIState,UObject,0x0,0x0,0x0,0x0,Engine,0x4677a0,0x41e8f0,0x4638f0,0x41a1e0,0xf2a408,0xec1ac8,0x45f0d0,0x43cba0,92
UUIState_Focused,Engine,92,92,0,0x0,0x0,0x45f390,0x41e980,Engine,UUIState,UUIState,UObject,0x0,0x0,0x0,0x0,Engine,0x467830,0x41e980,0x463950,0x41a240,0xf29eb0,0xec1ff0,0x45f110,0x43cbe0,92
UUIState_Pressed,Engine,92,92,0,0x0,0x0,0x45f420,0x41e9b0,Engine,UUIState,UUIState,UObject,0x0,0x0,0x0,0x0,Engine,0x467860,0x41e9b0,0x463970,0x41a260,0xf29ce8,0xec21a8,0x45f130,0x43cc00,92
UWaveFormBase,Engine,60,60,0,0x1,0x1,0x339ab0,0x312370,Engine,UObject,UObject,UObject,0x0,0x0,0x0,0x0,Engine,0x3430a0,0x312370,0x330330,0x30d4e0,0xf18e88,0xeb30e8,0x4c5360,0x4a0dc0,60
UWindDirectionalSourceComponent,Engine,104,104,0,0x0,0x0,0x177f30,0x175630,Engine,UActorComponent,UActorComponent,UObject,0x0,0x0,0x0,0x0,Engine,0x183830,0x175630,0x17ef60,0x16e1e0,0xee2418,0xe86028,0x176250,0x172ca0,104
UWindPointSourceComponent,Engine,112,112,0,0x0,0x0,0x177fc0,0x17aa10,Engine,UWindDirectionalSourceComponent,UWindDirectionalSourceComponent,UObject,0x0,0x0,0x0,0x0,Engine,0x185f10,0x17aa10,0x183860,0x175680,0xee2088,0xe86398,0x176270,0x172cc0,112
UWindowsClient,WinDrv,472,472,0,0x1000000c,0x1000000c,0x612dd0,0x5c3df0,WinDrv,UClient,UClient,UObject,0x0,0x0,0x0,0x0,Engine,0x612e60,0x5c3df0,0x60a2f0,0x5c2e50,0xf5eb68,0xee2bb8,0x612d80,0x5cb110,472
UWorld,Engine,716,716,0,0x10000000,0x10000000,0x3b7620,0x3844a0,Engine,UObject,UObject,UObject,0x0,0x0,0x0,0x0,Engine,0x3b9150,0x3844a0,0x3a2380,0x380e20,0xf1f218,0xeb50c0,0x3b5b30,0x3959c0,716
UWorldRainComponent,Engine,120,120,0,0x0,0x0,0x3a5fa0,0x384d00,Engine,UActorComponent,UActorComponent,UObject,0x0,0x0,0x0,0x0,Engine,0x3aa0d0,0x384d00,0x3a2ac0,0x381460,0xf1e3d8,0xeb5e80,0x3a5890,0x384a50,120
UXnaForceFeedbackManager,WinDrv,80,80,0,0x1000000c,0x1000000c,0x60b6b0,0x5c3fc0,WinDrv,UForceFeedbackManager,UForceFeedbackManager,APlayerController,0x0,0x0,0x0,0x0,Engine,0x60c090,0x5c3fc0,0x60b290,0x5c3ae0,0xf5ed30,0xee2d70,0x60b4e0,0x5c3d90,80
