rank,score,owner,name,type,container,ambiguous,file,line,in_retail,reads,writes,checks,indexed,num_cmp,files,verify,examples
A-fatal,3428,ANavigationPoint,PathList,TArrayNoInit<class UReachSpec*>,1,0,source/Development/Src/Engine/Inc/EngineClasses.h,9444,0,97,10,0,55,41,9,0,source/Development/Src/Engine/Inc/EngineClasses.h:9615 source/Development/Src/Engine/Src/CoverMeshComponent.cpp:63 source/Development/Src/Engine/Src/CoverMeshComponent.cpp:65
A-fatal,3297,USkeletalMesh,ClothWeldingMap,TArray<INT>,1,0,source/Development/Src/Engine/Inc/UnSkeletalMesh.h,3657,0,47,7,4,9,40,5,1,source/Development/Src/Engine/Src/UnPhysComponent.cpp:2151 source/Development/Src/Engine/Src/UnPhysComponent.cpp:2153 source/Development/Src/Engine/Src/UnPhysComponent.cpp:2238
A-fatal,3197,USkeletalMesh,ClothToGraphicsVertMap,TArray<INT>,1,0,source/Development/Src/Engine/Inc/UnSkeletalMesh.h,3652,0,48,6,3,9,22,4,1,source/Development/Src/Engine/Inc/UnSkeletalMesh.h:3959 source/Development/Src/Engine/Src/UnPhysComponent.cpp:2141 source/Development/Src/Engine/Src/UnPhysComponent.cpp:2142
A-fatal,3126,USkeletalMeshComponent,ClothMeshPosData,TArray<FVector>,1,0,source/Development/Src/Engine/Inc/UnSkeletalMesh.h,460,0,15,3,6,2,10,2,1,source/Development/Src/Engine/Src/UnPhysComponent.cpp:2242 source/Development/Src/Engine/Src/UnPhysComponent.cpp:2246 source/Development/Src/Engine/Src/UnPhysComponent.cpp:2247
A-fatal,3111,USkeletalMesh,OptimizationSettings,TArray<FSkeletalMeshOptimizationSettings>,1,0,source/Development/Src/Engine/Inc/UnSkeletalMesh.h,3644,0,18,10,4,4,8,4,1,source/Development/Src/Engine/Inc/UnSkeletalMesh.h:4013 source/Development/Src/Engine/Inc/UnSkeletalMesh.h:4023 source/Development/Src/Engine/Inc/UnSkeletalMesh.h:4024
A-fatal,3111,UStaticMesh,OptimizationSettings,TArray<FStaticMeshOptimizationSettings>,1,0,source/Development/Src/Engine/Inc/UnStaticMesh.h,1417,0,18,10,4,4,8,4,1,source/Development/Src/Engine/Inc/UnSkeletalMesh.h:4013 source/Development/Src/Engine/Inc/UnSkeletalMesh.h:4023 source/Development/Src/Engine/Inc/UnSkeletalMesh.h:4024
A-fatal,3081,UGameEngine,SecondaryViewportFrames,TArray<FViewportFrame*>,1,0,source/Development/Src/Engine/Inc/EngineGameEngineClasses.h,2481,0,10,2,3,3,7,3,0,source/Development/Src/Engine/Inc/EngineGameEngineClasses.h:2619 source/Development/Src/Engine/Inc/EngineGameEngineClasses.h:2620 source/Development/Src/Engine/Src/UnGame.cpp:111
A-fatal,3066,USkeletalMeshComponent,ClothMeshNormalData,TArray<FVector>,1,0,source/Development/Src/Engine/Inc/UnSkeletalMesh.h,461,0,9,3,3,3,4,3,1,source/Development/Src/Engine/Src/UnNovodexSupport.cpp:892 source/Development/Src/Engine/Src/UnNovodexSupport.cpp:894 source/Development/Src/Engine/Src/UnPhysComponent.cpp:2242
A-fatal,3060,USkeletalMesh,ClothWeldedIndices,TArray<INT>,1,0,source/Development/Src/Engine/Inc/UnSkeletalMesh.h,3659,0,8,4,2,4,4,2,1,source/Development/Src/Engine/Src/UnPhysComponent.cpp:3638 source/Development/Src/Engine/Src/UnPhysComponent.cpp:3654 source/Development/Src/Engine/Src/UnPhysComponent.cpp:3656
A-fatal,3057,UGameEngine,SecondaryViewportClients,TArray<class UScriptViewportClient*>,1,0,source/Development/Src/Engine/Inc/EngineGameEngineClasses.h,2480,0,5,2,3,1,4,3,0,source/Development/Src/Engine/Inc/EngineGameEngineClasses.h:2619 source/Development/Src/Engine/Src/UnGame.cpp:111 source/Development/Src/Engine/Src/UnGame.cpp:4417
A-fatal,3055,USkeletalMesh,ClothMesh,TArray<FPointer>,1,0,source/Development/Src/Engine/Inc/UnSkeletalMesh.h,3650,0,12,5,2,3,3,4,1,source/Development/Src/Engine/Src/UnPhysComponent.cpp:149 source/Development/Src/Engine/Src/UnPhysComponent.cpp:3565 source/Development/Src/Engine/Src/UnPhysComponent.cpp:3566
A-fatal,3053,USkeletalMeshComponent,ClothMeshWeldedPosData,TArray<FVector>,1,0,source/Development/Src/Engine/Inc/UnSkeletalMesh.h,467,0,6,2,3,1,3,2,1,source/Development/Src/Engine/Src/UnPhysComponent.cpp:2252 source/Development/Src/Engine/Src/UnPhysComponent.cpp:2253 source/Development/Src/Engine/Src/UnPhysComponent.cpp:2257
A-fatal,3052,USkeletalMeshComponent,ActiveCurveMorphs,TArrayNoInit<FActiveMorph>,1,0,source/Development/Src/Engine/Inc/UnSkeletalMesh.h,412,0,13,4,0,9,3,1,1,source/Development/Src/Engine/Src/UnSkeletalComponent.cpp:187 source/Development/Src/Engine/Src/UnSkeletalComponent.cpp:2584 source/Development/Src/Engine/Src/UnSkeletalComponent.cpp:2591
A-fatal,3052,USkeletalMesh,ClothMovementScale,TArray<FLOAT>,1,0,source/Development/Src/Engine/Inc/UnSkeletalMesh.h,3653,0,10,9,1,6,2,3,1,source/Development/Src/Engine/Inc/UnSkeletalMesh.h:1937 source/Development/Src/Engine/Inc/UnSkeletalMesh.h:3964 source/Development/Src/Engine/Inc/UnSkeletalMesh.h:3967
A-fatal,3051,UAnimTree,RootMorphNodes,TArrayNoInit<class UMorphNodeBase*>,1,0,source/Development/Src/Engine/Inc/EngineAnimClasses.h,3713,0,13,1,0,8,4,3,0,source/Development/Src/Engine/Inc/EngineAnimClasses.h:3843 source/Development/Src/Engine/Src/UnAnimTree.cpp:4238 source/Development/Src/Engine/Src/UnAnimTree.cpp:4241
A-fatal,3047,FMaterialReferenceList,AffectedPPChainMaterialRefs,TArrayNoInit<struct FPostProcessMaterialRef>,1,0,source/Development/Src/Engine/Inc/EngineClasses.h,16004,0,20,7,0,10,0,2,0,source/Development/Src/Engine/Src/UnInterpolation.cpp:10241 source/Development/Src/Engine/Src/UnInterpolation.cpp:10288 source/Development/Src/Engine/Src/UnInterpolation.cpp:10306
A-fatal,3043,ACamera,ActiveAnims,TArrayNoInit<class UCameraAnimInst*>,1,0,source/Development/Src/Engine/Inc/EngineCameraClasses.h,184,0,10,3,0,5,4,2,0,source/Development/Src/Engine/Src/UnCamera.cpp:329 source/Development/Src/Engine/Src/UnCamera.cpp:350 source/Development/Src/Engine/Src/UnCamera.cpp:357
A-fatal,3041,USkeletalMesh,ClothSpecialBones,TArray<FClothSpecialBoneInfo>,1,0,source/Development/Src/Engine/Inc/UnSkeletalMesh.h,3688,0,11,0,0,7,3,2,1,source/Development/Src/Engine/Src/UnPhysComponent.cpp:3802 source/Development/Src/Engine/Src/UnSkeletalTools.cpp:2029 source/Development/Src/Engine/Src/UnSkeletalTools.cpp:2031
A-fatal,3037,UAnimTree,SavedPose,TArrayNoInit<FBoneAtom>,1,0,source/Development/Src/Engine/Inc/EngineAnimClasses.h,3714,0,5,9,1,2,2,2,0,source/Development/Src/Engine/Src/UnAnimTree.cpp:4332 source/Development/Src/Engine/Src/UnAnimTree.cpp:4334 source/Development/Src/Engine/Src/UnAnimTree.cpp:4372
A-fatal,3037,UApexAsset,NamedReferences,TArrayNoInit<class UApexAsset*>,1,0,source/Development/Src/Engine/Inc/EngineMeshClasses.h,62,0,6,4,0,5,3,1,0,source/Development/Src/Engine/Src/NvApexGenericAsset.cpp:419 source/Development/Src/Engine/Src/NvApexGenericAsset.cpp:427 source/Development/Src/Engine/Src/NvApexGenericAsset.cpp:429
A-fatal,3036,USkeletalMesh,CachedSoftBodyMeshes,TArray<FPointer>,1,0,source/Development/Src/Engine/Inc/UnSkeletalMesh.h,3706,0,6,2,1,2,3,2,1,source/Development/Src/Engine/Src/UnSkeletalMesh.cpp:2123 source/Development/Src/Engine/Src/UnSoftBodySupport.cpp:30 source/Development/Src/Engine/Src/UnSoftBodySupport.cpp:33
A-fatal,3031,USkeletalMesh,SoftBodyTetraIndices,TArray<INT>,1,0,source/Development/Src/Engine/Inc/UnSkeletalMesh.h,3704,0,10,4,1,4,0,4,1,source/Development/Src/Engine/Src/UnPhysSkelComponent.cpp:152 source/Development/Src/Engine/Src/UnPhysSkelComponent.cpp:179 source/Development/Src/Engine/Src/UnPhysSkelComponent.cpp:179
A-fatal,3030,USkeletalMeshComponent,AnimTickRelevancyArray,TArray<INT>,1,0,source/Development/Src/Engine/Inc/UnSkeletalMesh.h,406,0,5,4,0,3,3,3,1,source/Development/Src/DishonoredGame/Src/dishonoredanimnodetreeref_dynamic.cpp:189 source/Development/Src/DishonoredGame/Src/dishonoredanimnodetreeref_dynamic.cpp:191 source/Development/Src/DishonoredGame/Src/dishonoredanimnodetreeref_dynamic.cpp:311
A-fatal,3030,USkeletalMesh,GraphicsIndexIsCloth,TArray<UBOOL>,1,0,source/Development/Src/Engine/Inc/UnSkeletalMesh.h,3731,0,4,5,0,6,1,2,1,source/Development/Src/Engine/Src/UnSkeletalRenderCPUSkin.cpp:853 source/Development/Src/Engine/Src/UnSkeletalRenderCPUSkin.cpp:866 source/Development/Src/Engine/Src/UnSkeletalRenderCPUSkin.cpp:866
A-fatal,3029,USkeletalMeshComponent,AnimTickWeightsArray,TArray<FLOAT>,1,0,source/Development/Src/Engine/Inc/UnSkeletalMesh.h,407,0,7,4,0,4,2,3,1,source/Development/Src/DishonoredGame/Src/dishonoredanimnodetreeref_dynamic.cpp:193 source/Development/Src/DishonoredGame/Src/dishonoredanimnodetreeref_dynamic.cpp:195 source/Development/Src/Engine/Inc/EngineAnimClasses.h:3701
A-fatal,3028,APlayerController,HearSoundActiveComponents,TArrayNoInit<class UAudioComponent*>,1,0,source/Development/Src/Engine/Inc/EngineControllerClasses.h,1876,0,6,3,0,4,2,1,0,source/Development/Src/Engine/Src/UnScript.cpp:2142 source/Development/Src/Engine/Src/UnScript.cpp:2144 source/Development/Src/Engine/Src/UnScript.cpp:2144
A-fatal,3028,UWorld,AnimTreePool,TArray<class UAnimTree*>,1,0,source/Development/Src/Engine/Inc/UnWorld.h,196,?,6,3,0,4,2,2,0,source/Development/Src/Engine/Src/UnAnimTree.cpp:4569 source/Development/Src/Engine/Src/UnAnimTree.cpp:4571 source/Development/Src/Engine/Src/UnAnimTree.cpp:4573
A-fatal,3027,APlayerController,ConnectedPeers,TArrayNoInit<struct FConnectedPeerInfo>,1,0,source/Development/Src/Engine/Inc/EngineControllerClasses.h,1868,0,6,0,0,3,3,3,0,source/Development/Src/Engine/Src/UnController.cpp:2939 source/Development/Src/Engine/Src/UnController.cpp:2941 source/Development/Src/Engine/Src/UnLevTic.cpp:1542
A-fatal,3027,ULevel,CoverIndexPairs,TArray<FCoverIndexPair>,1,0,source/Development/Src/Engine/Inc/UnLevel.h,789,0,6,3,0,2,3,2,0,source/Development/Src/Engine/Src/UnCover.cpp:727 source/Development/Src/Engine/Src/UnCover.cpp:729 source/Development/Src/Engine/Src/UnCover.cpp:748
A-fatal,3026,UParticleSystemComponent,AttractorCollisionEvents,TArrayNoInit<struct FParticleEventAttractorCollideData>,1,0,source/Development/Src/Engine/Inc/EngineParticleClasses.h,1168,0,6,2,0,2,3,2,0,source/Development/Src/Engine/Src/ParticleEmitterInstances.cpp:2374 source/Development/Src/Engine/Src/ParticleEmitterInstances.cpp:2376 source/Development/Src/Engine/Src/ParticleEmitterInstances.cpp:2378
A-fatal,3025,UGameEngine,AnimTags,TArrayNoInit<struct FAnimTag>,1,0,source/Development/Src/Engine/Inc/EngineGameEngineClasses.h,2482,0,7,2,0,5,1,2,1,source/Development/Src/Engine/Inc/EngineAnimClasses.h:726 source/Development/Src/Engine/Src/UnSkeletalAnim.cpp:2138 source/Development/Src/Engine/Src/UnSkeletalAnim.cpp:2138
A-fatal,3024,ULevel,CrossLevelCoverGuidRefs,TArray<FGuidPair>,1,0,source/Development/Src/Engine/Inc/UnLevel.h,787,0,6,3,0,1,3,3,0,source/Development/Src/Engine/Inc/UnLevel.h:1027 source/Development/Src/Engine/Src/UnCover.cpp:802 source/Development/Src/Engine/Src/UnCover.cpp:818
A-fatal,3023,USkeletalMesh,ClothIndexBuffer,TArray<INT>,1,0,source/Development/Src/Engine/Inc/UnSkeletalMesh.h,3662,0,6,7,0,1,2,2,1,source/Development/Src/Engine/Src/UnPhysComponent.cpp:3580 source/Development/Src/Engine/Src/UnPhysComponent.cpp:3603 source/Development/Src/Engine/Src/UnPhysComponent.cpp:3605
A-fatal,3021,ULocalPlayer,ActivePPOverrides,TArrayNoInit<struct FPostProcessSettingsOverride>,1,0,source/Development/Src/Engine/Inc/EngineClasses.h,19597,0,4,3,0,2,2,2,0,source/Development/Src/Engine/Src/UnGame.cpp:2135 source/Development/Src/Engine/Src/UnGame.cpp:2137 source/Development/Src/Engine/Src/UnPlayer.cpp:4091
A-fatal,3021,UInput,CurrentTouches,TArrayNoInit<struct FTouchTracker>,1,0,source/Development/Src/Engine/Inc/EngineUserInterfaceClasses.h,911,0,7,1,0,4,1,1,1,source/Development/Src/Engine/Src/UnIn.cpp:281 source/Development/Src/Engine/Src/UnIn.cpp:924 source/Development/Src/Engine/Src/UnIn.cpp:927
A-fatal,3021,USkeletalMeshComponent,ClothMeshWeldedNormalData,TArray<FVector>,1,0,source/Development/Src/Engine/Inc/UnSkeletalMesh.h,468,0,3,2,1,1,1,2,1,source/Development/Src/Engine/Src/UnPhysComponent.cpp:2253 source/Development/Src/Engine/Src/UnPhysComponent.cpp:3644 source/Development/Src/Engine/Src/UnPhysComponent.cpp:3645
A-fatal,3021,USkeletalMesh,ClothMeshScale,TArray<FLOAT>,1,0,source/Development/Src/Engine/Inc/UnSkeletalMesh.h,3651,0,3,2,1,1,1,2,1,source/Development/Src/Engine/Src/UnSkeletalMesh.cpp:2121 source/Development/Src/Engine/Src/UnSkeletalTools.cpp:2404 source/Development/Src/Engine/Src/UnSkeletalTools.cpp:2409
A-fatal,3021,USkeletalMesh,CachedSoftBodyMeshScales,TArray<FLOAT>,1,0,source/Development/Src/Engine/Inc/UnSkeletalMesh.h,3707,0,3,2,1,1,1,2,1,source/Development/Src/Engine/Src/UnSkeletalMesh.cpp:2124 source/Development/Src/Engine/Src/UnSoftBodySupport.cpp:30 source/Development/Src/Engine/Src/UnSoftBodySupport.cpp:35
A-fatal,3021,AGameCrowdAgent,NearbyDynamics,TArrayNoInit<struct FNearbyDynamicItem>,1,0,source/Development/Src/GameFramework/Inc/GameFrameworkClasses.h,1109,0,6,2,0,2,2,2,0,source/Development/Src/GameFramework/Inc/GameFrameworkClasses.h:1326 source/Development/Src/GameFramework/Src/GameCrowd.cpp:443 source/Development/Src/GameFramework/Src/GameCrowd.cpp:449
A-fatal,3017,APylon,VoxelFilterBounds,TArrayNoInit<FKAggregateGeom>,1,0,source/Development/Src/Engine/Inc/EngineClasses.h,9894,0,3,3,0,1,2,1,0,source/Development/Src/Engine/Src/UnNavigationMesh.cpp:8518 source/Development/Src/Engine/Src/UnNavigationMesh.cpp:8521 source/Development/Src/Engine/Src/UnNavigationMesh.cpp:8778
A-fatal,3017,USkeletalMeshComponent,AnimAlwaysTickArray,TArray<UAnimNode*>,1,0,source/Development/Src/Engine/Inc/UnSkeletalMesh.h,405,0,8,0,0,1,2,2,1,source/Development/Src/Engine/Inc/EngineAnimClasses.h:3699 source/Development/Src/Engine/Src/UnAnimTree.cpp:1059 source/Development/Src/Engine/Src/UnAnimTree.cpp:4716
A-fatal,3016,AScout,EdgePathColors,TArrayNoInit<FColor>,1,0,source/Development/Src/Engine/Inc/EnginePawnClasses.h,1468,0,4,0,0,3,1,2,0,source/Development/Src/Engine/Src/NavMeshRenderingComponent.cpp:191 source/Development/Src/Engine/Src/NavMeshRenderingComponent.cpp:195 source/Development/Src/Engine/Src/UnNavigationMesh.cpp:3557
A-fatal,3015,UWorld,Observers,TArray<FObserverInterface*>,1,0,source/Development/Src/Engine/Inc/UnWorld.h,198,?,2,3,0,2,1,2,0,source/Development/Src/Engine/Src/FluidSurfaceComponent.cpp:378 source/Development/Src/Engine/Src/FluidSurfaceComponent.cpp:382 source/Development/Src/Engine/Src/FluidSurfaceComponent.cpp:384
A-fatal,3014,UParticleModuleCollision,ParticleAttractorCollisionActions,TArrayNoInit<struct FParticleAttractorCollisionAction>,1,0,source/Development/Src/Engine/Inc/EngineParticleClasses.h,3099,0,3,0,0,1,2,1,1,source/Development/Src/Engine/Src/ParticleModules_Collision.cpp:112 source/Development/Src/Engine/Src/ParticleModules_Collision.cpp:791 source/Development/Src/Engine/Src/ParticleModules_Collision.cpp:793
A-fatal,3013,ACamera,FreeAnims,TArrayNoInit<class UCameraAnimInst*>,1,0,source/Development/Src/Engine/Inc/EngineCameraClasses.h,185,0,0,3,0,0,2,1,0,source/Development/Src/Engine/Src/UnCamera.cpp:324 source/Development/Src/Engine/Src/UnCamera.cpp:324 source/Development/Src/Engine/Src/UnCamera.cpp:351
A-fatal,3013,AWorldInfo,MassiveLODOverrideVolumes,TArrayNoInit<class AMassiveLODOverrideVolume*>,1,0,source/Development/Src/Engine/Inc/EngineGameEngineClasses.h,683,0,5,0,0,2,1,2,0,source/Development/Src/Engine/Src/UnEngine.cpp:8167 source/Development/Src/Engine/Src/UnEngine.cpp:8182 source/Development/Src/Engine/Src/UnLevAct.cpp:3536
A-fatal,3013,AWorldInfo,ReplicationViewers,TArrayNoInit<struct FNetViewer>,1,0,source/Development/Src/Engine/Inc/EngineGameEngineClasses.h,691,0,4,0,0,2,1,2,0,source/Development/Src/Engine/Src/UnActor.cpp:504 source/Development/Src/Engine/Src/UnActor.cpp:506 source/Development/Src/Engine/Src/UnActor.cpp:506
A-fatal,3013,USkeletalMesh,SoftBodySpecialBones,TArray<FSoftBodySpecialBoneInfo>,1,0,source/Development/Src/Engine/Inc/UnSkeletalMesh.h,3709,0,4,0,0,2,1,2,1,source/Development/Src/Engine/Src/UnPhysSkelComponent.cpp:170 source/Development/Src/Engine/Src/UnSoftBodySupport.cpp:115 source/Development/Src/Engine/Src/UnSoftBodySupport.cpp:118
A-fatal,3012,UInput,CachedInputEvents,TArrayNoInit<class USeqEvent_Input*>,1,0,source/Development/Src/Engine/Inc/EngineUserInterfaceClasses.h,908,0,2,3,0,1,1,2,0,source/Development/Src/Engine/Src/UnIn.cpp:203 source/Development/Src/Engine/Src/UnIn.cpp:205 source/Development/Src/Engine/Src/UnIn.cpp:222
A-fatal,3012,UInput,CachedAnalogInputEvents,TArrayNoInit<class USeqEvent_AnalogInput*>,1,0,source/Development/Src/Engine/Inc/EngineUserInterfaceClasses.h,909,0,2,3,0,1,1,2,0,source/Development/Src/Engine/Src/UnIn.cpp:241 source/Development/Src/Engine/Src/UnIn.cpp:243 source/Development/Src/Engine/Src/UnIn.cpp:262
A-fatal,3012,UInput,CachedTouchInputEvents,TArrayNoInit<class USeqEvent_TouchInput*>,1,0,source/Development/Src/Engine/Inc/EngineUserInterfaceClasses.h,910,0,2,3,0,1,1,2,0,source/Development/Src/Engine/Src/UnIn.cpp:285 source/Development/Src/Engine/Src/UnIn.cpp:287 source/Development/Src/Engine/Src/UnIn.cpp:304
A-fatal,3011,AWorldInfo,EnvironmentVolumes,TArrayNoInit<class AEnvironmentVolume*>,1,0,source/Development/Src/Engine/Inc/EngineGameEngineClasses.h,684,0,2,2,0,1,1,2,0,source/Development/Src/Engine/Src/UnActor.cpp:5162 source/Development/Src/Engine/Src/UnActor.cpp:5164 source/Development/Src/Engine/Src/UnNavigationHandle.cpp:5949
A-fatal,3011,UDownloadableContentManager,QueuedFullyLoadPackageInis,TArrayNoInit<FString>,1,0,source/Development/Src/Engine/Inc/EngineGameEngineClasses.h,1252,0,2,2,0,1,1,1,0,source/Development/Src/Engine/Src/DownloadableContent.cpp:149 source/Development/Src/Engine/Src/DownloadableContent.cpp:151 source/Development/Src/Engine/Src/DownloadableContent.cpp:153
A-fatal,3011,USkeletalMesh,ClothBones,TArray<FName>,1,0,source/Development/Src/Engine/Inc/UnSkeletalMesh.h,3663,0,6,0,0,1,1,2,1,source/Development/Src/Engine/Inc/UnSkeletalMesh.h:3959 source/Development/Src/Engine/Src/UnSkeletalTools.cpp:1987 source/Development/Src/Engine/Src/UnSkeletalTools.cpp:2000
A-fatal,3010,APlayerController,HearSoundPoolComponents,TArrayNoInit<class UAudioComponent*>,1,0,source/Development/Src/Engine/Inc/EngineControllerClasses.h,1877,0,3,1,0,1,1,1,0,source/Development/Src/Engine/Src/UnScript.cpp:2123 source/Development/Src/Engine/Src/UnScript.cpp:2125 source/Development/Src/Engine/Src/UnScript.cpp:2126
A-fatal,3009,UNavMeshGoal_GenericFilterContainer,SeedLocations,TArrayNoInit<FVector>,1,0,source/Development/Src/Engine/Inc/EngineAIClasses.h,2528,0,2,0,0,1,1,1,1,source/Development/Src/Engine/Src/UnNavigationConstraintsAndGoals.cpp:1263 source/Development/Src/Engine/Src/UnNavigationConstraintsAndGoals.cpp:1265
A-fatal,3009,APlayerController,VoicePacketFilter,TArrayNoInit<struct FUniqueNetId>,1,0,source/Development/Src/Engine/Inc/EngineControllerClasses.h,1867,0,2,0,0,1,1,1,0,source/Development/Src/Engine/Src/UnController.cpp:2738 source/Development/Src/Engine/Src/UnController.cpp:2741
A-fatal,3009,USeqAct_Interp,LinkedCover,TArrayNoInit<class ACoverLink*>,1,0,source/Development/Src/Engine/Inc/EngineSequenceClasses.h,2125,0,2,0,0,1,1,1,0,source/Development/Src/Engine/Src/UnInterpolation.cpp:2417 source/Development/Src/Engine/Src/UnInterpolation.cpp:2419
A-fatal,3009,AGameCrowdAgent,AvoidOtherSampleList,TArrayNoInit<struct FAvoidOtherSampleItem>,1,0,source/Development/Src/GameFramework/Inc/GameFrameworkClasses.h,1126,0,2,0,0,1,1,1,0,source/Development/Src/GameFramework/Src/GameCrowd.cpp:806 source/Development/Src/GameFramework/Src/GameCrowd.cpp:808
A-fatal,3008,USkeletalMeshComponent,ClothMeshIndexData,TArray<INT>,1,0,source/Development/Src/Engine/Inc/UnSkeletalMesh.h,462,0,2,4,0,1,0,2,1,source/Development/Src/Engine/Src/UnPhysComponent.cpp:3394 source/Development/Src/Engine/Src/UnPhysComponent.cpp:3599 source/Development/Src/Engine/Src/UnPhysComponent.cpp:3600
A-fatal,3008,USkeletalMesh,ClothTornTriMap,"TMap<QWORD,INT>",1,0,source/Development/Src/Engine/Inc/UnSkeletalMesh.h,3700,0,4,1,0,0,1,3,1,source/Development/Src/Engine/Src/UnSkeletalMesh.cpp:2122 source/Development/Src/Engine/Src/UnSkeletalRenderCPUSkin.cpp:833 source/Development/Src/Engine/Src/UnSkeletalTools.cpp:2250
A-fatal,3008,USkeletalMesh,SoftBodySurfaceToGraphicsVertMap,TArray<INT>,1,0,source/Development/Src/Engine/Inc/UnSkeletalMesh.h,3701,0,2,2,0,0,1,2,1,source/Development/Src/Engine/Src/UnSkeletalRenderCPUSkin.cpp:665 source/Development/Src/Engine/Src/UnSoftBodySupport.cpp:41 source/Development/Src/Engine/Src/UnSoftBodySupport.cpp:130
A-fatal,3007,APlayerController,BestNextHostPeers,TArrayNoInit<struct FUniqueNetId>,1,0,source/Development/Src/Engine/Inc/EngineControllerClasses.h,1869,0,1,2,0,0,1,2,0,source/Development/Src/Engine/Src/UnLevTic.cpp:1538 source/Development/Src/Engine/Src/UnScript.cpp:3457 source/Development/Src/Engine/Src/UnScript.cpp:3457
A-fatal,3007,USkeletalMeshComponent,MorphSets,TArrayNoInit<class UMorphTargetSet*>,1,0,source/Development/Src/Engine/Inc/UnSkeletalMesh.h,410,0,9,0,0,1,0,3,1,source/Development/Src/Engine/Inc/UnSkeletalMesh.h:835 source/Development/Src/Engine/Src/UnMorph.cpp:469 source/Development/Src/Engine/Src/UnMorph.cpp:1163
A-fatal,3007,USkeletalMeshComponent,ClothMeshWeldedIndexData,TArray<INT>,1,0,source/Development/Src/Engine/Inc/UnSkeletalMesh.h,469,0,2,3,0,1,0,1,1,source/Development/Src/Engine/Src/UnPhysComponent.cpp:3647 source/Development/Src/Engine/Src/UnPhysComponent.cpp:3648 source/Development/Src/Engine/Src/UnPhysComponent.cpp:3656
A-fatal,3006,APylon,VoxelFilterTM,TArrayNoInit<FMatrix>,1,0,source/Development/Src/Engine/Inc/EngineClasses.h,9895,0,1,3,0,1,0,1,0,source/Development/Src/Engine/Src/UnNavigationMesh.cpp:8522 source/Development/Src/Engine/Src/UnNavigationMesh.cpp:8779 source/Development/Src/Engine/Src/UnNavigationMesh.cpp:8786
A-fatal,3005,AGameCrowdAgent,EncounterAgentBehaviors,TArrayNoInit<struct FBehaviorEntry>,1,0,source/Development/Src/GameFramework/Inc/GameFrameworkClasses.h,1153,0,1,0,0,0,1,1,0,source/Development/Src/GameFramework/Src/GameCrowd.cpp:487
A-fatal,3005,AGameCrowdAgent,GroupWaitingBehaviors,TArrayNoInit<struct FBehaviorEntry>,1,0,source/Development/Src/GameFramework/Inc/GameFrameworkClasses.h,1164,0,1,0,0,0,1,1,0,source/Development/Src/GameFramework/Src/GameCrowd.cpp:1372
B-shared-write,2514,UPrimitiveComponent,ReplacementPrimitive,UPrimitiveComponent*,0,0,source/Development/Src/Engine/Inc/PrimitiveComponent.h,918,1,6,11,0,0,0,6,1,source/Development/Src/Core/Src/UnProp.cpp:2583 source/Development/Src/Engine/Src/InstancedStaticMesh.cpp:1528 source/Development/Src/Engine/Src/InstancedStaticMesh.cpp:1528
B-shared-write,2505,UMaterial,bUsedWithFogVolumes,BITFIELD,0,0,source/Development/Src/Engine/Inc/EngineMaterialClasses.h,3977,1,6,2,0,0,0,2,0,source/Development/Src/Engine/Src/Material.cpp:388 source/Development/Src/Engine/Src/Material.cpp:421 source/Development/Src/Engine/Src/Material.cpp:454
B-shared-write,2502,UMaterial,bUsedWithFracturedMeshes,BITFIELD,0,0,source/Development/Src/Engine/Inc/EngineMaterialClasses.h,3980,1,3,1,0,0,0,2,0,source/Development/Src/Engine/Src/Material.cpp:375 source/Development/Src/Engine/Src/Material.cpp:408 source/Development/Src/Engine/Src/Material.cpp:441
B-shared-write,2082,USkeletalMesh,SourceData,FSkeletalMeshSourceData,0,0,source/Development/Src/Engine/Inc/UnSkeletalMesh.h,3643,0,53,6,5,0,0,7,1,source/Development/Src/Core/Inc/UnAsyncWork.h:716 source/Development/Src/Core/Inc/UnAsyncWork.h:725 source/Development/Src/Core/Inc/UnAsyncWork.h:797
B-shared-write,2082,UStaticMesh,SourceData,FStaticMeshSourceData,0,0,source/Development/Src/Engine/Inc/UnStaticMesh.h,1416,0,53,6,5,0,0,7,1,source/Development/Src/Core/Inc/UnAsyncWork.h:716 source/Development/Src/Core/Inc/UnAsyncWork.h:725 source/Development/Src/Core/Inc/UnAsyncWork.h:797
B-shared-write,2077,USkeletalMeshComponent,ClothSim,FPointer,0,0,source/Development/Src/Engine/Inc/UnSkeletalMesh.h,458,0,110,2,2,0,0,6,1,source/Development/Src/Engine/Src/UnNovodexSupport.cpp:858 source/Development/Src/Engine/Src/UnNovodexSupport.cpp:870 source/Development/Src/Engine/Src/UnNovodexSupport.cpp:954
B-shared-write,2057,AController,MoveTarget,class AActor*,0,0,source/Development/Src/Engine/Inc/EngineControllerClasses.h,418,0,84,15,0,0,0,5,0,source/Development/Src/Engine/Src/UnController.cpp:150 source/Development/Src/Engine/Src/UnController.cpp:150 source/Development/Src/Engine/Src/UnController.cpp:152
B-shared-write,2042,AController,CurrentPath,class UReachSpec*,0,0,source/Development/Src/Engine/Inc/EngineControllerClasses.h,420,0,68,8,0,0,0,7,0,source/Development/Src/Engine/Inc/EngineControllerClasses.h:958 source/Development/Src/Engine/Inc/EngineControllerClasses.h:960 source/Development/Src/Engine/Src/UnController.cpp:155
B-shared-write,2041,USkeletalMesh,ClothWeldingDomain,INT,0,0,source/Development/Src/Engine/Inc/UnSkeletalMesh.h,3658,0,7,8,3,0,0,2,1,source/Development/Src/Engine/Src/UnPhysComponent.cpp:2257 source/Development/Src/Engine/Src/UnPhysComponent.cpp:2439 source/Development/Src/Engine/Src/UnPhysComponent.cpp:2441
B-shared-write,2039,USeqAct_Interp,ReplicatedActor,class AMatineeActor*,0,0,source/Development/Src/Engine/Inc/EngineSequenceClasses.h,2127,0,34,2,2,0,0,5,0,source/Development/Src/Engine/Inc/EngineClasses.h:4147 source/Development/Src/Engine/Inc/EngineClasses.h:4149 source/Development/Src/Engine/Inc/EngineClasses.h:4155
B-shared-write,2032,USkeletalMesh,NumFreeClothVerts,INT,0,0,source/Development/Src/Engine/Inc/UnSkeletalMesh.h,3661,0,22,1,2,0,0,3,1,source/Development/Src/Engine/Src/UnPhysComponent.cpp:2137 source/Development/Src/Engine/Src/UnPhysComponent.cpp:2141 source/Development/Src/Engine/Src/UnPhysComponent.cpp:4179
B-shared-write,2027,AController,NextRoutePath,class UReachSpec*,0,0,source/Development/Src/Engine/Inc/EngineControllerClasses.h,421,0,36,6,0,1,0,3,0,source/Development/Src/Engine/Src/UnController.cpp:159 source/Development/Src/Engine/Src/UnController.cpp:159 source/Development/Src/Engine/Src/UnController.cpp:159
B-shared-write,2026,USkeletalMeshComponent,NumClothMeshVerts,INT,0,0,source/Development/Src/Engine/Inc/UnSkeletalMesh.h,463,0,11,1,2,0,0,2,1,source/Development/Src/Engine/Src/UnPhysComponent.cpp:2241 source/Development/Src/Engine/Src/UnPhysComponent.cpp:2439 source/Development/Src/Engine/Src/UnPhysComponent.cpp:2441
B-shared-write,2022,UPrimitiveComponentFactory,BlockZeroExtent,BITFIELD,0,0,source/Development/Src/Engine/Inc/EngineClasses.h,20164,0,15,9,0,2,0,12,0,source/Development/Src/Engine/Inc/PrimitiveComponent.h:826 source/Development/Src/Engine/Src/InstancedStaticMesh.cpp:1523 source/Development/Src/Engine/Src/InstancedStaticMesh.cpp:1523
B-shared-write,2022,UPrimitiveComponentFactory,BlockNonZeroExtent,BITFIELD,0,0,source/Development/Src/Engine/Inc/EngineClasses.h,20165,0,15,9,0,2,0,12,0,source/Development/Src/Engine/Inc/PrimitiveComponent.h:827 source/Development/Src/Engine/Src/InstancedStaticMesh.cpp:1522 source/Development/Src/Engine/Src/InstancedStaticMesh.cpp:1522
B-shared-write,2022,USkeletalMeshComponent,SoftBodySim,FPointer,0,0,source/Development/Src/Engine/Inc/UnSkeletalMesh.h,487,0,20,2,1,0,0,5,1,source/Development/Src/Engine/Src/UnNovodexSupport.cpp:1005 source/Development/Src/Engine/Src/UnNovodexSupport.cpp:1016 source/Development/Src/Engine/Src/UnPhysComponent.cpp:3177
B-shared-write,2020,AController,MoveTimer,FLOAT,0,0,source/Development/Src/Engine/Inc/EngineControllerClasses.h,417,0,10,12,0,1,0,8,0,source/Development/Src/Engine/Src/UnController.cpp:287 source/Development/Src/Engine/Src/UnController.cpp:1250 source/Development/Src/Engine/Src/UnController.cpp:1375
B-shared-write,2020,UMaterialInterface,MobileMaskTexture,class UTexture*,0,0,source/Development/Src/Engine/Inc/EngineMaterialClasses.h,3261,0,20,4,0,2,0,5,0,source/Development/Src/Core/Inc/UnNames.h:576 source/Development/Src/Engine/Src/LandscapeRenderMobile.cpp:550 source/Development/Src/Engine/Src/LandscapeRenderMobile.cpp:550
B-shared-write,2020,USkeletalMesh,ClothThickness,FLOAT,0,0,source/Development/Src/Engine/Inc/UnSkeletalMesh.h,3671,0,18,2,0,3,0,3,1,source/Development/Src/Engine/Inc/UnSkeletalMesh.h:1209 source/Development/Src/Engine/Src/UnNovodexSupport.cpp:919 source/Development/Src/Engine/Src/UnNovodexSupport.cpp:921
B-shared-write,2019,AWorldInfo,VisibleLayers,FStringNoInit,0,0,source/Development/Src/Engine/Inc/EngineGameEngineClasses.h,687,0,6,5,0,2,1,1,0,source/Development/Src/Engine/Src/LevelUtils.cpp:416 source/Development/Src/Engine/Src/LevelUtils.cpp:417 source/Development/Src/Engine/Src/LevelUtils.cpp:417
B-shared-write,2019,FSystemSettings,MotionBlurSkinning,INT,0,0,source/Development/Src/Engine/Inc/SystemSettings.h,400,?,8,5,1,0,0,4,0,source/Development/Src/Engine/Inc/SystemSettings.h:399 source/Development/Src/Engine/Src/SceneRenderTargets.cpp:1312 source/Development/Src/Engine/Src/SceneRenderTargets.cpp:1327
B-shared-write,2014,USkeletalMeshComponent,SkipRateForTickAnimNodesAndGetBoneAtoms,INT,0,0,source/Development/Src/Engine/Inc/UnSkeletalMesh.h,419,0,3,13,0,0,0,1,1,source/Development/Src/Engine/Src/UnSkeletalComponent.cpp:1185 source/Development/Src/Engine/Src/UnSkeletalComponent.cpp:1191 source/Development/Src/Engine/Src/UnSkeletalComponent.cpp:1195
B-shared-write,2013,UParticleModuleParameterDynamic,UpdateFlags,INT,0,0,source/Development/Src/Engine/Inc/EngineParticleClasses.h,4854,0,20,3,0,0,0,1,1,source/Development/Src/Engine/Src/ParticleModules_Parameter.cpp:112 source/Development/Src/Engine/Src/ParticleModules_Parameter.cpp:125 source/Development/Src/Engine/Src/ParticleModules_Parameter.cpp:135
B-shared-write,2013,USkeletalMeshComponent,bUseSingleBodyPhysics,BITFIELD,0,0,source/Development/Src/Engine/Inc/UnSkeletalMesh.h,418,0,24,1,0,0,0,6,1,source/Development/Src/Engine/Src/UnNovodexSupport.cpp:151 source/Development/Src/Engine/Src/UnPhysActor.cpp:112 source/Development/Src/Engine/Src/UnPhysActor.cpp:321
B-shared-write,2012,UAnimSet,bAnimRotationOnly,BITFIELD,0,0,source/Development/Src/Engine/Inc/EngineAnimClasses.h,4878,0,20,2,0,0,0,7,0,source/Development/Src/Engine/Inc/AnimationCompression.h:18 source/Development/Src/Engine/Inc/AnimationCompression.h:22 source/Development/Src/Engine/Inc/AnimationCompression.h:22
B-shared-write,2012,UTexture2DComposite,DestSizeX,INT,0,0,source/Development/Src/Engine/Inc/EngineTextureClasses.h,1185,0,20,2,0,0,0,2,0,source/Development/Src/Engine/Src/Texture2DComposite.cpp:85 source/Development/Src/Engine/Src/Texture2DComposite.cpp:118 source/Development/Src/Engine/Src/Texture2DComposite.cpp:119
B-shared-write,2011,UAnimNodeSequence,ActiveCameraAnimInstance,class UCameraAnimInst*,0,0,source/Development/Src/Engine/Inc/EngineAnimClasses.h,2758,0,18,2,0,0,0,2,0,source/Development/Src/Engine/Src/UnAnimPlay.cpp:158 source/Development/Src/Engine/Src/UnAnimPlay.cpp:182 source/Development/Src/Engine/Src/UnAnimPlay.cpp:390
B-shared-write,2011,AController,bAdjusting,BITFIELD,0,0,source/Development/Src/Engine/Inc/EngineControllerClasses.h,408,0,14,4,0,0,0,2,0,source/Development/Src/Engine/Src/UnController.cpp:1141 source/Development/Src/Engine/Src/UnController.cpp:1255 source/Development/Src/Engine/Src/UnController.cpp:1257
B-shared-write,2011,APlayerController,RealViewTarget,class APlayerReplicationInfo*,0,0,source/Development/Src/Engine/Inc/EngineControllerClasses.h,1863,0,5,9,0,0,0,2,0,source/Development/Src/Engine/Src/UnCamera.cpp:217 source/Development/Src/Engine/Src/UnController.cpp:1886 source/Development/Src/Engine/Src/UnController.cpp:1886
B-shared-write,2011,UMaterialInterface,MobileBaseTexture,class UTexture*,0,0,source/Development/Src/Engine/Inc/EngineMaterialClasses.h,3228,0,12,5,0,0,0,5,0,source/Development/Src/Core/Inc/UnNames.h:558 source/Development/Src/Engine/Src/Material.cpp:1600 source/Development/Src/Engine/Src/MaterialInstance.cpp:122
B-shared-write,2011,APawn,SerpentineDist,FLOAT,0,0,source/Development/Src/Engine/Inc/EnginePawnClasses.h,513,0,12,5,0,0,0,1,0,source/Development/Src/Engine/Src/UnPawn.cpp:604 source/Development/Src/Engine/Src/UnPawn.cpp:605 source/Development/Src/Engine/Src/UnPawn.cpp:615
B-shared-write,2011,AGameCrowdAgent,CurrentBehavior,class UGameCrowdAgentBehavior*,0,0,source/Development/Src/GameFramework/Inc/GameFrameworkClasses.h,1151,0,21,1,0,0,0,1,0,source/Development/Src/GameFramework/Src/GameCrowd.cpp:297 source/Development/Src/GameFramework/Src/GameCrowd.cpp:297 source/Development/Src/GameFramework/Src/GameCrowd.cpp:313
B-shared-write,2010,USkelControlLookAt,ControlBoneIndex,INT,0,0,source/Development/Src/Engine/Inc/EngineAnimClasses.h,4676,0,17,2,0,0,0,3,1,source/Development/Src/Engine/Src/UnInterpolation.cpp:13087 source/Development/Src/Engine/Src/UnInterpolation.cpp:13090 source/Development/Src/Engine/Src/UnSkelControl.cpp:672
B-shared-write,2010,AController,DestinationPosition,struct FBasedPosition,0,0,source/Development/Src/Engine/Inc/EngineControllerClasses.h,419,0,7,4,0,1,0,2,0,source/Development/Src/Engine/Src/UnController.cpp:1126 source/Development/Src/Engine/Src/UnController.cpp:1131 source/Development/Src/Engine/Src/UnNavigationMesh.cpp:10822
B-shared-write,2010,APawn,DrivenVehicle,class AVehicle*,0,0,source/Development/Src/Engine/Inc/EnginePawnClasses.h,519,0,14,3,0,0,0,5,0,source/Development/Src/Engine/Src/UnActor.cpp:563 source/Development/Src/Engine/Src/UnActor.cpp:563 source/Development/Src/Engine/Src/UnActor.cpp:565
B-shared-write,2010,UTexture2DComposite,DestSizeY,INT,0,0,source/Development/Src/Engine/Inc/EngineTextureClasses.h,1186,0,17,2,0,0,0,2,1,source/Development/Src/Engine/Src/Texture2DComposite.cpp:85 source/Development/Src/Engine/Src/Texture2DComposite.cpp:118 source/Development/Src/Engine/Src/Texture2DComposite.cpp:119
B-shared-write,2010,UPrimitiveComponent,FogVolumeComponent,class UFogVolumeDensityComponent*,0,0,source/Development/Src/Engine/Inc/PrimitiveComponent.h,919,0,8,6,0,0,0,5,1,source/Development/Src/Engine/Inc/Scene.h:1491 source/Development/Src/Engine/Src/FogVolumeDensityComponents.cpp:69 source/Development/Src/Engine/Src/FogVolumeDensityComponents.cpp:90
B-shared-write,2009,UAnimNode,LastUpdatedAnimMorphKeys,TArrayNoInit<FCurveKey>,1,0,source/Development/Src/Engine/Inc/EngineAnimClasses.h,1997,0,0,9,0,0,0,2,1,source/Development/Src/Engine/Src/UnAnimPlay.cpp:773 source/Development/Src/Engine/Src/UnAnimPlay.cpp:860 source/Development/Src/Engine/Src/UnAnimPlay.cpp:2370
B-shared-write,2009,AController,bPreparingMove,BITFIELD,0,0,source/Development/Src/Engine/Inc/EngineControllerClasses.h,409,0,5,7,0,0,0,2,0,source/Development/Src/Engine/Src/UnController.cpp:962 source/Development/Src/Engine/Src/UnController.cpp:1105 source/Development/Src/Engine/Src/UnController.cpp:1565
B-shared-write,2009,AWorldInfo,Pauser,class APlayerReplicationInfo*,0,0,source/Development/Src/Engine/Inc/EngineGameEngineClasses.h,685,0,7,6,0,0,0,6,0,source/Development/Src/Engine/Src/DemoRecording.cpp:696 source/Development/Src/Engine/Src/DemoRecording.cpp:696 source/Development/Src/Engine/Src/DemoRecording.cpp:836
B-shared-write,2009,UMaterialInterface,MobileEmissiveColorSource,BYTE,0,0,source/Development/Src/Engine/Inc/EngineMaterialClasses.h,3233,0,11,4,0,0,0,3,0,source/Development/Src/Engine/Src/Material.cpp:1598 source/Development/Src/Engine/Src/Material.cpp:1599 source/Development/Src/Engine/Src/Material.cpp:1600
B-shared-write,2009,UStaticMesh,VertexPositionVersionNumber,INT,0,0,source/Development/Src/Engine/Inc/UnStaticMesh.h,1410,0,2,8,0,0,0,3,1,source/Development/Src/Engine/Src/UnActorFactory.cpp:214 source/Development/Src/Engine/Src/UnActorFactory.cpp:214 source/Development/Src/Engine/Src/UnActorFactory.cpp:323
B-shared-write,2009,UStaticMeshComponent,VertexPositionVersionNumber,INT,0,0,source/Development/Src/Engine/Inc/UnStaticMesh.h,1882,0,2,8,0,0,0,3,1,source/Development/Src/Engine/Src/UnActorFactory.cpp:214 source/Development/Src/Engine/Src/UnActorFactory.cpp:214 source/Development/Src/Engine/Src/UnActorFactory.cpp:323
B-shared-write,2009,UGameThirdPersonCameraMode,CurrentViewportType,BYTE,0,0,source/Development/Src/GameFramework/Inc/GameFrameworkCameraClasses.h,403,0,4,7,0,0,0,1,1,source/Development/Src/GameFramework/Src/GameCamera.cpp:1404 source/Development/Src/GameFramework/Src/GameCamera.cpp:1439 source/Development/Src/GameFramework/Src/GameCamera.cpp:1443
B-shared-write,2009,AGameCrowdAgent,PendingVelocity,FVector,0,0,source/Development/Src/GameFramework/Inc/GameFrameworkClasses.h,1104,0,4,7,0,0,0,1,0,source/Development/Src/GameFramework/Src/GameCrowd.cpp:65 source/Development/Src/GameFramework/Src/GameCrowd.cpp:148 source/Development/Src/GameFramework/Src/GameCrowd.cpp:711
B-shared-write,2008,ULocalPlayer,ViewState2,FSceneViewStateInterface*,0,0,source/Development/Src/Engine/Inc/EngineClasses.h,19594,0,8,4,0,0,0,2,0,source/Development/Src/Engine/Src/SceneRendering.cpp:3815 source/Development/Src/Engine/Src/SceneRendering.cpp:3820 source/Development/Src/Engine/Src/SceneRendering.cpp:4432
B-shared-write,2008,UMaterialInterface,MobileNormalTexture,class UTexture*,0,0,source/Development/Src/Engine/Inc/EngineMaterialClasses.h,3243,0,7,5,0,0,0,3,0,source/Development/Src/Core/Inc/UnNames.h:578 source/Development/Src/Engine/Src/MaterialInstanceConstant.cpp:679 source/Development/Src/Engine/Src/MaterialInstanceConstant.cpp:761
B-shared-write,2008,UMaterialInterface,MobileEmissiveTexture,class UTexture*,0,0,source/Development/Src/Engine/Inc/EngineMaterialClasses.h,3249,0,8,4,0,0,0,4,0,source/Development/Src/Core/Inc/UnNames.h:566 source/Development/Src/Engine/Src/Material.cpp:1599 source/Development/Src/Engine/Src/MaterialInstanceConstant.cpp:689
B-shared-write,2008,UStaticMesh,bRemoveDegenerates,BITFIELD,0,0,source/Development/Src/Engine/Inc/UnStaticMesh.h,1412,0,14,1,0,0,0,3,0,source/Development/Src/Engine/Inc/UnStaticMesh.h:1065 source/Development/Src/Engine/Inc/UnStaticMesh.h:1067 source/Development/Src/Engine/Src/UnStaticMesh.cpp:1868
B-shared-write,2007,UAnimNodeSlot,bIsBeingUsedByInterpGroup,BITFIELD,0,0,source/Development/Src/Engine/Inc/EngineAnimClasses.h,3327,0,2,6,0,0,0,3,0,source/Development/Src/Engine/Src/UnAnimTree.cpp:7644 source/Development/Src/Engine/Src/UnAnimTree.cpp:7765 source/Development/Src/Engine/Src/UnPawn.cpp:3550
B-shared-write,2007,UAnimTree,bRebuildAnimTickArray,BITFIELD,0,0,source/Development/Src/Engine/Inc/EngineAnimClasses.h,3712,0,3,6,0,0,0,2,0,source/Development/Src/Engine/Src/UnAnimTree.cpp:3774 source/Development/Src/Engine/Src/UnAnimTree.cpp:4036 source/Development/Src/Engine/Src/UnAnimTree.cpp:4909
B-shared-write,2007,AController,LaneOffset,FLOAT,0,0,source/Development/Src/Engine/Inc/EngineControllerClasses.h,422,0,6,4,0,0,0,3,0,source/Development/Src/Engine/Inc/EngineControllerClasses.h:959 source/Development/Src/Engine/Src/UnController.cpp:1318 source/Development/Src/Engine/Src/UnController.cpp:1329
B-shared-write,2007,AWorldInfo,CoverList,class ACoverLink*,0,0,source/Development/Src/Engine/Inc/EngineGameEngineClasses.h,690,0,7,4,0,0,0,3,0,source/Development/Src/Engine/Src/UnLevel.cpp:1972 source/Development/Src/Engine/Src/UnLevel.cpp:1975 source/Development/Src/Engine/Src/UnLevel.cpp:1980
B-shared-write,2007,FDirectorTrackCut,ShotNumber,INT,0,0,source/Development/Src/Engine/Inc/EngineInterpolationClasses.h,650,0,4,2,0,1,0,1,0,source/Development/Src/Engine/Src/UnInterpolation.cpp:8391 source/Development/Src/Engine/Src/UnInterpolation.cpp:8395 source/Development/Src/Engine/Src/UnInterpolation.cpp:8415
B-shared-write,2007,UMaterialExpressionTextureSample,TextureObject,FExpressionInput,0,0,source/Development/Src/Engine/Inc/EngineMaterialClasses.h,2642,0,13,1,0,0,0,1,1,source/Development/Src/Engine/Src/MaterialExpressions.cpp:629 source/Development/Src/Engine/Src/MaterialExpressions.cpp:644 source/Development/Src/Engine/Src/MaterialExpressions.cpp:658
B-shared-write,2007,UMaterialInterface,MobileEnvironmentTexture,class UTexture*,0,0,source/Development/Src/Engine/Inc/EngineMaterialClasses.h,3251,0,7,4,0,0,0,4,0,source/Development/Src/Core/Inc/UnNames.h:571 source/Development/Src/Engine/Src/Material.cpp:1607 source/Development/Src/Engine/Src/MaterialInstanceConstant.cpp:694
B-shared-write,2007,UMaterialInterface,MobileDetailTexture,class UTexture*,0,0,source/Development/Src/Engine/Inc/EngineMaterialClasses.h,3263,0,7,4,0,0,0,3,0,source/Development/Src/Core/Inc/UnNames.h:562 source/Development/Src/Engine/Src/MaterialInstanceConstant.cpp:715 source/Development/Src/Engine/Src/MaterialInstanceConstant.cpp:797
B-shared-write,2007,APawn,SerpentineDir,FVector,0,0,source/Development/Src/Engine/Inc/EnginePawnClasses.h,512,0,8,3,0,0,0,2,0,source/Development/Src/Engine/Src/UnController.cpp:2568 source/Development/Src/Engine/Src/UnPawn.cpp:589 source/Development/Src/Engine/Src/UnPawn.cpp:795
B-shared-write,2007,APawn,SerpentineTime,FLOAT,0,0,source/Development/Src/Engine/Inc/EnginePawnClasses.h,514,0,3,6,0,0,0,1,0,source/Development/Src/Engine/Src/UnPawn.cpp:597 source/Development/Src/Engine/Src/UnPawn.cpp:601 source/Development/Src/Engine/Src/UnPawn.cpp:614
B-shared-write,2007,AKActor,SlideSoundComponent,class UAudioComponent*,0,0,source/Development/Src/Engine/Inc/EnginePhysicsClasses.h,134,0,12,1,0,0,0,1,0,source/Development/Src/Engine/Src/UnPhysActor.cpp:1086 source/Development/Src/Engine/Src/UnPhysActor.cpp:1088 source/Development/Src/Engine/Src/UnPhysActor.cpp:1328
B-shared-write,2007,USeqAct_Interp,bShouldShowGore,BITFIELD,0,0,source/Development/Src/Engine/Inc/EngineSequenceClasses.h,2124,0,10,2,0,0,0,2,0,source/Development/Src/Engine/Src/UnInterpolation.cpp:2120 source/Development/Src/Engine/Src/UnInterpolation.cpp:2126 source/Development/Src/Engine/Src/UnInterpolation.cpp:3843
B-shared-write,2006,FNavMeshPathParams,SearchLaneMultiplier,FLOAT,0,0,source/Development/Src/Engine/Inc/EngineAIClasses.h,1185,0,2,5,0,0,0,5,0,source/Development/Src/Engine/Src/UnController.cpp:3266 source/Development/Src/Engine/Src/UnController.cpp:3285 source/Development/Src/Engine/Src/UnCrowd.cpp:21
B-shared-write,2006,UNavigationHandle,BreadCrumbMostRecentIdx,INT,0,0,source/Development/Src/Engine/Inc/EngineAIClasses.h,1229,0,6,3,0,0,0,1,0,source/Development/Src/Engine/Src/UnNavigationHandle.cpp:5877 source/Development/Src/Engine/Src/UnNavigationHandle.cpp:5880 source/Development/Src/Engine/Src/UnNavigationHandle.cpp:5885
B-shared-write,2006,USkelControlLookAt,ActorSpaceLookAtTarget,FVector,0,0,source/Development/Src/Engine/Inc/EngineAnimClasses.h,4672,0,5,4,0,0,0,1,0,source/Development/Src/Engine/Src/UnSkelControl.cpp:658 source/Development/Src/Engine/Src/UnSkelControl.cpp:662 source/Development/Src/Engine/Src/UnSkelControl.cpp:714
B-shared-write,2006,ANavigationPoint,InventoryCache,class ADroppedPickup*,0,0,source/Development/Src/Engine/Inc/EngineClasses.h,9445,0,6,3,0,0,0,1,0,source/Development/Src/Engine/Src/UnController.cpp:483 source/Development/Src/Engine/Src/UnController.cpp:484 source/Development/Src/Engine/Src/UnController.cpp:512
B-shared-write,2006,AWorldInfo,bUseGammaCorrection,BITFIELD,0,0,source/Development/Src/Engine/Inc/EngineGameEngineClasses.h,669,0,6,3,0,0,0,2,0,source/Development/Src/Engine/Src/MaterialShared.cpp:2391 source/Development/Src/Engine/Src/MaterialShared.cpp:2395 source/Development/Src/Engine/Src/MaterialShared.cpp:2395
B-shared-write,2006,AWorldInfo,MusicComp,class UAudioComponent*,0,0,source/Development/Src/Engine/Inc/EngineGameEngineClasses.h,693,0,9,2,0,0,0,1,0,source/Development/Src/Engine/Src/UnWorld.cpp:6289 source/Development/Src/Engine/Src/UnWorld.cpp:6299 source/Development/Src/Engine/Src/UnWorld.cpp:6300
B-shared-write,2006,UGameEngine,bStartedLoadMapMovie,BITFIELD,0,0,source/Development/Src/Engine/Inc/EngineGameEngineClasses.h,2476,0,2,5,0,0,0,2,0,source/Development/Src/Engine/Src/UnEngine.cpp:1342 source/Development/Src/Engine/Src/UnEngine.cpp:1384 source/Development/Src/Engine/Src/UnEngine.cpp:1387
B-shared-write,2006,UInterpGroupAI,PreviewPawnClass,class UClass*,0,0,source/Development/Src/Engine/Inc/EngineInterpolationClasses.h,271,0,8,2,0,0,0,1,0,source/Development/Src/Engine/Src/UnInterpolation.cpp:12361 source/Development/Src/Engine/Src/UnInterpolation.cpp:12407 source/Development/Src/Engine/Src/UnInterpolation.cpp:12408
B-shared-write,2006,UMaterialInterface,bUseMobileSpecular,BITFIELD,0,0,source/Development/Src/Engine/Inc/EngineMaterialClasses.h,3211,0,3,5,0,0,0,3,0,source/Development/Src/Engine/Src/Material.cpp:1593 source/Development/Src/Engine/Src/MaterialInstanceConstant.cpp:683 source/Development/Src/Engine/Src/MaterialInstanceConstant.cpp:683
B-shared-write,2006,UMaterialInterface,bUseMobileBumpOffset,BITFIELD,0,0,source/Development/Src/Engine/Inc/EngineMaterialClasses.h,3214,0,5,4,0,0,0,3,0,source/Development/Src/Engine/Src/Material.cpp:1619 source/Development/Src/Engine/Src/MaterialInstanceConstant.cpp:707 source/Development/Src/Engine/Src/MaterialInstanceConstant.cpp:707
B-shared-write,2006,UMaterialInterface,bLockColorBlending,BITFIELD,0,0,source/Development/Src/Engine/Inc/EngineMaterialClasses.h,3215,0,4,4,0,0,0,2,0,source/Development/Src/Engine/Src/MaterialInstanceConstant.cpp:720 source/Development/Src/Engine/Src/MaterialInstanceConstant.cpp:720 source/Development/Src/Engine/Src/MaterialInstanceConstant.cpp:802
B-shared-write,2006,UMaterialInterface,bUseMobileWaveVertexMovement,BITFIELD,0,0,source/Development/Src/Engine/Inc/EngineMaterialClasses.h,3224,0,4,4,0,0,0,3,0,source/Development/Src/Engine/Src/Material.cpp:1646 source/Development/Src/Engine/Src/MaterialInstanceConstant.cpp:747 source/Development/Src/Engine/Src/MaterialInstanceConstant.cpp:747
B-shared-write,2006,UMaterialInterface,MobileEmissiveMaskSource,BYTE,0,0,source/Development/Src/Engine/Inc/EngineMaterialClasses.h,3234,0,5,4,0,0,0,3,0,source/Development/Src/Engine/Src/Material.cpp:1601 source/Development/Src/Engine/Src/MaterialInstanceConstant.cpp:692 source/Development/Src/Engine/Src/MaterialInstanceConstant.cpp:692
B-shared-write,2006,UMaterialInterface,MobileEnvironmentMaskSource,BYTE,0,0,source/Development/Src/Engine/Inc/EngineMaterialClasses.h,3235,0,5,4,0,0,0,3,0,source/Development/Src/Engine/Src/Material.cpp:1608 source/Development/Src/Engine/Src/MaterialInstanceConstant.cpp:695 source/Development/Src/Engine/Src/MaterialInstanceConstant.cpp:695
B-shared-write,2006,UMaterialInterface,MobileRimLightingMaskSource,BYTE,0,0,source/Development/Src/Engine/Inc/EngineMaterialClasses.h,3237,0,5,4,0,0,0,3,0,source/Development/Src/Engine/Src/Material.cpp:1614 source/Development/Src/Engine/Src/MaterialInstanceConstant.cpp:704 source/Development/Src/Engine/Src/MaterialInstanceConstant.cpp:704
B-shared-write,2006,UMaterialInterface,MobileRimLightingStrength,FLOAT,0,0,source/Development/Src/Engine/Inc/EngineMaterialClasses.h,3256,0,7,3,0,0,0,4,0,source/Development/Src/Core/Inc/UnNames.h:584 source/Development/Src/Engine/Src/Material.cpp:1613 source/Development/Src/Engine/Src/MaterialInstanceConstant.cpp:702
B-shared-write,2006,UMaterialInterface,MobileDetailTexture2,class UTexture*,0,0,source/Development/Src/Engine/Inc/EngineMaterialClasses.h,3264,0,6,3,0,0,0,3,0,source/Development/Src/Core/Inc/UnNames.h:563 source/Development/Src/Engine/Src/MaterialInstanceConstant.cpp:716 source/Development/Src/Engine/Src/MaterialInstanceConstant.cpp:798
B-shared-write,2006,UMaterialInterface,MobileDetailTexture3,class UTexture*,0,0,source/Development/Src/Engine/Inc/EngineMaterialClasses.h,3265,0,6,3,0,0,0,3,0,source/Development/Src/Core/Inc/UnNames.h:564 source/Development/Src/Engine/Src/MaterialInstanceConstant.cpp:717 source/Development/Src/Engine/Src/MaterialInstanceConstant.cpp:799
B-shared-write,2006,UParticleSystem,WarmupTickRate,FLOAT,0,0,source/Development/Src/Engine/Inc/EngineParticleClasses.h,822,0,5,4,0,0,0,1,0,source/Development/Src/Engine/Src/UnParticleComponents.cpp:2832 source/Development/Src/Engine/Src/UnParticleComponents.cpp:2834 source/Development/Src/Engine/Src/UnParticleComponents.cpp:2836
B-shared-write,2006,UParticleSystemComponent,WarmupTickRate,FLOAT,0,0,source/Development/Src/Engine/Inc/EngineParticleClasses.h,1166,0,5,4,0,0,0,1,0,source/Development/Src/Engine/Src/UnParticleComponents.cpp:2832 source/Development/Src/Engine/Src/UnParticleComponents.cpp:2834 source/Development/Src/Engine/Src/UnParticleComponents.cpp:2836
B-shared-write,2006,USkeletalMeshComponent,bClothFrozen,BITFIELD,0,0,source/Development/Src/Engine/Inc/UnSkeletalMesh.h,435,0,10,1,0,0,0,3,0,source/Development/Src/Engine/Src/UnPhysComponent.cpp:2194 source/Development/Src/Engine/Src/UnPhysComponent.cpp:3309 source/Development/Src/Engine/Src/UnPhysComponent.cpp:3777
B-shared-write,2006,USkeletalMeshComponent,ClothDynamicBlendWeight,FLOAT,0,0,source/Development/Src/Engine/Inc/UnSkeletalMesh.h,451,0,2,5,0,0,0,3,1,source/Development/Src/Engine/Src/UnPhysComponent.cpp:3577 source/Development/Src/Engine/Src/UnSkeletalComponent.cpp:1102 source/Development/Src/Engine/Src/UnSkeletalComponent.cpp:1109
B-shared-write,2005,UAnimationCompressionAlgorithm_RemoveLinearKeys,EffectorDiffSocket,FLOAT,0,0,source/Development/Src/Engine/Inc/EngineAnimClasses.h,1242,0,5,3,0,0,0,2,0,source/Development/Src/Engine/Src/AnimationCompressionAlgorithm_RemoveLinearKeys.cpp:128 source/Development/Src/Engine/Src/AnimationCompressionAlgorithm_RemoveLinearKeys.cpp:156 source/Development/Src/Engine/Src/AnimationCompressionAlgorithm_RemoveLinearKeys.cpp:234
B-shared-write,2005,UAnimNode,CachedCurveKeys,TArrayNoInit<FCurveKey>,1,0,source/Development/Src/Engine/Inc/EngineAnimClasses.h,1996,0,3,4,0,0,0,2,0,source/Development/Src/Engine/Src/UnAnimPlay.cpp:25 source/Development/Src/Engine/Src/UnAnimPlay.cpp:75 source/Development/Src/Engine/Src/UnAnimTree.cpp:801
B-shared-write,2005,UInterpGroupInst,CachedCamOverridePostProcess,FPostProcessSettings*,0,0,source/Development/Src/Engine/Inc/EngineInterpolationClasses.h,359,0,5,3,0,0,0,1,0,source/Development/Src/Engine/Src/UnInterpolation.cpp:3474 source/Development/Src/Engine/Src/UnInterpolation.cpp:3570 source/Development/Src/Engine/Src/UnInterpolation.cpp:3580
B-shared-write,2005,UMaterialInterface,bMobileAllowFog,BITFIELD,0,0,source/Development/Src/Engine/Inc/EngineMaterialClasses.h,3209,0,3,4,0,0,0,2,0,source/Development/Src/Engine/Src/MaterialInstanceConstant.cpp:681 source/Development/Src/Engine/Src/MaterialInstanceConstant.cpp:681 source/Development/Src/Engine/Src/MaterialInstanceConstant.cpp:763
B-shared-write,2005,UMaterialInterface,bUseMobilePixelSpecular,BITFIELD,0,0,source/Development/Src/Engine/Inc/EngineMaterialClasses.h,3213,0,2,4,0,0,0,2,0,source/Development/Src/Engine/Src/MaterialInstanceConstant.cpp:684 source/Development/Src/Engine/Src/MaterialInstanceConstant.cpp:684 source/Development/Src/Engine/Src/MaterialInstanceConstant.cpp:766
B-shared-write,2005,UMaterialInterface,bUseMobileUniformColorMultiply,BITFIELD,0,0,source/Development/Src/Engine/Inc/EngineMaterialClasses.h,3216,0,3,4,0,0,0,3,0,source/Development/Src/Engine/Src/Material.cpp:1636 source/Development/Src/Engine/Src/MaterialInstanceConstant.cpp:722 source/Development/Src/Engine/Src/MaterialInstanceConstant.cpp:722
B-shared-write,2005,UMaterialInterface,bUseMobileVertexColorMultiply,BITFIELD,0,0,source/Development/Src/Engine/Inc/EngineMaterialClasses.h,3217,0,3,4,0,0,0,3,0,source/Development/Src/Engine/Src/Material.cpp:1636 source/Development/Src/Engine/Src/MaterialInstanceConstant.cpp:724 source/Development/Src/Engine/Src/MaterialInstanceConstant.cpp:724
B-shared-write,2005,UMaterialInterface,bUseMobileDetailNormal,BITFIELD,0,0,source/Development/Src/Engine/Inc/EngineMaterialClasses.h,3218,0,2,4,0,0,0,2,0,source/Development/Src/Engine/Src/MaterialInstanceConstant.cpp:726 source/Development/Src/Engine/Src/MaterialInstanceConstant.cpp:726 source/Development/Src/Engine/Src/MaterialInstanceConstant.cpp:808
B-shared-write,2005,UMaterialInterface,MobileBaseTextureTexCoordsSource,BYTE,0,0,source/Development/Src/Engine/Inc/EngineMaterialClasses.h,3230,0,2,4,0,0,0,2,0,source/Development/Src/Engine/Src/MaterialInstanceConstant.cpp:678 source/Development/Src/Engine/Src/MaterialInstanceConstant.cpp:678 source/Development/Src/Engine/Src/MaterialInstanceConstant.cpp:760
B-shared-write,2005,UMaterialInterface,MobileAmbientOcclusionSource,BYTE,0,0,source/Development/Src/Engine/Inc/EngineMaterialClasses.h,3231,0,2,4,0,0,0,2,0,source/Development/Src/Engine/Src/MaterialInstanceConstant.cpp:680 source/Development/Src/Engine/Src/MaterialInstanceConstant.cpp:680 source/Development/Src/Engine/Src/MaterialInstanceConstant.cpp:762
B-shared-write,2005,UMaterialInterface,MobileSpecularMask,BYTE,0,0,source/Development/Src/Engine/Inc/EngineMaterialClasses.h,3232,0,2,4,0,0,0,2,0,source/Development/Src/Engine/Src/MaterialInstanceConstant.cpp:687 source/Development/Src/Engine/Src/MaterialInstanceConstant.cpp:687 source/Development/Src/Engine/Src/MaterialInstanceConstant.cpp:769
B-shared-write,2005,UMaterialInterface,MobileEnvironmentBlendMode,BYTE,0,0,source/Development/Src/Engine/Inc/EngineMaterialClasses.h,3236,0,2,4,0,0,0,2,0,source/Development/Src/Engine/Src/MaterialInstanceConstant.cpp:697 source/Development/Src/Engine/Src/MaterialInstanceConstant.cpp:697 source/Development/Src/Engine/Src/MaterialInstanceConstant.cpp:779
B-shared-write,2005,UMaterialInterface,MobileMaskTextureTexCoordsSource,BYTE,0,0,source/Development/Src/Engine/Inc/EngineMaterialClasses.h,3238,0,2,4,0,0,0,2,0,source/Development/Src/Engine/Src/MaterialInstanceConstant.cpp:712 source/Development/Src/Engine/Src/MaterialInstanceConstant.cpp:712 source/Development/Src/Engine/Src/MaterialInstanceConstant.cpp:794
B-shared-write,2005,UMaterialInterface,MobileAlphaValueSource,BYTE,0,0,source/Development/Src/Engine/Inc/EngineMaterialClasses.h,3239,0,2,4,0,0,0,2,0,source/Development/Src/Engine/Src/MaterialInstanceConstant.cpp:713 source/Development/Src/Engine/Src/MaterialInstanceConstant.cpp:713 source/Development/Src/Engine/Src/MaterialInstanceConstant.cpp:795
B-shared-write,2005,UMaterialInterface,MobileDetailTextureTexCoordsSource,BYTE,0,0,source/Development/Src/Engine/Inc/EngineMaterialClasses.h,3240,0,2,4,0,0,0,2,0,source/Development/Src/Engine/Src/MaterialInstanceConstant.cpp:718 source/Development/Src/Engine/Src/MaterialInstanceConstant.cpp:718 source/Development/Src/Engine/Src/MaterialInstanceConstant.cpp:800
B-shared-write,2005,UMaterialInterface,MobileTextureBlendFactorSource,BYTE,0,0,source/Development/Src/Engine/Inc/EngineMaterialClasses.h,3241,0,2,4,0,0,0,2,0,source/Development/Src/Engine/Src/MaterialInstanceConstant.cpp:719 source/Development/Src/Engine/Src/MaterialInstanceConstant.cpp:719 source/Development/Src/Engine/Src/MaterialInstanceConstant.cpp:801
B-shared-write,2005,UMaterialInterface,MobileColorMultiplySource,BYTE,0,0,source/Development/Src/Engine/Inc/EngineMaterialClasses.h,3242,0,2,4,0,0,0,2,0,source/Development/Src/Engine/Src/MaterialInstanceConstant.cpp:725 source/Development/Src/Engine/Src/MaterialInstanceConstant.cpp:725 source/Development/Src/Engine/Src/MaterialInstanceConstant.cpp:807
B-shared-write,2005,UMaterialInterface,MobileSpecularColor,FLinearColor,0,0,source/Development/Src/Engine/Inc/EngineMaterialClasses.h,3247,0,4,3,0,0,0,3,0,source/Development/Src/Core/Inc/UnNames.h:589 source/Development/Src/Engine/Src/MaterialInstanceConstant.cpp:685 source/Development/Src/Engine/Src/MaterialInstanceConstant.cpp:767
B-shared-write,2005,UMaterialInterface,MobileSpecularPower,FLOAT,0,0,source/Development/Src/Engine/Inc/EngineMaterialClasses.h,3248,0,4,3,0,0,0,3,0,source/Development/Src/Core/Inc/UnNames.h:590 source/Development/Src/Engine/Src/MaterialInstanceConstant.cpp:686 source/Development/Src/Engine/Src/MaterialInstanceConstant.cpp:768
B-shared-write,2005,UMaterialInterface,MobileEmissiveColor,FLinearColor,0,0,source/Development/Src/Engine/Inc/EngineMaterialClasses.h,3250,0,4,3,0,0,0,3,0,source/Development/Src/Core/Inc/UnNames.h:565 source/Development/Src/Engine/Src/MaterialInstanceConstant.cpp:691 source/Development/Src/Engine/Src/MaterialInstanceConstant.cpp:773
B-shared-write,2005,UMaterialInterface,MobileEnvironmentAmount,FLOAT,0,0,source/Development/Src/Engine/Inc/EngineMaterialClasses.h,3252,0,4,3,0,0,0,3,0,source/Development/Src/Core/Inc/UnNames.h:567 source/Development/Src/Engine/Src/MaterialInstanceConstant.cpp:696 source/Development/Src/Engine/Src/MaterialInstanceConstant.cpp:778
B-shared-write,2005,UMaterialInterface,MobileEnvironmentColor,FLinearColor,0,0,source/Development/Src/Engine/Inc/EngineMaterialClasses.h,3253,0,4,3,0,0,0,3,0,source/Development/Src/Core/Inc/UnNames.h:568 source/Development/Src/Engine/Src/MaterialInstanceConstant.cpp:698 source/Development/Src/Engine/Src/MaterialInstanceConstant.cpp:780
B-shared-write,2005,UMaterialInterface,MobileEnvironmentFresnelAmount,FLOAT,0,0,source/Development/Src/Engine/Inc/EngineMaterialClasses.h,3254,0,5,3,0,0,0,3,0,source/Development/Src/Core/Inc/UnNames.h:569 source/Development/Src/Engine/Src/MaterialInstanceConstant.cpp:699 source/Development/Src/Engine/Src/MaterialInstanceConstant.cpp:781
B-shared-write,2005,UMaterialInterface,MobileEnvironmentFresnelExponent,FLOAT,0,0,source/Development/Src/Engine/Inc/EngineMaterialClasses.h,3255,0,4,3,0,0,0,3,0,source/Development/Src/Core/Inc/UnNames.h:570 source/Development/Src/Engine/Src/MaterialInstanceConstant.cpp:700 source/Development/Src/Engine/Src/MaterialInstanceConstant.cpp:782
B-shared-write,2005,UMaterialInterface,MobileRimLightingExponent,FLOAT,0,0,source/Development/Src/Engine/Inc/EngineMaterialClasses.h,3257,0,4,3,0,0,0,3,0,source/Development/Src/Core/Inc/UnNames.h:583 source/Development/Src/Engine/Src/MaterialInstanceConstant.cpp:703 source/Development/Src/Engine/Src/MaterialInstanceConstant.cpp:785
B-shared-write,2005,UMaterialInterface,MobileRimLightingColor,FLinearColor,0,0,source/Development/Src/Engine/Inc/EngineMaterialClasses.h,3258,0,4,3,0,0,0,3,0,source/Development/Src/Core/Inc/UnNames.h:582 source/Development/Src/Engine/Src/MaterialInstanceConstant.cpp:705 source/Development/Src/Engine/Src/MaterialInstanceConstant.cpp:787
B-shared-write,2005,UMaterialInterface,MobileBumpOffsetReferencePlane,FLOAT,0,0,source/Development/Src/Engine/Inc/EngineMaterialClasses.h,3259,0,4,3,0,0,0,3,0,source/Development/Src/Core/Inc/UnNames.h:560 source/Development/Src/Engine/Src/MaterialInstanceConstant.cpp:708 source/Development/Src/Engine/Src/MaterialInstanceConstant.cpp:790
B-shared-write,2005,UMaterialInterface,MobileBumpOffsetHeightRatio,FLOAT,0,0,source/Development/Src/Engine/Inc/EngineMaterialClasses.h,3260,0,4,3,0,0,0,3,0,source/Development/Src/Core/Inc/UnNames.h:559 source/Development/Src/Engine/Src/MaterialInstanceConstant.cpp:709 source/Development/Src/Engine/Src/MaterialInstanceConstant.cpp:791
B-shared-write,2005,UMaterialInterface,MobileOpacityMultiplier,FLOAT,0,0,source/Development/Src/Engine/Inc/EngineMaterialClasses.h,3262,0,4,3,0,0,0,3,0,source/Development/Src/Core/Inc/UnNames.h:579 source/Development/Src/Engine/Src/MaterialInstanceConstant.cpp:754 source/Development/Src/Engine/Src/MaterialInstanceConstant.cpp:835
B-shared-write,2005,UMaterialInterface,MobileDefaultUniformColor,FLinearColor,0,0,source/Development/Src/Engine/Inc/EngineMaterialClasses.h,3267,0,4,3,0,0,0,3,0,source/Development/Src/Core/Inc/UnNames.h:561 source/Development/Src/Engine/Src/MaterialInstanceConstant.cpp:723 source/Development/Src/Engine/Src/MaterialInstanceConstant.cpp:805
B-shared-write,2005,UMaterialInterface,MobileTransformCenterX,FLOAT,0,0,source/Development/Src/Engine/Inc/EngineMaterialClasses.h,3269,0,4,3,0,0,0,3,0,source/Development/Src/Core/Inc/UnNames.h:594 source/Development/Src/Engine/Src/MaterialInstanceConstant.cpp:734 source/Development/Src/Engine/Src/MaterialInstanceConstant.cpp:815
B-shared-write,2005,UMaterialInterface,MobileTransformCenterY,FLOAT,0,0,source/Development/Src/Engine/Inc/EngineMaterialClasses.h,3271,0,4,3,0,0,0,3,0,source/Development/Src/Core/Inc/UnNames.h:595 source/Development/Src/Engine/Src/MaterialInstanceConstant.cpp:735 source/Development/Src/Engine/Src/MaterialInstanceConstant.cpp:816
B-shared-write,2005,UMaterialInterface,MobilePannerSpeedX,FLOAT,0,0,source/Development/Src/Engine/Inc/EngineMaterialClasses.h,3273,0,4,3,0,0,0,3,0,source/Development/Src/Core/Inc/UnNames.h:580 source/Development/Src/Engine/Src/MaterialInstanceConstant.cpp:736 source/Development/Src/Engine/Src/MaterialInstanceConstant.cpp:817
B-shared-write,2005,UMaterialInterface,MobilePannerSpeedY,FLOAT,0,0,source/Development/Src/Engine/Inc/EngineMaterialClasses.h,3275,0,4,3,0,0,0,3,0,source/Development/Src/Core/Inc/UnNames.h:581 source/Development/Src/Engine/Src/MaterialInstanceConstant.cpp:737 source/Development/Src/Engine/Src/MaterialInstanceConstant.cpp:818
B-shared-write,2005,UMaterialInterface,MobileRotateSpeed,FLOAT,0,0,source/Development/Src/Engine/Inc/EngineMaterialClasses.h,3277,0,5,3,0,0,0,3,0,source/Development/Src/Core/Inc/UnNames.h:585 source/Development/Src/Engine/Src/MaterialInstanceConstant.cpp:738 source/Development/Src/Engine/Src/MaterialInstanceConstant.cpp:819
B-shared-write,2005,UMaterialInterface,MobileFixedScaleX,FLOAT,0,0,source/Development/Src/Engine/Inc/EngineMaterialClasses.h,3279,0,4,3,0,0,0,3,0,source/Development/Src/Core/Inc/UnNames.h:574 source/Development/Src/Engine/Src/MaterialInstanceConstant.cpp:739 source/Development/Src/Engine/Src/MaterialInstanceConstant.cpp:820
B-shared-write,2005,UMaterialInterface,MobileFixedScaleY,FLOAT,0,0,source/Development/Src/Engine/Inc/EngineMaterialClasses.h,3281,0,4,3,0,0,0,3,0,source/Development/Src/Core/Inc/UnNames.h:575 source/Development/Src/Engine/Src/MaterialInstanceConstant.cpp:740 source/Development/Src/Engine/Src/MaterialInstanceConstant.cpp:821
B-shared-write,2005,UMaterialInterface,MobileSineScaleX,FLOAT,0,0,source/Development/Src/Engine/Inc/EngineMaterialClasses.h,3283,0,5,3,0,0,0,3,0,source/Development/Src/Core/Inc/UnNames.h:587 source/Development/Src/Engine/Src/MaterialInstanceConstant.cpp:741 source/Development/Src/Engine/Src/MaterialInstanceConstant.cpp:822
B-shared-write,2005,UMaterialInterface,MobileSineScaleY,FLOAT,0,0,source/Development/Src/Engine/Inc/EngineMaterialClasses.h,3285,0,5,3,0,0,0,3,0,source/Development/Src/Core/Inc/UnNames.h:588 source/Development/Src/Engine/Src/MaterialInstanceConstant.cpp:742 source/Development/Src/Engine/Src/MaterialInstanceConstant.cpp:823
B-shared-write,2005,UMaterialInterface,MobileSineScaleFrequencyMultipler,FLOAT,0,0,source/Development/Src/Engine/Inc/EngineMaterialClasses.h,3287,0,4,3,0,0,0,3,0,source/Development/Src/Core/Inc/UnNames.h:586 source/Development/Src/Engine/Src/MaterialInstanceConstant.cpp:743 source/Development/Src/Engine/Src/MaterialInstanceConstant.cpp:824
B-shared-write,2005,UMaterialInterface,MobileFixedOffsetX,FLOAT,0,0,source/Development/Src/Engine/Inc/EngineMaterialClasses.h,3289,0,4,3,0,0,0,3,0,source/Development/Src/Core/Inc/UnNames.h:572 source/Development/Src/Engine/Src/MaterialInstanceConstant.cpp:744 source/Development/Src/Engine/Src/MaterialInstanceConstant.cpp:825
B-shared-write,2005,UMaterialInterface,MobileFixedOffsetY,FLOAT,0,0,source/Development/Src/Engine/Inc/EngineMaterialClasses.h,3291,0,4,3,0,0,0,3,0,source/Development/Src/Core/Inc/UnNames.h:573 source/Development/Src/Engine/Src/MaterialInstanceConstant.cpp:745 source/Development/Src/Engine/Src/MaterialInstanceConstant.cpp:826
B-shared-write,2005,UMaterialInterface,MobileTangentVertexFrequencyMultiplier,FLOAT,0,0,source/Development/Src/Engine/Inc/EngineMaterialClasses.h,3292,0,4,3,0,0,0,3,0,source/Development/Src/Core/Inc/UnNames.h:593 source/Development/Src/Engine/Src/MaterialInstanceConstant.cpp:748 source/Development/Src/Engine/Src/MaterialInstanceConstant.cpp:829
B-shared-write,2005,UMaterialInterface,MobileVerticalFrequencyMultiplier,FLOAT,0,0,source/Development/Src/Engine/Inc/EngineMaterialClasses.h,3293,0,4,3,0,0,0,3,0,source/Development/Src/Core/Inc/UnNames.h:596 source/Development/Src/Engine/Src/MaterialInstanceConstant.cpp:749 source/Development/Src/Engine/Src/MaterialInstanceConstant.cpp:830
B-shared-write,2005,UMaterialInterface,MobileMaxVertexMovementAmplitude,FLOAT,0,0,source/Development/Src/Engine/Inc/EngineMaterialClasses.h,3294,0,4,3,0,0,0,3,0,source/Development/Src/Core/Inc/UnNames.h:577 source/Development/Src/Engine/Src/MaterialInstanceConstant.cpp:750 source/Development/Src/Engine/Src/MaterialInstanceConstant.cpp:831
B-shared-write,2005,UMaterialInterface,MobileSwayFrequencyMultiplier,FLOAT,0,0,source/Development/Src/Engine/Inc/EngineMaterialClasses.h,3295,0,4,3,0,0,0,3,0,source/Development/Src/Core/Inc/UnNames.h:591 source/Development/Src/Engine/Src/MaterialInstanceConstant.cpp:751 source/Development/Src/Engine/Src/MaterialInstanceConstant.cpp:832
B-shared-write,2005,UMaterialInterface,MobileSwayMaxAngle,FLOAT,0,0,source/Development/Src/Engine/Inc/EngineMaterialClasses.h,3296,0,4,3,0,0,0,3,0,source/Development/Src/Core/Inc/UnNames.h:592 source/Development/Src/Engine/Src/MaterialInstanceConstant.cpp:752 source/Development/Src/Engine/Src/MaterialInstanceConstant.cpp:833
B-shared-write,2005,UMaterial,bEnableCrackFreeDisplacement,BITFIELD,0,0,source/Development/Src/Engine/Inc/EngineMaterialClasses.h,3982,0,2,4,0,0,0,2,0,source/Development/Src/Engine/Src/MaterialShared.cpp:2255 source/Development/Src/Engine/Src/TessellationRendering.cpp:18 source/Development/Src/Engine/Src/TessellationRendering.cpp:26
B-shared-write,2005,UParticleSystemComponent,bSkipBoundsUpdate,BITFIELD,0,0,source/Development/Src/Engine/Inc/EngineParticleClasses.h,1165,0,9,1,0,0,0,4,0,source/Development/Src/Engine/Src/ParticleBeam2EmitterInstance.cpp:483 source/Development/Src/Engine/Src/ParticleEmitterInstances.cpp:895 source/Development/Src/Engine/Src/ParticleEmitterInstances.cpp:3406
B-shared-write,2005,UParticleEmitter,MediumDetailSpawnRateScale,FLOAT,0,0,source/Development/Src/Engine/Inc/EngineParticleClasses.h,1895,0,7,2,0,0,0,4,1,source/Development/Src/Engine/Src/ParticleEmitterInstances.cpp:371 source/Development/Src/Engine/Src/ParticleEmitterInstances.cpp:1487 source/Development/Src/Engine/Src/ParticleEmitterInstances.cpp:1540
B-shared-write,2005,UParticleModuleParameterDynamic,bUsesVelocity,BITFIELD,0,0,source/Development/Src/Engine/Inc/EngineParticleClasses.h,4855,0,7,2,0,0,0,2,0,source/Development/Src/Engine/Inc/EngineParticleClasses.h:5019 source/Development/Src/Engine/Src/ParticleModules_Parameter.cpp:145 source/Development/Src/Engine/Src/ParticleModules_Parameter.cpp:182
B-shared-write,2005,USkeletalMeshComponent,bEnableClothSimulation,BITFIELD,0,0,source/Development/Src/Engine/Inc/UnSkeletalMesh.h,433,0,9,1,0,0,0,5,0,source/Development/Src/Engine/Src/UnPhysActor.cpp:254 source/Development/Src/Engine/Src/UnPhysComponent.cpp:3156 source/Development/Src/Engine/Src/UnPhysComponent.cpp:3309
B-shared-write,2005,AGameCrowdAgent,MyGroup,class UGameCrowdGroup*,0,0,source/Development/Src/GameFramework/Inc/GameFrameworkClasses.h,1102,0,9,1,0,0,0,2,1,source/Development/Src/Engine/Src/UnInterpolation.cpp:10199 source/Development/Src/Engine/Src/UnInterpolation.cpp:10209 source/Development/Src/Engine/Src/UnInterpolation.cpp:10210
B-shared-write,2004,UAnimNode,NodeEndEventTick,INT,0,0,source/Development/Src/Engine/Inc/EngineAnimClasses.h,1995,0,2,3,0,0,0,2,0,source/Development/Src/Engine/Src/UnAnimPlay.cpp:543 source/Development/Src/Engine/Src/UnAnimPlay.cpp:546 source/Development/Src/Engine/Src/UnAnimTree.cpp:1280
B-shared-write,2004,UAnimTree,bUseSavedPose,BITFIELD,0,0,source/Development/Src/Engine/Inc/EngineAnimClasses.h,3710,0,2,3,0,0,0,2,0,source/Development/Src/Engine/Src/UnAnimTree.cpp:4330 source/Development/Src/Engine/Src/UnAnimTree.cpp:4403 source/Development/Src/Engine/Src/UnAnimTree.cpp:4410
B-shared-write,2004,ACameraActor,CamOverridePostProcess,struct FPostProcessSettings,0,0,source/Development/Src/Engine/Inc/EngineCameraClasses.h,318,0,6,1,0,0,0,2,0,source/Development/Src/Engine/Src/UnCamera.cpp:447 source/Development/Src/Engine/Src/UnCamera.cpp:767 source/Development/Src/Engine/Src/UnInterpolation.cpp:307
B-shared-write,2004,FKismetDrawTextInfo,AppendedText,FStringNoInit,0,0,source/Development/Src/Engine/Inc/EngineClasses.h,6715,0,1,4,0,0,0,2,0,source/Development/Src/Engine/Src/UnInterpolation.cpp:8463 source/Development/Src/Engine/Src/UnSequence.cpp:9027 source/Development/Src/Engine/Src/UnSequence.cpp:9037
B-shared-write,2004,APlayerController,bInteractiveMode,BITFIELD,0,0,source/Development/Src/Engine/Inc/EngineControllerClasses.h,1858,0,3,3,0,0,0,4,0,source/Development/Src/Engine/Src/ChartCreation.cpp:170 source/Development/Src/Engine/Src/UnInterpolation.cpp:8713 source/Development/Src/Engine/Src/UnInterpolation.cpp:8752
B-shared-write,2004,AWorldInfo,bInteractiveMode,BITFIELD,0,0,source/Development/Src/Engine/Inc/EngineGameEngineClasses.h,673,0,3,3,0,0,0,4,0,source/Development/Src/Engine/Src/ChartCreation.cpp:170 source/Development/Src/Engine/Src/UnInterpolation.cpp:8713 source/Development/Src/Engine/Src/UnInterpolation.cpp:8752
B-shared-write,2004,AWorldInfo,HighestPriorityPostProcessVolume,class APostProcessVolume*,0,0,source/Development/Src/Engine/Inc/EngineGameEngineClasses.h,679,0,3,3,0,0,0,2,0,source/Development/Src/Engine/Src/UnLevAct.cpp:3375 source/Development/Src/Engine/Src/UnPostProcess.cpp:131 source/Development/Src/Engine/Src/UnPostProcess.cpp:148
B-shared-write,2004,AWorldInfo,HighestPriorityReverbVolume,class AReverbVolume*,0,0,source/Development/Src/Engine/Inc/EngineGameEngineClasses.h,682,0,3,3,0,0,0,2,0,source/Development/Src/Engine/Src/ReverbVolume.cpp:21 source/Development/Src/Engine/Src/ReverbVolume.cpp:38 source/Development/Src/Engine/Src/ReverbVolume.cpp:62
B-shared-write,2004,AWorldInfo,FirstPhysicsVolume,class APhysicsVolume*,0,0,source/Development/Src/Engine/Inc/EngineGameEngineClasses.h,711,0,5,2,0,0,0,2,1,source/Development/Src/Engine/Src/ParticleModules_WorldForces.cpp:90 source/Development/Src/Engine/Src/ParticleModules_WorldForces.cpp:105 source/Development/Src/Engine/Src/UnActor.cpp:687
B-shared-write,2004,UEngine,bStartWithMatineeCapture,BITFIELD,0,0,source/Development/Src/Engine/Inc/EngineGameEngineClasses.h,1704,0,6,1,0,0,0,6,0,source/Development/Src/Engine/Src/UnGame.cpp:3904 source/Development/Src/Engine/Src/UnInterpolation.cpp:1452 source/Development/Src/Engine/Src/UnScript.cpp:3418
B-shared-write,2004,UMaterialInterface,bUseMobileLandscapeMonochromeLayerBlending,BITFIELD,0,0,source/Development/Src/Engine/Inc/EngineMaterialClasses.h,3226,0,4,2,0,0,0,2,0,source/Development/Src/Engine/Src/MaterialInstanceConstant.cpp:727 source/Development/Src/Engine/Src/MaterialInstanceConstant.cpp:727 source/Development/Src/Engine/Src/MaterialShared.cpp:1777
B-shared-write,2004,UMaterial,MaterialFunctionInfos,TArrayNoInit<struct FMaterialFunctionInfo>,1,0,source/Development/Src/Engine/Inc/EngineMaterialClasses.h,3985,0,2,3,0,0,0,2,0,source/Development/Src/Engine/Inc/EngineMaterialClasses.h:4195 source/Development/Src/Engine/Src/Material.cpp:1155 source/Development/Src/Engine/Src/Material.cpp:1160
B-shared-write,2004,APawn,bFastAttachedMove,BITFIELD,0,0,source/Development/Src/Engine/Inc/EnginePawnClasses.h,506,0,3,3,0,0,0,2,0,source/Development/Src/Engine/Src/UnActor.cpp:575 source/Development/Src/Engine/Src/UnLevAct.cpp:1676 source/Development/Src/Engine/Src/UnLevAct.cpp:1682
B-shared-write,2004,AKActor,ImpactSoundComponent,class UAudioComponent*,0,0,source/Development/Src/Engine/Inc/EnginePhysicsClasses.h,132,0,6,1,0,0,0,1,0,source/Development/Src/Engine/Src/UnPhysActor.cpp:1279 source/Development/Src/Engine/Src/UnPhysActor.cpp:1284 source/Development/Src/Engine/Src/UnPhysActor.cpp:1286
B-shared-write,2004,AKActor,ImpactSoundComponent2,class UAudioComponent*,0,0,source/Development/Src/Engine/Inc/EnginePhysicsClasses.h,133,0,6,1,0,0,0,1,0,source/Development/Src/Engine/Src/UnPhysActor.cpp:1279 source/Development/Src/Engine/Src/UnPhysActor.cpp:1295 source/Development/Src/Engine/Src/UnPhysActor.cpp:1297
B-shared-write,2004,USkeletalMeshComponent,MorphTargetIndexMap,"TMap<FName, UMorphTarget*>",1,0,source/Development/Src/Engine/Inc/UnSkeletalMesh.h,413,0,5,2,0,0,0,2,1,source/Development/Src/Engine/Inc/UnSkeletalMesh.h:835 source/Development/Src/Engine/Src/UnSkeletalComponent.cpp:185 source/Development/Src/Engine/Src/UnSkeletalComponent.cpp:5036
B-shared-write,2004,USkeletalMeshComponent,bSkipTickAnimNodes,BITFIELD,0,0,source/Development/Src/Engine/Inc/UnSkeletalMesh.h,420,0,3,3,0,0,0,1,0,source/Development/Src/Engine/Src/UnSkeletalComponent.cpp:1325 source/Development/Src/Engine/Src/UnSkeletalComponent.cpp:1332 source/Development/Src/Engine/Src/UnSkeletalComponent.cpp:1349
B-shared-write,2004,USkeletalMeshComponent,bSkipGetBoneAtoms,BITFIELD,0,0,source/Development/Src/Engine/Inc/UnSkeletalMesh.h,421,0,2,3,0,0,0,1,0,source/Development/Src/Engine/Src/UnSkeletalComponent.cpp:1326 source/Development/Src/Engine/Src/UnSkeletalComponent.cpp:1333 source/Development/Src/Engine/Src/UnSkeletalComponent.cpp:1340
B-shared-write,2004,USkeletalMeshComponent,ClothExternalForce,FVector,0,0,source/Development/Src/Engine/Inc/UnSkeletalMesh.h,447,0,1,1,0,1,0,1,1,source/Development/Src/Engine/Src/UnPhysComponent.cpp:3776 source/Development/Src/Engine/Src/UnPhysComponent.cpp:4229
B-shared-write,2003,UAnimSequence,bWasCompressedWithoutTranslations,BITFIELD,0,0,source/Development/Src/Engine/Inc/EngineAnimClasses.h,731,0,1,3,0,0,0,3,0,source/Development/Src/Engine/Src/AnimationCompressionAlgorithm.cpp:537 source/Development/Src/Engine/Src/AnimationCompressionAlgorithm.cpp:585 source/Development/Src/Engine/Src/UnAnimPlay.cpp:651
B-shared-write,2003,UAnimNotify_Trails,SampledSkeletalMesh,class USkeletalMesh*,0,0,source/Development/Src/Engine/Inc/EngineAnimClasses.h,1838,0,4,1,0,0,0,1,0,source/Development/Src/Engine/Src/UnSkeletalAnim.cpp:3412 source/Development/Src/Engine/Src/UnSkeletalAnim.cpp:3412 source/Development/Src/Engine/Src/UnSkeletalAnim.cpp:3417
B-shared-write,2003,ANavigationPoint,bPathsChanged,BITFIELD,0,0,source/Development/Src/Engine/Inc/EngineClasses.h,9442,0,0,3,0,0,0,2,0,source/Development/Src/Engine/Src/UnCover.cpp:1515 source/Development/Src/Engine/Src/UnNavigationPoint.cpp:545 source/Development/Src/Engine/Src/UnNavigationPoint.cpp:568
B-shared-write,2003,APylon,bPylonInHighLevelPath,BITFIELD,0,0,source/Development/Src/Engine/Inc/EngineClasses.h,9886,0,2,2,0,0,0,3,0,source/Development/Src/Engine/Inc/EngineClasses.h:9983 source/Development/Src/Engine/Src/UnNavigationConstraintsAndGoals.cpp:94 source/Development/Src/Engine/Src/UnNavigationConstraintsAndGoals.cpp:436
B-shared-write,2003,FIniLocFileEntry,HashCode,FStringNoInit,0,0,source/Development/Src/Engine/Inc/EngineClasses.h,17904,0,4,1,0,0,0,2,0,source/Development/Src/External/GFx3/GFxAS2.h:66 source/Development/Src/External/GFx3/GFxAS2.h:97 source/Development/Src/External/GFx3/GFxAS2Value.cpp:116
B-shared-write,2003,ULevelStreaming,LevelTransform,FMatrix,0,0,source/Development/Src/Engine/Inc/EngineClasses.h,18163,0,4,1,0,0,0,1,0,source/Development/Src/Engine/Src/UnWorld.cpp:1469 source/Development/Src/Engine/Src/UnWorld.cpp:1470 source/Development/Src/Engine/Src/UnWorld.cpp:1493
B-shared-write,2003,AController,bUsingPathLanes,BITFIELD,0,0,source/Development/Src/Engine/Inc/EngineControllerClasses.h,413,0,2,2,0,0,0,3,0,source/Development/Src/Engine/Src/UnController.cpp:1326 source/Development/Src/Engine/Src/UnController.cpp:1403 source/Development/Src/Engine/Src/UnNavigationPoint.cpp:1806
B-shared-write,2003,AWorldInfo,CurrentMusicTrack,struct FMusicTrackStruct,0,0,source/Development/Src/Engine/Inc/EngineGameEngineClasses.h,694,0,5,1,0,0,0,1,0,source/Development/Src/Engine/Src/UnWorld.cpp:6292 source/Development/Src/Engine/Src/UnWorld.cpp:6299 source/Development/Src/Engine/Src/UnWorld.cpp:6299
B-shared-write,2003,AWorldInfo,WorldAttractors,TArrayNoInit<class AWorldAttractor*>,1,0,source/Development/Src/Engine/Inc/EngineGameEngineClasses.h,702,0,5,1,0,0,0,3,0,source/Development/Src/Engine/Inc/EngineParticleClasses.h:3167 source/Development/Src/Engine/Src/ParticleModules_Collision.cpp:744 source/Development/Src/Engine/Src/UnWorld.cpp:6823
B-shared-write,2003,UEngine,bScreenshotRequested,BITFIELD,0,0,source/Development/Src/Engine/Inc/EngineGameEngineClasses.h,1700,0,2,2,0,0,0,2,0,source/Development/Src/Engine/Src/UnEngine.cpp:5426 source/Development/Src/Engine/Src/UnPlayer.cpp:1931 source/Development/Src/Engine/Src/UnPlayer.cpp:1943
B-shared-write,2003,UEngine,GlobalTranslationContext,class UTranslationContext*,0,0,source/Development/Src/Engine/Inc/EngineGameEngineClasses.h,1720,0,4,1,0,0,0,2,0,source/Development/Src/Engine/Inc/TranslatorTags.h:117 source/Development/Src/Engine/Src/UnEngine.cpp:742 source/Development/Src/Engine/Src/UnEngine.cpp:744
B-shared-write,2003,UEngine,LoadingMovieStartTime,DOUBLE,0,0,source/Development/Src/Engine/Inc/EngineGameEngineClasses.h,1721,0,3,2,0,0,0,2,0,source/Development/Src/Engine/Src/UnEngine.cpp:5440 source/Development/Src/Engine/Src/UnEngine.cpp:5443 source/Development/Src/Engine/Src/UnGame.cpp:3829
B-shared-write,2003,UInterpTrackInstFloatProp,DistributionProp,FPointer,0,0,source/Development/Src/Engine/Inc/EngineInterpolationClasses.h,2485,0,4,1,0,0,0,1,1,source/Development/Src/Engine/Src/UnInterpolation.cpp:7361 source/Development/Src/Engine/Src/UnInterpolation.cpp:7363 source/Development/Src/Engine/Src/UnInterpolation.cpp:7365
B-shared-write,2003,ULensFlareComponent,NextTraceTime,FLOAT,0,0,source/Development/Src/Engine/Inc/EngineLensFlareClasses.h,215,0,1,3,0,0,0,1,0,source/Development/Src/Engine/Src/LensFlare.cpp:772 source/Development/Src/Engine/Src/LensFlare.cpp:774 source/Development/Src/Engine/Src/LensFlare.cpp:823
B-shared-write,2003,UParticleLightEnvironmentComponent,SharedInstigator,class AActor*,0,0,source/Development/Src/Engine/Inc/EngineLightClasses.h,895,0,5,1,0,0,0,2,0,source/Development/Src/Engine/Src/DynamicLightEnvironmentComponent.cpp:2493 source/Development/Src/Engine/Src/DynamicLightEnvironmentComponent.cpp:2495 source/Development/Src/Engine/Src/DynamicLightEnvironmentComponent.cpp:2521
B-shared-write,2003,UParticleLightEnvironmentComponent,SharedParticleSystem,class UParticleSystem*,0,0,source/Development/Src/Engine/Inc/EngineLightClasses.h,896,0,5,1,0,0,0,2,1,source/Development/Src/Engine/Src/DynamicLightEnvironmentComponent.cpp:2488 source/Development/Src/Engine/Src/DynamicLightEnvironmentComponent.cpp:2490 source/Development/Src/Engine/Src/DynamicLightEnvironmentComponent.cpp:2512
B-shared-write,2003,FLightmassMaterialInterfaceSettings,bCastShadowAsMasked,BITFIELD,0,0,source/Development/Src/Engine/Inc/EngineMaterialClasses.h,3177,0,5,1,0,0,0,2,0,source/Development/Src/Engine/Inc/EngineMaterialClasses.h:3686 source/Development/Src/Engine/Inc/EngineMaterialClasses.h:3689 source/Development/Src/Engine/Inc/EngineMaterialClasses.h:3749
B-shared-write,2003,UMaterialInterface,SubUVFrameSize,FLOAT,0,0,source/Development/Src/Engine/Inc/EngineMaterialClasses.h,3246,0,2,2,0,0,0,1,0,source/Development/Src/Engine/Src/MaterialShared.cpp:321 source/Development/Src/Engine/Src/MaterialShared.cpp:323 source/Development/Src/Engine/Src/MaterialShared.cpp:327
B-shared-write,2003,UMaterial,bUsedWithLandscape,BITFIELD,0,0,source/Development/Src/Engine/Inc/EngineMaterialClasses.h,3978,0,5,1,0,0,0,3,0,source/Development/Src/Engine/Src/Material.cpp:373 source/Development/Src/Engine/Src/Material.cpp:406 source/Development/Src/Engine/Src/Material.cpp:439
B-shared-write,2003,UMaterialInstanceTimeVarying,LinearColorParameterValues,TArrayNoInit<struct FLinearColorParameterValueOverTime>,1,0,source/Development/Src/Engine/Inc/EngineMaterialClasses.h,5159,0,5,1,0,0,0,2,1,source/Development/Src/Engine/Inc/MaterialInstanceTimeVaryingHelpers.h:40 source/Development/Src/Engine/Src/MaterialInstanceTimeVarying.cpp:100 source/Development/Src/Engine/Src/MaterialInstanceTimeVarying.cpp:478
B-shared-write,2003,UParticleSystemComponent,LightEnvironmentSharedInstigator,class AActor*,0,0,source/Development/Src/Engine/Inc/EngineParticleClasses.h,1162,0,2,2,0,0,0,2,0,source/Development/Src/Engine/Src/UnParticleComponents.cpp:4137 source/Development/Src/Engine/Src/UnParticleComponents.cpp:4160 source/Development/Src/Engine/Src/UnScript.cpp:2295
B-shared-write,2003,UParticleSystemComponent,MaxLightEnvironmentPooledReuses,INT,0,0,source/Development/Src/Engine/Inc/EngineParticleClasses.h,1163,0,1,3,0,0,0,2,0,source/Development/Src/Engine/Src/UnParticleComponents.cpp:4140 source/Development/Src/Engine/Src/UnScript.cpp:2688 source/Development/Src/Engine/Src/UnScript.cpp:2692
B-shared-write,2003,USeqAct_ActorFactory,CurrentSpawnIdx,INT,0,0,source/Development/Src/Engine/Inc/EngineSequenceClasses.h,1809,0,0,3,0,0,0,1,0,source/Development/Src/Engine/Src/UnSequence.cpp:8230 source/Development/Src/Engine/Src/UnSequence.cpp:8315 source/Development/Src/Engine/Src/UnSequence.cpp:8538
B-shared-write,2003,UTexture,CachedLODGroup,BYTE,0,0,source/Development/Src/Engine/Inc/EngineTextureClasses.h,395,0,2,2,0,0,0,1,0,source/Development/Src/Engine/Src/Texture.cpp:59 source/Development/Src/Engine/Src/Texture.cpp:108 source/Development/Src/Engine/Src/Texture.cpp:109
B-shared-write,2003,UInput,CurrentControllerId,INT,0,0,source/Development/Src/Engine/Inc/EngineUserInterfaceClasses.h,907,0,2,2,0,0,0,1,0,source/Development/Src/Engine/Src/UnIn.cpp:327 source/Development/Src/Engine/Src/UnIn.cpp:541 source/Development/Src/Engine/Src/UnIn.cpp:576
B-shared-write,2003,FSystemSettings,bAllowPerFrameSleep,UBOOL,0,0,source/Development/Src/Engine/Inc/SystemSettings.h,436,?,3,2,0,0,0,3,0,source/Development/Src/Engine/Inc/SystemSettings.h:437 source/Development/Src/Engine/Src/UnEngine.cpp:5212 source/Development/Src/Engine/Src/UnEngine.cpp:5212
B-shared-write,2003,FSystemSettings,bAllowPerFrameYield,UBOOL,0,0,source/Development/Src/Engine/Inc/SystemSettings.h,438,?,2,2,0,0,0,2,0,source/Development/Src/Engine/Src/UnEngine.cpp:5217 source/Development/Src/Engine/Src/UnEngine.cpp:5217 source/Development/Src/Engine/Src/UnEngine.cpp:5218
B-shared-write,2003,ULightComponent,bUseImageReflectionSpecular,BITFIELD,0,0,source/Development/Src/Engine/Inc/UnActorComponent.h,743,0,3,2,0,0,0,2,0,source/Development/Src/Engine/Src/LightComponent.cpp:369 source/Development/Src/Engine/Src/LightComponent.cpp:564 source/Development/Src/Engine/Src/LightComponent.cpp:595
B-shared-write,2003,USkeletalMeshComponent,bHasValidBodies,BITFIELD,0,0,source/Development/Src/Engine/Inc/UnSkeletalMesh.h,423,0,2,2,0,0,0,2,0,source/Development/Src/Engine/Inc/UnSkeletalMesh.h:812 source/Development/Src/Engine/Src/UnSkeletalComponent.cpp:4236 source/Development/Src/Engine/Src/UnSkeletalComponent.cpp:5229
B-shared-write,2003,USkeletalMeshComponent,bAttachClothVertsToBaseBody,BITFIELD,0,0,source/Development/Src/Engine/Inc/UnSkeletalMesh.h,440,0,1,3,0,0,0,1,0,source/Development/Src/Engine/Src/UnPhysComponent.cpp:2118 source/Development/Src/Engine/Src/UnPhysComponent.cpp:4372 source/Development/Src/Engine/Src/UnPhysComponent.cpp:4384
B-shared-write,2003,USkeletalMeshComponent,ClothMeshParentData,TArray<INT>,1,0,source/Development/Src/Engine/Inc/UnSkeletalMesh.h,465,0,2,2,0,0,0,2,1,source/Development/Src/Engine/Src/UnPhysComponent.cpp:3588 source/Development/Src/Engine/Src/UnPhysComponent.cpp:3589 source/Development/Src/Engine/Src/UnPhysComponent.cpp:3627
B-shared-write,2003,USkeletalMeshComponent,bSoftBodyFrozen,BITFIELD,0,0,source/Development/Src/Engine/Inc/UnSkeletalMesh.h,495,0,5,1,0,0,0,2,0,source/Development/Src/Engine/Src/UnPhysSkelComponent.cpp:106 source/Development/Src/Engine/Src/UnPhysSkelComponent.cpp:408 source/Development/Src/Engine/Src/UnPhysSkelComponent.cpp:414
B-shared-write,2003,USkeletalMeshComponent,SoftBodyASVPlane,FPointer,0,0,source/Development/Src/Engine/Inc/UnSkeletalMesh.h,501,0,2,2,0,0,0,1,1,source/Development/Src/Engine/Src/UnPhysSkelComponent.cpp:133 source/Development/Src/Engine/Src/UnPhysSkelComponent.cpp:319 source/Development/Src/Engine/Src/UnPhysSkelComponent.cpp:321
B-shared-write,2003,USkeletalMeshComponent,AnimRotationOnly,BYTE,0,0,source/Development/Src/Engine/Inc/UnSkeletalMesh.h,502,0,2,2,0,0,0,2,1,source/Development/Src/Engine/Inc/UnSkeletalMesh.h:205 source/Development/Src/Engine/Inc/UnSkeletalMesh.h:207 source/Development/Src/Engine/Src/UnAnimPlay.cpp:641
B-shared-write,2003,USkeletalMeshComponent,AccumulatedDroppedDeltaTime,FLOAT,0,0,source/Development/Src/Engine/Inc/UnSkeletalMesh.h,509,0,2,2,0,0,0,1,1,source/Development/Src/Engine/Src/UnSkeletalComponent.cpp:1398 source/Development/Src/Engine/Src/UnSkeletalComponent.cpp:1403 source/Development/Src/Engine/Src/UnSkeletalComponent.cpp:1410
B-shared-write,2003,USkeletalMesh,SoftBodyTetraVertsUnscaled,TArray<FVector>,1,0,source/Development/Src/Engine/Inc/UnSkeletalMesh.h,3703,0,2,2,0,0,0,2,1,source/Development/Src/Engine/Src/UnPhysSkelComponent.cpp:151 source/Development/Src/Engine/Src/UnSoftBodySupport.cpp:48 source/Development/Src/Engine/Src/UnSoftBodySupport.cpp:132
B-shared-write,2003,USkeletalMesh,SoftBodyTetraLinks,TArray<FSoftBodyTetraLink>,1,0,source/Development/Src/Engine/Inc/UnSkeletalMesh.h,3705,0,2,2,0,0,0,3,1,source/Development/Src/Engine/Src/UnPhysSkelComponent.cpp:178 source/Development/Src/Engine/Src/UnSkeletalRenderCPUSkin.cpp:669 source/Development/Src/Engine/Src/UnSoftBodySupport.cpp:134
B-shared-write,2003,UWorld,bDoDelayedUpdateCullDistanceVolumes,BITFIELD,0,0,source/Development/Src/Engine/Inc/UnWorld.h,197,?,0,3,0,0,0,2,0,source/Development/Src/Engine/Src/UnActor.cpp:1919 source/Development/Src/Engine/Src/UnActor.cpp:1965 source/Development/Src/Engine/Src/UnWorld.cpp:504
B-shared-write,2003,AGameCrowdAgent,CurrentConformTraceInterval,INT,0,0,source/Development/Src/GameFramework/Inc/GameFrameworkClasses.h,1123,0,2,2,0,0,0,1,0,source/Development/Src/GameFramework/Src/GameCrowd.cpp:249 source/Development/Src/GameFramework/Src/GameCrowd.cpp:1062 source/Development/Src/GameFramework/Src/GameCrowd.cpp:1074
B-shared-write,2002,UNavMeshPath_MinDistBetweenSpecsOfType,Penalty,FLOAT,0,0,source/Development/Src/Engine/Inc/EngineAIClasses.h,2235,0,3,1,0,0,0,2,1,source/Development/Src/Engine/Src/UnNavigationConstraintsAndGoals.cpp:949 source/Development/Src/GameFramework/Src/GameCrowd.cpp:898 source/Development/Src/GameFramework/Src/GameCrowd.cpp:901
B-shared-write,2002,UNavMeshGoal_At,bGoalInSamePolyAsAnchor,BITFIELD,0,0,source/Development/Src/Engine/Inc/EngineAIClasses.h,2456,0,1,2,0,0,0,1,0,source/Development/Src/Engine/Src/UnNavigationConstraintsAndGoals.cpp:356 source/Development/Src/Engine/Src/UnNavigationConstraintsAndGoals.cpp:503 source/Development/Src/Engine/Src/UnNavigationConstraintsAndGoals.cpp:517
B-shared-write,2002,UAnimNode,bTickDuringPausedAnims,BITFIELD,0,0,source/Development/Src/Engine/Inc/EngineAnimClasses.h,1993,0,2,1,0,0,0,2,0,source/Development/Src/Engine/Src/UnAnimPlay.cpp:54 source/Development/Src/Engine/Src/UnAnimPlay.cpp:68 source/Development/Src/Engine/Src/UnAnimTree.cpp:362
B-shared-write,2002,UAnimNodeSlot,bDontAddToAlwaysTickArray,BITFIELD,0,0,source/Development/Src/Engine/Inc/EngineAnimClasses.h,3328,0,1,2,0,0,0,1,0,source/Development/Src/Engine/Src/UnAnimTree.cpp:7720 source/Development/Src/Engine/Src/UnAnimTree.cpp:7839 source/Development/Src/Engine/Src/UnAnimTree.cpp:7851
B-shared-write,2002,AActor,bHiddenEdLayer,BITFIELD,0,0,source/Development/Src/Engine/Inc/EngineClasses.h,2515,0,2,1,0,0,0,2,0,source/Development/Src/Engine/Src/LevelUtils.cpp:428 source/Development/Src/Engine/Src/LevelUtils.cpp:432 source/Development/Src/Engine/Src/UnActor.cpp:3960
B-shared-write,2002,AActor,SkelMeshCompTickTag,INT,0,0,source/Development/Src/Engine/Inc/EngineClasses.h,2518,0,2,1,0,0,0,1,0,source/Development/Src/Engine/Src/UnSkeletalComponent.cpp:1315 source/Development/Src/Engine/Src/UnSkeletalComponent.cpp:1317 source/Development/Src/Engine/Src/UnSkeletalComponent.cpp:1320
B-shared-write,2002,APylon,bAllowRecastGenerator,BITFIELD,0,0,source/Development/Src/Engine/Inc/EngineClasses.h,9888,0,0,2,0,0,0,1,0,source/Development/Src/Engine/Src/UnNavigationMesh.cpp:2002 source/Development/Src/Engine/Src/UnNavigationMesh.cpp:2007
B-shared-write,2002,UActorFactory,NewActorClassName,FStringNoInit,0,0,source/Development/Src/Engine/Inc/EngineClasses.h,13864,0,3,1,0,0,0,1,0,source/Development/Src/Engine/Src/UnActorFactory.cpp:86 source/Development/Src/Engine/Src/UnActorFactory.cpp:88 source/Development/Src/Engine/Src/UnActorFactory.cpp:89
B-shared-write,2002,UGameViewportClient,bDisplayHardwareMouseCursor,BITFIELD,0,0,source/Development/Src/Engine/Inc/EngineClasses.h,20676,0,3,1,0,0,0,2,0,source/Development/Src/Engine/Src/UnPlayer.cpp:330 source/Development/Src/Engine/Src/UnPlayer.cpp:834 source/Development/Src/Engine/Src/UnPlayer.cpp:870
B-shared-write,2002,AController,bAdvancedTactics,BITFIELD,0,0,source/Development/Src/Engine/Inc/EngineControllerClasses.h,406,0,1,2,0,0,0,2,0,source/Development/Src/Engine/Src/UnController.cpp:1244 source/Development/Src/Engine/Src/UnController.cpp:1402 source/Development/Src/Engine/Src/UnPawn.cpp:591
B-shared-write,2002,UDecalComponent,ParentRelLocRotMatrix,FMatrix,0,0,source/Development/Src/Engine/Inc/EngineDecalClasses.h,255,0,1,2,0,0,0,1,0,source/Development/Src/Engine/Src/DecalComponent.cpp:392 source/Development/Src/Engine/Src/DecalComponent.cpp:398 source/Development/Src/Engine/Src/DecalComponent.cpp:411
B-shared-write,2002,AWorldInfo,ReplicatedMusicTrack,struct FMusicTrackStruct,0,0,source/Development/Src/Engine/Inc/EngineGameEngineClasses.h,695,0,3,1,0,0,0,2,0,source/Development/Src/Engine/Src/UnActor.cpp:777 source/Development/Src/Engine/Src/UnActor.cpp:777 source/Development/Src/Engine/Src/UnActor.cpp:779
B-shared-write,2002,UEngine,MatineeCaptureFPS,INT,0,0,source/Development/Src/Engine/Inc/EngineGameEngineClasses.h,1725,0,0,2,0,0,0,1,0,source/Development/Src/Launch/Src/LaunchEngineLoop.cpp:3719 source/Development/Src/Launch/Src/LaunchEngineLoop.cpp:3724
B-shared-write,2002,UGameEngine,bCheckForMovieCapture,BITFIELD,0,0,source/Development/Src/Engine/Inc/EngineGameEngineClasses.h,2474,0,1,2,0,0,0,1,0,source/Development/Src/Engine/Src/UnGame.cpp:247 source/Development/Src/Engine/Src/UnGame.cpp:3904 source/Development/Src/Engine/Src/UnGame.cpp:3911
B-shared-write,2002,UGameEngine,bTriggerPostLoadMap,BITFIELD,0,0,source/Development/Src/Engine/Inc/EngineGameEngineClasses.h,2475,0,1,2,0,0,0,1,0,source/Development/Src/Engine/Src/UnGame.cpp:3510 source/Development/Src/Engine/Src/UnGame.cpp:3844 source/Development/Src/Engine/Src/UnGame.cpp:3846
B-shared-write,2002,FLightmassMaterialInterfaceSettings,bOverrideCastShadowAsMasked,BITFIELD,0,0,source/Development/Src/Engine/Inc/EngineMaterialClasses.h,3178,0,3,1,0,0,0,2,0,source/Development/Src/Engine/Inc/EngineMaterialClasses.h:3656 source/Development/Src/Engine/Inc/EngineMaterialClasses.h:3659 source/Development/Src/Engine/Inc/EngineMaterialClasses.h:3719
B-shared-write,2002,UMaterialInterface,FlattenedTexture_DEPRECATED,class UTexture*,0,0,source/Development/Src/Engine/Inc/EngineMaterialClasses.h,3229,0,2,1,0,0,0,1,0,source/Development/Src/Engine/Src/MaterialShared.cpp:71 source/Development/Src/Engine/Src/MaterialShared.cpp:73 source/Development/Src/Engine/Src/MaterialShared.cpp:74
B-shared-write,2002,UMaterialInterface,SubUVFrameCountAlongAxes,INT,0,0,source/Development/Src/Engine/Inc/EngineMaterialClasses.h,3245,0,3,1,0,0,0,1,0,source/Development/Src/Engine/Src/MaterialShared.cpp:316 source/Development/Src/Engine/Src/MaterialShared.cpp:318 source/Development/Src/Engine/Src/MaterialShared.cpp:327
B-shared-write,2002,UMaterial,bUsedWithMobileLandscape,BITFIELD,0,0,source/Development/Src/Engine/Inc/EngineMaterialClasses.h,3979,0,3,1,0,0,0,2,0,source/Development/Src/Engine/Src/Material.cpp:374 source/Development/Src/Engine/Src/Material.cpp:407 source/Development/Src/Engine/Src/Material.cpp:440
B-shared-write,2002,UMaterial,bUsedWithScreenDoorFade,BITFIELD,0,0,source/Development/Src/Engine/Inc/EngineMaterialClasses.h,3981,0,3,1,0,0,0,2,0,source/Development/Src/Engine/Src/Material.cpp:392 source/Development/Src/Engine/Src/Material.cpp:425 source/Development/Src/Engine/Src/Material.cpp:458
B-shared-write,2002,FParticleSysParam,Scalar_Low,FLOAT,0,0,source/Development/Src/Engine/Inc/EngineParticleClasses.h,996,0,1,2,0,0,0,1,0,source/Development/Src/Engine/Src/UnParticleComponents.cpp:6877 source/Development/Src/Engine/Src/UnParticleComponents.cpp:6887 source/Development/Src/Engine/Src/UnParticleComponents.cpp:7068
B-shared-write,2002,FParticleSysParam,Vector_Low,FVector,0,0,source/Development/Src/Engine/Inc/EngineParticleClasses.h,997,0,1,2,0,0,0,1,0,source/Development/Src/Engine/Src/UnParticleComponents.cpp:6937 source/Development/Src/Engine/Src/UnParticleComponents.cpp:6947 source/Development/Src/Engine/Src/UnParticleComponents.cpp:7107
B-shared-write,2002,UParticleModuleCollision,MaxCollisionDistance,FLOAT,0,0,source/Development/Src/Engine/Inc/EngineParticleClasses.h,3098,0,3,1,0,0,0,1,0,source/Development/Src/Engine/Src/ParticleModules_Collision.cpp:154 source/Development/Src/Engine/Src/ParticleModules_Collision.cpp:217 source/Development/Src/Engine/Src/ParticleModules_Collision.cpp:264
B-shared-write,2002,UParticleModuleLocationPrimitiveCylinder,bAdjustForWorldSpace,BITFIELD,0,0,source/Development/Src/Engine/Inc/EngineParticleClasses.h,4241,0,2,1,0,0,0,1,0,source/Development/Src/Engine/Src/ParticleModules_Location.cpp:754 source/Development/Src/Engine/Src/ParticleModules_Location.cpp:768 source/Development/Src/Engine/Src/ParticleModules_Location.cpp:876
B-shared-write,2002,APawn,FlashCount,BYTE,0,0,source/Development/Src/Engine/Inc/EnginePawnClasses.h,507,0,1,2,0,0,0,1,0,source/Development/Src/Engine/Src/UnActor.cpp:548 source/Development/Src/Engine/Src/UnActor.cpp:556 source/Development/Src/Engine/Src/UnActor.cpp:556
B-shared-write,2002,USeqAct_StreamInTextures,NumWantingResourcesID,INT,0,0,source/Development/Src/Engine/Inc/EngineSequenceClasses.h,2586,0,3,1,0,0,0,1,0,source/Development/Src/Engine/Src/UnSequence.cpp:9716 source/Development/Src/Engine/Src/UnSequence.cpp:9716 source/Development/Src/Engine/Src/UnSequence.cpp:9726
B-shared-write,2002,UTexture2D,CachedATITCMips,TIndirectArray<FTexture2DMipMap>,1,0,source/Development/Src/Engine/Inc/EngineTextureClasses.h,628,0,0,2,0,0,0,1,0,source/Development/Src/Engine/Src/Texture2D.cpp:827 source/Development/Src/Engine/Src/Texture2D.cpp:866
B-shared-write,2002,UTexture2D,CachedETCMips,TIndirectArray<FTexture2DMipMap>,1,0,source/Development/Src/Engine/Inc/EngineTextureClasses.h,629,0,0,2,0,0,0,1,0,source/Development/Src/Engine/Src/Texture2D.cpp:828 source/Development/Src/Engine/Src/Texture2D.cpp:867
B-shared-write,2002,UUIDataStore_OnlinePlayerData,ProfileProviderClass,class UClass*,0,0,source/Development/Src/Engine/Inc/EngineUIPrivateClasses.h,1156,0,1,2,0,0,0,1,0,source/Development/Src/Engine/Src/UnUIDataStores.cpp:1561 source/Development/Src/Engine/Src/UnUIDataStores.cpp:1563 source/Development/Src/Engine/Src/UnUIDataStores.cpp:1565
B-shared-write,2002,UUIDataStore_OnlinePlayerData,StorageProviderClass,class UClass*,0,0,source/Development/Src/Engine/Inc/EngineUIPrivateClasses.h,1158,0,1,2,0,0,0,1,0,source/Development/Src/Engine/Src/UnUIDataStores.cpp:1570 source/Development/Src/Engine/Src/UnUIDataStores.cpp:1572 source/Development/Src/Engine/Src/UnUIDataStores.cpp:1574
B-shared-write,2002,UUIDataStore_OnlinePlayerData,FriendMessagesProviderClass,class UClass*,0,0,source/Development/Src/Engine/Inc/EngineUIPrivateClasses.h,1161,0,1,2,0,0,0,1,0,source/Development/Src/Engine/Src/UnUIDataStores.cpp:1534 source/Development/Src/Engine/Src/UnUIDataStores.cpp:1536 source/Development/Src/Engine/Src/UnUIDataStores.cpp:1538
B-shared-write,2002,UUIDataStore_OnlinePlayerData,PartyChatProviderClass,class UClass*,0,0,source/Development/Src/Engine/Inc/EngineUIPrivateClasses.h,1163,0,1,2,0,0,0,1,0,source/Development/Src/Engine/Src/UnUIDataStores.cpp:1552 source/Development/Src/Engine/Src/UnUIDataStores.cpp:1554 source/Development/Src/Engine/Src/UnUIDataStores.cpp:1556
B-shared-write,2002,UPlayerInput,aTilt,FVector,0,0,source/Development/Src/Engine/Inc/EngineUserInterfaceClasses.h,1044,0,3,1,0,0,0,2,0,source/Development/Src/Engine/Src/UnIn.cpp:871 source/Development/Src/GameFramework/Src/GameMobileKismet.cpp:103 source/Development/Src/GameFramework/Src/GameMobileKismet.cpp:104
B-shared-write,2002,UPlayerInput,aRotationRate,FVector,0,0,source/Development/Src/Engine/Inc/EngineUserInterfaceClasses.h,1045,0,3,1,0,0,0,2,0,source/Development/Src/Engine/Src/UnIn.cpp:875 source/Development/Src/GameFramework/Src/GameMobileKismet.cpp:107 source/Development/Src/GameFramework/Src/GameMobileKismet.cpp:108
B-shared-write,2002,UPrimitiveComponent,bUsePerInstanceHitProxies,BITFIELD,0,0,source/Development/Src/Engine/Inc/PrimitiveComponent.h,922,0,2,1,0,0,0,3,0,source/Development/Src/Engine/Src/InstancedFoliage.cpp:1289 source/Development/Src/Engine/Src/InstancedStaticMesh.cpp:534 source/Development/Src/Engine/Src/PrimitiveSceneInfo.cpp:237
B-shared-write,2002,FSystemSettings,bAllowPostprocessMLAA,UBOOL,0,0,source/Development/Src/Engine/Inc/SystemSettings.h,408,?,3,1,0,0,0,3,0,source/Development/Src/Engine/Src/SceneRenderTargets.cpp:2381 source/Development/Src/Engine/Src/SystemSettings.cpp:1035 source/Development/Src/Engine/Src/SystemSettings.cpp:1035
B-shared-write,2002,USkeletalMeshComponent,bInterpolateBoneAtoms,BITFIELD,0,0,source/Development/Src/Engine/Inc/UnSkeletalMesh.h,422,0,2,1,0,0,0,1,0,source/Development/Src/Engine/Src/UnSkeletalComponent.cpp:1356 source/Development/Src/Engine/Src/UnSkeletalComponent.cpp:3857 source/Development/Src/Engine/Src/UnSkeletalComponent.cpp:4104
B-shared-write,2002,USkeletalMeshComponent,bProcessingRootMotion,BITFIELD,0,0,source/Development/Src/Engine/Inc/UnSkeletalMesh.h,427,0,1,2,0,0,0,2,0,source/Development/Src/Engine/Src/UnPhysic.cpp:420 source/Development/Src/Engine/Src/UnSkeletalComponent.cpp:3644 source/Development/Src/Engine/Src/UnSkeletalComponent.cpp:3646
B-shared-write,2002,USkeletalMeshComponent,bUpdatedFixedClothVerts,BITFIELD,0,0,source/Development/Src/Engine/Inc/UnSkeletalMesh.h,442,0,1,2,0,0,0,2,0,source/Development/Src/Engine/Src/UnPhysComponent.cpp:2120 source/Development/Src/Engine/Src/UnPhysComponent.cpp:2173 source/Development/Src/Engine/Src/UnSkeletalComponent.cpp:308
B-shared-write,2002,USkeletalMeshComponent,FrozenLocalToWorldPos,FVector,0,0,source/Development/Src/Engine/Inc/UnSkeletalMesh.h,445,0,1,2,0,0,0,1,1,source/Development/Src/Engine/Src/UnPhysComponent.cpp:3568 source/Development/Src/Engine/Src/UnPhysComponent.cpp:4410 source/Development/Src/Engine/Src/UnPhysComponent.cpp:4414
B-shared-write,2002,USkeletalMeshComponent,FrozenLocalToWorldRot,FRotator,0,0,source/Development/Src/Engine/Inc/UnSkeletalMesh.h,446,0,1,2,0,0,0,1,1,source/Development/Src/Engine/Src/UnPhysComponent.cpp:3569 source/Development/Src/Engine/Src/UnPhysComponent.cpp:4411 source/Development/Src/Engine/Src/UnPhysComponent.cpp:4414
B-shared-write,2002,USkeletalMeshComponent,LastClothLocation,FVector,0,0,source/Development/Src/Engine/Inc/UnSkeletalMesh.h,478,0,2,1,0,0,0,1,1,source/Development/Src/Engine/Src/UnPhysComponent.cpp:2200 source/Development/Src/Engine/Src/UnPhysComponent.cpp:2200 source/Development/Src/Engine/Src/UnPhysComponent.cpp:2204
B-shared-write,2002,USkeletalMeshComponent,SoftBodySceneIndex,INT,0,0,source/Development/Src/Engine/Inc/UnSkeletalMesh.h,488,0,2,1,0,0,0,1,1,source/Development/Src/Engine/Src/UnPhysSkelComponent.cpp:103 source/Development/Src/Engine/Src/UnPhysSkelComponent.cpp:296 source/Development/Src/Engine/Src/UnPhysSkelComponent.cpp:300
B-shared-write,2002,USkeletalMeshComponent,SoftBodyTetraIndexData,TArray<INT>,1,0,source/Development/Src/Engine/Inc/UnSkeletalMesh.h,491,0,2,1,0,0,0,1,1,source/Development/Src/Engine/Src/UnPhysSkelComponent.cpp:56 source/Development/Src/Engine/Src/UnPhysSkelComponent.cpp:152 source/Development/Src/Engine/Src/UnPhysSkelComponent.cpp:155
B-shared-write,2002,USkeletalMeshComponent,ComponentDroppedDeltaTime,FLOAT,0,0,source/Development/Src/Engine/Inc/UnSkeletalMesh.h,510,0,1,2,0,0,0,1,1,source/Development/Src/Engine/Src/UnSkeletalComponent.cpp:1363 source/Development/Src/Engine/Src/UnSkeletalComponent.cpp:1367 source/Development/Src/Engine/Src/UnSkeletalComponent.cpp:1368
B-shared-write,2002,FSkeletalMeshLODInfo,bDisableCompression,BITFIELD,0,0,source/Development/Src/Engine/Inc/UnSkeletalMesh.h,3393,0,2,1,0,0,0,1,0,source/Development/Src/Engine/Src/UnSkeletalMesh.cpp:1967 source/Development/Src/Engine/Src/UnSkeletalMesh.cpp:1969 source/Development/Src/Engine/Src/UnSkeletalMesh.cpp:2003
B-shared-write,2002,USkeletalMesh,SoftBodySurfaceIndices,TArray<INT>,1,0,source/Development/Src/Engine/Inc/UnSkeletalMesh.h,3702,0,1,2,0,0,0,2,1,source/Development/Src/Engine/Src/UnSkeletalRenderCPUSkin.cpp:666 source/Development/Src/Engine/Src/UnSoftBodySupport.cpp:131 source/Development/Src/Engine/Src/UnSoftBodySupport.cpp:137
B-shared-write,2002,UGameThirdPersonCamera,bDoSeamlessPivotTransition,BITFIELD,0,0,source/Development/Src/GameFramework/Inc/GameFrameworkCameraClasses.h,200,0,2,1,0,0,0,1,0,source/Development/Src/GameFramework/Src/GameCamera.cpp:294 source/Development/Src/GameFramework/Src/GameCamera.cpp:303 source/Development/Src/GameFramework/Src/GameCamera.cpp:1541
B-shared-write,2002,AGameCrowdAgent,InterpZTranslation,FLOAT,0,0,source/Development/Src/GameFramework/Inc/GameFrameworkClasses.h,1106,0,1,2,0,0,0,1,0,source/Development/Src/GameFramework/Src/GameCrowd.cpp:261 source/Development/Src/GameFramework/Src/GameCrowd.cpp:1062 source/Development/Src/GameFramework/Src/GameCrowd.cpp:1070
B-shared-write,2002,AGameCrowdAgent,ConformTraceFrameCount,INT,0,0,source/Development/Src/GameFramework/Inc/GameFrameworkClasses.h,1108,0,1,2,0,0,0,1,0,source/Development/Src/GameFramework/Src/GameCrowd.cpp:245 source/Development/Src/GameFramework/Src/GameCrowd.cpp:249 source/Development/Src/GameFramework/Src/GameCrowd.cpp:251
B-shared-write,2002,AGameCrowdAgent,bHitObstacle,BITFIELD,0,0,source/Development/Src/GameFramework/Inc/GameFrameworkClasses.h,1113,0,0,2,0,0,0,1,0,source/Development/Src/GameFramework/Src/GameCrowd.cpp:191 source/Development/Src/GameFramework/Src/GameCrowd.cpp:209
B-shared-write,2002,AGameCrowdAgent,bBadHitNormal,BITFIELD,0,0,source/Development/Src/GameFramework/Inc/GameFrameworkClasses.h,1114,0,0,2,0,0,0,1,0,source/Development/Src/GameFramework/Src/GameCrowd.cpp:192 source/Development/Src/GameFramework/Src/GameCrowd.cpp:222
B-shared-write,2002,AGameCrowdAgent,ConformTraceInterval,INT,0,0,source/Development/Src/GameFramework/Inc/GameFrameworkClasses.h,1122,0,0,2,0,0,0,1,0,source/Development/Src/GameFramework/Src/GameCrowd.cpp:1074 source/Development/Src/GameFramework/Src/GameCrowd.cpp:1078
B-shared-write,2002,AGameCrowdAgent,LastProgressTime,FLOAT,0,0,source/Development/Src/GameFramework/Inc/GameFrameworkClasses.h,1131,0,1,2,0,0,0,1,0,source/Development/Src/GameFramework/Src/GameCrowd.cpp:774 source/Development/Src/GameFramework/Src/GameCrowd.cpp:922 source/Development/Src/GameFramework/Src/GameCrowd.cpp:950
B-shared-write,2002,AGameCrowdAgentSkeletal,bIsPlayingDeathAnimation,BITFIELD,0,0,source/Development/Src/GameFramework/Inc/GameFrameworkClasses.h,1443,0,1,2,0,0,0,1,0,source/Development/Src/GameFramework/Src/GameCrowd.cpp:331 source/Development/Src/GameFramework/Src/GameCrowd.cpp:398 source/Development/Src/GameFramework/Src/GameCrowd.cpp:2210
B-shared-write,2001,UNavMeshGoal_At,PartialDistSq,FLOAT,0,0,source/Development/Src/Engine/Inc/EngineAIClasses.h,2457,0,1,1,0,0,0,1,0,source/Development/Src/Engine/Src/UnNavigationConstraintsAndGoals.cpp:471 source/Development/Src/Engine/Src/UnNavigationConstraintsAndGoals.cpp:473
B-shared-write,2001,ASkeletalMeshActor,ReplicatedMaterial0,class UMaterialInterface*,0,0,source/Development/Src/Engine/Inc/EngineAnimClasses.h,278,0,0,1,0,0,0,1,0,source/Development/Src/Engine/Src/UnPhysActor.cpp:1381
B-shared-write,2001,ASkeletalMeshActor,ReplicatedMaterial1,class UMaterialInterface*,0,0,source/Development/Src/Engine/Inc/EngineAnimClasses.h,279,0,0,1,0,0,0,1,0,source/Development/Src/Engine/Src/UnPhysActor.cpp:1382
B-shared-write,2001,UAnimNodeSequence,bCheckForFinishAnimEarly,BITFIELD,0,0,source/Development/Src/Engine/Inc/EngineAnimClasses.h,2754,0,1,1,0,0,0,1,0,source/Development/Src/Engine/Src/UnAnimPlay.cpp:1963 source/Development/Src/Engine/Src/UnAnimPlay.cpp:1974
B-shared-write,2001,UAnimTree,MorphConnDrawY,INT,0,0,source/Development/Src/Engine/Inc/EngineAnimClasses.h,3715,0,1,1,0,0,0,1,0,source/Development/Src/Engine/Src/UnAnimTreeDraw.cpp:47 source/Development/Src/Engine/Src/UnAnimTreeDraw.cpp:103
B-shared-write,2001,USkelControlLimb,JointOffset,FVector,0,0,source/Development/Src/Engine/Inc/EngineAnimClasses.h,4595,0,1,1,0,0,0,1,0,source/Development/Src/Engine/Src/UnSkelControl.cpp:1582 source/Development/Src/Engine/Src/UnSkelControl.cpp:1586
B-shared-write,2001,ADynamicSMActor,ReplicatedMaterial0,class UMaterialInterface*,0,0,source/Development/Src/Engine/Inc/EngineClasses.h,6010,0,0,1,0,0,0,1,0,source/Development/Src/Engine/Src/UnPhysActor.cpp:1381
B-shared-write,2001,ADynamicSMActor,ReplicatedMaterial1,class UMaterialInterface*,0,0,source/Development/Src/Engine/Inc/EngineClasses.h,6011,0,0,1,0,0,0,1,0,source/Development/Src/Engine/Src/UnPhysActor.cpp:1382
B-shared-write,2001,AGameInfo,bIsStandbyCheckingOn,BITFIELD,0,0,source/Development/Src/Engine/Inc/EngineClasses.h,11614,0,0,1,0,0,0,1,0,source/Development/Src/Engine/Src/UnScript.cpp:3565
B-shared-write,2001,UGameViewportClient,bCapturedWorldRendering,BITFIELD,0,0,source/Development/Src/Engine/Inc/EngineClasses.h,20677,0,0,1,0,0,0,1,0,source/Development/Src/Engine/Src/UnPlayer.cpp:1479
B-shared-write,2001,APlayerController,PendingSwapConnection,class UNetConnection*,0,0,source/Development/Src/Engine/Inc/EngineControllerClasses.h,1874,0,1,1,0,0,0,2,0,source/Development/Src/Engine/Src/UnScript.cpp:3465 source/Development/Src/Engine/Src/UnWorld.cpp:4494
B-shared-write,2001,UEngine,bCompressMatineeCapture,BITFIELD,0,0,source/Development/Src/Engine/Inc/EngineGameEngineClasses.h,1705,0,0,1,0,0,0,1,0,source/Development/Src/Launch/Src/LaunchEngineLoop.cpp:3656
B-shared-write,2001,UEngine,DefaultSound,class USoundNodeWave*,0,0,source/Development/Src/Engine/Inc/EngineGameEngineClasses.h,1716,0,1,1,0,0,0,1,0,source/Development/Src/Engine/Src/UnEngine.cpp:1008 source/Development/Src/Engine/Src/UnEngine.cpp:1010
B-shared-write,2001,UInterpGroupAI,bRecreatePreviewPawn,BITFIELD,0,0,source/Development/Src/Engine/Inc/EngineInterpolationClasses.h,275,0,0,1,0,0,0,1,0,source/Development/Src/Engine/Src/UnInterpolation.cpp:12364
B-shared-write,2001,UInterpGroupAI,bRefreshStageMarkGroup,BITFIELD,0,0,source/Development/Src/Engine/Inc/EngineInterpolationClasses.h,276,0,0,1,0,0,0,1,0,source/Development/Src/Engine/Src/UnInterpolation.cpp:12373
B-shared-write,2001,UInterpGroupInstAI,bSavedCollideActors,BITFIELD,0,0,source/Development/Src/Engine/Inc/EngineInterpolationClasses.h,428,0,1,1,0,0,0,1,0,source/Development/Src/Engine/Src/UnInterpolation.cpp:12783 source/Development/Src/Engine/Src/UnInterpolation.cpp:12816
B-shared-write,2001,UInterpGroupInstAI,bSavedBlockActors,BITFIELD,0,0,source/Development/Src/Engine/Inc/EngineInterpolationClasses.h,429,0,1,1,0,0,0,1,0,source/Development/Src/Engine/Src/UnInterpolation.cpp:12784 source/Development/Src/Engine/Src/UnInterpolation.cpp:12816
B-shared-write,2001,UInterpTrackInstDirector,OldRenderingOverrides,struct FRenderingPerformanceOverrides,0,0,source/Development/Src/Engine/Inc/EngineInterpolationClasses.h,2228,0,1,1,0,0,0,1,1,source/Development/Src/Engine/Src/UnInterpolation.cpp:8715 source/Development/Src/Engine/Src/UnInterpolation.cpp:8754
B-shared-write,2001,USpotLightComponent,LightShaftConeAngle,FLOAT,0,0,source/Development/Src/Engine/Inc/EngineLightClasses.h,619,0,0,1,0,0,0,1,0,source/Development/Src/Engine/Src/SpotLightComponent.cpp:154
B-shared-write,2001,UParticleLightEnvironmentComponent,NumPooledReuses,INT,0,0,source/Development/Src/Engine/Inc/EngineLightClasses.h,894,0,1,1,0,0,0,2,0,source/Development/Src/Engine/Inc/EngineLightClasses.h:902 source/Development/Src/Engine/Src/UnParticleComponents.cpp:4140
B-shared-write,2001,ULightFunction,DisabledBrightness,FLOAT,0,0,source/Development/Src/Engine/Inc/EngineLightClasses.h,962,0,0,1,0,0,0,1,1,source/Development/Src/Engine/Src/LightSceneInfo.cpp:112
B-shared-write,2001,UInstancedStaticMeshComponent,bDontResolveInstancedLightmaps,BITFIELD,0,0,source/Development/Src/Engine/Inc/EngineMeshClasses.h,1570,0,1,1,0,0,0,2,0,source/Development/Src/Engine/Src/InstancedFoliage.cpp:1290 source/Development/Src/Engine/Src/InstancedStaticMesh.cpp:1055
B-shared-write,2001,UParticleSystemComponent,bHasBeenActivated,BITFIELD,0,0,source/Development/Src/Engine/Inc/EngineParticleClasses.h,1164,0,1,1,0,0,0,1,0,source/Development/Src/Engine/Src/UnParticleComponents.cpp:5727 source/Development/Src/Engine/Src/UnParticleComponents.cpp:5745
B-shared-write,2001,APawn,bPrevBypassSimulatedClientPhysics,BITFIELD,0,0,source/Development/Src/Engine/Inc/EnginePawnClasses.h,504,0,1,1,0,0,0,1,0,source/Development/Src/Engine/Src/UnSkeletalComponent.cpp:3662 source/Development/Src/Engine/Src/UnSkeletalComponent.cpp:3687
B-shared-write,2001,USeqAct_SetDOFParams,OldMinBlurAmount,FLOAT,0,0,source/Development/Src/Engine/Inc/EngineSequenceClasses.h,2541,0,1,1,0,0,0,1,0,source/Development/Src/Engine/Src/UnSequence.cpp:7828 source/Development/Src/Engine/Src/UnSequence.cpp:7887
B-shared-write,2001,USeqAct_StreamInTextures,bHasTriggeredAllLoaded,BITFIELD,0,0,source/Development/Src/Engine/Inc/EngineSequenceClasses.h,2584,0,1,1,0,0,0,1,0,source/Development/Src/Engine/Src/UnSequence.cpp:9711 source/Development/Src/Engine/Src/UnSequence.cpp:9724
B-shared-write,2001,UPlayerInput,aGravity,FVector,0,0,source/Development/Src/Engine/Inc/EngineUserInterfaceClasses.h,1046,0,0,1,0,0,0,1,0,source/Development/Src/Engine/Src/UnIn.cpp:879
B-shared-write,2001,UPlayerInput,aAcceleration,FVector,0,0,source/Development/Src/Engine/Inc/EngineUserInterfaceClasses.h,1047,0,0,1,0,0,0,1,0,source/Development/Src/Engine/Src/UnIn.cpp:883
B-shared-write,2001,FSceneViewFamily,bScreenCaptureRenderTarget,UBOOL,0,0,source/Development/Src/Engine/Inc/Scene.h,2118,?,0,1,0,0,0,1,0,source/Development/Src/Engine/Src/Scene.cpp:787
B-shared-write,2001,FSceneViewFamily,bDrawBaseInfo,UBOOL,0,0,source/Development/Src/Engine/Inc/Scene.h,2120,?,0,1,0,0,0,1,0,source/Development/Src/Engine/Src/Scene.cpp:813
B-shared-write,2001,FSystemSettings,NumberOfSystemSettings,INT,0,0,source/Development/Src/Engine/Inc/SystemSettings.h,767,?,0,1,0,0,0,1,0,source/Development/Src/Engine/Src/SystemSettings.cpp:482
B-shared-write,2001,ULevel,AppliedLevelTransform,FMatrix,0,0,source/Development/Src/Engine/Inc/UnLevel.h,791,0,1,1,0,0,0,1,0,source/Development/Src/Engine/Src/UnWorld.cpp:1469 source/Development/Src/Engine/Src/UnWorld.cpp:1470
B-shared-write,2001,USkeletalMeshComponent,ApexClothingRBChannel,BYTE,0,0,source/Development/Src/Engine/Inc/UnSkeletalMesh.h,479,0,0,1,0,0,0,1,1,source/Development/Src/Engine/Src/UnActorFactory.cpp:1912
B-shared-write,2001,USkeletalMeshComponent,ApexClothingRBCollideWithChannels,FRBCollisionChannelContainer,0,0,source/Development/Src/Engine/Inc/UnSkeletalMesh.h,480,0,0,1,0,0,0,1,1,source/Development/Src/Engine/Src/UnActorFactory.cpp:1913
B-shared-write,2001,USkeletalMeshComponent,bSkipInitClothing,BITFIELD,0,0,source/Development/Src/Engine/Inc/UnSkeletalMesh.h,486,0,0,1,0,0,0,1,0,source/Development/Src/Engine/Src/UnSkeletalComponentClothing.cpp:192
B-shared-write,2001,USkeletalMeshComponent,NumSoftBodyTetraVerts,INT,0,0,source/Development/Src/Engine/Inc/UnSkeletalMesh.h,492,0,1,1,0,0,0,1,1,source/Development/Src/Engine/Src/UnPhysSkelComponent.cpp:54 source/Development/Src/Engine/Src/UnPhysSkelComponent.cpp:154
B-shared-write,2001,USkeletalMeshComponent,NumSoftBodyTetraIndices,INT,0,0,source/Development/Src/Engine/Inc/UnSkeletalMesh.h,493,0,1,1,0,0,0,1,1,source/Development/Src/Engine/Src/UnPhysSkelComponent.cpp:59 source/Development/Src/Engine/Src/UnPhysSkelComponent.cpp:155
B-shared-write,2001,USkeletalMeshComponent,MorphTargetsQueried,TArrayNoInit <FName>,1,0,source/Development/Src/Engine/Inc/UnSkeletalMesh.h,504,0,1,1,0,0,0,1,1,source/Development/Src/Engine/Src/UnSkeletalComponent.cpp:5088 source/Development/Src/Engine/Src/UnSkeletalComponent.cpp:5099
B-shared-write,2001,USkeletalMeshComponent,LastDropRate,INT,0,0,source/Development/Src/Engine/Inc/UnSkeletalMesh.h,507,0,1,1,0,0,0,1,1,source/Development/Src/Engine/Src/UnSkeletalComponent.cpp:1221 source/Development/Src/Engine/Src/UnSkeletalComponent.cpp:1223
B-shared-write,2001,USkeletalMeshComponent,LastDropRateChange,FLOAT,0,0,source/Development/Src/Engine/Inc/UnSkeletalMesh.h,508,0,1,1,0,0,0,1,1,source/Development/Src/Engine/Src/UnSkeletalComponent.cpp:1218 source/Development/Src/Engine/Src/UnSkeletalComponent.cpp:1220
B-shared-write,2001,UStaticMesh,ConsolePreallocateInstanceCount,INT,0,0,source/Development/Src/Engine/Inc/UnStaticMesh.h,1411,0,0,1,0,0,0,1,0,source/Development/Src/Engine/Src/UnStaticMesh.cpp:1854
B-shared-write,2001,UStaticMesh,bStripkDOPForConsole,BITFIELD,0,0,source/Development/Src/Engine/Inc/UnStaticMesh.h,1413,0,1,1,0,0,0,1,0,source/Development/Src/Engine/Src/UnStaticMesh.cpp:1852 source/Development/Src/Engine/Src/UnStaticMesh.cpp:2283
B-shared-write,2001,UStaticMesh,bPerLODStaticLightingForInstancing,BITFIELD,0,0,source/Development/Src/Engine/Inc/UnStaticMesh.h,1414,0,0,1,0,0,0,1,0,source/Development/Src/Engine/Src/UnStaticMesh.cpp:1853
B-shared-write,2001,UStaticMesh,FoliageDefaultSettings,class UInstancedFoliageSettings*,0,0,source/Development/Src/Engine/Inc/UnStaticMesh.h,1415,0,1,1,0,0,0,2,0,source/Development/Src/Engine/Src/InstancedFoliage.cpp:1235 source/Development/Src/Engine/Src/UnStaticMesh.cpp:1862
B-shared-write,2001,UGameThirdPersonCamera,LastIdealCameraOrigin,FVector,0,0,source/Development/Src/GameFramework/Inc/GameFrameworkCameraClasses.h,198,0,1,1,0,0,0,1,0,source/Development/Src/GameFramework/Src/GameCamera.cpp:226 source/Development/Src/GameFramework/Src/GameCamera.cpp:507
B-shared-write,2001,UGameThirdPersonCamera,LastIdealCameraOriginRot,FRotator,0,0,source/Development/Src/GameFramework/Inc/GameFrameworkCameraClasses.h,199,0,0,1,0,0,0,1,0,source/Development/Src/GameFramework/Src/GameCamera.cpp:227
B-shared-write,2001,UGameThirdPersonCamera,LastWorstLocation,FVector,0,0,source/Development/Src/GameFramework/Inc/GameFrameworkCameraClasses.h,201,0,1,1,0,0,0,1,0,source/Development/Src/GameFramework/Src/GameCamera.cpp:431 source/Development/Src/GameFramework/Src/GameCamera.cpp:434
B-shared-write,2001,AGameCrowdAgent,bPotentialEncounter,BITFIELD,0,0,source/Development/Src/GameFramework/Inc/GameFrameworkClasses.h,1115,0,1,1,0,0,0,1,0,source/Development/Src/GameFramework/Src/GameCrowd.cpp:535 source/Development/Src/GameFramework/Src/GameCrowd.cpp:536
B-shared-write,2001,AGameCrowdAgent,LastGroundZ,FLOAT,0,0,source/Development/Src/GameFramework/Inc/GameFrameworkClasses.h,1124,0,0,1,0,0,0,1,0,source/Development/Src/GameFramework/Src/GameCrowd.cpp:1065
B-shared-write,2001,AGameCrowdAgent,LastFallbackActiveTime,FLOAT,0,0,source/Development/Src/GameFramework/Inc/GameFrameworkClasses.h,1132,0,1,1,0,0,0,1,0,source/Development/Src/GameFramework/Src/GameCrowd.cpp:777 source/Development/Src/GameFramework/Src/GameCrowd.cpp:779
B-shared-write,2001,AGameCrowdAgent,CurrentPathLaneValue,FLOAT,0,0,source/Development/Src/GameFramework/Inc/GameFrameworkClasses.h,1134,0,1,1,0,0,0,1,0,source/Development/Src/GameFramework/Src/GameCrowd.cpp:1644 source/Development/Src/GameFramework/Src/GameCrowd.cpp:1652
B-shared-write,2001,AGameCrowdAgent,LastKnownGoodPosition,FVector,0,0,source/Development/Src/GameFramework/Inc/GameFrameworkClasses.h,1140,0,1,1,0,0,0,1,0,source/Development/Src/GameFramework/Src/GameCrowd.cpp:207 source/Development/Src/GameFramework/Src/GameCrowd.cpp:239
B-shared-write,2001,AGameCrowdAgent,ObstacleCheckCount,INT,0,0,source/Development/Src/GameFramework/Inc/GameFrameworkClasses.h,1141,0,0,1,0,0,0,1,0,source/Development/Src/GameFramework/Src/GameCrowd.cpp:193
B-shared-write,2001,AGameCrowdAgent,CurrentBehaviorActivationTime,FLOAT,0,0,source/Development/Src/GameFramework/Inc/GameFrameworkClasses.h,1152,0,0,1,0,0,0,1,0,source/Development/Src/GameFramework/Src/GameCrowd.cpp:1278
A-fatal?,1572,UApexGenericAsset,Materials,TArrayNoInit<class UMaterialInterface*>,1,1,source/Development/Src/Engine/Inc/EngineMeshClasses.h,1864,0,218,54,4,118,103,39,8,source/Development/Src/DishonoredGame/Src/dishonorednpcpawn_body.cpp:121 source/Development/Src/DishonoredGame/Src/dishonorednpcpawn_body.cpp:125 source/Development/Src/DishonoredGame/Src/dishonorednpcpawn_body.cpp:343
C-dead-read,1500,AWorldInfo,ProcBuildingRulesetOverride,class UProcBuildingRuleset*,0,0,source/Development/Src/Engine/Inc/EngineGameEngineClasses.h,698,1,1,0,0,0,0,1,0,source/Development/Src/Engine/Src/ProcBuilding.cpp:587
C-dead-read,1058,AController,PlayerReplicationInfo,class APlayerReplicationInfo*,0,0,source/Development/Src/Engine/Inc/EngineControllerClasses.h,404,0,117,0,0,0,0,14,1,source/Development/Src/Engine/Inc/EngineReplicationInfoClasses.h:242 source/Development/Src/Engine/Src/GameplayEvents.cpp:94 source/Development/Src/Engine/Src/GameplayEvents.cpp:96
C-dead-read,1058,APawn,PlayerReplicationInfo,class APlayerReplicationInfo*,0,0,source/Development/Src/Engine/Inc/EnginePawnClasses.h,517,0,117,0,0,0,0,14,1,source/Development/Src/Engine/Inc/EngineReplicationInfoClasses.h:242 source/Development/Src/Engine/Src/GameplayEvents.cpp:94 source/Development/Src/Engine/Src/GameplayEvents.cpp:96
C-dead-read,1032,UDrawSphereComponent,bDrawOnlyIfSelected,BITFIELD,0,0,source/Development/Src/Engine/Inc/PrimitiveComponent.h,1808,0,16,0,0,8,0,1,0,source/Development/Src/Engine/Src/PrimitiveComponent.cpp:2557 source/Development/Src/Engine/Src/PrimitiveComponent.cpp:2557 source/Development/Src/Engine/Src/PrimitiveComponent.cpp:2587
C-dead-read,1032,UDrawCylinderComponent,bDrawOnlyIfSelected,BITFIELD,0,0,source/Development/Src/Engine/Inc/PrimitiveComponent.h,1844,0,16,0,0,8,0,1,0,source/Development/Src/Engine/Src/PrimitiveComponent.cpp:2557 source/Development/Src/Engine/Src/PrimitiveComponent.cpp:2557 source/Development/Src/Engine/Src/PrimitiveComponent.cpp:2587
C-dead-read,1032,UDrawBoxComponent,bDrawOnlyIfSelected,BITFIELD,0,0,source/Development/Src/Engine/Inc/PrimitiveComponent.h,1876,0,16,0,0,8,0,1,0,source/Development/Src/Engine/Src/PrimitiveComponent.cpp:2557 source/Development/Src/Engine/Src/PrimitiveComponent.cpp:2557 source/Development/Src/Engine/Src/PrimitiveComponent.cpp:2587
C-dead-read,1032,UDrawCapsuleComponent,bDrawOnlyIfSelected,BITFIELD,0,0,source/Development/Src/Engine/Inc/PrimitiveComponent.h,1909,0,16,0,0,8,0,1,0,source/Development/Src/Engine/Src/PrimitiveComponent.cpp:2557 source/Development/Src/Engine/Src/PrimitiveComponent.cpp:2557 source/Development/Src/Engine/Src/PrimitiveComponent.cpp:2587
C-dead-read,1023,UInstancedStaticMeshComponent,SelectedInstances,TBitArray<>,0,0,source/Development/Src/Engine/Inc/EngineMeshClasses.h,1569,0,4,0,0,2,3,2,1,source/Development/Src/Engine/Inc/EngineMeshClasses.h:1621 source/Development/Src/Engine/Src/InstancedStaticMesh.cpp:148 source/Development/Src/Engine/Src/InstancedStaticMesh.cpp:148
C-dead-read,1016,APawn,OnLadder,class ALadderVolume*,0,0,source/Development/Src/Engine/Inc/EnginePawnClasses.h,518,0,33,0,0,0,0,3,0,source/Development/Src/Engine/Src/UnNavigationPoint.cpp:1796 source/Development/Src/Engine/Src/UnNavigationPoint.cpp:1796 source/Development/Src/Engine/Src/UnPawn.cpp:682
C-dead-read,1015,FSystemSettings,bAllowSubsurfaceScattering,UBOOL,0,0,source/Development/Src/Engine/Inc/SystemSettings.h,394,?,10,0,1,0,0,4,0,source/Development/Src/Engine/Src/SceneRendering.cpp:3315 source/Development/Src/Engine/Src/SceneRendering.cpp:3333 source/Development/Src/Engine/Src/SceneRenderTargets.cpp:627
C-dead-read,1015,ULevel,PrecomputedVolumeDistanceField,FPrecomputedVolumeDistanceField,0,0,source/Development/Src/Engine/Inc/UnLevel.h,790,0,13,0,0,3,0,4,0,source/Development/Src/Engine/Inc/Scene.h:1440 source/Development/Src/Engine/Src/Scene.cpp:1967 source/Development/Src/Engine/Src/Scene.cpp:1972
C-dead-read,1013,USkeletalMeshComponent,ClothAttachmentTearFactor,FLOAT,0,0,source/Development/Src/Engine/Inc/UnSkeletalMesh.h,475,0,8,0,0,3,0,2,2,source/Development/Src/Engine/Inc/UnSkeletalMesh.h:1198 source/Development/Src/Engine/Src/UnPhysComponent.cpp:2692 source/Development/Src/Engine/Src/UnPhysComponent.cpp:2700
C-dead-read,1013,USkeletalMesh,ClothAttachmentTearFactor,FLOAT,0,0,source/Development/Src/Engine/Inc/UnSkeletalMesh.h,3680,0,8,0,0,3,0,2,2,source/Development/Src/Engine/Inc/UnSkeletalMesh.h:1198 source/Development/Src/Engine/Src/UnPhysComponent.cpp:2692 source/Development/Src/Engine/Src/UnPhysComponent.cpp:2700
C-dead-read,1012,AWorldInfo,PeerHostMigration,struct FHostMigrationState,0,0,source/Development/Src/Engine/Inc/EngineGameEngineClasses.h,709,0,24,0,0,0,0,3,0,source/Development/Src/Engine/Src/UnController.cpp:2964 source/Development/Src/Engine/Src/UnController.cpp:2965 source/Development/Src/Engine/Src/UnLevTic.cpp:1523
C-dead-read,1012,USkeletalMesh,ClothFriction,FLOAT,0,0,source/Development/Src/Engine/Inc/UnSkeletalMesh.h,3675,0,6,0,0,3,0,2,1,source/Development/Src/Engine/Inc/UnSkeletalMesh.h:1203 source/Development/Src/Engine/Src/UnPhysComponent.cpp:2747 source/Development/Src/Engine/Src/UnPhysComponent.cpp:2755
C-dead-read,1012,USkeletalMesh,ClothPressure,FLOAT,0,0,source/Development/Src/Engine/Inc/UnSkeletalMesh.h,3677,0,6,0,0,3,0,2,1,source/Development/Src/Engine/Inc/UnSkeletalMesh.h:1204 source/Development/Src/Engine/Src/UnPhysComponent.cpp:2758 source/Development/Src/Engine/Src/UnPhysComponent.cpp:2766
C-dead-read,1012,USkeletalMesh,ClothCollisionResponseCoefficient,FLOAT,0,0,source/Development/Src/Engine/Inc/UnSkeletalMesh.h,3678,0,6,0,0,3,0,2,1,source/Development/Src/Engine/Inc/UnSkeletalMesh.h:1200 source/Development/Src/Engine/Src/UnPhysComponent.cpp:2714 source/Development/Src/Engine/Src/UnPhysComponent.cpp:2722
C-dead-read,1012,USkeletalMesh,ClothAttachmentResponseCoefficient,FLOAT,0,0,source/Development/Src/Engine/Inc/UnSkeletalMesh.h,3679,0,6,0,0,3,0,2,1,source/Development/Src/Engine/Inc/UnSkeletalMesh.h:1197 source/Development/Src/Engine/Src/UnPhysComponent.cpp:2681 source/Development/Src/Engine/Src/UnPhysComponent.cpp:2689
C-dead-read,1012,USkeletalMesh,ClothSleepLinearVelocity,FLOAT,0,0,source/Development/Src/Engine/Inc/UnSkeletalMesh.h,3681,0,6,0,0,3,0,2,1,source/Development/Src/Engine/Inc/UnSkeletalMesh.h:1205 source/Development/Src/Engine/Src/UnPhysComponent.cpp:2769 source/Development/Src/Engine/Src/UnPhysComponent.cpp:2777
C-dead-read,1012,USkeletalMesh,ClothTearFactor,FLOAT,0,0,source/Development/Src/Engine/Inc/UnSkeletalMesh.h,3695,0,6,0,0,3,0,2,1,source/Development/Src/Engine/Inc/UnSkeletalMesh.h:1208 source/Development/Src/Engine/Src/UnPhysComponent.cpp:2802 source/Development/Src/Engine/Src/UnPhysComponent.cpp:2810
C-dead-read,1011,UEngine,LandscapeHolePhysMaterial,class UPhysicalMaterial*,0,0,source/Development/Src/Engine/Inc/EngineGameEngineClasses.h,1708,0,2,0,1,0,0,1,0,source/Development/Src/Engine/Src/LandscapeCollision.cpp:60 source/Development/Src/Engine/Src/LandscapeCollision.cpp:63
C-dead-read,1011,UOnlineSubsystemCommonImpl,GameInterfaceImpl,class UOnlineGameInterfaceImpl*,0,0,source/Development/Src/IpDrv/Inc/IpDrvClasses.h,3435,0,2,0,1,0,0,1,0,source/Development/Src/IpDrv/Inc/UOnlineSubsystemCommonImpl.h:15 source/Development/Src/IpDrv/Inc/UOnlineSubsystemCommonImpl.h:17
C-dead-read,1010,USkeletalMesh,bEnableClothTearing,BITFIELD,0,0,source/Development/Src/Engine/Inc/UnSkeletalMesh.h,3694,0,20,0,0,0,0,5,0,source/Development/Src/Engine/Src/UnPhysComponent.cpp:2238 source/Development/Src/Engine/Src/UnPhysComponent.cpp:2419 source/Development/Src/Engine/Src/UnPhysComponent.cpp:3584
C-dead-read,1009,UOnlineSubsystemCommonImpl,AuthInterfaceImpl,class UOnlineAuthInterfaceImpl*,0,0,source/Development/Src/IpDrv/Inc/IpDrvClasses.h,3436,0,18,0,0,0,0,1,1,source/Development/Src/IpDrv/Src/OnlineAuthInterfaceImpl.cpp:34 source/Development/Src/IpDrv/Src/OnlineAuthInterfaceImpl.cpp:36 source/Development/Src/IpDrv/Src/OnlineAuthInterfaceImpl.cpp:49
C-dead-read,1008,AWorldInfo,MyFractureManager,class AFractureManager*,0,0,source/Development/Src/Engine/Inc/EngineGameEngineClasses.h,697,0,16,0,0,0,0,1,0,source/Development/Src/Engine/Src/UnFracturedStaticMesh.cpp:2425 source/Development/Src/Engine/Src/UnFracturedStaticMesh.cpp:2427 source/Development/Src/Engine/Src/UnFracturedStaticMesh.cpp:2495
C-dead-read,1008,USeqAct_Interp,ConstantCameraAnim,BYTE,0,0,source/Development/Src/Engine/Inc/EngineSequenceClasses.h,2129,0,4,0,0,2,0,1,0,source/Development/Src/Engine/Src/UnInterpolation.cpp:1570 source/Development/Src/Engine/Src/UnInterpolation.cpp:1577 source/Development/Src/Engine/Src/UnInterpolation.cpp:1610
C-dead-read,1006,UEngine,bUseRecastNavMesh,BITFIELD,0,0,source/Development/Src/Engine/Inc/EngineGameEngineClasses.h,1702,0,13,0,0,0,0,1,0,source/Development/Src/Engine/Src/UnNavigationMesh.cpp:2000 source/Development/Src/Engine/Src/UnNavigationMesh.cpp:8331 source/Development/Src/Engine/Src/UnNavigationMesh.cpp:8627
C-dead-read,1006,UParticleModuleSizeMultiplyVelocity,CapMaxSize,FVector,0,0,source/Development/Src/Engine/Inc/EngineParticleClasses.h,5731,0,12,0,0,0,0,1,0,source/Development/Src/Engine/Src/ParticleModules_Size.cpp:109 source/Development/Src/Engine/Src/ParticleModules_Size.cpp:113 source/Development/Src/Engine/Src/ParticleModules_Size.cpp:117
C-dead-read,1006,UParticleModuleSizeMultiplyVelocity,CapMinSize,FVector,0,0,source/Development/Src/Engine/Inc/EngineParticleClasses.h,5732,0,12,0,0,0,0,1,1,source/Development/Src/Engine/Src/ParticleModules_Size.cpp:109 source/Development/Src/Engine/Src/ParticleModules_Size.cpp:113 source/Development/Src/Engine/Src/ParticleModules_Size.cpp:117
C-dead-read,1006,AGameCrowdAgent,AvoidOtherRadius,FLOAT,0,0,source/Development/Src/GameFramework/Inc/GameFrameworkClasses.h,1125,0,12,0,0,0,0,1,0,source/Development/Src/GameFramework/Src/GameCrowd.cpp:89 source/Development/Src/GameFramework/Src/GameCrowd.cpp:290 source/Development/Src/GameFramework/Src/GameCrowd.cpp:307
C-dead-read,1005,APylon,NavMeshGenerator,BYTE,0,0,source/Development/Src/Engine/Inc/EngineClasses.h,9893,0,11,0,0,0,0,1,0,source/Development/Src/Engine/Src/UnNavigationMesh.cpp:5301 source/Development/Src/Engine/Src/UnNavigationMesh.cpp:9262 source/Development/Src/Engine/Src/UnNavigationMesh.cpp:9262
C-dead-read,1005,APawn,Weapon,class AWeapon*,0,0,source/Development/Src/Engine/Inc/EnginePawnClasses.h,523,0,10,0,0,0,0,8,2,source/Development/Src/DishonoredGame/Inc/dishonoredgameclasses.h:11180 source/Development/Src/DishonoredGame/Inc/DishonoredGameEngineShims.h:13082 source/Development/Src/DishonoredGame/Inc/DishonoredGameWeaponClasses.h:214
C-dead-read,1004,USkeletalMesh,bClothMetal,BITFIELD,0,0,source/Development/Src/Engine/Inc/UnSkeletalMesh.h,3690,0,9,0,0,0,0,1,0,source/Development/Src/Engine/Src/UnPhysComponent.cpp:3311 source/Development/Src/Engine/Src/UnPhysComponent.cpp:3410 source/Development/Src/Engine/Src/UnPhysComponent.cpp:3698
C-dead-read,1003,ULocalPlayer,CurrentPPInfo,struct FCurrentPostProcessVolumeInfo,0,0,source/Development/Src/Engine/Inc/EngineClasses.h,19595,0,6,0,0,0,0,2,0,source/Development/Src/Engine/Src/UnGame.cpp:2128 source/Development/Src/Engine/Src/UnGame.cpp:2131 source/Development/Src/Engine/Src/UnGame.cpp:2132
C-dead-read,1003,ULocalPlayer,AspectRatioAxisConstraint,BYTE,0,0,source/Development/Src/Engine/Inc/EngineClasses.h,19598,0,6,0,0,0,0,1,0,source/Development/Src/Engine/Src/UnPlayer.cpp:4249 source/Development/Src/Engine/Src/UnPlayer.cpp:4249 source/Development/Src/Engine/Src/UnPlayer.cpp:4605
C-dead-read,1003,UMaterial,SubsurfaceInscatteringColor,FColorMaterialInput,0,0,source/Development/Src/Engine/Inc/EngineMaterialClasses.h,3968,0,6,0,0,0,0,2,0,source/Development/Src/Engine/Src/LandscapeRender.cpp:2057 source/Development/Src/Engine/Src/Material.cpp:62 source/Development/Src/Engine/Src/Material.cpp:2114
C-dead-read,1003,USkeletalMesh,bLimitClothToAnimMesh,BITFIELD,0,0,source/Development/Src/Engine/Inc/UnSkeletalMesh.h,3656,0,6,0,0,0,0,1,0,source/Development/Src/Engine/Src/UnPhysComponent.cpp:2130 source/Development/Src/Engine/Src/UnPhysComponent.cpp:2157 source/Development/Src/Engine/Src/UnPhysComponent.cpp:2168
C-dead-read,1003,USkeletalMesh,bEnableValidBounds,BITFIELD,0,0,source/Development/Src/Engine/Inc/UnSkeletalMesh.h,3697,0,7,0,0,0,0,4,0,source/Development/Src/Engine/Src/UnPhysComponent.cpp:3764 source/Development/Src/Engine/Src/UnPhysComponent.cpp:3766 source/Development/Src/Engine/Src/UnPhysComponent.cpp:3768
C-dead-read,1002,UNavigationHandle,bVisualPathDebugging,BITFIELD,0,0,source/Development/Src/Engine/Inc/EngineAIClasses.h,1226,0,5,0,0,0,0,2,0,source/Development/Src/Engine/Src/UnNavigationConstraintsAndGoals.cpp:431 source/Development/Src/Engine/Src/UnNavigationHandle.cpp:114 source/Development/Src/Engine/Src/UnNavigationHandle.cpp:169
C-dead-read,1002,UNavigationHandle,Breadcrumbs,FVector,0,0,source/Development/Src/Engine/Inc/EngineAIClasses.h,1228,0,5,0,0,0,0,1,0,source/Development/Src/Engine/Src/UnNavigationHandle.cpp:5877 source/Development/Src/Engine/Src/UnNavigationHandle.cpp:5880 source/Development/Src/Engine/Src/UnNavigationHandle.cpp:5886
C-dead-read,1002,APylon,MaxPolyHeight_Optional,FLOAT,0,0,source/Development/Src/Engine/Inc/EngineClasses.h,9892,0,4,0,0,0,0,2,0,source/Development/Src/Engine/Src/NavMeshRenderingComponent.cpp:363 source/Development/Src/Engine/Src/NavMeshRenderingComponent.cpp:363 source/Development/Src/Engine/Src/UnNavigationMesh.cpp:188
C-dead-read,1002,FLocalizedSubtitle,LanguageExt,FStringNoInit,0,0,source/Development/Src/Engine/Inc/EngineClasses.h,15845,0,4,0,0,0,0,2,0,source/Development/Src/Core/Inc/UnObjBas.h:1960 source/Development/Src/Engine/Src/UnAudioNodes.cpp:1153 source/Development/Src/Engine/Src/UnAudioNodes.cpp:1159
C-dead-read,1002,APlayerController,mySecondaryHUD,class AHUD*,0,0,source/Development/Src/Engine/Inc/EngineControllerClasses.h,1864,0,4,0,0,0,0,1,0,source/Development/Src/GameFramework/Src/SecondaryViewportClient.cpp:64 source/Development/Src/GameFramework/Src/SecondaryViewportClient.cpp:66 source/Development/Src/GameFramework/Src/SecondaryViewportClient.cpp:67
C-dead-read,1002,APlayerController,MaxConcurrentHearSounds,INT,0,0,source/Development/Src/Engine/Inc/EngineControllerClasses.h,1875,0,4,0,0,0,0,1,0,source/Development/Src/Engine/Src/UnScript.cpp:2096 source/Development/Src/Engine/Src/UnScript.cpp:2154 source/Development/Src/Engine/Src/UnScript.cpp:2154
C-dead-read,1002,AWorldInfo,DefaultPostProcessSettings,struct FPostProcessSettings,0,0,source/Development/Src/Engine/Inc/EngineGameEngineClasses.h,668,0,4,0,0,0,0,2,1,source/Development/Src/Engine/Src/UnLevAct.cpp:3222 source/Development/Src/Engine/Src/UnLevAct.cpp:3222 source/Development/Src/Engine/Src/UnLevAct.cpp:3403
C-dead-read,1002,UInterpGroupAI,bNoEncroachmentCheck,BITFIELD,0,0,source/Development/Src/Engine/Inc/EngineInterpolationClasses.h,272,0,5,0,0,0,0,1,0,source/Development/Src/Engine/Src/UnInterpolation.cpp:12366 source/Development/Src/Engine/Src/UnInterpolation.cpp:12429 source/Development/Src/Engine/Src/UnInterpolation.cpp:12557
C-dead-read,1002,UInterpGroupAI,bDisableWorldCollision,BITFIELD,0,0,source/Development/Src/Engine/Inc/EngineInterpolationClasses.h,273,0,4,0,0,0,0,1,0,source/Development/Src/Engine/Src/UnInterpolation.cpp:12429 source/Development/Src/Engine/Src/UnInterpolation.cpp:12557 source/Development/Src/Engine/Src/UnInterpolation.cpp:12788
C-dead-read,1002,UInterpTrackAnimControl,bSkipAnimNotifiers,BITFIELD,0,0,source/Development/Src/Engine/Inc/EngineInterpolationClasses.h,906,0,4,0,0,0,0,1,0,source/Development/Src/Engine/Src/UnInterpolation.cpp:9330 source/Development/Src/Engine/Src/UnInterpolation.cpp:9454 source/Development/Src/Engine/Src/UnInterpolation.cpp:9462
C-dead-read,1002,UInterpTrackToggle,bActivateWithJustAttachedFlag,BITFIELD,0,0,source/Development/Src/Engine/Inc/EngineInterpolationClasses.h,1794,0,4,0,0,0,0,1,0,source/Development/Src/Engine/Src/UnInterpolation.cpp:6651 source/Development/Src/Engine/Src/UnInterpolation.cpp:6658 source/Development/Src/Engine/Src/UnInterpolation.cpp:6786
C-dead-read,1002,UMaterialInterface,MobileLandscapeMonochomeLayerColors,FColor,0,0,source/Development/Src/Engine/Inc/EngineMaterialClasses.h,3306,0,4,0,0,0,0,1,1,source/Development/Src/Engine/Src/MaterialShared.cpp:1830 source/Development/Src/Engine/Src/MaterialShared.cpp:1831 source/Development/Src/Engine/Src/MaterialShared.cpp:1832
C-dead-read,1002,UMaterial,WorldDisplacement,FVectorMaterialInput,0,0,source/Development/Src/Engine/Inc/EngineMaterialClasses.h,3966,0,4,0,0,0,0,2,0,source/Development/Src/Engine/Src/LandscapeRender.cpp:2055 source/Development/Src/Engine/Src/Material.cpp:60 source/Development/Src/Engine/Src/Material.cpp:2112
C-dead-read,1002,UMaterial,TessellationMultiplier,FScalarMaterialInput,0,0,source/Development/Src/Engine/Inc/EngineMaterialClasses.h,3967,0,4,0,0,0,0,2,0,source/Development/Src/Engine/Src/LandscapeRender.cpp:2056 source/Development/Src/Engine/Src/Material.cpp:61 source/Development/Src/Engine/Src/Material.cpp:2113
C-dead-read,1002,UParticleModuleSpawnPerUnit,MaxFrameDistance,FLOAT,0,0,source/Development/Src/Engine/Inc/EngineParticleClasses.h,6005,0,4,0,0,0,0,2,0,source/Development/Src/Engine/Src/ParticleModules_Spawn.cpp:273 source/Development/Src/Engine/Src/ParticleModules_Spawn.cpp:275 source/Development/Src/Engine/Src/ParticleTrail2EmitterInstance.cpp:2453
C-dead-read,1002,USeqAct_Interp,ReplicatedActorClass,class UClass*,0,0,source/Development/Src/Engine/Inc/EngineSequenceClasses.h,2126,0,4,0,0,0,0,1,0,source/Development/Src/Engine/Src/UnInterpolation.cpp:597 source/Development/Src/Engine/Src/UnInterpolation.cpp:599 source/Development/Src/Engine/Src/UnInterpolation.cpp:1360
C-dead-read,1002,FSystemSettings,bHighPrecisionGBuffers,UBOOL,0,0,source/Development/Src/Engine/Inc/SystemSettings.h,404,?,5,0,0,0,0,2,0,source/Development/Src/Engine/Src/SceneRenderTargets.cpp:2263 source/Development/Src/Engine/Src/SceneRenderTargets.cpp:2282 source/Development/Src/Engine/Src/SceneRenderTargets.cpp:2292
C-dead-read,1002,FSystemSettings,bAllowSeparateTranslucency,UBOOL,0,0,source/Development/Src/Engine/Inc/SystemSettings.h,406,?,4,0,0,0,0,3,0,source/Development/Src/Engine/Src/BasePassRendering.h:585 source/Development/Src/Engine/Src/BasePassRendering.h:609 source/Development/Src/Engine/Src/SceneRenderTargets.cpp:3440
C-dead-read,1002,FSystemSettings,bAllowHighQualityMaterials,UBOOL,0,0,source/Development/Src/Engine/Inc/SystemSettings.h,410,?,4,0,0,0,0,2,0,source/Development/Src/Engine/Src/MaterialShared.cpp:148 source/Development/Src/Engine/Src/MaterialShared.cpp:7045 source/Development/Src/Engine/Src/SystemSettings.cpp:1142
C-dead-read,1002,USkeletalMeshComponent,bDisableFaceFX,BITFIELD,0,0,source/Development/Src/Engine/Inc/UnSkeletalMesh.h,428,0,5,0,0,0,0,2,0,source/Development/Src/Engine/Src/UnSkeletalComponent.cpp:4023 source/Development/Src/Engine/Src/UnWorld.cpp:5413 source/Development/Src/Engine/Src/UnWorld.cpp:5423
C-dead-read,1002,USkeletalMeshComponent,ClothWind,FVector,0,0,source/Development/Src/Engine/Inc/UnSkeletalMesh.h,448,0,5,0,0,0,0,2,1,source/Development/Src/Engine/Inc/UnSkeletalMesh.h:1150 source/Development/Src/Engine/Src/UnPhysComponent.cpp:2188 source/Development/Src/Engine/Src/UnPhysComponent.cpp:2207
C-dead-read,1002,USkeletalMeshComponent,ClothBlendMinDistanceFactor,FLOAT,0,0,source/Development/Src/Engine/Inc/UnSkeletalMesh.h,452,0,4,0,0,0,0,1,1,source/Development/Src/Engine/Src/UnSkeletalComponent.cpp:1105 source/Development/Src/Engine/Src/UnSkeletalComponent.cpp:1107 source/Development/Src/Engine/Src/UnSkeletalComponent.cpp:1113
C-dead-read,1002,USkeletalMeshComponent,ClothForceScale,FLOAT,0,0,source/Development/Src/Engine/Inc/UnSkeletalMesh.h,473,0,4,0,0,0,0,1,1,source/Development/Src/Engine/Src/UnPhysComponent.cpp:133 source/Development/Src/Engine/Src/UnPhysComponent.cpp:188 source/Development/Src/Engine/Src/UnPhysComponent.cpp:3309
C-dead-read,1002,USkeletalMeshComponent,bEnableSoftBodySimulation,BITFIELD,0,0,source/Development/Src/Engine/Inc/UnSkeletalMesh.h,489,0,4,0,0,0,0,3,0,source/Development/Src/Engine/Src/UnPhysComponent.cpp:3177 source/Development/Src/Engine/Src/UnPhysComponent.cpp:3417 source/Development/Src/Engine/Src/UnPhysSkelComponent.cpp:450
C-dead-read,1002,USkeletalMesh,ClothMovementScaleGenMode,BYTE,0,0,source/Development/Src/Engine/Inc/UnSkeletalMesh.h,3654,0,4,0,0,0,0,2,1,source/Development/Src/Engine/Inc/UnSkeletalMesh.h:3964 source/Development/Src/Engine/Src/UnSkeletalTools.cpp:1852 source/Development/Src/Engine/Src/UnSkeletalTools.cpp:1856
C-dead-read,1002,USkeletalMesh,ClothTearReserve,INT,0,0,source/Development/Src/Engine/Inc/UnSkeletalMesh.h,3696,0,5,0,0,0,0,4,1,source/Development/Src/Engine/Src/UnPhysComponent.cpp:3586 source/Development/Src/Engine/Src/UnSkeletalMesh.cpp:4036 source/Development/Src/Engine/Src/UnSkeletalRenderCPUSkin.cpp:75
C-dead-read,1002,AGameCrowdAgent,DebugAgentColor,FColor,0,0,source/Development/Src/GameFramework/Inc/GameFrameworkClasses.h,1168,0,4,0,0,0,0,1,0,source/Development/Src/GameFramework/Src/GameCrowd.cpp:97 source/Development/Src/GameFramework/Src/GameCrowd.cpp:290 source/Development/Src/GameFramework/Src/GameCrowd.cpp:290
C-dead-read,1001,UNavigationHandle,BestUnfinishedPathPoint,FNavMeshPolyBase*,0,0,source/Development/Src/Engine/Inc/EngineAIClasses.h,1225,0,2,0,0,0,0,1,0,source/Development/Src/Engine/Src/UnNavigationHandle.cpp:5741 source/Development/Src/Engine/Src/UnNavigationHandle.cpp:5743
C-dead-read,1001,UNavigationHandle,BreadCrumbDistanceInterval,FLOAT,0,0,source/Development/Src/Engine/Inc/EngineAIClasses.h,1230,0,2,0,0,0,0,1,1,source/Development/Src/Engine/Src/UnNavigationHandle.cpp:5883 source/Development/Src/Engine/Src/UnNavigationHandle.cpp:5883
C-dead-read,1001,UAnimNode,bEditorOnly,BITFIELD,0,0,source/Development/Src/Engine/Inc/EngineAnimClasses.h,1994,0,2,0,0,0,0,1,0,source/Development/Src/Engine/Src/UnAnimTree.cpp:1235 source/Development/Src/Engine/Src/UnAnimTree.cpp:1248
C-dead-read,1001,UAnimNodeSequence,bLoopCameraAnim,BITFIELD,0,0,source/Development/Src/Engine/Inc/EngineAnimClasses.h,2752,0,2,0,0,0,0,1,0,source/Development/Src/Engine/Src/UnAnimPlay.cpp:404 source/Development/Src/Engine/Src/UnAnimPlay.cpp:1742
C-dead-read,1001,UAnimNodeSlot,bAdditiveAnimationsOverrideSource,BITFIELD,0,0,source/Development/Src/Engine/Inc/EngineAnimClasses.h,3326,0,2,0,0,0,0,1,0,source/Development/Src/Engine/Src/UnAnimTree.cpp:7694 source/Development/Src/Engine/Src/UnAnimTree.cpp:7877
C-dead-read,1001,UAnimTree,bEnablePooling,BITFIELD,0,0,source/Development/Src/Engine/Inc/EngineAnimClasses.h,3709,0,3,0,0,0,0,2,0,source/Development/Src/Engine/Src/UnAnimTree.cpp:4564 source/Development/Src/Engine/Src/UnSkeletalComponent.cpp:798 source/Development/Src/Engine/Src/UnSkeletalComponent.cpp:5187
C-dead-read,1001,USkelControlLimb,bRotateJoint,BITFIELD,0,0,source/Development/Src/Engine/Inc/EngineAnimClasses.h,4597,0,2,0,0,0,0,1,0,source/Development/Src/Engine/Src/UnSkelControl.cpp:1591 source/Development/Src/Engine/Src/UnSkelControl.cpp:1637
C-dead-read,1001,USkelControlLookAt,RotationAngleRangeX,FVector2D,0,0,source/Development/Src/Engine/Inc/EngineAnimClasses.h,4673,0,2,0,0,0,0,1,0,source/Development/Src/Engine/Src/UnSkelControl.cpp:1135 source/Development/Src/Engine/Src/UnSkelControl.cpp:1135
C-dead-read,1001,USkelControlLookAt,RotationAngleRangeY,FVector2D,0,0,source/Development/Src/Engine/Inc/EngineAnimClasses.h,4674,0,2,0,0,0,0,1,0,source/Development/Src/Engine/Src/UnSkelControl.cpp:1143 source/Development/Src/Engine/Src/UnSkelControl.cpp:1143
C-dead-read,1001,USkelControlLookAt,RotationAngleRangeZ,FVector2D,0,0,source/Development/Src/Engine/Inc/EngineAnimClasses.h,4675,0,2,0,0,0,0,1,0,source/Development/Src/Engine/Src/UnSkelControl.cpp:1151 source/Development/Src/Engine/Src/UnSkelControl.cpp:1151
C-dead-read,1001,AVolume,bPawnsOnly,BITFIELD,0,0,source/Development/Src/Engine/Inc/EngineClasses.h,4674,0,3,0,0,0,0,1,0,source/Development/Src/Engine/Src/UnActor.cpp:4402 source/Development/Src/Engine/Src/UnActor.cpp:4436 source/Development/Src/Engine/Src/UnActor.cpp:4605
C-dead-read,1001,UOnlineSubsystem,VoiceInterface,TScriptInterface<class IInterface>,0,0,source/Development/Src/Engine/Inc/EngineClasses.h,8607,0,3,0,0,0,0,3,0,source/Development/Src/Engine/Inc/VoiceInterfaceCommon.h:8 source/Development/Src/Engine/Src/Fonix.cpp:7 source/Development/Src/IpDrv/Inc/UnIpDrv.h:188
C-dead-read,1001,APylon,bSolidObstaclesInGame,BITFIELD,0,0,source/Development/Src/Engine/Inc/EngineClasses.h,9889,0,2,0,0,0,0,1,0,source/Development/Src/Engine/Src/NavMeshRenderingComponent.cpp:749 source/Development/Src/Engine/Src/NavMeshRenderingComponent.cpp:826
C-dead-read,1001,AGameInfo,StreamingPauseIcon,class UMaterial*,0,0,source/Development/Src/Engine/Inc/EngineClasses.h,11626,0,2,0,0,0,0,1,0,source/Development/Src/Engine/Src/StreamingPauseRendering.cpp:302 source/Development/Src/Engine/Src/StreamingPauseRendering.cpp:307
C-dead-read,1001,USpriteComponent,SpriteCategoryName,FName,0,0,source/Development/Src/Engine/Inc/EngineClasses.h,13399,0,2,0,0,0,0,2,2,source/Development/Src/Engine/Src/PrimitiveComponent.cpp:2456 source/Development/Src/Engine/Src/SpriteComponent.cpp:31
C-dead-read,1001,ULocalPlayer,LevelPPInfo,struct FCurrentPostProcessVolumeInfo,0,0,source/Development/Src/Engine/Inc/EngineClasses.h,19596,0,3,0,0,0,0,1,0,source/Development/Src/Engine/Src/UnGame.cpp:2129 source/Development/Src/Engine/Src/UnGame.cpp:2133 source/Development/Src/Engine/Src/UnGame.cpp:2134
C-dead-read,1001,AController,bCanDoSpecial,BITFIELD,0,0,source/Development/Src/Engine/Inc/EngineControllerClasses.h,407,0,2,0,0,0,0,2,0,source/Development/Src/Engine/Src/UnController.cpp:2428 source/Development/Src/Engine/Src/UnReach.cpp:178
C-dead-read,1001,APlayerController,VoiceInterface,TScriptInterface<class IInterface>,0,0,source/Development/Src/Engine/Inc/EngineControllerClasses.h,1871,0,3,0,0,0,0,3,0,source/Development/Src/Engine/Inc/VoiceInterfaceCommon.h:8 source/Development/Src/Engine/Src/Fonix.cpp:7 source/Development/Src/IpDrv/Inc/UnIpDrv.h:188
C-dead-read,1001,AWorldInfo,bMinimizeBSPSections,BITFIELD,0,0,source/Development/Src/Engine/Inc/EngineGameEngineClasses.h,671,0,2,0,0,0,0,2,0,source/Development/Src/Engine/Src/UnLevel.cpp:909 source/Development/Src/Engine/Src/UnModelLight.cpp:458
C-dead-read,1001,AWorldInfo,ImageReflectionEnvironmentColor,FLinearColor,0,0,source/Development/Src/Engine/Inc/EngineGameEngineClasses.h,704,0,2,0,0,0,0,2,0,source/Development/Src/Engine/Src/UnLevAct.cpp:3257 source/Development/Src/Engine/Src/UnWorld.cpp:629
C-dead-read,1001,AWorldInfo,ImageReflectionEnvironmentRotation,FLOAT,0,0,source/Development/Src/Engine/Inc/EngineGameEngineClasses.h,705,0,2,0,0,0,0,2,0,source/Development/Src/Engine/Src/UnLevAct.cpp:3257 source/Development/Src/Engine/Src/UnWorld.cpp:629
C-dead-read,1001,AWorldInfo,HostMigrationTimeout,FLOAT,0,0,source/Development/Src/Engine/Inc/EngineGameEngineClasses.h,710,0,3,0,0,0,0,2,0,source/Development/Src/Engine/Src/UnController.cpp:2965 source/Development/Src/Engine/Src/UnLevTic.cpp:1529 source/Development/Src/Engine/Src/UnLevTic.cpp:1553
C-dead-read,1001,UEngine,DefaultSoundName,FStringNoInit,0,0,source/Development/Src/Engine/Inc/EngineGameEngineClasses.h,1717,0,2,0,0,0,0,1,0,source/Development/Src/Engine/Src/UnEngine.cpp:1008 source/Development/Src/Engine/Src/UnEngine.cpp:1010
C-dead-read,1001,UEngine,MatineeCaptureName,FStringNoInit,0,0,source/Development/Src/Engine/Inc/EngineGameEngineClasses.h,1722,0,2,0,0,0,0,2,0,source/Development/Src/Engine/Src/UnInterpolation.cpp:1453 source/Development/Src/Engine/Src/UnSequence.cpp:2771
C-dead-read,1001,UEngine,MatineePackageCaptureName,FStringNoInit,0,0,source/Development/Src/Engine/Inc/EngineGameEngineClasses.h,1723,0,2,0,0,0,0,2,0,source/Development/Src/Engine/Src/UnInterpolation.cpp:1466 source/Development/Src/Engine/Src/UnSequence.cpp:2785
C-dead-read,1001,UGameEngine,SecondaryViewportClientClassName,FStringNoInit,0,0,source/Development/Src/Engine/Inc/EngineGameEngineClasses.h,2479,0,3,0,0,0,0,2,0,source/Development/Src/Engine/Inc/EngineGameEngineClasses.h:2719 source/Development/Src/Engine/Src/UnGame.cpp:4394 source/Development/Src/Engine/Src/UnGame.cpp:4406
C-dead-read,1001,UInterpGroupAI,bIgnoreLegacyHeightAdjust,BITFIELD,0,0,source/Development/Src/Engine/Inc/EngineInterpolationClasses.h,274,0,2,0,0,0,0,1,0,source/Development/Src/Engine/Src/UnInterpolation.cpp:6190 source/Development/Src/Engine/Src/UnInterpolation.cpp:12366
C-dead-read,1001,UInterpTrackFloatMaterialParam,Material_DEPRECATED,class UMaterialInterface*,0,0,source/Development/Src/Engine/Inc/EngineInterpolationClasses.h,1024,0,2,0,0,0,0,1,0,source/Development/Src/Engine/Src/UnInterpolation.cpp:10685 source/Development/Src/Engine/Src/UnInterpolation.cpp:10688
C-dead-read,1001,UInterpTrackMove,bUseRawActorTMforRelativeToInitial,BITFIELD,0,0,source/Development/Src/Engine/Inc/EngineInterpolationClasses.h,1179,0,2,0,0,0,0,1,0,source/Development/Src/Engine/Src/UnInterpolation.cpp:4572 source/Development/Src/Engine/Src/UnInterpolation.cpp:6238
C-dead-read,1001,UInterpTrackVectorMaterialParam,Material_DEPRECATED,class UMaterialInterface*,0,0,source/Development/Src/Engine/Inc/EngineInterpolationClasses.h,2037,0,2,0,0,0,0,1,0,source/Development/Src/Engine/Src/UnInterpolation.cpp:10685 source/Development/Src/Engine/Src/UnInterpolation.cpp:10688
C-dead-read,1001,UMaterialInterface,bHasQualitySwitch,BITFIELD,0,0,source/Development/Src/Engine/Inc/EngineMaterialClasses.h,3206,0,3,0,0,0,0,3,0,source/Development/Src/Engine/Src/Material.cpp:220 source/Development/Src/Engine/Src/MaterialInstance.cpp:911 source/Development/Src/Engine/Src/MaterialShared.cpp:145
C-dead-read,1001,UMaterial,D3D11TessellationMode,BYTE,0,0,source/Development/Src/Engine/Inc/EngineMaterialClasses.h,3965,0,3,0,0,0,0,2,0,source/Development/Src/Engine/Src/MaterialShared.cpp:1547 source/Development/Src/Engine/Src/MaterialShared.cpp:2250 source/Development/Src/Engine/Src/TessellationRendering.cpp:25
C-dead-read,1001,UMaterial,SubsurfaceAbsorptionColor,FColorMaterialInput,0,0,source/Development/Src/Engine/Inc/EngineMaterialClasses.h,3969,0,3,0,0,0,0,2,0,source/Development/Src/Engine/Src/LandscapeRender.cpp:2058 source/Development/Src/Engine/Src/Material.cpp:63 source/Development/Src/Engine/Src/Material.cpp:2115
C-dead-read,1001,UMaterial,SubsurfaceScatteringRadius,FScalarMaterialInput,0,0,source/Development/Src/Engine/Inc/EngineMaterialClasses.h,3970,0,3,0,0,0,0,2,0,source/Development/Src/Engine/Src/LandscapeRender.cpp:2059 source/Development/Src/Engine/Src/Material.cpp:64 source/Development/Src/Engine/Src/Material.cpp:2116
C-dead-read,1001,UMaterial,EnableSubsurfaceScattering,BITFIELD,0,0,source/Development/Src/Engine/Inc/EngineMaterialClasses.h,3971,0,3,0,0,0,0,1,0,source/Development/Src/Engine/Src/MaterialShared.cpp:1499 source/Development/Src/Engine/Src/MaterialShared.cpp:1552 source/Development/Src/Engine/Src/MaterialShared.cpp:2477
C-dead-read,1001,UMaterial,EnableSeparateTranslucency,BITFIELD,0,0,source/Development/Src/Engine/Inc/EngineMaterialClasses.h,3972,0,3,0,0,0,0,2,0,source/Development/Src/Engine/Src/LensFlare.cpp:1140 source/Development/Src/Engine/Src/MaterialShared.cpp:53 source/Development/Src/Engine/Src/MaterialShared.cpp:2479
C-dead-read,1001,UMaterial,bTranslucencyInheritDominantShadowsFromOpaque,BITFIELD,0,0,source/Development/Src/Engine/Inc/EngineMaterialClasses.h,3976,0,3,0,0,0,0,2,0,source/Development/Src/Engine/Inc/Scene.h:979 source/Development/Src/Engine/Src/MaterialShared.cpp:45 source/Development/Src/Engine/Src/MaterialShared.cpp:2504
C-dead-read,1001,UParticleSystemComponent,EditorDetailMode,INT,0,0,source/Development/Src/Engine/Inc/EngineParticleClasses.h,1167,0,2,0,0,0,0,1,0,source/Development/Src/Engine/Src/UnParticleComponents.cpp:5063 source/Development/Src/Engine/Src/UnParticleComponents.cpp:5063
C-dead-read,1001,UParticleModuleCollision,bApplyPhysics,BITFIELD,0,0,source/Development/Src/Engine/Inc/EngineParticleClasses.h,3094,0,2,0,0,0,0,1,0,source/Development/Src/Engine/Src/ParticleModules_Collision.cpp:398 source/Development/Src/Engine/Src/ParticleModules_Collision.cpp:423
C-dead-read,1001,UParticleModuleCollision,bCollideWithWorld,BITFIELD,0,0,source/Development/Src/Engine/Inc/EngineParticleClasses.h,3096,0,3,0,0,0,0,1,0,source/Development/Src/Engine/Src/ParticleModules_Collision.cpp:350 source/Development/Src/Engine/Src/ParticleModules_Collision.cpp:437 source/Development/Src/Engine/Src/ParticleModules_Collision.cpp:501
C-dead-read,1001,UParticleModuleCollision,bCollideWithWorldAttractors,BITFIELD,0,0,source/Development/Src/Engine/Inc/EngineParticleClasses.h,3097,0,2,0,0,0,0,1,0,source/Development/Src/Engine/Src/ParticleModules_Collision.cpp:120 source/Development/Src/Engine/Src/ParticleModules_Collision.cpp:334
C-dead-read,1001,UParticleModuleLocation,DistributeOverNPoints,FLOAT,0,0,source/Development/Src/Engine/Inc/EngineParticleClasses.h,3876,0,3,0,0,0,0,1,0,source/Development/Src/Engine/Src/ParticleModules_Location.cpp:42 source/Development/Src/Engine/Src/ParticleModules_Location.cpp:54 source/Development/Src/Engine/Src/ParticleModules_Location.cpp:54
C-dead-read,1001,UParticleModuleLocationBoneSocket,bInheritVelocityAtSpawn,BITFIELD,0,0,source/Development/Src/Engine/Inc/EngineParticleClasses.h,4038,0,3,0,0,0,0,1,0,source/Development/Src/Engine/Src/ParticleModules_Location.cpp:1250 source/Development/Src/Engine/Src/ParticleModules_Location.cpp:1267 source/Development/Src/Engine/Src/ParticleModules_Location.cpp:1286
C-dead-read,1001,UParticleModuleSubUV,bUseRealTime,BITFIELD,0,0,source/Development/Src/Engine/Inc/EngineParticleClasses.h,6087,0,2,0,0,0,0,1,0,source/Development/Src/Engine/Src/UnParticleModules.cpp:1777 source/Development/Src/Engine/Src/UnParticleModules.cpp:1998
C-dead-read,1001,APawn,bPathfindsAsVehicle,BITFIELD,0,0,source/Development/Src/Engine/Inc/EnginePawnClasses.h,503,0,2,0,0,0,0,2,0,source/Development/Src/Engine/Src/UnPawn.cpp:1010 source/Development/Src/Engine/Src/UnReach.cpp:27
C-dead-read,1001,AScout,DefaultReachSpecClass,class UClass*,0,0,source/Development/Src/Engine/Inc/EnginePawnClasses.h,1467,0,2,0,0,0,0,1,0,source/Development/Src/Engine/Inc/EngineClasses.h:9532 source/Development/Src/Engine/Inc/EngineClasses.h:9532
C-dead-read,1001,USeqEvent_Touch,bUseInstigator,BITFIELD,0,0,source/Development/Src/Engine/Inc/EngineSequenceClasses.h,4580,0,2,0,0,0,0,1,0,source/Development/Src/Engine/Src/UnSequence.cpp:5941 source/Development/Src/Engine/Src/UnSequence.cpp:5981
C-dead-read,1001,UTexture2D,CachedFlashMips,FTextureMipBulkData,0,0,source/Development/Src/Engine/Inc/EngineTextureClasses.h,631,0,2,0,0,0,0,1,0,source/Development/Src/Engine/Src/Texture2D.cpp:832 source/Development/Src/Engine/Src/Texture2D.cpp:871
C-dead-read,1001,UTexture2D,bIsCompositingSource,BITFIELD,0,0,source/Development/Src/Engine/Inc/EngineTextureClasses.h,633,0,2,0,0,0,0,1,0,source/Development/Src/Engine/Src/Texture2D.cpp:1845 source/Development/Src/Engine/Src/Texture2D.cpp:2478
C-dead-read,1001,UTextureMovie,ResetOnLastFrame,BITFIELD,0,0,source/Development/Src/Engine/Inc/EngineTextureClasses.h,1398,0,3,0,0,0,0,1,0,source/Development/Src/Engine/Src/TextureMovie.cpp:338 source/Development/Src/Engine/Src/TextureMovie.cpp:338 source/Development/Src/Engine/Src/TextureMovie.cpp:340
C-dead-read,1001,UUIDataStore_OnlinePlayerData,ProfileProviderClassName,FStringNoInit,0,0,source/Development/Src/Engine/Inc/EngineUIPrivateClasses.h,1155,0,2,0,0,0,0,1,0,source/Development/Src/Engine/Src/UnUIDataStores.cpp:1558 source/Development/Src/Engine/Src/UnUIDataStores.cpp:1561
C-dead-read,1001,UUIDataStore_OnlinePlayerData,StorageProviderClassName,FStringNoInit,0,0,source/Development/Src/Engine/Inc/EngineUIPrivateClasses.h,1157,0,2,0,0,0,0,1,0,source/Development/Src/Engine/Src/UnUIDataStores.cpp:1567 source/Development/Src/Engine/Src/UnUIDataStores.cpp:1570
C-dead-read,1001,UUIDataStore_OnlinePlayerData,FriendMessagesProviderClassName,FStringNoInit,0,0,source/Development/Src/Engine/Inc/EngineUIPrivateClasses.h,1160,0,2,0,0,0,0,1,0,source/Development/Src/Engine/Src/UnUIDataStores.cpp:1531 source/Development/Src/Engine/Src/UnUIDataStores.cpp:1534
C-dead-read,1001,UUIDataStore_OnlinePlayerData,PartyChatProviderClassName,FStringNoInit,0,0,source/Development/Src/Engine/Inc/EngineUIPrivateClasses.h,1162,0,2,0,0,0,0,1,0,source/Development/Src/Engine/Src/UnUIDataStores.cpp:1549 source/Development/Src/Engine/Src/UnUIDataStores.cpp:1552
C-dead-read,1001,UPlayerInput,aTouch,FVector,0,0,source/Development/Src/Engine/Inc/EngineUserInterfaceClasses.h,1048,0,2,0,0,0,0,1,0,source/Development/Src/Engine/Src/UnIn.cpp:967 source/Development/Src/Engine/Src/UnIn.cpp:969
C-dead-read,1001,UPrimitiveComponent,ScriptRigidBodyCollisionThreshold,FLOAT,0,0,source/Development/Src/Engine/Inc/PrimitiveComponent.h,927,0,2,0,0,0,0,1,1,source/Development/Src/Engine/Src/UnPhysActor.cpp:1484 source/Development/Src/Engine/Src/UnPhysActor.cpp:1484
C-dead-read,1001,UArrowComponent,SpriteCategoryName,FName,0,0,source/Development/Src/Engine/Inc/PrimitiveComponent.h,1781,0,2,0,0,0,0,2,2,source/Development/Src/Engine/Src/PrimitiveComponent.cpp:2456 source/Development/Src/Engine/Src/SpriteComponent.cpp:31
C-dead-read,1001,FSystemSettings,bUseConservativeShadowBounds,UBOOL,0,0,source/Development/Src/Engine/Inc/SystemSettings.h,414,?,2,0,0,0,0,1,0,source/Development/Src/Engine/Src/ShadowSetup.cpp:188 source/Development/Src/Engine/Src/ShadowSetup.cpp:211
C-dead-read,1001,FSystemSettings,bAllowD3D9MSAA,UBOOL,0,0,source/Development/Src/Engine/Inc/SystemSettings.h,424,?,2,0,0,0,0,2,0,source/Development/Src/D3D9Drv/Src/D3D9RenderTarget.cpp:233 source/Development/Src/Engine/Inc/SystemSettings.h:688
C-dead-read,1001,FSystemSettings,bAllowSecondaryDisplays,UBOOL,0,0,source/Development/Src/Engine/Inc/SystemSettings.h,430,?,2,0,0,0,0,2,0,source/Development/Src/Engine/Inc/SystemSettings.h:431 source/Development/Src/Engine/Src/UnGame.cpp:303
C-dead-read,1001,ULightComponent,ReflectionSpecularBrightness,FLOAT,0,0,source/Development/Src/Engine/Inc/UnActorComponent.h,746,0,2,0,0,0,0,1,1,source/Development/Src/Engine/Src/LightComponent.cpp:566 source/Development/Src/Engine/Src/LightComponent.cpp:597
C-dead-read,1001,USkeletalMeshComponent,bComponentUseFixedSkelBounds,BITFIELD,0,0,source/Development/Src/Engine/Inc/UnSkeletalMesh.h,424,0,2,0,0,0,0,1,0,source/Development/Src/Engine/Src/UnSkeletalComponent.cpp:4196 source/Development/Src/Engine/Src/UnSkeletalComponent.cpp:4212
C-dead-read,1001,USkeletalMeshComponent,bPerBoneMotionBlur,BITFIELD,0,0,source/Development/Src/Engine/Inc/UnSkeletalMesh.h,429,0,2,0,0,0,0,2,0,source/Development/Src/Engine/Src/UnSkeletalRender.h:46 source/Development/Src/Engine/Src/UnSkeletalRenderGPUSkin.cpp:253
C-dead-read,1001,USkeletalMeshComponent,bUpdateMorphWhenParentAnimComponentExists,BITFIELD,0,0,source/Development/Src/Engine/Inc/UnSkeletalMesh.h,432,0,2,0,0,0,0,1,0,source/Development/Src/Engine/Src/UnSkeletalComponent.cpp:1536 source/Development/Src/Engine/Src/UnSkeletalComponent.cpp:5293
C-dead-read,1001,USkeletalMeshComponent,bClothBaseVelClamp,BITFIELD,0,0,source/Development/Src/Engine/Inc/UnSkeletalMesh.h,438,0,2,0,0,0,0,1,0,source/Development/Src/Engine/Src/UnPhysComponent.cpp:2207 source/Development/Src/Engine/Src/UnPhysComponent.cpp:2298
C-dead-read,1001,USkeletalMeshComponent,bClothPositionalDampening,BITFIELD,0,0,source/Development/Src/Engine/Inc/UnSkeletalMesh.h,443,0,2,0,0,0,0,1,0,source/Development/Src/Engine/Src/UnPhysComponent.cpp:2207 source/Development/Src/Engine/Src/UnPhysComponent.cpp:2228
C-dead-read,1001,USkeletalMeshComponent,ClothBaseVelClampRange,FVector,0,0,source/Development/Src/Engine/Inc/UnSkeletalMesh.h,449,0,3,0,0,0,0,1,1,source/Development/Src/Engine/Src/UnPhysComponent.cpp:2218 source/Development/Src/Engine/Src/UnPhysComponent.cpp:2219 source/Development/Src/Engine/Src/UnPhysComponent.cpp:2306
C-dead-read,1001,USkeletalMeshComponent,ClothBlendMaxDistanceFactor,FLOAT,0,0,source/Development/Src/Engine/Inc/UnSkeletalMesh.h,453,0,2,0,0,0,0,1,1,source/Development/Src/Engine/Src/UnSkeletalComponent.cpp:1111 source/Development/Src/Engine/Src/UnSkeletalComponent.cpp:1113
C-dead-read,1001,USkeletalMeshComponent,MinPosDampScale,FVector,0,0,source/Development/Src/Engine/Inc/UnSkeletalMesh.h,456,0,3,0,0,0,0,1,1,source/Development/Src/Engine/Src/UnPhysComponent.cpp:2323 source/Development/Src/Engine/Src/UnPhysComponent.cpp:2333 source/Development/Src/Engine/Src/UnPhysComponent.cpp:2343
C-dead-read,1001,USkeletalMeshComponent,MaxPosDampScale,FVector,0,0,source/Development/Src/Engine/Inc/UnSkeletalMesh.h,457,0,3,0,0,0,0,1,1,source/Development/Src/Engine/Src/UnPhysComponent.cpp:2323 source/Development/Src/Engine/Src/UnPhysComponent.cpp:2333 source/Development/Src/Engine/Src/UnPhysComponent.cpp:2343
C-dead-read,1001,USkeletalMeshComponent,bClothUseCompartment,BITFIELD,0,0,source/Development/Src/Engine/Inc/UnSkeletalMesh.h,476,0,2,0,0,0,0,1,0,source/Development/Src/Engine/Src/UnPhysComponent.cpp:3734 source/Development/Src/Engine/Src/UnPhysComponent.cpp:3744
C-dead-read,1001,USkeletalMeshComponent,MinDistanceForClothReset,FLOAT,0,0,source/Development/Src/Engine/Inc/UnSkeletalMesh.h,477,0,2,0,0,0,0,1,1,source/Development/Src/Engine/Src/UnPhysComponent.cpp:2200 source/Development/Src/Engine/Src/UnPhysComponent.cpp:2200
C-dead-read,1001,USkeletalMeshComponent,bUseTickOptimization,BITFIELD,0,0,source/Development/Src/Engine/Inc/UnSkeletalMesh.h,505,0,2,0,0,0,0,2,0,source/Development/Src/Engine/Src/UnEngine.cpp:5177 source/Development/Src/Engine/Src/UnSkeletalComponent.cpp:1187
C-dead-read,1001,FSkeletalMeshLODInfo,bHasBeenSimplified,BITFIELD,0,0,source/Development/Src/Engine/Inc/UnSkeletalMesh.h,3394,0,3,0,0,0,0,3,0,source/Development/Src/Engine/Src/UnMorphTools.cpp:140 source/Development/Src/Engine/Src/UnSkeletalComponent.cpp:676 source/Development/Src/Engine/Src/UnStaticMesh.cpp:3453
C-dead-read,1001,USkeletalMesh,bHasBeenSimplified,BITFIELD,0,0,source/Development/Src/Engine/Inc/UnSkeletalMesh.h,3645,0,3,0,0,0,0,3,0,source/Development/Src/Engine/Src/UnMorphTools.cpp:140 source/Development/Src/Engine/Src/UnSkeletalComponent.cpp:676 source/Development/Src/Engine/Src/UnStaticMesh.cpp:3453
C-dead-read,1001,USkeletalMesh,bForceNoWelding,BITFIELD,0,0,source/Development/Src/Engine/Inc/UnSkeletalMesh.h,3660,0,2,0,0,0,0,1,0,source/Development/Src/Engine/Src/UnSkeletalTools.cpp:2178 source/Development/Src/Engine/Src/UnSkeletalTools.cpp:2180
C-dead-read,1001,USkeletalMesh,bHardStretchLimit,BITFIELD,0,0,source/Development/Src/Engine/Inc/UnSkeletalMesh.h,3683,0,2,0,0,0,0,1,0,source/Development/Src/Engine/Src/UnPhysComponent.cpp:3677 source/Development/Src/Engine/Src/UnPhysComponent.cpp:3682
C-dead-read,1001,USkeletalMesh,bEnableClothLineChecks,BITFIELD,0,0,source/Development/Src/Engine/Inc/UnSkeletalMesh.h,3689,0,3,0,0,0,0,2,0,source/Development/Src/Engine/Src/UnPhysActor.cpp:258 source/Development/Src/Engine/Src/UnSkeletalMeshCollision.cpp:278 source/Development/Src/Engine/Src/UnSkeletalMeshCollision.cpp:325
C-dead-read,1001,USkeletalMesh,bEnableSoftBodyTwoWayCollision,BITFIELD,0,0,source/Development/Src/Engine/Inc/UnSkeletalMesh.h,3728,0,2,0,0,0,0,1,0,source/Development/Src/Engine/Src/UnPhysSkelComponent.cpp:372 source/Development/Src/Engine/Src/UnPhysSkelComponent.cpp:381
C-dead-read,1001,UStaticMesh,bHasBeenSimplified,BITFIELD,0,0,source/Development/Src/Engine/Inc/UnStaticMesh.h,1408,0,3,0,0,0,0,3,0,source/Development/Src/Engine/Src/UnMorphTools.cpp:140 source/Development/Src/Engine/Src/UnSkeletalComponent.cpp:676 source/Development/Src/Engine/Src/UnStaticMesh.cpp:3453
C-dead-read,1001,UWorld,NetworkNotifyShim,FDisWorldNetworkNotify,0,0,source/Development/Src/Engine/Inc/UnWorld.h,807,?,2,0,0,0,0,1,0,source/Development/Src/Engine/Inc/UnWorld.h:808 source/Development/Src/Engine/Inc/UnWorld.h:808
C-dead-read,1001,UGameThirdPersonCameraMode,OffsetAdjustmentInterpSpeed,FLOAT,0,0,source/Development/Src/GameFramework/Inc/GameFrameworkCameraClasses.h,402,0,2,0,0,0,0,2,0,source/Development/Src/GameFramework/Inc/GameFrameworkCameraClasses.h:192 source/Development/Src/GameFramework/Src/GameCamera.cpp:1542
C-dead-read,1001,AGameCrowdAgent,ConformType,BYTE,0,0,source/Development/Src/GameFramework/Inc/GameFrameworkClasses.h,1120,0,2,0,0,0,0,1,0,source/Development/Src/GameFramework/Src/GameCrowd.cpp:246 source/Development/Src/GameFramework/Src/GameCrowd.cpp:991
C-dead-read,1001,AGameCrowdAgent,ConformTraceDist,FLOAT,0,0,source/Development/Src/GameFramework/Inc/GameFrameworkClasses.h,1121,0,2,0,0,0,0,1,0,source/Development/Src/GameFramework/Src/GameCrowd.cpp:982 source/Development/Src/GameFramework/Src/GameCrowd.cpp:983
C-dead-read,1001,AGameCrowdAgent,MaxYawRate,FLOAT,0,0,source/Development/Src/GameFramework/Inc/GameFrameworkClasses.h,1136,0,3,0,0,0,0,1,0,source/Development/Src/GameFramework/Src/GameCrowd.cpp:274 source/Development/Src/GameFramework/Src/GameCrowd.cpp:804 source/Development/Src/GameFramework/Src/GameCrowd.cpp:967
C-dead-read,1001,AGameCrowdAgent,ProximityLODDist,FLOAT,0,0,source/Development/Src/GameFramework/Inc/GameFrameworkClasses.h,1138,0,2,0,0,0,0,1,0,source/Development/Src/GameFramework/Src/GameCrowd.cpp:460 source/Development/Src/GameFramework/Src/GameCrowd.cpp:460
C-dead-read,1001,AGameCrowdAgent,VisibleProximityLODDist,FLOAT,0,0,source/Development/Src/GameFramework/Inc/GameFrameworkClasses.h,1139,0,2,0,0,0,0,1,0,source/Development/Src/GameFramework/Src/GameCrowd.cpp:460 source/Development/Src/GameFramework/Src/GameCrowd.cpp:460
C-dead-read,1001,AGameCrowdAgentSkeletal,SpeedBlendNode,class UAnimNodeBlend*,0,0,source/Development/Src/GameFramework/Inc/GameFrameworkClasses.h,1425,0,3,0,0,0,0,1,0,source/Development/Src/GameFramework/Src/GameCrowd.cpp:413 source/Development/Src/GameFramework/Src/GameCrowd.cpp:415 source/Development/Src/GameFramework/Src/GameCrowd.cpp:425
C-dead-read,1001,AGameCrowdAgentSkeletal,FullBodySlot,class UAnimNodeSlot*,0,0,source/Development/Src/GameFramework/Inc/GameFrameworkClasses.h,1426,0,3,0,0,0,0,1,0,source/Development/Src/GameFramework/Src/GameCrowd.cpp:326 source/Development/Src/GameFramework/Src/GameCrowd.cpp:329 source/Development/Src/GameFramework/Src/GameCrowd.cpp:330
C-dead-read,1001,AGameCrowdAgentSkeletal,ActionSeqNode,class UAnimNodeSequence*,0,0,source/Development/Src/GameFramework/Inc/GameFrameworkClasses.h,1427,0,3,0,0,0,0,1,0,source/Development/Src/GameFramework/Src/GameCrowd.cpp:347 source/Development/Src/GameFramework/Src/GameCrowd.cpp:351 source/Development/Src/GameFramework/Src/GameCrowd.cpp:356
C-dead-read,1001,AGameCrowdAgentSkeletal,AgentTree,class UAnimTree*,0,0,source/Development/Src/GameFramework/Inc/GameFrameworkClasses.h,1430,0,2,0,0,0,0,1,0,source/Development/Src/GameFramework/Src/GameCrowd.cpp:429 source/Development/Src/GameFramework/Src/GameCrowd.cpp:431
C-dead-read,1001,AGameCrowdAgentSkeletal,SpeedBlendStart,FLOAT,0,0,source/Development/Src/GameFramework/Inc/GameFrameworkClasses.h,1433,0,2,0,0,0,0,1,0,source/Development/Src/GameFramework/Src/GameCrowd.cpp:417 source/Development/Src/GameFramework/Src/GameCrowd.cpp:417
C-dead-read,1001,AGameCrowdAgentSkeletal,bUseRootMotionVelocity,BITFIELD,0,0,source/Development/Src/GameFramework/Inc/GameFrameworkClasses.h,1440,0,3,0,0,0,0,1,0,source/Development/Src/GameFramework/Src/GameCrowd.cpp:357 source/Development/Src/GameFramework/Src/GameCrowd.cpp:408 source/Development/Src/GameFramework/Src/GameCrowd.cpp:937
C-dead-read,1001,AGameCrowdAgentSkeletal,MaxAnimationDistanceSq,FLOAT,0,0,source/Development/Src/GameFramework/Inc/GameFrameworkClasses.h,1448,0,2,0,0,0,0,1,1,source/Development/Src/GameFramework/Src/GameCrowd.cpp:380 source/Development/Src/GameFramework/Src/GameCrowd.cpp:394
C-dead-read,1000,UNavMeshPath_Toward,bBiasAgainstHighLevelPath,BITFIELD,0,0,source/Development/Src/Engine/Inc/EngineAIClasses.h,2276,0,1,0,0,0,0,1,0,source/Development/Src/Engine/Src/UnNavigationConstraintsAndGoals.cpp:91
C-dead-read,1000,UNavMeshPath_Toward,OutOfHighLevelPathBias,FLOAT,0,0,source/Development/Src/Engine/Inc/EngineAIClasses.h,2277,0,1,0,0,0,0,1,1,source/Development/Src/Engine/Src/UnNavigationConstraintsAndGoals.cpp:96
C-dead-read,1000,UNavMeshPathGoalEvaluator,bDoPartialAStar,BITFIELD,0,0,source/Development/Src/Engine/Inc/EngineAIClasses.h,2356,0,1,0,0,0,0,1,0,source/Development/Src/Engine/Src/UnNavigationHandle.cpp:2288
C-dead-read,1000,UNavMeshPathGoalEvaluator,MaxOpenListSize,INT,0,0,source/Development/Src/Engine/Inc/EngineAIClasses.h,2357,0,1,0,0,0,0,1,1,source/Development/Src/Engine/Src/UnNavigationHandle.cpp:2288
C-dead-read,1000,UNavMeshGoal_At,bWeightPartialByDist,BITFIELD,0,0,source/Development/Src/Engine/Inc/EngineAIClasses.h,2455,0,1,0,0,0,0,1,0,source/Development/Src/Engine/Src/UnNavigationConstraintsAndGoals.cpp:468
C-dead-read,1000,ASkeletalMeshActor,bShouldDoAnimNotifies,BITFIELD,0,0,source/Development/Src/Engine/Inc/EngineAnimClasses.h,275,0,1,0,0,0,0,1,0,source/Development/Src/Engine/Src/UnAnimPlay.cpp:1371
C-dead-read,1000,ASkeletalMeshActor,FacialAudioComp,class UAudioComponent*,0,0,source/Development/Src/Engine/Inc/EngineAnimClasses.h,277,0,1,0,0,0,0,1,0,source/Development/Src/Engine/Src/UnSkeletalMesh.cpp:3331
C-dead-read,1000,UAnimNotify_Trails,bPreviewForceExplicit,BITFIELD,0,0,source/Development/Src/Engine/Inc/EngineAnimClasses.h,1839,0,1,0,0,0,0,1,0,source/Development/Src/Engine/Src/UnSkeletalAnim.cpp:3124
C-dead-read,1000,UAnimNodeSequence,bRandomizeCameraAnimLoopStartTime,BITFIELD,0,0,source/Development/Src/Engine/Inc/EngineAnimClasses.h,2753,0,1,0,0,0,0,1,0,source/Development/Src/Engine/Src/UnAnimPlay.cpp:1742
C-dead-read,1000,UAnimNodeSequence,CameraAnimScale,FLOAT,0,0,source/Development/Src/Engine/Inc/EngineAnimClasses.h,2759,0,1,0,0,0,0,1,0,source/Development/Src/Engine/Src/UnAnimPlay.cpp:1742
C-dead-read,1000,UAnimNodeSequence,CameraAnimPlayRate,FLOAT,0,0,source/Development/Src/Engine/Inc/EngineAnimClasses.h,2760,0,1,0,0,0,0,1,0,source/Development/Src/Engine/Src/UnAnimPlay.cpp:1742
C-dead-read,1000,UAnimNodeSequence,CameraAnimBlendInTime,FLOAT,0,0,source/Development/Src/Engine/Inc/EngineAnimClasses.h,2761,0,1,0,0,0,0,1,0,source/Development/Src/Engine/Src/UnAnimPlay.cpp:1742
C-dead-read,1000,UAnimNodeSequence,CameraAnimBlendOutTime,FLOAT,0,0,source/Development/Src/Engine/Inc/EngineAnimClasses.h,2762,0,1,0,0,0,0,1,0,source/Development/Src/Engine/Src/UnAnimPlay.cpp:1742
C-dead-read,1000,USkelControlBase,bInvertMetadataWeight,BITFIELD,0,0,source/Development/Src/Engine/Inc/EngineAnimClasses.h,4381,0,1,0,0,0,0,1,0,source/Development/Src/Engine/Src/UnSkelControl.cpp:340
C-dead-read,1000,USkelControlBase,bShouldTickOwner,BITFIELD,0,0,source/Development/Src/Engine/Inc/EngineAnimClasses.h,4382,0,1,0,0,0,0,1,0,source/Development/Src/Engine/Src/UnSkelControl.cpp:183
C-dead-read,1000,USkelControlLimb,JointOffsetSpace,BYTE,0,0,source/Development/Src/Engine/Inc/EngineAnimClasses.h,4594,0,1,0,0,0,0,1,0,source/Development/Src/Engine/Src/UnSkelControl.cpp:1585
C-dead-read,1000,USkelControlLimb,JointOffsetBoneName,FName,0,0,source/Development/Src/Engine/Inc/EngineAnimClasses.h,4596,0,1,0,0,0,0,1,0,source/Development/Src/Engine/Src/UnSkelControl.cpp:1585
C-dead-read,1000,UAnimSet,BestRatioSkelMeshName,FName,0,0,source/Development/Src/Engine/Inc/EngineAnimClasses.h,4880,0,1,0,0,0,0,1,1,source/Development/Src/Engine/Src/UnSkeletalAnim.cpp:542
C-dead-read,1000,ACamera,bForceDisableTemporalAA,BITFIELD,0,0,source/Development/Src/Engine/Inc/EngineCameraClasses.h,177,0,1,0,0,0,0,1,0,source/Development/Src/Engine/Src/UnPlayer.cpp:4331
C-dead-read,1000,ACamera,AnimCameraActor,class ADynamicCameraActor*,0,0,source/Development/Src/Engine/Inc/EngineCameraClasses.h,186,0,1,0,0,0,0,1,0,source/Development/Src/Engine/Src/UnCamera.cpp:390
C-dead-read,1000,AActor,bSkipAttachedMoves,BITFIELD,0,0,source/Development/Src/Engine/Inc/EngineClasses.h,2511,0,1,0,0,0,0,1,0,source/Development/Src/Engine/Src/UnLevAct.cpp:1502
C-dead-read,1000,AActor,bProjectileMoveSingleBlocking,BITFIELD,0,0,source/Development/Src/Engine/Inc/EngineClasses.h,2512,0,1,0,0,0,0,1,0,source/Development/Src/Engine/Src/UnPhysic.cpp:2867
C-dead-read,1000,AActor,bForceOctreeMNFilter,BITFIELD,0,0,source/Development/Src/Engine/Inc/EngineClasses.h,2513,0,1,0,0,0,0,1,0,source/Development/Src/Engine/Src/UnOctree.cpp:2256
C-dead-read,1000,AActor,bHiddenEdScene,BITFIELD,0,0,source/Development/Src/Engine/Inc/EngineClasses.h,2516,0,1,0,0,0,0,1,0,source/Development/Src/Engine/Src/UnActor.cpp:3960
C-dead-read,1000,AHUD,bShowDirectorInfoDebug,BITFIELD,0,0,source/Development/Src/Engine/Inc/EngineClasses.h,6785,0,1,0,0,0,0,1,0,source/Development/Src/Engine/Src/UnInterpolation.cpp:8426
C-dead-read,1000,AHUD,bShowDirectorInfoHUD,BITFIELD,0,0,source/Development/Src/Engine/Inc/EngineClasses.h,6786,0,1,0,0,0,0,1,0,source/Development/Src/Engine/Src/UnInterpolation.cpp:8433
C-dead-read,1000,UOnlineSubsystem,AuthInterface,TScriptInterface<class IOnlineAuthInterface>,0,0,source/Development/Src/Engine/Inc/EngineClasses.h,8614,0,1,0,0,0,0,1,0,source/Development/Src/Engine/Src/UnPenLev.cpp:195
C-dead-read,1000,APylon,DebugPathExtent,FVector,0,0,source/Development/Src/Engine/Inc/EngineClasses.h,9896,0,1,0,0,0,0,1,0,source/Development/Src/Engine/Src/UnNavigationHandle.cpp:1019
C-dead-read,1000,APylon,DebugPathStartLocation,FVector,0,0,source/Development/Src/Engine/Inc/EngineClasses.h,9897,0,1,0,0,0,0,1,1,source/Development/Src/Engine/Src/UnNavigationHandle.cpp:1026
C-dead-read,1000,AGameInfo,AnimTreePoolSize,INT,0,0,source/Development/Src/Engine/Inc/EngineClasses.h,11627,0,1,0,0,0,0,1,0,source/Development/Src/Engine/Src/UnAnimTree.cpp:4556
C-dead-read,1000,UIniLocPatcher,__OnAllTitleFilesCompleted__Delegate,FScriptDelegate,0,0,source/Development/Src/Engine/Inc/EngineClasses.h,17945,0,1,0,0,0,0,1,1,source/Development/Src/Engine/Inc/EngineClasses.h:17965
C-dead-read,1000,AController,bOverrideSearchStart,BITFIELD,0,0,source/Development/Src/Engine/Inc/EngineControllerClasses.h,405,0,1,0,0,0,0,1,0,source/Development/Src/Engine/Src/UnController.cpp:3294
C-dead-read,1000,AController,bForceStrafe,BITFIELD,0,0,source/Development/Src/Engine/Inc/EngineControllerClasses.h,410,0,1,0,0,0,0,1,0,source/Development/Src/Engine/Src/UnController.cpp:1402
C-dead-read,1000,AController,OverrideSearchStart,FVector,0,0,source/Development/Src/Engine/Inc/EngineControllerClasses.h,416,0,1,0,0,0,0,1,0,source/Development/Src/Engine/Src/UnController.cpp:3296
C-dead-read,1000,AController,NavMeshPath_SearchExtent_Modifier,FVector,0,0,source/Development/Src/Engine/Inc/EngineControllerClasses.h,423,0,1,0,0,0,0,1,1,source/Development/Src/Engine/Src/UnController.cpp:3265
C-dead-read,1000,APlayerController,bDebugCameraAnims,BITFIELD,0,0,source/Development/Src/Engine/Inc/EngineControllerClasses.h,1860,0,1,0,0,0,0,1,0,source/Development/Src/GameFramework/Src/GameCamera.cpp:475
C-dead-read,1000,APlayerController,bLogHearSoundOverflow,BITFIELD,0,0,source/Development/Src/Engine/Inc/EngineControllerClasses.h,1862,0,1,0,0,0,0,1,0,source/Development/Src/Engine/Src/UnScript.cpp:2156
C-dead-read,1000,APlayerController,__OnMissingPeersUnregistered__Delegate,FScriptDelegate,0,0,source/Development/Src/Engine/Inc/EngineControllerClasses.h,1878,0,1,0,0,0,0,1,0,source/Development/Src/Engine/Inc/EngineControllerClasses.h:2706
C-dead-read,1000,AWorldInfo,bPhysicsIgnoreDeltaTime,BITFIELD,0,0,source/Development/Src/Engine/Inc/EngineGameEngineClasses.h,674,0,1,0,0,0,0,1,0,source/Development/Src/Engine/Src/UnPhysLevel.cpp:2884
C-dead-read,1000,AWorldInfo,bAllowHostMigration,BITFIELD,0,0,source/Development/Src/Engine/Inc/EngineGameEngineClasses.h,677,0,1,0,0,0,0,1,0,source/Development/Src/Engine/Src/UnWorld.cpp:6445
C-dead-read,1000,AWorldInfo,bGameplayFramePause,BITFIELD,0,0,source/Development/Src/Engine/Inc/EngineGameEngineClasses.h,678,0,1,0,0,0,0,1,0,source/Development/Src/Engine/Src/UnGame.cpp:3825
C-dead-read,1000,AWorldInfo,DefaultReverbSettings,struct FReverbSettings,0,0,source/Development/Src/Engine/Inc/EngineGameEngineClasses.h,680,0,1,0,0,0,0,1,0,source/Development/Src/Engine/Src/UnLevAct.cpp:3502
C-dead-read,1000,AWorldInfo,DefaultAmbientZoneSettings,FInteriorSettings,0,0,source/Development/Src/Engine/Inc/EngineGameEngineClasses.h,681,0,1,0,0,0,0,1,0,source/Development/Src/Engine/Src/UnLevAct.cpp:3507
C-dead-read,1000,AWorldInfo,SkelMeshCompTickTagCount,INT,0,0,source/Development/Src/Engine/Inc/EngineGameEngineClasses.h,699,0,1,0,0,0,0,1,0,source/Development/Src/Engine/Src/UnSkeletalComponent.cpp:1317
C-dead-read,1000,UEngine,bCheckForMultiplePawnsSpawnedInAFrame,BITFIELD,0,0,source/Development/Src/Engine/Inc/EngineGameEngineClasses.h,1701,0,1,0,0,0,0,1,0,source/Development/Src/Engine/Src/UnLevTic.cpp:3686
C-dead-read,1000,UEngine,bUseNormalMapsForSimpleLightMaps,BITFIELD,0,0,source/Development/Src/Engine/Inc/EngineGameEngineClasses.h,1703,0,1,0,0,0,0,1,0,source/Development/Src/Engine/Inc/EngineGameEngineClasses.h:305
C-dead-read,1000,UEngine,bLockReadOnlyLevels,BITFIELD,0,0,source/Development/Src/Engine/Inc/EngineGameEngineClasses.h,1706,0,1,0,0,0,0,1,0,source/Development/Src/Engine/Src/LevelUtils.cpp:222
C-dead-read,1000,UEngine,ScreenDoorNoiseTexture,class UTexture2D*,0,0,source/Development/Src/Engine/Inc/EngineGameEngineClasses.h,1712,0,1,0,0,0,0,1,0,source/Development/Src/Engine/Src/UberPostProcessEffect.cpp:1178
C-dead-read,1000,UEngine,ImageGrainNoiseTexture,class UTexture2D*,0,0,source/Development/Src/Engine/Inc/EngineGameEngineClasses.h,1714,0,1,0,0,0,0,1,0,source/Development/Src/Engine/Src/UberPostProcessEffect.cpp:1172
C-dead-read,1000,UEngine,NumPawnsAllowedToBeSpawnedInAFrame,INT,0,0,source/Development/Src/Engine/Inc/EngineGameEngineClasses.h,1718,0,1,0,0,0,0,1,0,source/Development/Src/Engine/Src/UnLevTic.cpp:3697
C-dead-read,1000,UEngine,DefaultHoveredMaterialColor,FLinearColor,0,0,source/Development/Src/Engine/Inc/EngineGameEngineClasses.h,1719,0,1,0,0,0,0,1,0,source/Development/Src/Engine/Src/Material.cpp:120
C-dead-read,1000,UEngine,VisibleLevelsForMatineeCapture,FStringNoInit,0,0,source/Development/Src/Engine/Inc/EngineGameEngineClasses.h,1724,0,1,0,0,0,0,1,0,source/Development/Src/Engine/Src/UnWorld.cpp:635
C-dead-read,1000,UEngine,MatineeCaptureType,INT,0,0,source/Development/Src/Engine/Inc/EngineGameEngineClasses.h,1726,0,1,0,0,0,0,1,1,source/Development/Src/Engine/Src/UnGame.cpp:3904
C-dead-read,1000,UGameEngine,bEnableSecondaryDisplay,BITFIELD,0,0,source/Development/Src/Engine/Inc/EngineGameEngineClasses.h,2477,0,1,0,0,0,0,1,0,source/Development/Src/Engine/Src/UnGame.cpp:303
C-dead-read,1000,UGameEngine,bEnableSecondaryViewport,BITFIELD,0,0,source/Development/Src/Engine/Inc/EngineGameEngineClasses.h,2478,0,1,0,0,0,0,1,0,source/Development/Src/Engine/Src/UnGame.cpp:303
C-dead-read,1000,FFaceFXSoundCueKey,FaceFXSoundCue,class USoundCue*,0,0,source/Development/Src/Engine/Inc/EngineInterpolationClasses.h,770,0,1,0,0,0,0,1,0,source/Development/Src/Engine/Src/UnInterpolation.cpp:11233
C-dead-read,1000,UDynamicLightEnvironmentComponent,VelocityUpdateTimeScale,FLOAT,0,0,source/Development/Src/Engine/Inc/EngineLightClasses.h,825,0,1,0,0,0,0,1,0,source/Development/Src/Engine/Src/DynamicLightEnvironmentComponent.cpp:1146
C-dead-read,1000,UDynamicLightEnvironmentComponent,bAffectedBySmallDynamicLights,BITFIELD,0,0,source/Development/Src/Engine/Inc/EngineLightClasses.h,826,0,1,0,0,0,0,1,0,source/Development/Src/Engine/Src/DynamicLightEnvironmentComponent.cpp:1849
C-dead-read,1000,UDynamicLightEnvironmentComponent,bShadowFromEnvironment,BITFIELD,0,0,source/Development/Src/Engine/Inc/EngineLightClasses.h,827,0,1,0,0,0,0,1,0,source/Development/Src/Engine/Src/DynamicLightEnvironmentComponent.cpp:1722
C-dead-read,1000,UDynamicLightEnvironmentComponent,bAlwaysInfluencedByDominantDirectionalLight,BITFIELD,0,0,source/Development/Src/Engine/Inc/EngineLightClasses.h,828,0,1,0,0,0,0,1,0,source/Development/Src/Engine/Src/DynamicLightEnvironmentComponent.cpp:1948
C-dead-read,1000,UMaterialInterface,bGenerateSubUV,BITFIELD,0,0,source/Development/Src/Engine/Inc/EngineMaterialClasses.h,3210,0,1,0,0,0,0,1,0,source/Development/Src/Engine/Src/MaterialShared.cpp:314
C-dead-read,1000,UMaterialInterface,bUseMobileVertexSpecular_DEPRECATED,BITFIELD,0,0,source/Development/Src/Engine/Inc/EngineMaterialClasses.h,3212,0,1,0,0,0,0,1,0,source/Development/Src/Engine/Src/MaterialShared.cpp:80
C-dead-read,1000,UMaterial,bEnableMaskedAntialiasing,BITFIELD,0,0,source/Development/Src/Engine/Inc/EngineMaterialClasses.h,3973,0,1,0,0,0,0,1,0,source/Development/Src/Engine/Src/MaterialShared.cpp:2489
C-dead-read,1000,UMaterial,bUseImageBasedReflections,BITFIELD,0,0,source/Development/Src/Engine/Inc/EngineMaterialClasses.h,3983,0,1,0,0,0,0,1,0,source/Development/Src/Engine/Src/MaterialShared.cpp:2487
C-dead-read,1000,UMaterial,ImageReflectionNormalDampening,FLOAT,0,0,source/Development/Src/Engine/Inc/EngineMaterialClasses.h,3984,0,1,0,0,0,0,1,0,source/Development/Src/Engine/Src/MaterialShared.cpp:2491
C-dead-read,1000,UApexAsset,OriginalApexName,FStringNoInit,0,0,source/Development/Src/Engine/Inc/EngineMeshClasses.h,61,0,1,0,0,0,0,1,1,source/Development/Src/Engine/Src/NvApexGenericAsset.cpp:349
C-dead-read,1000,UInstancedStaticMeshComponent,InstanceStartCullDistance,INT,0,0,source/Development/Src/Engine/Inc/EngineMeshClasses.h,1567,0,1,0,0,0,0,1,0,source/Development/Src/Engine/Src/InstancedStaticMesh.cpp:786
C-dead-read,1000,UInstancedStaticMeshComponent,InstanceEndCullDistance,INT,0,0,source/Development/Src/Engine/Inc/EngineMeshClasses.h,1568,0,1,0,0,0,0,1,0,source/Development/Src/Engine/Src/InstancedStaticMesh.cpp:787
C-dead-read,1000,UParticleModuleCollision,bCollideOnlyIfVisible,BITFIELD,0,0,source/Development/Src/Engine/Inc/EngineParticleClasses.h,3095,0,1,0,0,0,0,1,0,source/Development/Src/Engine/Src/ParticleModules_Collision.cpp:146
C-dead-read,1000,UParticleModuleKillBox,bAxisAlignedAndFixedSize,BITFIELD,0,0,source/Development/Src/Engine/Inc/EngineParticleClasses.h,3701,0,1,0,0,0,0,1,0,source/Development/Src/Engine/Src/UnParticleModules.cpp:4957
C-dead-read,1000,UParticleModuleKillHeight,bApplyPSysScale,BITFIELD,0,0,source/Development/Src/Engine/Inc/EngineParticleClasses.h,3720,0,1,0,0,0,0,1,0,source/Development/Src/Engine/Src/UnParticleModules.cpp:5052
C-dead-read,1000,UParticleModuleLocation,DistributeThreshold,FLOAT,0,0,source/Development/Src/Engine/Inc/EngineParticleClasses.h,3877,0,1,0,0,0,0,1,1,source/Development/Src/Engine/Src/ParticleModules_Location.cpp:46
C-dead-read,1000,UParticleModuleRequired,bOrbitModuleAffectsVelocityAlignment,BITFIELD,0,0,source/Development/Src/Engine/Inc/EngineParticleClasses.h,5143,0,1,0,0,0,0,1,0,source/Development/Src/Engine/Src/ParticleEmitterInstances.cpp:3328
C-dead-read,1000,UParticleModuleSpawnPerUnit,MinFrameDistance,FLOAT,0,0,source/Development/Src/Engine/Inc/EngineParticleClasses.h,6006,0,1,0,0,0,0,1,1,source/Development/Src/Engine/Src/ParticleModules_Spawn.cpp:284
C-dead-read,1000,UParticleModuleTypeDataRibbon,bSpawnInitialParticle,BITFIELD,0,0,source/Development/Src/Engine/Inc/EngineParticleClasses.h,6590,0,1,0,0,0,0,1,0,source/Development/Src/Engine/Src/ParticleTrail2EmitterInstance.cpp:2503
C-dead-read,1000,UParticleModuleTypeDataRibbon,bEnableTangentDiffInterpScale,BITFIELD,0,0,source/Development/Src/Engine/Inc/EngineParticleClasses.h,6591,0,1,0,0,0,0,1,0,source/Development/Src/Engine/Src/ParticleTrail2EmitterInstance.cpp:3847
C-dead-read,1000,APawn,bScriptTickSpecial,BITFIELD,0,0,source/Development/Src/Engine/Inc/EnginePawnClasses.h,501,0,1,0,0,0,0,1,0,source/Development/Src/Engine/Src/UnLevTic.cpp:988
C-dead-read,1000,APawn,bUsedByMatinee,BITFIELD,0,0,source/Development/Src/Engine/Inc/EnginePawnClasses.h,505,0,1,0,0,0,0,1,0,source/Development/Src/Engine/Src/UnActor.cpp:574
C-dead-read,1000,APawn,FiringMode,BYTE,0,0,source/Development/Src/Engine/Inc/EnginePawnClasses.h,508,0,1,0,0,0,0,1,0,source/Development/Src/Engine/Src/UnActor.cpp:549
C-dead-read,1000,APawn,NonPreferredVehiclePathMultiplier,FLOAT,0,0,source/Development/Src/Engine/Inc/EnginePawnClasses.h,509,0,1,0,0,0,0,1,0,source/Development/Src/Engine/Src/UnReach.cpp:119
C-dead-read,1000,APawn,VehicleCheckRadius,FLOAT,0,0,source/Development/Src/Engine/Inc/EnginePawnClasses.h,520,0,1,0,0,0,0,1,0,source/Development/Src/Engine/Src/UnPawn.cpp:1380
C-dead-read,1000,APawn,FlashLocation,FVector,0,0,source/Development/Src/Engine/Inc/EnginePawnClasses.h,524,0,1,0,0,0,0,1,0,source/Development/Src/Engine/Src/UnActor.cpp:559
C-dead-read,1000,APawn,FacialAudioComp,class UAudioComponent*,0,0,source/Development/Src/Engine/Inc/EnginePawnClasses.h,527,0,1,0,0,0,0,1,0,source/Development/Src/Engine/Src/UnSkeletalMesh.cpp:3331
C-dead-read,1000,UPhysicalMaterial,SlideSound,class USoundCue*,0,0,source/Development/Src/Engine/Inc/EnginePhysicsClasses.h,1059,0,1,0,0,0,0,1,0,source/Development/Src/Engine/Src/UnPhysAsset.cpp:2816
C-dead-read,1000,UPhysicalMaterial,FractureSoundExplosion,class USoundCue*,0,0,source/Development/Src/Engine/Inc/EnginePhysicsClasses.h,1060,0,1,0,0,0,0,1,0,source/Development/Src/Engine/Src/ProcBuilding.cpp:2381
C-dead-read,1000,UPhysicalMaterial,FractureSoundSingle,class USoundCue*,0,0,source/Development/Src/Engine/Inc/EnginePhysicsClasses.h,1061,0,1,0,0,0,0,1,0,source/Development/Src/Engine/Src/ProcBuilding.cpp:2381
C-dead-read,1000,USeqAct_Interp,bDisableRadioFilter,BITFIELD,0,0,source/Development/Src/Engine/Inc/EngineSequenceClasses.h,2123,0,1,0,0,0,0,1,0,source/Development/Src/Engine/Src/UnInterpolation.cpp:1547
C-dead-read,1000,USeqAct_Interp,ConstantCameraAnimRate,FLOAT,0,0,source/Development/Src/Engine/Inc/EngineSequenceClasses.h,2130,0,1,0,0,0,0,1,0,source/Development/Src/Engine/Src/UnInterpolation.cpp:1577
C-dead-read,1000,USeqAct_StreamInTextures,bLocationBased_DEPRECATED,BITFIELD,0,0,source/Development/Src/Engine/Inc/EngineSequenceClasses.h,2583,0,1,0,0,0,0,1,0,source/Development/Src/Engine/Src/UnSequence.cpp:9752
C-dead-read,1000,UTexture2D,MipsToRemoveOnCompress,INT,0,0,source/Development/Src/Engine/Inc/EngineTextureClasses.h,635,0,1,0,0,0,0,1,0,source/Development/Src/Engine/Src/Texture.cpp:99
C-dead-read,1000,UPlayerInput,aBackTouch,FVector,0,0,source/Development/Src/Engine/Inc/EngineUserInterfaceClasses.h,1049,0,1,0,0,0,0,1,0,source/Development/Src/Engine/Src/UnIn.cpp:969
C-dead-read,1000,UPrimitiveComponent,bBlockFootPlacement,BITFIELD,0,0,source/Development/Src/Engine/Inc/PrimitiveComponent.h,925,0,1,0,0,0,0,1,0,source/Development/Src/Engine/Src/UnSkeletalComponent.cpp:4143
C-dead-read,1000,UPrimitiveComponent,bSupportedOnMobile,BITFIELD,0,0,source/Development/Src/Engine/Inc/PrimitiveComponent.h,926,0,1,0,0,0,0,1,0,source/Development/Src/Engine/Src/PrimitiveComponent.cpp:1389
C-dead-read,1000,FSystemSettings,bAllowImageReflections,UBOOL,0,0,source/Development/Src/Engine/Inc/SystemSettings.h,396,?,1,0,0,0,0,1,0,source/Development/Src/Engine/Src/ImageReflectionRendering.cpp:1418
C-dead-read,1000,FSystemSettings,bAllowImageReflectionShadowing,UBOOL,0,0,source/Development/Src/Engine/Inc/SystemSettings.h,398,?,1,0,0,0,0,1,0,source/Development/Src/Engine/Src/ImageReflectionRendering.cpp:1319
C-dead-read,1000,FSystemSettings,CSMMinimumFOV,FLOAT,0,0,source/Development/Src/Engine/Inc/SystemSettings.h,420,?,1,0,0,0,0,1,0,source/Development/Src/Engine/Src/DirectionalLightComponent.cpp:303
C-dead-read,1000,FSystemSettings,CSMFOVRoundFactor,FLOAT,0,0,source/Development/Src/Engine/Inc/SystemSettings.h,422,?,1,0,0,0,0,1,0,source/Development/Src/Engine/Src/DirectionalLightComponent.cpp:304
C-dead-read,1000,FSystemSettings,TemporalAA_MinDepth,FLOAT,0,0,source/Development/Src/Engine/Inc/SystemSettings.h,426,?,1,0,0,0,0,1,0,source/Development/Src/Engine/Src/Scene.cpp:289
C-dead-read,1000,FSystemSettings,TemporalAA_StartDepthVelocityScale,FLOAT,0,0,source/Development/Src/Engine/Inc/SystemSettings.h,427,?,1,0,0,0,0,1,0,source/Development/Src/Engine/Src/Scene.cpp:290
C-dead-read,1000,FSystemSettings,SystemSettingName,FString,0,0,source/Development/Src/Engine/Inc/SystemSettings.h,764,?,1,0,0,0,0,1,0,source/Development/Src/Engine/Src/SystemSettings.cpp:647
C-dead-read,1000,USkeletalMeshComponent,AnimationLODDistanceFactor,FLOAT,0,0,source/Development/Src/Engine/Inc/UnSkeletalMesh.h,414,0,1,0,0,0,0,1,1,source/Development/Src/Engine/Src/UnSkeletalComponent.cpp:1294
C-dead-read,1000,USkeletalMeshComponent,AnimationLODFrameRate,INT,0,0,source/Development/Src/Engine/Inc/UnSkeletalMesh.h,415,0,1,0,0,0,0,1,1,source/Development/Src/Engine/Src/UnSkeletalComponent.cpp:1296
C-dead-read,1000,USkeletalMeshComponent,bUseBoundsFromParentAnimComponent,BITFIELD,0,0,source/Development/Src/Engine/Inc/UnSkeletalMesh.h,425,0,1,0,0,0,0,1,0,source/Development/Src/Engine/Src/UnSkeletalComponent.cpp:4258
C-dead-read,1000,USkeletalMeshComponent,bNotifyRootMotionProcessed,BITFIELD,0,0,source/Development/Src/Engine/Inc/UnSkeletalMesh.h,426,0,1,0,0,0,0,1,0,source/Development/Src/Engine/Src/UnSkeletalComponent.cpp:3691
C-dead-read,1000,USkeletalMeshComponent,bChartDistanceFactor,BITFIELD,0,0,source/Development/Src/Engine/Inc/UnSkeletalMesh.h,430,0,1,0,0,0,0,1,0,source/Development/Src/Engine/Src/UnSkeletalComponent.cpp:1093
C-dead-read,1000,USkeletalMeshComponent,bCanHighlightSelectedSections,BITFIELD,0,0,source/Development/Src/Engine/Inc/UnSkeletalMesh.h,431,0,1,0,0,0,0,1,0,source/Development/Src/Engine/Src/UnSkeletalMesh.cpp:4002
C-dead-read,1000,USkeletalMeshComponent,bDisableClothCollision,BITFIELD,0,0,source/Development/Src/Engine/Inc/UnSkeletalMesh.h,434,0,1,0,0,0,0,1,0,source/Development/Src/Engine/Src/UnPhysComponent.cpp:4117
C-dead-read,1000,USkeletalMeshComponent,bAutoFreezeClothWhenNotRendered,BITFIELD,0,0,source/Development/Src/Engine/Inc/UnSkeletalMesh.h,436,0,1,0,0,0,0,1,0,source/Development/Src/Engine/Src/UnSkeletalComponent.cpp:1422
C-dead-read,1000,USkeletalMeshComponent,bClothAwakeOnStartup,BITFIELD,0,0,source/Development/Src/Engine/Inc/UnSkeletalMesh.h,437,0,1,0,0,0,0,1,0,source/Development/Src/Engine/Src/UnPhysComponent.cpp:3784
C-dead-read,1000,USkeletalMeshComponent,bClothBaseVelInterp,BITFIELD,0,0,source/Development/Src/Engine/Inc/UnSkeletalMesh.h,439,0,1,0,0,0,0,1,0,source/Development/Src/Engine/Src/UnPhysComponent.cpp:2302
C-dead-read,1000,USkeletalMeshComponent,bIsClothOnStaticObject,BITFIELD,0,0,source/Development/Src/Engine/Inc/UnSkeletalMesh.h,441,0,1,0,0,0,0,1,0,source/Development/Src/Engine/Src/UnPhysComponent.cpp:2120
C-dead-read,1000,USkeletalMeshComponent,bClothWindRelativeToOwner,BITFIELD,0,0,source/Development/Src/Engine/Inc/UnSkeletalMesh.h,444,0,1,0,0,0,0,1,0,source/Development/Src/Engine/Src/UnPhysComponent.cpp:2278
C-dead-read,1000,USkeletalMeshComponent,MinPosDampRange,FVector,0,0,source/Development/Src/Engine/Inc/UnSkeletalMesh.h,454,0,1,0,0,0,0,1,1,source/Development/Src/Engine/Src/UnPhysComponent.cpp:2224
C-dead-read,1000,USkeletalMeshComponent,MaxPosDampRange,FVector,0,0,source/Development/Src/Engine/Inc/UnSkeletalMesh.h,455,0,1,0,0,0,0,1,1,source/Development/Src/Engine/Src/UnPhysComponent.cpp:2225
C-dead-read,1000,USkeletalMeshComponent,NumClothMeshIndices,INT,0,0,source/Development/Src/Engine/Inc/UnSkeletalMesh.h,464,0,1,0,0,0,0,1,1,source/Development/Src/Engine/Src/UnPhysComponent.cpp:3670
C-dead-read,1000,USkeletalMeshComponent,NumClothMeshParentIndices,INT,0,0,source/Development/Src/Engine/Inc/UnSkeletalMesh.h,466,0,1,0,0,0,0,1,1,source/Development/Src/Engine/Src/UnPhysComponent.cpp:3630
C-dead-read,1000,USkeletalMeshComponent,ClothDirtyBufferFlag,INT,0,0,source/Development/Src/Engine/Inc/UnSkeletalMesh.h,470,0,1,0,0,0,0,1,1,source/Development/Src/Engine/Src/UnPhysComponent.cpp:3671
C-dead-read,1000,USkeletalMeshComponent,ClothRBChannel,BYTE,0,0,source/Development/Src/Engine/Inc/UnSkeletalMesh.h,471,0,1,0,0,0,0,1,1,source/Development/Src/Engine/Src/UnPhysComponent.cpp:3691
C-dead-read,1000,USkeletalMeshComponent,ClothRBCollideWithChannels,FRBCollisionChannelContainer,0,0,source/Development/Src/Engine/Inc/UnSkeletalMesh.h,472,0,1,0,0,0,0,1,1,source/Development/Src/Engine/Src/UnPhysComponent.cpp:3691
C-dead-read,1000,USkeletalMeshComponent,ClothImpulseScale,FLOAT,0,0,source/Development/Src/Engine/Inc/UnSkeletalMesh.h,474,0,1,0,0,0,0,1,1,source/Development/Src/Engine/Src/UnPhysComponent.cpp:3171
C-dead-read,1000,USkeletalMeshComponent,SoftBodyImpulseScale,FLOAT,0,0,source/Development/Src/Engine/Inc/UnSkeletalMesh.h,494,0,1,0,0,0,0,1,1,source/Development/Src/Engine/Src/UnPhysComponent.cpp:3192
C-dead-read,1000,USkeletalMeshComponent,bAutoFreezeSoftBodyWhenNotRendered,BITFIELD,0,0,source/Development/Src/Engine/Inc/UnSkeletalMesh.h,496,0,1,0,0,0,0,1,0,source/Development/Src/Engine/Src/UnSkeletalComponent.cpp:1447
C-dead-read,1000,USkeletalMeshComponent,bSoftBodyAwakeOnStartup,BITFIELD,0,0,source/Development/Src/Engine/Inc/UnSkeletalMesh.h,497,0,1,0,0,0,0,1,0,source/Development/Src/Engine/Src/UnPhysSkelComponent.cpp:110
C-dead-read,1000,USkeletalMeshComponent,bSoftBodyUseCompartment,BITFIELD,0,0,source/Development/Src/Engine/Inc/UnSkeletalMesh.h,498,0,1,0,0,0,0,1,0,source/Development/Src/Engine/Src/UnPhysSkelComponent.cpp:85
C-dead-read,1000,USkeletalMeshComponent,SoftBodyRBChannel,ERBCollisionChannel,0,0,source/Development/Src/Engine/Inc/UnSkeletalMesh.h,499,0,1,0,0,0,0,1,1,source/Development/Src/Engine/Src/UnPhysSkelComponent.cpp:66
C-dead-read,1000,USkeletalMeshComponent,SoftBodyRBCollideWithChannels,FRBCollisionChannelContainer,0,0,source/Development/Src/Engine/Inc/UnSkeletalMesh.h,500,0,1,0,0,0,0,1,1,source/Development/Src/Engine/Src/UnPhysSkelComponent.cpp:66
C-dead-read,1000,USkeletalMesh,ClothToAnimMeshMaxDist,FLOAT,0,0,source/Development/Src/Engine/Inc/UnSkeletalMesh.h,3655,0,1,0,0,0,0,1,1,source/Development/Src/Engine/Src/UnPhysComponent.cpp:4175
C-dead-read,1000,USkeletalMesh,ClothHierarchyLevels,INT,0,0,source/Development/Src/Engine/Inc/UnSkeletalMesh.h,3664,0,1,0,0,0,0,1,1,source/Development/Src/Engine/Src/UnSkeletalTools.cpp:2484
C-dead-read,1000,USkeletalMesh,bEnableClothBendConstraints,BITFIELD,0,0,source/Development/Src/Engine/Inc/UnSkeletalMesh.h,3665,0,1,0,0,0,0,1,0,source/Development/Src/Engine/Src/UnPhysComponent.cpp:4088
C-dead-read,1000,USkeletalMesh,bEnableClothDamping,BITFIELD,0,0,source/Development/Src/Engine/Inc/UnSkeletalMesh.h,3666,0,1,0,0,0,0,1,0,source/Development/Src/Engine/Src/UnPhysComponent.cpp:4108
C-dead-read,1000,USkeletalMesh,bUseClothCOMDamping,BITFIELD,0,0,source/Development/Src/Engine/Inc/UnSkeletalMesh.h,3667,0,1,0,0,0,0,1,0,source/Development/Src/Engine/Src/UnPhysComponent.cpp:4126
C-dead-read,1000,USkeletalMesh,ClothStretchStiffness,FLOAT,0,0,source/Development/Src/Engine/Inc/UnSkeletalMesh.h,3668,0,1,0,0,0,0,1,1,source/Development/Src/Engine/Src/UnPhysComponent.cpp:4060
C-dead-read,1000,USkeletalMesh,ClothBendStiffness,FLOAT,0,0,source/Development/Src/Engine/Inc/UnSkeletalMesh.h,3669,0,1,0,0,0,0,1,1,source/Development/Src/Engine/Src/UnPhysComponent.cpp:4059
C-dead-read,1000,USkeletalMesh,ClothDensity,FLOAT,0,0,source/Development/Src/Engine/Inc/UnSkeletalMesh.h,3670,0,1,0,0,0,0,1,1,source/Development/Src/Engine/Src/UnPhysComponent.cpp:3674
C-dead-read,1000,USkeletalMesh,ClothDamping,FLOAT,0,0,source/Development/Src/Engine/Inc/UnSkeletalMesh.h,3672,0,1,0,0,0,0,1,1,source/Development/Src/Engine/Src/UnPhysComponent.cpp:4061
C-dead-read,1000,USkeletalMesh,ClothIterations,INT,0,0,source/Development/Src/Engine/Inc/UnSkeletalMesh.h,3673,0,1,0,0,0,0,1,1,source/Development/Src/Engine/Src/UnPhysComponent.cpp:4062
C-dead-read,1000,USkeletalMesh,ClothHierarchicalIterations,INT,0,0,source/Development/Src/Engine/Inc/UnSkeletalMesh.h,3674,0,1,0,0,0,0,1,1,source/Development/Src/Engine/Src/UnPhysComponent.cpp:4063
C-dead-read,1000,USkeletalMesh,ClothRelativeGridSpacing,FLOAT,0,0,source/Development/Src/Engine/Inc/UnSkeletalMesh.h,3676,0,1,0,0,0,0,1,1,source/Development/Src/Engine/Src/UnPhysComponent.cpp:3747
C-dead-read,1000,USkeletalMesh,HardStretchLimitFactor,FLOAT,0,0,source/Development/Src/Engine/Inc/UnSkeletalMesh.h,3682,0,1,0,0,0,0,1,1,source/Development/Src/Engine/Src/UnPhysComponent.cpp:3687
C-dead-read,1000,USkeletalMesh,bEnableClothOrthoBendConstraints,BITFIELD,0,0,source/Development/Src/Engine/Inc/UnSkeletalMesh.h,3684,0,1,0,0,0,0,1,0,source/Development/Src/Engine/Src/UnPhysComponent.cpp:4084
C-dead-read,1000,USkeletalMesh,bEnableClothSelfCollision,BITFIELD,0,0,source/Development/Src/Engine/Inc/UnSkeletalMesh.h,3685,0,1,0,0,0,0,1,0,source/Development/Src/Engine/Src/UnPhysComponent.cpp:4146
C-dead-read,1000,USkeletalMesh,bEnableClothPressure,BITFIELD,0,0,source/Development/Src/Engine/Inc/UnSkeletalMesh.h,3686,0,1,0,0,0,0,1,0,source/Development/Src/Engine/Src/UnPhysComponent.cpp:4136
C-dead-read,1000,USkeletalMesh,bEnableClothTwoWayCollision,BITFIELD,0,0,source/Development/Src/Engine/Inc/UnSkeletalMesh.h,3687,0,1,0,0,0,0,1,0,source/Development/Src/Engine/Src/UnPhysComponent.cpp:4156
C-dead-read,1000,USkeletalMesh,ClothMetalImpulseThreshold,FLOAT,0,0,source/Development/Src/Engine/Inc/UnSkeletalMesh.h,3691,0,1,0,0,0,0,1,1,source/Development/Src/Engine/Src/UnPhysComponent.cpp:4041
C-dead-read,1000,USkeletalMesh,ClothMetalPenetrationDepth,FLOAT,0,0,source/Development/Src/Engine/Inc/UnSkeletalMesh.h,3692,0,1,0,0,0,0,1,1,source/Development/Src/Engine/Src/UnPhysComponent.cpp:4041
C-dead-read,1000,USkeletalMesh,ClothMetalMaxDeformationDistance,FLOAT,0,0,source/Development/Src/Engine/Inc/UnSkeletalMesh.h,3693,0,1,0,0,0,0,1,1,source/Development/Src/Engine/Src/UnPhysComponent.cpp:4041
C-dead-read,1000,USkeletalMesh,ValidBoundsMin,FVector,0,0,source/Development/Src/Engine/Inc/UnSkeletalMesh.h,3698,0,1,0,0,0,0,1,1,source/Development/Src/Engine/Src/UnPhysComponent.cpp:3765
C-dead-read,1000,USkeletalMesh,ValidBoundsMax,FVector,0,0,source/Development/Src/Engine/Inc/UnSkeletalMesh.h,3699,0,1,0,0,0,0,1,1,source/Development/Src/Engine/Src/UnPhysComponent.cpp:3765
C-dead-read,1000,USkeletalMesh,SoftBodyVolumeStiffness,FLOAT,0,0,source/Development/Src/Engine/Inc/UnSkeletalMesh.h,3710,0,1,0,0,0,0,1,1,source/Development/Src/Engine/Src/UnPhysSkelComponent.cpp:341
C-dead-read,1000,USkeletalMesh,SoftBodyStretchingStiffness,FLOAT,0,0,source/Development/Src/Engine/Inc/UnSkeletalMesh.h,3711,0,1,0,0,0,0,1,1,source/Development/Src/Engine/Src/UnPhysSkelComponent.cpp:342
C-dead-read,1000,USkeletalMesh,SoftBodyDensity,FLOAT,0,0,source/Development/Src/Engine/Inc/UnSkeletalMesh.h,3712,0,1,0,0,0,0,1,1,source/Development/Src/Engine/Src/UnPhysSkelComponent.cpp:61
C-dead-read,1000,USkeletalMesh,SoftBodyParticleRadius,FLOAT,0,0,source/Development/Src/Engine/Inc/UnSkeletalMesh.h,3713,0,1,0,0,0,0,1,1,source/Development/Src/Engine/Src/UnPhysSkelComponent.cpp:343
C-dead-read,1000,USkeletalMesh,SoftBodyDamping,FLOAT,0,0,source/Development/Src/Engine/Inc/UnSkeletalMesh.h,3714,0,1,0,0,0,0,1,1,source/Development/Src/Engine/Src/UnPhysSkelComponent.cpp:344
C-dead-read,1000,USkeletalMesh,SoftBodySolverIterations,INT,0,0,source/Development/Src/Engine/Inc/UnSkeletalMesh.h,3715,0,1,0,0,0,0,1,1,source/Development/Src/Engine/Src/UnPhysSkelComponent.cpp:347
C-dead-read,1000,USkeletalMesh,SoftBodyFriction,FLOAT,0,0,source/Development/Src/Engine/Inc/UnSkeletalMesh.h,3716,0,1,0,0,0,0,1,1,source/Development/Src/Engine/Src/UnPhysSkelComponent.cpp:345
C-dead-read,1000,USkeletalMesh,SoftBodyRelativeGridSpacing,FLOAT,0,0,source/Development/Src/Engine/Inc/UnSkeletalMesh.h,3717,0,1,0,0,0,0,1,1,source/Development/Src/Engine/Src/UnPhysSkelComponent.cpp:94
C-dead-read,1000,USkeletalMesh,SoftBodySleepLinearVelocity,FLOAT,0,0,source/Development/Src/Engine/Inc/UnSkeletalMesh.h,3718,0,1,0,0,0,0,1,1,source/Development/Src/Engine/Src/UnPhysSkelComponent.cpp:346
C-dead-read,1000,USkeletalMesh,SoftBodyAttachmentResponse,FLOAT,0,0,source/Development/Src/Engine/Inc/UnSkeletalMesh.h,3720,0,1,0,0,0,0,1,1,source/Development/Src/Engine/Src/UnPhysSkelComponent.cpp:348
C-dead-read,1000,USkeletalMesh,SoftBodyCollisionResponse,FLOAT,0,0,source/Development/Src/Engine/Inc/UnSkeletalMesh.h,3721,0,1,0,0,0,0,1,1,source/Development/Src/Engine/Src/UnPhysSkelComponent.cpp:349
C-dead-read,1000,USkeletalMesh,bEnableSoftBodyDamping,BITFIELD,0,0,source/Development/Src/Engine/Inc/UnSkeletalMesh.h,3725,0,1,0,0,0,0,1,0,source/Development/Src/Engine/Src/UnPhysSkelComponent.cpp:354
C-dead-read,1000,USkeletalMesh,bUseSoftBodyCOMDamping,BITFIELD,0,0,source/Development/Src/Engine/Inc/UnSkeletalMesh.h,3726,0,1,0,0,0,0,1,0,source/Development/Src/Engine/Src/UnPhysSkelComponent.cpp:363
C-dead-read,1000,USkeletalMesh,SoftBodyAttachmentThreshold,FLOAT,0,0,source/Development/Src/Engine/Inc/UnSkeletalMesh.h,3727,0,1,0,0,0,0,1,1,source/Development/Src/Engine/Src/UnPhysSkelComponent.cpp:260
C-dead-read,1000,USkeletalMesh,SoftBodyAttachmentTearFactor,FLOAT,0,0,source/Development/Src/Engine/Inc/UnSkeletalMesh.h,3729,0,1,0,0,0,0,1,1,source/Development/Src/Engine/Src/UnPhysSkelComponent.cpp:350
C-dead-read,1000,USkeletalMesh,bEnableSoftBodyLineChecks,BITFIELD,0,0,source/Development/Src/Engine/Inc/UnSkeletalMesh.h,3730,0,1,0,0,0,0,1,0,source/Development/Src/Engine/Src/UnSkeletalMeshCollision.cpp:294
C-dead-read,1000,UStaticMesh,bIsMeshProxy,BITFIELD,0,0,source/Development/Src/Engine/Inc/UnStaticMesh.h,1409,0,1,0,0,0,0,1,0,source/Development/Src/Engine/Src/UnStaticMesh.cpp:3449
C-dead-read,1000,UStaticMeshComponent,bCanHighlightSelectedSections,BITFIELD,0,0,source/Development/Src/Engine/Inc/UnStaticMesh.h,1881,0,1,0,0,0,0,1,0,source/Development/Src/Engine/Src/UnSkeletalMesh.cpp:4002
C-dead-read,1000,UGameThirdPersonCameraMode,bSmoothViewOffsetPitchChanges,BITFIELD,0,0,source/Development/Src/GameFramework/Inc/GameFrameworkCameraClasses.h,400,0,1,0,0,0,0,1,0,source/Development/Src/GameFramework/Src/GameCamera.cpp:1482
C-dead-read,1000,UGameThirdPersonCameraMode,bNoFOVPostProcess,BITFIELD,0,0,source/Development/Src/GameFramework/Inc/GameFrameworkCameraClasses.h,401,0,1,0,0,0,0,1,0,source/Development/Src/GameFramework/Src/GameCamera.cpp:408
C-dead-read,1000,AGameCrowdAgent,bCheckForObstacles,BITFIELD,0,0,source/Development/Src/GameFramework/Inc/GameFrameworkClasses.h,1110,0,1,0,0,0,0,1,0,source/Development/Src/GameFramework/Src/GameCrowd.cpp:189
C-dead-read,1000,AGameCrowdAgent,bIsPanicked,BITFIELD,0,0,source/Development/Src/GameFramework/Inc/GameFrameworkClasses.h,1116,0,1,0,0,0,0,1,0,source/Development/Src/GameFramework/Src/GameCrowd.cpp:302
C-dead-read,1000,AGameCrowdAgent,bWantsGroupIdle,BITFIELD,0,0,source/Development/Src/GameFramework/Inc/GameFrameworkClasses.h,1117,0,1,0,0,0,0,1,0,source/Development/Src/GameFramework/Src/GameCrowd.cpp:1372
C-dead-read,1000,AGameCrowdAgent,PENALTY_COEFF_ANGLETOGOAL,FLOAT,0,0,source/Development/Src/GameFramework/Inc/GameFrameworkClasses.h,1127,0,1,0,0,0,0,1,0,source/Development/Src/GameFramework/Src/GameCrowd.cpp:898
C-dead-read,1000,AGameCrowdAgent,PENALTY_COEFF_ANGLETOVEL,FLOAT,0,0,source/Development/Src/GameFramework/Inc/GameFrameworkClasses.h,1128,0,1,0,0,0,0,1,0,source/Development/Src/GameFramework/Src/GameCrowd.cpp:899
C-dead-read,1000,AGameCrowdAgent,PENALTY_COEFF_MAG,FLOAT,0,0,source/Development/Src/GameFramework/Inc/GameFrameworkClasses.h,1129,0,1,0,0,0,0,1,0,source/Development/Src/GameFramework/Src/GameCrowd.cpp:900
C-dead-read,1000,AGameCrowdAgent,MIN_PENALTY_THRESHOLD,FLOAT,0,0,source/Development/Src/GameFramework/Inc/GameFrameworkClasses.h,1130,0,1,0,0,0,0,1,0,source/Development/Src/GameFramework/Src/GameCrowd.cpp:906
C-dead-read,1000,AGameCrowdAgent,MaxPathLaneValue,FLOAT,0,0,source/Development/Src/GameFramework/Inc/GameFrameworkClasses.h,1133,0,1,0,0,0,0,1,0,source/Development/Src/GameFramework/Src/GameCrowd.cpp:1644
C-dead-read,1000,AGameCrowdAgent,ExtraPathCost,INT,0,0,source/Development/Src/GameFramework/Inc/GameFrameworkClasses.h,1135,0,1,0,0,0,0,1,0,source/Development/Src/GameFramework/Src/GameCrowd.cpp:1663
C-dead-read,1000,AGameCrowdAgent,EyeZOffset,FLOAT,0,0,source/Development/Src/GameFramework/Inc/GameFrameworkClasses.h,1137,0,1,0,0,0,0,1,0,source/Development/Src/GameFramework/Src/GameCrowd.cpp:203
C-dead-read,1000,AGameCrowdAgent,MaxWalkingSpeed,FLOAT,0,0,source/Development/Src/GameFramework/Inc/GameFrameworkClasses.h,1142,0,1,0,0,0,0,1,0,source/Development/Src/GameFramework/Src/GameCrowd.cpp:204
C-dead-read,1000,AGameCrowdAgent,BeaconMaxDist,FLOAT,0,0,source/Development/Src/GameFramework/Inc/GameFrameworkClasses.h,1145,0,1,0,0,0,0,1,0,source/Development/Src/GameFramework/Src/GameCrowd.cpp:1805
C-dead-read,1000,AGameCrowdAgent,DesiredGroupRadiusSq,FLOAT,0,0,source/Development/Src/GameFramework/Inc/GameFrameworkClasses.h,1166,0,1,0,0,0,0,1,0,source/Development/Src/GameFramework/Src/GameCrowd.cpp:1252
C-dead-read,1000,AGameCrowdAgentSkeletal,SpeedBlendEnd,FLOAT,0,0,source/Development/Src/GameFramework/Inc/GameFrameworkClasses.h,1434,0,1,0,0,0,0,1,0,source/Development/Src/GameFramework/Src/GameCrowd.cpp:417
C-dead-read,1000,AGameCrowdAgentSkeletal,AnimVelRate,FLOAT,0,0,source/Development/Src/GameFramework/Inc/GameFrameworkClasses.h,1435,0,1,0,0,0,0,1,0,source/Development/Src/GameFramework/Src/GameCrowd.cpp:431
C-dead-read,1000,AGameCrowdAgentSkeletal,MaxSpeedBlendChangeSpeed,FLOAT,0,0,source/Development/Src/GameFramework/Inc/GameFrameworkClasses.h,1436,0,1,0,0,0,0,1,0,source/Development/Src/GameFramework/Src/GameCrowd.cpp:422
C-dead-read,1000,AGameCrowdAgentSkeletal,MoveSyncGroupName,FName,0,0,source/Development/Src/GameFramework/Inc/GameFrameworkClasses.h,1437,0,1,0,0,0,0,1,0,source/Development/Src/GameFramework/Src/GameCrowd.cpp:431
C-dead-read,1000,AGameCrowdAgentSkeletal,bAllowSkeletonUpdateChangeBasedOnTickResult,BITFIELD,0,0,source/Development/Src/GameFramework/Inc/GameFrameworkClasses.h,1441,0,1,0,0,0,0,1,0,source/Development/Src/GameFramework/Src/GameCrowd.cpp:398
C-dead-read,1000,AGameCrowdAgentSkeletal,bTickWhenNotVisible,BITFIELD,0,0,source/Development/Src/GameFramework/Inc/GameFrameworkClasses.h,1442,0,1,0,0,0,0,1,0,source/Development/Src/GameFramework/Src/GameCrowd.cpp:372
C-dead-read,1000,AGameCrowdAgentSkeletal,bIsPlayingImportantAnimation,BITFIELD,0,0,source/Development/Src/GameFramework/Inc/GameFrameworkClasses.h,1444,0,1,0,0,0,0,1,0,source/Development/Src/GameFramework/Src/GameCrowd.cpp:398
C-dead-read,1000,AGameCrowdAgentSkeletal,NotVisibleDisableTickTime,FLOAT,0,0,source/Development/Src/GameFramework/Inc/GameFrameworkClasses.h,1446,0,1,0,0,0,0,1,0,source/Development/Src/GameFramework/Src/GameCrowd.cpp:374
C-dead-read,1000,AGamePlayerController,bWarnCrowdMembers,BITFIELD,0,0,source/Development/Src/GameFramework/Inc/GameFrameworkClasses.h,2091,0,1,0,0,0,0,1,0,source/Development/Src/GameFramework/Src/GameController.cpp:16
C-dead-read,1000,AGamePlayerController,bDebugCrowdAwareness,BITFIELD,0,0,source/Development/Src/GameFramework/Inc/GameFrameworkClasses.h,2092,0,1,0,0,0,0,1,0,source/Development/Src/GameFramework/Src/GameController.cpp:25
B-shared-write?,783,USeqAct_GetLocationAndRotation,Rotation,FVector,0,1,source/Development/Src/Engine/Inc/EngineSequenceClasses.h,1642,0,976,507,12,56,0,151,2,source/Development/Src/Core/Inc/FBoneAtomStandard.h:22 source/Development/Src/Core/Inc/FBoneAtomStandard.h:27 source/Development/Src/Core/Inc/FBoneAtomStandard.h:46
B-shared-write?,731,UMaterialExpression,Material,class UMaterial*,0,1,source/Development/Src/Engine/Inc/EngineMaterialClasses.h,242,0,1534,206,9,56,0,162,7,source/Development/Src/D3D9Drv/Src/D3D9Commands.cpp:549 source/Development/Src/D3D9Drv/Src/D3D9Commands.cpp:550 source/Development/Src/D3D9Drv/Src/D3D9ShaderCompiler.cpp:21
A-fatal?,635,UPostProcessChain,Effects,TArrayNoInit<class UPostProcessEffect*>,1,1,source/Development/Src/Engine/Inc/EngineClasses.h,19848,0,44,5,0,16,12,10,1,source/Development/Src/DishonoredGame/Src/dishonoredplayercontroller.cpp:1108 source/Development/Src/DishonoredGame/Src/dishonoredplayercontroller.cpp:1113 source/Development/Src/DishonoredGame/Src/dishonoredplayercontroller.cpp:1117
A-fatal?,635,AGameCrowdAgentSkeletal,Attachments,TArrayNoInit<struct FGameCrowdAttachmentList>,1,1,source/Development/Src/GameFramework/Inc/GameFrameworkClasses.h,1438,0,42,1,0,21,10,8,1,source/Development/Src/Engine/Inc/UnSkeletalMesh.h:309 source/Development/Src/Engine/Src/ProcBuilding.cpp:1309 source/Development/Src/Engine/Src/UnActor.cpp:4273
A-fatal?,632,UMaterialExpression,Outputs,TArrayNoInit<FExpressionOutput>,1,1,source/Development/Src/Engine/Inc/EngineMaterialClasses.h,245,0,65,12,0,21,5,18,1,source/Development/Src/Core/Inc/UnObjBas.h:2315 source/Development/Src/Core/Src/UnObj.cpp:4534 source/Development/Src/Engine/Debugger/UnDebuggerInterface.h:101
A-fatal?,631,ULevel,CoverLinkRefs,TArray<class ACoverLink*>,1,1,source/Development/Src/Engine/Inc/UnLevel.h,788,0,28,12,0,15,12,6,1,source/Development/Src/Engine/Inc/EngineClasses.h:11191 source/Development/Src/Engine/Inc/UnLevel.h:1027 source/Development/Src/Engine/Src/CoverGroupRenderingComponent.cpp:24
A-fatal?,606,USkeletalMeshComponent,ActiveMorphs,TArrayNoInit<FActiveMorph>,1,1,source/Development/Src/Engine/Inc/UnSkeletalMesh.h,411,0,56,8,0,10,8,8,1,source/Development/Src/Engine/Src/UnSequence.cpp:12089 source/Development/Src/Engine/Src/UnSkeletalComponent.cpp:186 source/Development/Src/Engine/Src/UnSkeletalComponent.cpp:678
A-fatal?,577,UInterpTrackAnimControl,AnimSets,TArrayNoInit<class UAnimSet*>,1,1,source/Development/Src/Engine/Inc/EngineInterpolationClasses.h,905,0,58,9,0,8,3,15,1,source/Development/Src/DishonoredGame/Src/dishonoredpawn.cpp:171 source/Development/Src/Engine/Inc/EngineAnimClasses.h:353 source/Development/Src/Engine/Inc/EngineAnimClasses.h:355
A-fatal?,575,USkeletalMeshComponent,AnimTickArray,TArray<UAnimNode*>,1,1,source/Development/Src/Engine/Inc/UnSkeletalMesh.h,404,0,21,7,0,6,8,5,2,source/Development/Src/DishonoredGame/Src/dishonoredanimnodetreeref.cpp:79 source/Development/Src/DishonoredGame/Src/dishonoredanimnodetreeref_dynamic.cpp:186 source/Development/Src/DishonoredGame/Src/dishonoredanimnodetreeref_dynamic.cpp:188
A-fatal?,546,USkeletalMesh,ClothingAssets,TArray<class UApexClothingAsset *>,1,1,source/Development/Src/Engine/Inc/UnSkeletalMesh.h,3641,0,7,3,0,5,5,2,2,source/Development/Src/Engine/Inc/EnginePhysicsClasses.h:917 source/Development/Src/Engine/Src/UnActorFactory.cpp:1905 source/Development/Src/Engine/Src/UnActorFactory.cpp:1905
A-fatal?,525,ASkeletalMeshActor,InterpGroupList,TArrayNoInit<class UInterpGroup*>,1,1,source/Development/Src/Engine/Inc/EngineAnimClasses.h,280,0,6,6,0,2,2,4,0,source/Development/Src/Engine/Inc/EngineAnimClasses.h:424 source/Development/Src/Engine/Inc/EnginePawnClasses.h:484 source/Development/Src/Engine/Src/UnPawn.cpp:3379
A-fatal?,516,USkeletalMeshComponent,SoftBodyTetraPosData,TArray<FVector>,1,1,source/Development/Src/Engine/Inc/UnSkeletalMesh.h,490,0,9,2,0,0,2,3,1,source/Development/Src/Engine/Src/UnPhysSkelComponent.cpp:51 source/Development/Src/Engine/Src/UnPhysSkelComponent.cpp:151 source/Development/Src/Engine/Src/UnPhysSkelComponent.cpp:154
A-fatal?,514,UInterpData,InterpGroups,TArrayNoInit<class UInterpGroup*>,1,1,source/Development/Src/Engine/Inc/EngineSequenceClasses.h,4740,0,9,1,0,3,0,6,0,source/Development/Src/Engine/Inc/EngineInterpolationClasses.h:2659 source/Development/Src/Engine/Inc/EngineSequenceClasses.h:4769 source/Development/Src/Engine/Src/matineedata.cpp:39
B-shared-write?,179,UMaterialExpressionFontSampleParameter,Group,FName,0,1,source/Development/Src/Engine/Inc/EngineMaterialClasses.h,1188,0,459,111,21,43,0,44,4,source/Development/Src/Core/Inc/UnCorObj.h:31 source/Development/Src/Core/Inc/UnStats.h:509 source/Development/Src/Core/Inc/UnStats.h:510
B-shared-write?,179,UMaterialExpressionParameter,Group,FName,0,1,source/Development/Src/Engine/Inc/EngineMaterialClasses.h,1971,0,459,111,21,43,0,44,4,source/Development/Src/Core/Inc/UnCorObj.h:31 source/Development/Src/Core/Inc/UnStats.h:509 source/Development/Src/Core/Inc/UnStats.h:510
B-shared-write?,179,UMaterialExpressionTextureSampleParameter,Group,FName,0,1,source/Development/Src/Engine/Inc/EngineMaterialClasses.h,2774,0,459,111,21,43,0,44,4,source/Development/Src/Core/Inc/UnCorObj.h:31 source/Development/Src/Core/Inc/UnStats.h:509 source/Development/Src/Core/Inc/UnStats.h:510
B-shared-write?,11,UMaterial,bAllowFog,BITFIELD,0,1,source/Development/Src/Engine/Inc/EngineMaterialClasses.h,3975,1,7,5,0,1,0,5,0,source/Development/Src/Engine/Inc/Mobile.h:763 source/Development/Src/Engine/Src/BasePassRendering.cpp:129 source/Development/Src/Engine/Src/BasePassRendering.cpp:129
D-unused,0,UNavigationHandle,bDebug_Breadcrumbs,BITFIELD,0,0,source/Development/Src/Engine/Inc/EngineAIClasses.h,1227,0,0,0,0,0,0,0,0,
D-unused,0,UAnimNotify_PlayParticleEffect,PSNonExtremeContentTemplate,class UParticleSystem*,0,0,source/Development/Src/Engine/Inc/EngineAnimClasses.h,1629,0,0,0,0,0,0,0,0,
D-unused,0,UAnimNotify_PlayParticleEffect,BoneSocketModuleActorName,FName,0,0,source/Development/Src/Engine/Inc/EngineAnimClasses.h,1630,0,0,0,0,0,0,0,1,
D-unused,0,UAnimTree,PreviewSkelMesh_DEPRECATED,class USkeletalMesh*,0,0,source/Development/Src/Engine/Inc/EngineAnimClasses.h,3717,0,0,0,0,0,0,0,0,
D-unused,0,UAnimTree,SocketSkelMesh_DEPRECATED,class USkeletalMesh*,0,0,source/Development/Src/Engine/Inc/EngineAnimClasses.h,3718,0,0,0,0,0,0,0,0,
D-unused,0,UAnimTree,SocketStaticMesh_DEPRECATED,class UStaticMesh*,0,0,source/Development/Src/Engine/Inc/EngineAnimClasses.h,3719,0,0,0,0,0,0,0,0,
D-unused,0,UAnimTree,SocketName_DEPRECATED,FName,0,0,source/Development/Src/Engine/Inc/EngineAnimClasses.h,3720,0,0,0,0,0,0,0,0,
D-unused,0,UAnimTree,PreviewAnimSets_DEPRECATED,TArrayNoInit<class UAnimSet*>,1,0,source/Development/Src/Engine/Inc/EngineAnimClasses.h,3721,0,0,0,0,0,0,0,0,
D-unused,0,UAnimTree,PreviewMorphSets_DEPRECATED,TArrayNoInit<class UMorphTargetSet*>,1,0,source/Development/Src/Engine/Inc/EngineAnimClasses.h,3722,0,0,0,0,0,0,0,0,
D-unused,0,UAnimTree,AnimNodeFrames,TArrayNoInit<class UAnimNodeFrame*>,1,0,source/Development/Src/Engine/Inc/EngineAnimClasses.h,3734,0,0,0,0,0,0,0,0,
D-unused,0,ACamera,bUseClientSideCameraUpdates,BITFIELD,0,0,source/Development/Src/Engine/Inc/EngineCameraClasses.h,178,0,0,0,0,0,0,0,0,
D-unused,0,ACamera,bDebugClientSideCamera,BITFIELD,0,0,source/Development/Src/Engine/Inc/EngineCameraClasses.h,179,0,0,0,0,0,0,0,0,
D-unused,0,ACamera,bShouldSendClientSideCameraUpdate,BITFIELD,0,0,source/Development/Src/Engine/Inc/EngineCameraClasses.h,180,0,0,0,0,0,0,0,0,
D-unused,0,ACamera,CamPostProcessSettings,struct FPostProcessSettings,0,0,source/Development/Src/Engine/Inc/EngineCameraClasses.h,181,0,0,0,0,0,0,0,0,
D-unused,0,ACamera,AnimInstPool,class UCameraAnimInst*,0,0,source/Development/Src/Engine/Inc/EngineCameraClasses.h,183,0,0,0,0,0,0,0,0,
D-unused,0,ACameraActor,bCamOverridePostProcess_DEPRECATED,BITFIELD,0,0,source/Development/Src/Engine/Inc/EngineCameraClasses.h,317,0,0,0,0,0,0,0,0,
D-unused,0,AActor,bHiddenEdGroup_DEPRECATED,BITFIELD,0,0,source/Development/Src/Engine/Inc/EngineClasses.h,2514,0,0,0,0,0,0,0,0,
D-unused,0,AActor,bDebugEffectIsRelevant,BITFIELD,0,0,source/Development/Src/Engine/Inc/EngineClasses.h,2517,0,0,0,0,0,0,0,0,
D-unused,0,AActor,Group_DEPRECATED,FName,0,0,source/Development/Src/Engine/Inc/EngineClasses.h,2520,0,0,0,0,0,0,0,0,
D-unused,0,APhysicsVolume,bNoInventory,BITFIELD,0,0,source/Development/Src/Engine/Inc/EngineClasses.h,5159,0,0,0,0,0,0,0,0,
D-unused,0,AInterpActor,bDestroyProjectilesOnEncroach,BITFIELD,0,0,source/Development/Src/Engine/Inc/EngineClasses.h,6060,0,0,0,0,0,0,0,0,
D-unused,0,AInterpActor,OpenSound,class USoundCue*,0,0,source/Development/Src/Engine/Inc/EngineClasses.h,6061,0,0,0,0,0,0,0,0,
D-unused,0,AInterpActor,OpeningAmbientSound,class USoundCue*,0,0,source/Development/Src/Engine/Inc/EngineClasses.h,6062,0,0,0,0,0,0,0,0,
D-unused,0,AInterpActor,OpenedSound,class USoundCue*,0,0,source/Development/Src/Engine/Inc/EngineClasses.h,6063,0,0,0,0,0,0,0,0,
D-unused,0,AInterpActor,CloseSound,class USoundCue*,0,0,source/Development/Src/Engine/Inc/EngineClasses.h,6064,0,0,0,0,0,0,0,0,
D-unused,0,AInterpActor,ClosingAmbientSound,class USoundCue*,0,0,source/Development/Src/Engine/Inc/EngineClasses.h,6065,0,0,0,0,0,0,0,0,
D-unused,0,AInterpActor,ClosedSound,class USoundCue*,0,0,source/Development/Src/Engine/Inc/EngineClasses.h,6066,0,0,0,0,0,0,0,0,
D-unused,0,AInterpActor,AmbientSoundComponent,class UAudioComponent*,0,0,source/Development/Src/Engine/Inc/EngineClasses.h,6067,0,0,0,0,0,0,0,1,
D-unused,0,AHUD,bRenderFullScreen,BITFIELD,0,0,source/Development/Src/Engine/Inc/EngineClasses.h,6787,0,0,0,0,0,0,0,0,
D-unused,0,AHUD,bScaleCanvasForCinematicMode,BITFIELD,0,0,source/Development/Src/Engine/Inc/EngineClasses.h,6788,0,0,0,0,0,0,0,0,
D-unused,0,UOnlineSubsystem,NewsInterface,TScriptInterface<class IInterface>,0,0,source/Development/Src/Engine/Inc/EngineClasses.h,8608,0,0,0,0,0,0,0,0,
D-unused,0,UOnlineSubsystem,PartyChatInterface,TScriptInterface<class IInterface>,0,0,source/Development/Src/Engine/Inc/EngineClasses.h,8609,0,0,0,0,0,0,0,0,
D-unused,0,UOnlineSubsystem,TitleFileCacheInterface,TScriptInterface<class IInterface>,0,0,source/Development/Src/Engine/Inc/EngineClasses.h,8610,0,0,0,0,0,0,0,0,
D-unused,0,UOnlineSubsystem,UserCloudInterface,TScriptInterface<class IInterface>,0,0,source/Development/Src/Engine/Inc/EngineClasses.h,8611,0,0,0,0,0,0,0,0,
D-unused,0,UOnlineSubsystem,SharedCloudInterface,TScriptInterface<class IInterface>,0,0,source/Development/Src/Engine/Inc/EngineClasses.h,8612,0,0,0,0,0,0,0,0,
D-unused,0,UOnlineSubsystem,SocialInterface,TScriptInterface<class IInterface>,0,0,source/Development/Src/Engine/Inc/EngineClasses.h,8613,0,0,0,0,0,0,0,0,
D-unused,0,AAutoTestManager,bExitOnCyclesComplete,BITFIELD,0,0,source/Development/Src/Engine/Inc/EngineClasses.h,9077,0,0,0,0,0,0,0,0,
D-unused,0,APylon,bUseRecast,BITFIELD,0,0,source/Development/Src/Engine/Inc/EngineClasses.h,9887,0,0,0,0,0,0,0,0,
D-unused,0,APylon,OnBuild_DisableCollisionForThese,TArrayNoInit<class AActor*>,1,0,source/Development/Src/Engine/Inc/EngineClasses.h,9890,0,0,0,0,0,0,0,0,
D-unused,0,APylon,OnBuild_EnableCollisionForThese,TArrayNoInit<class AActor*>,1,0,source/Development/Src/Engine/Inc/EngineClasses.h,9891,0,0,0,0,0,0,0,0,
D-unused,0,AGameInfo,bDelayedStart,BITFIELD,0,0,source/Development/Src/Engine/Inc/EngineClasses.h,11613,0,0,0,0,0,0,0,0,
D-unused,0,AGameInfo,SecondaryHUDType,class UClass*,0,0,source/Development/Src/Engine/Inc/EngineClasses.h,11615,0,0,0,0,0,0,0,0,
D-unused,0,AGameInfo,AccessControlClass,class UClass*,0,0,source/Development/Src/Engine/Inc/EngineClasses.h,11616,0,0,0,0,0,0,0,0,
D-unused,0,AGameInfo,AccessControl,class AAccessControl*,0,0,source/Development/Src/Engine/Inc/EngineClasses.h,11617,0,0,0,0,0,0,0,0,
D-unused,0,AGameInfo,PlayerReplicationInfoClass,class UClass*,0,0,source/Development/Src/Engine/Inc/EngineClasses.h,11618,0,0,0,0,0,0,0,0,
D-unused,0,AGameInfo,PopulationManagerClass,class UClass*,0,0,source/Development/Src/Engine/Inc/EngineClasses.h,11620,0,0,0,0,0,0,0,0,
D-unused,0,AGameInfo,InactivePRIArray,TArrayNoInit<class APlayerReplicationInfo*>,1,0,source/Development/Src/Engine/Inc/EngineClasses.h,11621,0,0,0,0,0,0,0,1,
D-unused,0,AGameInfo,CoverReplicatorBase,class ACoverReplicator*,0,0,source/Development/Src/Engine/Inc/EngineClasses.h,11623,0,0,0,0,0,0,0,0,
D-unused,0,AGameInfo,OnlineGameSettingsClass,class UClass*,0,0,source/Development/Src/Engine/Inc/EngineClasses.h,11624,0,0,0,0,0,0,0,0,
D-unused,0,APlayerStart,bBestStart,BITFIELD,0,0,source/Development/Src/Engine/Inc/EngineClasses.h,12488,0,0,0,0,0,0,0,0,
D-unused,0,AStaticMeshActor,bProxy,BITFIELD,0,0,source/Development/Src/Engine/Inc/EngineClasses.h,12914,0,0,0,0,0,0,0,0,
D-unused,0,AStaticMeshActor,bHiddenByProxy,BITFIELD,0,0,source/Development/Src/Engine/Inc/EngineClasses.h,12915,0,0,0,0,0,0,0,0,
D-unused,0,AStaticMeshActor,OldCastShadow,BITFIELD,0,0,source/Development/Src/Engine/Inc/EngineClasses.h,12916,0,0,0,0,0,0,0,0,
D-unused,0,AStaticMeshActor,OldAcceptsLights,BITFIELD,0,0,source/Development/Src/Engine/Inc/EngineClasses.h,12917,0,0,0,0,0,0,0,0,
D-unused,0,AStaticMeshActor,OldCollisionType,BYTE,0,0,source/Development/Src/Engine/Inc/EngineClasses.h,12918,0,0,0,0,0,0,0,1,
D-unused,0,UActorFactory,bShowInEditorQuickMenu,BITFIELD,0,0,source/Development/Src/Engine/Inc/EngineClasses.h,13865,0,0,0,0,0,0,0,0,
D-unused,0,UBookMark,HiddenLevels,TArrayNoInit<FString>,1,0,source/Development/Src/Engine/Inc/EngineClasses.h,14480,0,0,0,0,0,0,0,1,
D-unused,0,UDamageType,VehicleDamageScaling,FLOAT,0,0,source/Development/Src/Engine/Inc/EngineClasses.h,15000,0,0,0,0,0,0,0,0,
D-unused,0,UDamageType,VehicleMomentumScaling,FLOAT,0,0,source/Development/Src/Engine/Inc/EngineClasses.h,15001,0,0,0,0,0,0,0,0,
D-unused,0,UIniLocPatcher,bRequestEmsFileList,BITFIELD,0,0,source/Development/Src/Engine/Inc/EngineClasses.h,17941,0,0,0,0,0,0,0,0,
D-unused,0,UIniLocPatcher,MaxCachedFileAge,INT,0,0,source/Development/Src/Engine/Inc/EngineClasses.h,17942,0,0,0,0,0,0,0,0,
D-unused,0,UIniLocPatcher,TitleFileCacheInterface,TScriptInterface<class IInterface>,0,0,source/Development/Src/Engine/Inc/EngineClasses.h,17943,0,0,0,0,0,0,0,0,
D-unused,0,ULocalPlayer,CachedAuthInt,TScriptInterface<class IOnlineAuthInterface>,0,0,source/Development/Src/Engine/Inc/EngineClasses.h,19599,0,0,0,0,0,0,0,0,
D-unused,0,AController,bEarlyOutOfSighTestsForSameType,BITFIELD,0,0,source/Development/Src/Engine/Inc/EngineControllerClasses.h,411,0,0,0,0,0,0,0,0,
D-unused,0,FDebugTextInfo,OrigActorLocation,FVector,0,0,source/Development/Src/Engine/Inc/EngineControllerClasses.h,1144,0,0,0,0,0,0,0,0,
D-unused,0,APlayerController,bShowKismetDrawText,BITFIELD,0,0,source/Development/Src/Engine/Inc/EngineControllerClasses.h,1859,0,0,0,0,0,0,0,0,
D-unused,0,APlayerController,bBlockCameraAnimsFromOverridingPostProcess,BITFIELD,0,0,source/Development/Src/Engine/Inc/EngineControllerClasses.h,1861,0,0,0,0,0,0,0,0,
D-unused,0,APlayerController,VoiceMuteList,TArrayNoInit<struct FUniqueNetId>,1,0,source/Development/Src/Engine/Inc/EngineControllerClasses.h,1865,0,0,0,0,0,0,0,0,
D-unused,0,APlayerController,GameplayVoiceMuteList,TArrayNoInit<struct FUniqueNetId>,1,0,source/Development/Src/Engine/Inc/EngineControllerClasses.h,1866,0,0,0,0,0,0,0,0,
D-unused,0,APlayerController,MigratedSearchToJoin,class UOnlineGameSearch*,0,0,source/Development/Src/Engine/Inc/EngineControllerClasses.h,1870,0,0,0,0,0,0,0,0,
D-unused,0,APlayerController,InputRequests,TArrayNoInit<struct FInputMatchRequest>,1,0,source/Development/Src/Engine/Inc/EngineControllerClasses.h,1872,0,0,0,0,0,0,0,0,
D-unused,0,APlayerController,MyCoverReplicator,class ACoverReplicator*,0,0,source/Development/Src/Engine/Inc/EngineControllerClasses.h,1873,0,0,0,0,0,0,0,0,
D-unused,0,UDecalComponent,bDecalMaterialSetAtRunTime,BITFIELD,0,0,source/Development/Src/Engine/Inc/EngineDecalClasses.h,253,0,0,0,0,0,0,0,0,
D-unused,0,FApexModuleDestructibleSettings,MaxShapeCount,INT,0,0,source/Development/Src/Engine/Inc/EngineGameEngineClasses.h,215,0,0,0,0,0,0,0,0,
D-unused,0,FApexModuleDestructibleSettings,bOverrideMaxChunkSeparationLOD,BITFIELD,0,0,source/Development/Src/Engine/Inc/EngineGameEngineClasses.h,216,0,0,0,0,0,0,0,0,
D-unused,0,FLightmassWorldInfoSettings,bEnableAdvancedEnvironmentColor,BITFIELD,0,0,source/Development/Src/Engine/Inc/EngineGameEngineClasses.h,318,0,0,0,0,0,0,0,0,
D-unused,0,FLightmassWorldInfoSettings,EnvironmentSunColor,FColor,0,0,source/Development/Src/Engine/Inc/EngineGameEngineClasses.h,319,0,0,0,0,0,0,0,0,
D-unused,0,FLightmassWorldInfoSettings,EnvironmentSunIntensity,FLOAT,0,0,source/Development/Src/Engine/Inc/EngineGameEngineClasses.h,320,0,0,0,0,0,0,0,0,
D-unused,0,FLightmassWorldInfoSettings,EnvironmentLightTerminatorAngle,FLOAT,0,0,source/Development/Src/Engine/Inc/EngineGameEngineClasses.h,321,0,0,0,0,0,0,0,0,
D-unused,0,FLightmassWorldInfoSettings,EnvironmentLightDirection,FVector,0,0,source/Development/Src/Engine/Inc/EngineGameEngineClasses.h,322,0,0,0,0,0,0,0,0,
D-unused,0,FLightmassWorldInfoSettings,bEnableImageReflectionShadowing,BITFIELD,0,0,source/Development/Src/Engine/Inc/EngineGameEngineClasses.h,323,0,0,0,0,0,0,0,0,
D-unused,0,FLightmassWorldInfoSettings,bCompressShadowmap,BITFIELD,0,0,source/Development/Src/Engine/Inc/EngineGameEngineClasses.h,324,0,0,0,0,0,0,0,0,
D-unused,0,AWorldInfo,bSuspendAI,BITFIELD,0,0,source/Development/Src/Engine/Inc/EngineGameEngineClasses.h,670,0,0,0,0,0,0,0,0,
D-unused,0,AWorldInfo,bNoMobileMapWarnings,BITFIELD,0,0,source/Development/Src/Engine/Inc/EngineGameEngineClasses.h,672,0,0,0,0,0,0,0,0,
D-unused,0,AWorldInfo,bHaveActiveCrowd,BITFIELD,0,0,source/Development/Src/Engine/Inc/EngineGameEngineClasses.h,676,0,0,0,0,0,0,0,0,
D-unused,0,AWorldInfo,VisibleGroups_DEPRECATED,FStringNoInit,0,0,source/Development/Src/Engine/Inc/EngineGameEngineClasses.h,686,0,0,0,0,0,0,0,0,
D-unused,0,AWorldInfo,PreferredLightmapType,BYTE,0,0,source/Development/Src/Engine/Inc/EngineGameEngineClasses.h,688,0,0,0,0,0,0,0,0,
D-unused,0,AWorldInfo,LevelLightingQuality,BYTE,0,0,source/Development/Src/Engine/Inc/EngineGameEngineClasses.h,689,0,0,0,0,0,0,0,0,
D-unused,0,AWorldInfo,FractureManagerClassPath,FStringNoInit,0,0,source/Development/Src/Engine/Inc/EngineGameEngineClasses.h,696,0,0,0,0,0,0,0,0,
D-unused,0,AWorldInfo,ApexDestructionLODResourceValue,FLOAT,0,0,source/Development/Src/Engine/Inc/EngineGameEngineClasses.h,700,0,0,0,0,0,0,0,0,
D-unused,0,AWorldInfo,ApexClothingLODResourceValue,FLOAT,0,0,source/Development/Src/Engine/Inc/EngineGameEngineClasses.h,701,0,0,0,0,0,0,0,0,
D-unused,0,AWorldInfo,LMLevelSettings_DEPRECATED,class UDEPRECATED_LightmassLevelSettings*,0,0,source/Development/Src/Engine/Inc/EngineGameEngineClasses.h,706,0,0,0,0,0,0,0,0,
D-unused,0,AWorldInfo,LandscapeInfoMap,"TMap< FGuid, class ULandscapeInfo* >",1,0,source/Development/Src/Engine/Inc/EngineGameEngineClasses.h,707,0,0,0,0,0,0,0,0,
D-unused,0,UEngine,MobileEmulationMasterMaterial,class UMaterial*,0,0,source/Development/Src/Engine/Inc/EngineGameEngineClasses.h,1698,0,0,0,0,0,0,0,0,
D-unused,0,UEngine,MobileEmulationMasterMaterialName,FStringNoInit,0,0,source/Development/Src/Engine/Inc/EngineGameEngineClasses.h,1699,0,0,0,0,0,0,0,0,
D-unused,0,UEngine,ImageReflectionTextureSize,INT,0,0,source/Development/Src/Engine/Inc/EngineGameEngineClasses.h,1707,0,0,0,0,0,0,0,0,
D-unused,0,UEngine,LandscapeHolePhysMaterialName,FStringNoInit,0,0,source/Development/Src/Engine/Inc/EngineGameEngineClasses.h,1709,0,0,0,0,0,0,0,0,
D-unused,0,UEngine,ApexDamageParams,class UApexDestructibleDamageParameters*,0,0,source/Development/Src/Engine/Inc/EngineGameEngineClasses.h,1710,0,0,0,0,0,0,0,0,
D-unused,0,UEngine,ApexDamageParamsName,FStringNoInit,0,0,source/Development/Src/Engine/Inc/EngineGameEngineClasses.h,1711,0,0,0,0,0,0,0,0,
D-unused,0,UEngine,ScreenDoorNoiseTextureName,FStringNoInit,0,0,source/Development/Src/Engine/Inc/EngineGameEngineClasses.h,1713,0,0,0,0,0,0,0,0,
D-unused,0,UEngine,ImageGrainNoiseTextureName,FStringNoInit,0,0,source/Development/Src/Engine/Inc/EngineGameEngineClasses.h,1715,0,0,0,0,0,0,0,0,
D-unused,0,UMaterialExpression,EditorX_DEPRECATED,INT,0,0,source/Development/Src/Engine/Inc/EngineMaterialClasses.h,238,0,0,0,0,0,0,0,1,
D-unused,0,UMaterialExpression,EditorY_DEPRECATED,INT,0,0,source/Development/Src/Engine/Inc/EngineMaterialClasses.h,239,0,0,0,0,0,0,0,0,
D-unused,0,UMaterialExpression,bShowInputs,BITFIELD,0,0,source/Development/Src/Engine/Inc/EngineMaterialClasses.h,240,0,0,0,0,0,0,0,0,
D-unused,0,UMaterialExpression,bShowOutputs,BITFIELD,0,0,source/Development/Src/Engine/Inc/EngineMaterialClasses.h,241,0,0,0,0,0,0,0,0,
D-unused,0,UMaterialInterface,bAutoFlattenMobile,BITFIELD,0,0,source/Development/Src/Engine/Inc/EngineMaterialClasses.h,3207,0,0,0,0,0,0,0,0,
D-unused,0,UMaterialInterface,bAutoFlattenMobileNormalTexture,BITFIELD,0,0,source/Development/Src/Engine/Inc/EngineMaterialClasses.h,3208,0,0,0,0,0,0,0,0,
D-unused,0,UMaterialInterface,bMobileEnableBounceLight,BITFIELD,0,0,source/Development/Src/Engine/Inc/EngineMaterialClasses.h,3225,0,0,0,0,0,0,0,0,
D-unused,0,UMaterialInterface,FlattenBackgroundColor,FColor,0,0,source/Development/Src/Engine/Inc/EngineMaterialClasses.h,3227,0,0,0,0,0,0,0,0,
D-unused,0,UMaterialInterface,SubUVFrameRate,FLOAT,0,0,source/Development/Src/Engine/Inc/EngineMaterialClasses.h,3244,0,0,0,0,0,0,0,0,
D-unused,0,UMaterialInterface,DefaultUniformColor_DEPRECATED,FLinearColor,0,0,source/Development/Src/Engine/Inc/EngineMaterialClasses.h,3266,0,0,0,0,0,0,0,0,
D-unused,0,UMaterialInterface,TransformCenterX_DEPRECATED,FLOAT,0,0,source/Development/Src/Engine/Inc/EngineMaterialClasses.h,3268,0,0,0,0,0,0,0,0,
D-unused,0,UMaterialInterface,TransformCenterY_DEPRECATED,FLOAT,0,0,source/Development/Src/Engine/Inc/EngineMaterialClasses.h,3270,0,0,0,0,0,0,0,0,
D-unused,0,UMaterialInterface,PannerSpeedX_DEPRECATED,FLOAT,0,0,source/Development/Src/Engine/Inc/EngineMaterialClasses.h,3272,0,0,0,0,0,0,0,0,
D-unused,0,UMaterialInterface,PannerSpeedY_DEPRECATED,FLOAT,0,0,source/Development/Src/Engine/Inc/EngineMaterialClasses.h,3274,0,0,0,0,0,0,0,0,
D-unused,0,UMaterialInterface,RotateSpeed_DEPRECATED,FLOAT,0,0,source/Development/Src/Engine/Inc/EngineMaterialClasses.h,3276,0,0,0,0,0,0,0,0,
D-unused,0,UMaterialInterface,FixedScaleX_DEPRECATED,FLOAT,0,0,source/Development/Src/Engine/Inc/EngineMaterialClasses.h,3278,0,0,0,0,0,0,0,0,
D-unused,0,UMaterialInterface,FixedScaleY_DEPRECATED,FLOAT,0,0,source/Development/Src/Engine/Inc/EngineMaterialClasses.h,3280,0,0,0,0,0,0,0,0,
D-unused,0,UMaterialInterface,SineScaleX_DEPRECATED,FLOAT,0,0,source/Development/Src/Engine/Inc/EngineMaterialClasses.h,3282,0,0,0,0,0,0,0,0,
D-unused,0,UMaterialInterface,SineScaleY_DEPRECATED,FLOAT,0,0,source/Development/Src/Engine/Inc/EngineMaterialClasses.h,3284,0,0,0,0,0,0,0,0,
D-unused,0,UMaterialInterface,SineScaleFrequencyMultipler_DEPRECATED,FLOAT,0,0,source/Development/Src/Engine/Inc/EngineMaterialClasses.h,3286,0,0,0,0,0,0,0,0,
D-unused,0,UMaterialInterface,FixedOffsetX_DEPRECATED,FLOAT,0,0,source/Development/Src/Engine/Inc/EngineMaterialClasses.h,3288,0,0,0,0,0,0,0,0,
D-unused,0,UMaterialInterface,FixedOffsetY_DEPRECATED,FLOAT,0,0,source/Development/Src/Engine/Inc/EngineMaterialClasses.h,3290,0,0,0,0,0,0,0,0,
D-unused,0,UMaterialInterface,MobileDirectionalLightDirection,FVector,0,0,source/Development/Src/Engine/Inc/EngineMaterialClasses.h,3297,0,0,0,0,0,0,0,0,
D-unused,0,UMaterialInterface,MobileDirectionalLightBrightness,FLOAT,0,0,source/Development/Src/Engine/Inc/EngineMaterialClasses.h,3298,0,0,0,0,0,0,0,0,
D-unused,0,UMaterialInterface,MobileDirectionalLightColor,FColor,0,0,source/Development/Src/Engine/Inc/EngineMaterialClasses.h,3299,0,0,0,0,0,0,0,0,
D-unused,0,UMaterialInterface,MobileBounceLightDirection,FVector,0,0,source/Development/Src/Engine/Inc/EngineMaterialClasses.h,3300,0,0,0,0,0,0,0,0,
D-unused,0,UMaterialInterface,MobileBounceLightBrightness,FLOAT,0,0,source/Development/Src/Engine/Inc/EngineMaterialClasses.h,3301,0,0,0,0,0,0,0,0,
D-unused,0,UMaterialInterface,MobileBounceLightColor,FColor,0,0,source/Development/Src/Engine/Inc/EngineMaterialClasses.h,3302,0,0,0,0,0,0,0,0,
D-unused,0,UMaterialInterface,MobileSkyLightBrightness,FLOAT,0,0,source/Development/Src/Engine/Inc/EngineMaterialClasses.h,3303,0,0,0,0,0,0,0,0,
D-unused,0,UMaterialInterface,MobileSkyLightColor,FColor,0,0,source/Development/Src/Engine/Inc/EngineMaterialClasses.h,3304,0,0,0,0,0,0,0,0,
D-unused,0,UMaterialInterface,MobileLandscapeLayerNames,FName,0,0,source/Development/Src/Engine/Inc/EngineMaterialClasses.h,3305,0,0,0,0,0,0,0,0,
D-unused,0,UPhysXParticleSystem,StaticFrictionWithStaticShapes,FLOAT,0,0,source/Development/Src/Engine/Inc/EngineParticleClasses.h,7211,0,0,0,0,0,0,0,0,
D-unused,0,UPhysXParticleSystem,StaticFrictionWithDynamicShapes,FLOAT,0,0,source/Development/Src/Engine/Inc/EngineParticleClasses.h,7212,0,0,0,0,0,0,0,0,
D-unused,0,APawn,bNoWeaponFiring,BITFIELD,0,0,source/Development/Src/Engine/Inc/EnginePawnClasses.h,502,0,0,0,0,0,0,0,0,
D-unused,0,APawn,KismetDeathDelayTime,FLOAT,0,0,source/Development/Src/Engine/Inc/EnginePawnClasses.h,515,0,0,0,0,0,0,0,0,
D-unused,0,APawn,InventoryManagerClass,class UClass*,0,0,source/Development/Src/Engine/Inc/EnginePawnClasses.h,521,0,0,0,0,0,0,0,0,
D-unused,0,APawn,LastFiringFlashLocation,FVector,0,0,source/Development/Src/Engine/Inc/EnginePawnClasses.h,525,0,0,0,0,0,0,0,0,
D-unused,0,APawn,ShotCount,INT,0,0,source/Development/Src/Engine/Inc/EnginePawnClasses.h,526,0,0,0,0,0,0,0,0,
D-unused,0,AGameReplicationInfo,PRIArray,TArrayNoInit<class APlayerReplicationInfo*>,1,0,source/Development/Src/Engine/Inc/EngineReplicationInfoClasses.h,78,0,0,0,0,0,0,0,0,
D-unused,0,AGameReplicationInfo,InactivePRIArray,TArrayNoInit<class APlayerReplicationInfo*>,1,0,source/Development/Src/Engine/Inc/EngineReplicationInfoClasses.h,79,0,0,0,0,0,0,0,1,
D-unused,0,USequence,DelayedLatentOps,TArrayNoInit<class USequenceOp*>,1,0,source/Development/Src/Engine/Inc/EngineSequenceClasses.h,930,0,0,0,0,0,0,0,0,
D-unused,0,USeqAct_Latent,LatentActivationTime,FLOAT,0,0,source/Development/Src/Engine/Inc/EngineSequenceClasses.h,1762,0,0,0,0,0,0,0,0,
D-unused,0,UInterpData,BakeAndPruneStatus,TArrayNoInit<struct FAnimSetBakeAndPruneStatus>,1,0,source/Development/Src/Engine/Inc/EngineSequenceClasses.h,4748,0,0,0,0,0,0,0,0,
D-unused,0,UInterpData,CachedDirectorGroup,class UInterpGroupDirector*,0,0,source/Development/Src/Engine/Inc/EngineSequenceClasses.h,4749,0,0,0,0,0,0,0,1,
D-unused,0,USkeletalMeshSocket,PreviewParticleSystem,class UParticleSystem*,0,0,source/Development/Src/Engine/Inc/EngineSkeletalMeshClasses.h,66,0,0,0,0,0,0,0,0,
D-unused,0,UTexture2D,CachedFlashMipsMaxResolution,INT,0,0,source/Development/Src/Engine/Inc/EngineTextureClasses.h,630,0,0,0,0,0,0,0,0,
D-unused,0,UTexture2D,bIsEditorOnly,BITFIELD,0,0,source/Development/Src/Engine/Inc/EngineTextureClasses.h,632,0,0,0,0,0,0,0,0,
D-unused,0,UTexture2D,bHasBeenPaintedInEditor,BITFIELD,0,0,source/Development/Src/Engine/Inc/EngineTextureClasses.h,634,0,0,0,0,0,0,0,0,
D-unused,0,UUIDataProvider_OnlinePlayerStorage,bNeedsDeferredRefresh,BITFIELD,0,0,source/Development/Src/Engine/Inc/EngineUIPrivateClasses.h,330,0,0,0,0,0,0,0,0,
D-unused,0,UUIDataStore_Registry,RegistryData,TArrayNoInit<struct FRegistryKeyValuePair>,1,0,source/Development/Src/Engine/Inc/EngineUIPrivateClasses.h,873,0,0,0,0,0,0,0,1,
D-unused,0,UUIDataStore_OnlinePlayerData,FriendMessagesProvider,class UUIDataProvider_OnlineFriendMessages*,0,0,source/Development/Src/Engine/Inc/EngineUIPrivateClasses.h,1159,0,0,0,0,0,0,0,0,
D-unused,0,UUIDataStore_OnlinePlayerData,PartyChatProvider,class UUIDataProvider_OnlinePartyChatList*,0,0,source/Development/Src/Engine/Inc/EngineUIPrivateClasses.h,1164,0,0,0,0,0,0,0,1,
D-unused,0,UUIRoot,BadCapsLocContexts,TArrayNoInit<FString>,1,0,source/Development/Src/Engine/Inc/EngineUserInterfaceClasses.h,369,?,0,0,0,0,0,0,1,
D-unused,0,UPlayerInput,aWiiUPointerX,FLOAT,0,0,source/Development/Src/Engine/Inc/EngineUserInterfaceClasses.h,1042,0,0,0,0,0,0,0,0,
D-unused,0,UPlayerInput,aWiiUPointerY,FLOAT,0,0,source/Development/Src/Engine/Inc/EngineUserInterfaceClasses.h,1043,0,0,0,0,0,0,0,0,
D-unused,0,FSystemSettings,bAllowD3D11,UBOOL,0,0,source/Development/Src/Engine/Inc/SystemSettings.h,390,?,0,0,0,0,0,0,0,
D-unused,0,FSystemSettings,bAllowOpenGL,UBOOL,0,0,source/Development/Src/Engine/Inc/SystemSettings.h,392,?,0,0,0,0,0,0,0,
D-unused,0,FSystemSettings,TessellationAdaptivePixelsPerTriangle,FLOAT,0,0,source/Development/Src/Engine/Inc/SystemSettings.h,402,?,0,0,0,0,0,0,0,
D-unused,0,FSystemSettings,MaxFilterBlurSampleCount,INT,0,0,source/Development/Src/Engine/Inc/SystemSettings.h,412,?,0,0,0,0,0,0,0,
D-unused,0,FSystemSettings,PerObjectShadowTransition,FLOAT,0,0,source/Development/Src/Engine/Inc/SystemSettings.h,416,?,0,0,0,0,0,0,0,
D-unused,0,FSystemSettings,PerSceneShadowTransition,FLOAT,0,0,source/Development/Src/Engine/Inc/SystemSettings.h,418,?,0,0,0,0,0,0,0,
D-unused,0,FSystemSettings,SecondaryDisplayMaximumWidth,INT,0,0,source/Development/Src/Engine/Inc/SystemSettings.h,432,?,0,0,0,0,0,0,0,
D-unused,0,FSystemSettings,SecondaryDisplayMaximumHeight,INT,0,0,source/Development/Src/Engine/Inc/SystemSettings.h,433,?,0,0,0,0,0,0,0,
D-unused,0,USkeletalMeshComponent,ApexClothingCollisionRBChannel,BYTE,0,0,source/Development/Src/Engine/Inc/UnSkeletalMesh.h,481,0,0,0,0,0,0,0,1,
D-unused,0,USkeletalMeshComponent,bAutoFreezeApexClothingWhenNotRendered,BITFIELD,0,0,source/Development/Src/Engine/Inc/UnSkeletalMesh.h,482,0,0,0,0,0,0,0,0,
D-unused,0,USkeletalMeshComponent,bLocalSpaceWind,BITFIELD,0,0,source/Development/Src/Engine/Inc/UnSkeletalMesh.h,483,0,0,0,0,0,0,0,0,
D-unused,0,USkeletalMeshComponent,WindVelocity,FVector,0,0,source/Development/Src/Engine/Inc/UnSkeletalMesh.h,484,0,0,0,0,0,0,0,1,
D-unused,0,USkeletalMeshComponent,WindVelocityBlendTime,FLOAT,0,0,source/Development/Src/Engine/Inc/UnSkeletalMesh.h,485,0,0,0,0,0,0,0,1,
D-unused,0,USkeletalMeshComponent,CachedFaceFXAudioComp,UAudioComponent*,0,0,source/Development/Src/Engine/Inc/UnSkeletalMesh.h,503,0,0,0,0,0,0,0,1,
D-unused,0,USkeletalMesh,ClothingLodMap,TArray<FApexClothingAssetInfo>,1,0,source/Development/Src/Engine/Inc/UnSkeletalMesh.h,3642,0,0,0,0,0,0,0,1,
D-unused,0,USkeletalMesh,SoftBodyBones,TArray<FName>,1,0,source/Development/Src/Engine/Inc/UnSkeletalMesh.h,3708,0,0,0,0,0,0,0,1,
D-unused,0,USkeletalMesh,bEnableSoftBodySelfCollision,BITFIELD,0,0,source/Development/Src/Engine/Inc/UnSkeletalMesh.h,3719,0,0,0,0,0,0,0,0,
D-unused,0,USkeletalMesh,SoftBodyDetailLevel,FLOAT,0,0,source/Development/Src/Engine/Inc/UnSkeletalMesh.h,3722,0,0,0,0,0,0,0,1,
D-unused,0,USkeletalMesh,SoftBodySubdivisionLevel,INT,0,0,source/Development/Src/Engine/Inc/UnSkeletalMesh.h,3723,0,0,0,0,0,0,0,1,
D-unused,0,USkeletalMesh,bSoftBodyIsoSurface,BITFIELD,0,0,source/Development/Src/Engine/Inc/UnSkeletalMesh.h,3724,0,0,0,0,0,0,0,0,
D-unused,0,USkeletalMesh,bUseClothingAssetMaterial,BITFIELD,0,0,source/Development/Src/Engine/Inc/UnSkeletalMesh.h,3732,0,0,0,0,0,0,0,0,
D-unused,0,UStaticMesh,LegacykDOPTree,LegacykDOPTreeType*,0,0,source/Development/Src/Engine/Inc/UnStaticMesh.h,1322,0,0,0,0,0,0,0,0,
D-unused,0,UWorld,SaveGameSummary_DEPRECATED,class UDEPRECATED_SaveGameSummary*,0,0,source/Development/Src/Engine/Inc/UnWorld.h,192,?,0,0,0,0,0,0,0,
D-unused,0,UWorld,RedirectNetDriver,class UNetDriver*,0,0,source/Development/Src/Engine/Inc/UnWorld.h,195,?,0,0,0,0,0,0,0,
D-unused,0,AGameCrowdAgent,PreferredVelocity,FVector,0,0,source/Development/Src/GameFramework/Inc/GameFrameworkClasses.h,1103,0,0,0,0,0,0,0,0,
D-unused,0,AGameCrowdAgent,BehaviorDestination,class AGameCrowdDestination*,0,0,source/Development/Src/GameFramework/Inc/GameFrameworkClasses.h,1105,0,0,0,0,0,0,0,0,
D-unused,0,AGameCrowdAgent,bUseNavMeshPathing,BITFIELD,0,0,source/Development/Src/GameFramework/Inc/GameFrameworkClasses.h,1111,0,0,0,0,0,0,0,0,
D-unused,0,AGameCrowdAgent,bWantsSeePlayerNotification,BITFIELD,0,0,source/Development/Src/GameFramework/Inc/GameFrameworkClasses.h,1112,0,0,0,0,0,0,0,0,
D-unused,0,AGameCrowdAgent,bHasNotifiedSpawner,BITFIELD,0,0,source/Development/Src/GameFramework/Inc/GameFrameworkClasses.h,1118,0,0,0,0,0,0,0,0,
D-unused,0,AGameCrowdAgent,MaxRunningSpeed,FLOAT,0,0,source/Development/Src/GameFramework/Inc/GameFrameworkClasses.h,1143,0,0,0,0,0,0,0,0,
D-unused,0,AGameCrowdAgent,RecentInteractions,TArrayNoInit<struct FRecentInteraction>,1,0,source/Development/Src/GameFramework/Inc/GameFrameworkClasses.h,1144,0,0,0,0,0,0,0,0,
D-unused,0,AGameCrowdAgent,BeaconOffset,FVector,0,0,source/Development/Src/GameFramework/Inc/GameFrameworkClasses.h,1146,0,0,0,0,0,0,0,0,
D-unused,0,AGameCrowdAgent,BeaconTexture,class UTexture2D*,0,0,source/Development/Src/GameFramework/Inc/GameFrameworkClasses.h,1147,0,0,0,0,0,0,0,0,
D-unused,0,AGameCrowdAgent,BeaconColor,FLinearColor,0,0,source/Development/Src/GameFramework/Inc/GameFrameworkClasses.h,1148,0,0,0,0,0,0,0,0,
D-unused,0,AGameCrowdAgent,AmbientSoundComponent,class UAudioComponent*,0,0,source/Development/Src/GameFramework/Inc/GameFrameworkClasses.h,1150,0,0,0,0,0,0,0,1,
D-unused,0,AGameCrowdAgent,SeePlayerBehaviors,TArrayNoInit<struct FBehaviorEntry>,1,0,source/Development/Src/GameFramework/Inc/GameFrameworkClasses.h,1154,0,0,0,0,0,0,0,0,
D-unused,0,AGameCrowdAgent,MaxSeePlayerDistSq,FLOAT,0,0,source/Development/Src/GameFramework/Inc/GameFrameworkClasses.h,1155,0,0,0,0,0,0,0,0,
D-unused,0,AGameCrowdAgent,SeePlayerInterval,FLOAT,0,0,source/Development/Src/GameFramework/Inc/GameFrameworkClasses.h,1156,0,0,0,0,0,0,0,0,
D-unused,0,AGameCrowdAgent,SpawnBehaviors,TArrayNoInit<struct FBehaviorEntry>,1,0,source/Development/Src/GameFramework/Inc/GameFrameworkClasses.h,1157,0,0,0,0,0,0,0,0,
D-unused,0,AGameCrowdAgent,UneasyBehaviors,TArrayNoInit<struct FBehaviorEntry>,1,0,source/Development/Src/GameFramework/Inc/GameFrameworkClasses.h,1158,0,0,0,0,0,0,0,0,
D-unused,0,AGameCrowdAgent,AlertBehaviors,TArrayNoInit<struct FBehaviorEntry>,1,0,source/Development/Src/GameFramework/Inc/GameFrameworkClasses.h,1159,0,0,0,0,0,0,0,0,
D-unused,0,AGameCrowdAgent,PanicBehaviors,TArrayNoInit<struct FBehaviorEntry>,1,0,source/Development/Src/GameFramework/Inc/GameFrameworkClasses.h,1160,0,0,0,0,0,0,0,0,
D-unused,0,AGameCrowdAgent,RandomBehaviors,TArrayNoInit<struct FBehaviorEntry>,1,0,source/Development/Src/GameFramework/Inc/GameFrameworkClasses.h,1161,0,0,0,0,0,0,0,0,
D-unused,0,AGameCrowdAgent,TakeDamageBehaviors,TArrayNoInit<struct FBehaviorEntry>,1,0,source/Development/Src/GameFramework/Inc/GameFrameworkClasses.h,1162,0,0,0,0,0,0,0,0,
D-unused,0,AGameCrowdAgent,RandomBehaviorInterval,FLOAT,0,0,source/Development/Src/GameFramework/Inc/GameFrameworkClasses.h,1163,0,0,0,0,0,0,0,0,
D-unused,0,AGameCrowdAgent,DesiredGroupRadius,FLOAT,0,0,source/Development/Src/GameFramework/Inc/GameFrameworkClasses.h,1165,0,0,0,0,0,0,0,0,
D-unused,0,AGameCrowdAgent,SpawnOffset,FVector,0,0,source/Development/Src/GameFramework/Inc/GameFrameworkClasses.h,1167,0,0,0,0,0,0,0,0,
D-unused,0,AGameCrowdAgent,DebugSpawnDest,class AGameCrowdDestination*,0,0,source/Development/Src/GameFramework/Inc/GameFrameworkClasses.h,1169,0,0,0,0,0,0,0,1,
D-unused,0,AGameCrowdAgentSkeletal,WalkSeqNode,class UAnimNodeSequence*,0,0,source/Development/Src/GameFramework/Inc/GameFrameworkClasses.h,1428,0,0,0,0,0,0,0,0,
D-unused,0,AGameCrowdAgentSkeletal,RunSeqNode,class UAnimNodeSequence*,0,0,source/Development/Src/GameFramework/Inc/GameFrameworkClasses.h,1429,0,0,0,0,0,0,0,0,
D-unused,0,AGameCrowdAgentSkeletal,WalkAnimNames,TArrayNoInit<FName>,1,0,source/Development/Src/GameFramework/Inc/GameFrameworkClasses.h,1431,0,0,0,0,0,0,0,0,
D-unused,0,AGameCrowdAgentSkeletal,RunAnimNames,TArrayNoInit<FName>,1,0,source/Development/Src/GameFramework/Inc/GameFrameworkClasses.h,1432,0,0,0,0,0,0,0,0,
D-unused,0,AGameCrowdAgentSkeletal,MaxTargetAcquireTime,FLOAT,0,0,source/Development/Src/GameFramework/Inc/GameFrameworkClasses.h,1439,0,0,0,0,0,0,0,0,
D-unused,0,AGameCrowdAgentSkeletal,bAnimateThisTick,BITFIELD,0,0,source/Development/Src/GameFramework/Inc/GameFrameworkClasses.h,1445,0,0,0,0,0,0,0,0,
D-unused,0,AGameCrowdAgentSkeletal,MaxAnimationDistance,FLOAT,0,0,source/Development/Src/GameFramework/Inc/GameFrameworkClasses.h,1447,0,0,0,0,0,0,0,0,
D-unused,0,AGameCrowdDestination,bAvoidWhenPanicked,BITFIELD,0,0,source/Development/Src/GameFramework/Inc/GameFrameworkClasses.h,1690,0,0,0,0,0,0,0,0,
D-unused,0,AGameCrowdDestination,bSkipBehaviorIfPanicked,BITFIELD,0,0,source/Development/Src/GameFramework/Inc/GameFrameworkClasses.h,1691,0,0,0,0,0,0,0,0,
D-unused,0,AGameCrowdDestination,bAllowCloudSpawning,BITFIELD,0,0,source/Development/Src/GameFramework/Inc/GameFrameworkClasses.h,1692,0,0,0,0,0,0,0,0,
D-unused,0,AGameCrowdDestination,bAllowVisibleSpawning,BITFIELD,0,0,source/Development/Src/GameFramework/Inc/GameFrameworkClasses.h,1693,0,0,0,0,0,0,0,0,
D-unused,0,AGameCrowdDestination,bCanSpawnHereNow,BITFIELD,0,0,source/Development/Src/GameFramework/Inc/GameFrameworkClasses.h,1694,0,0,0,0,0,0,0,0,
D-unused,0,AGameCrowdDestination,bHasNavigationMesh,BITFIELD,0,0,source/Development/Src/GameFramework/Inc/GameFrameworkClasses.h,1695,0,0,0,0,0,0,0,0,
D-unused,0,AGameCrowdDestination,ReachedBehaviors,TArrayNoInit<struct FBehaviorEntry>,1,0,source/Development/Src/GameFramework/Inc/GameFrameworkClasses.h,1696,0,0,0,0,0,0,0,0,
D-unused,0,AGameCrowdDestination,MyPopMgr,class AGameCrowdPopulationManager*,0,0,source/Development/Src/GameFramework/Inc/GameFrameworkClasses.h,1699,0,0,0,0,0,0,0,1,
D-unused,0,AGameCrowdDestinationQueuePoint,QueueBehaviorClass,class UClass*,0,0,source/Development/Src/GameFramework/Inc/GameFrameworkClasses.h,1786,0,0,0,0,0,0,0,1,
D-unused,0,AGamePlayerController,CurrentSoundMode,FName,0,0,source/Development/Src/GameFramework/Inc/GameFrameworkClasses.h,2093,0,0,0,0,0,0,0,1,
B-shared-write?,-45,UMaterialExpression,Function,class UMaterialFunction*,0,1,source/Development/Src/Engine/Inc/EngineMaterialClasses.h,243,0,447,41,8,37,0,97,1,source/Development/Src/Core/Inc/ScriptCallstackDecoder.h:15 source/Development/Src/Core/Inc/ScriptCallstackDecoder.h:25 source/Development/Src/Core/Inc/UnClass.h:457
B-shared-write?,-326,FExpressionInput,OutputIndex,INT,0,1,source/Development/Src/Engine/Inc/MaterialShared.h,1393,0,287,28,0,1,0,8,0,source/Development/Src/Core/Src/SavePackage.cpp:1074 source/Development/Src/Core/Src/SavePackage.cpp:1079 source/Development/Src/Engine/Inc/EngineMaterialClasses.h:261
B-shared-write?,-357,FDebugTextInfo,Font,class UFont*,0,1,source/Development/Src/Engine/Inc/EngineControllerClasses.h,1145,0,231,15,1,1,0,22,3,source/Development/Src/Core/Inc/UnStats.h:2226 source/Development/Src/Engine/Bink/Src/FullScreenMovieBink.h:24 source/Development/Src/Engine/Bink/Src/FullScreenMovieBink.h:25
B-shared-write?,-380,AGameCrowdDestination,Priority,FLOAT,0,1,source/Development/Src/GameFramework/Inc/GameFrameworkClasses.h,1697,0,125,25,0,11,0,43,3,source/Development/Src/Core/Inc/UnIOBase.h:124 source/Development/Src/Core/Inc/UnIOBase.h:124 source/Development/Src/Core/Inc/UnIOBase.h:136
B-shared-write?,-383,AGameCrowdAgent,LightEnvironment,class UDynamicLightEnvironmentComponent*,0,1,source/Development/Src/GameFramework/Inc/GameFrameworkClasses.h,1107,0,142,28,0,6,0,31,4,source/Development/Src/DishonoredGame/Src/dispickup_base.cpp:104 source/Development/Src/DishonoredGame/Src/dispickup_base.cpp:106 source/Development/Src/DishonoredGame/Src/dispickup_base.cpp:116
B-shared-write?,-385,UAnimNodeSequence,EndTime,FLOAT,0,1,source/Development/Src/Engine/Inc/EngineAnimClasses.h,2756,0,109,61,0,0,0,21,0,source/Development/Src/Core/Src/BestFitAllocator.cpp:1678 source/Development/Src/Core/Src/BestFitAllocator.cpp:1679 source/Development/Src/Core/Src/BestFitAllocator.cpp:1680
B-shared-write?,-397,UWorld,DemoRecDriver,class UDemoRecDriver*,0,1,source/Development/Src/Engine/Inc/UnWorld.h,193,?,96,9,4,2,0,9,0,source/Development/Src/Engine/Inc/UnPenLev.h:23 source/Development/Src/Engine/Inc/UnPenLev.h:34 source/Development/Src/Engine/Inc/UnPenLev.h:51
B-shared-write?,-405,UNavMeshPath_Toward,GoalActor,class AActor*,0,1,source/Development/Src/Engine/Inc/EngineAIClasses.h,2278,0,182,4,0,0,0,8,2,source/Development/Src/Engine/Inc/APawn.h:38 source/Development/Src/Engine/Inc/APawn.h:47 source/Development/Src/Engine/Inc/APawn.h:50
B-shared-write?,-436,FExpressionInput,InputName,FString,0,1,source/Development/Src/Engine/Inc/MaterialShared.h,1394,0,66,7,0,8,0,8,0,source/Development/Src/Engine/Inc/enginearkppclasses.h:17 source/Development/Src/Engine/Inc/enginearkppclasses.h:218 source/Development/Src/Engine/Inc/enginearkppclasses.h:298
B-shared-write?,-446,UInterpTrackInstBoolProp,BitMask,INT,0,1,source/Development/Src/Engine/Inc/EngineInterpolationClasses.h,2434,0,59,9,1,2,0,12,1,source/Development/Src/Core/Inc/UnPropertyTag.h:54 source/Development/Src/Core/Inc/UnPropertyTag.h:110 source/Development/Src/Core/Inc/UnPropertyTag.h:115
B-shared-write?,-453,UMaterialExpression,BorderColor,FColor,0,1,source/Development/Src/Engine/Inc/EngineMaterialClasses.h,244,0,51,16,0,2,0,15,0,source/Development/Src/D3D9Drv/Inc/D3D9State.h:17 source/Development/Src/D3D9Drv/Src/D3D9Commands.cpp:257 source/Development/Src/D3D9Drv/Src/D3D9State.cpp:144
B-shared-write?,-458,UWorld,PeerNetDriver,class UNetDriver*,0,1,source/Development/Src/Engine/Inc/UnWorld.h,194,?,48,12,0,2,0,6,0,source/Development/Src/Engine/Inc/UnPenLev.h:24 source/Development/Src/Engine/Inc/UnPenLev.h:35 source/Development/Src/Engine/Inc/UnPenLev.h:52
B-shared-write?,-462,AActor,Layer,FName,0,1,source/Development/Src/Engine/Inc/EngineClasses.h,2519,0,49,14,0,0,0,10,0,source/Development/Src/Engine/Inc/EngineMaterialClasses.h:2530 source/Development/Src/Engine/Inc/UnTerrain.h:393 source/Development/Src/Engine/Inc/UnTerrain.h:468
B-shared-write?,-464,UParticleModuleLocationBoneSocket,LastUpdateTime,FLOAT,0,1,source/Development/Src/Engine/Inc/EngineParticleClasses.h,4039,0,21,23,0,1,0,15,4,source/Development/Src/Engine/Inc/EngineAudioDeviceClasses.h:233 source/Development/Src/Engine/Inc/EngineClasses.h:13115 source/Development/Src/Engine/Inc/EngineClasses.h:13131
B-shared-write?,-466,UPointLightComponent,ShadowPlane,FPlane,0,1,source/Development/Src/Engine/Inc/EngineLightClasses.h,540,0,11,5,0,8,0,4,0,source/Development/Src/Engine/Src/DynamicLightEnvironmentComponent.cpp:585 source/Development/Src/Engine/Src/DynamicLightEnvironmentComponent.cpp:833 source/Development/Src/Engine/Src/DynamicLightEnvironmentComponent.cpp:837
B-shared-write?,-466,USkeletalMeshComponent,TickCount,INT,0,1,source/Development/Src/Engine/Inc/UnSkeletalMesh.h,506,0,17,11,0,5,0,10,1,source/Development/Src/Core/Inc/UnAsyncLoading.h:59 source/Development/Src/Core/Inc/UnAsyncLoading.h:178 source/Development/Src/Core/Src/UnAsyncLoading.cpp:140
B-shared-write?,-469,UAnimTree,AnimTreeTemplate,class UAnimTree*,0,1,source/Development/Src/Engine/Inc/EngineAnimClasses.h,3708,0,28,8,0,3,0,9,2,source/Development/Src/DishonoredGame/Src/dishonoredpawn.cpp:176 source/Development/Src/DishonoredGame/Src/dishonoredplayercontroller.cpp:1253 source/Development/Src/DishonoredGame/Src/dishonoredplayercontroller.cpp:1253
B-shared-write?,-469,FPhysEffectInfo,Sound,class USoundCue*,0,1,source/Development/Src/Engine/Inc/EngineClasses.h,1599,0,49,4,0,1,0,17,0,source/Development/Src/Core/Inc/UnNames.h:362 source/Development/Src/Engine/Bink/Src/bink.h:408 source/Development/Src/Engine/Inc/AAmbientSound.h:23
B-shared-write?,-470,AGameCrowdAgent,bPaused,BITFIELD,0,1,source/Development/Src/GameFramework/Inc/GameFrameworkClasses.h,1119,0,24,15,0,1,0,12,0,source/Development/Src/Engine/Inc/EngineClasses.h:1499 source/Development/Src/Engine/Inc/EngineClasses.h:12277 source/Development/Src/Engine/Inc/EngineSequenceClasses.h:2077
B-shared-write?,-472,USkeletalMeshComponent,SceneIndex,INT,0,1,source/Development/Src/Engine/Inc/UnSkeletalMesh.h,459,0,28,14,0,0,0,12,3,source/Development/Src/Engine/Inc/EngineForceFieldClasses.h:115 source/Development/Src/Engine/Inc/EngineForceFieldClasses.h:138 source/Development/Src/Engine/Inc/EngineForceFieldClasses.h:593
B-shared-write?,-473,FTViewTarget,PRI,class APlayerReplicationInfo*,0,1,source/Development/Src/Engine/Inc/EngineCameraClasses.h,97,0,33,11,0,0,0,8,0,source/Development/Src/Engine/Inc/EngineControllerClasses.h:1591 source/Development/Src/Engine/Inc/EngineControllerClasses.h:1906 source/Development/Src/Engine/Inc/EngineControllerClasses.h:2125
B-shared-write?,-473,FConsoleMessage,PRI,class APlayerReplicationInfo*,0,1,source/Development/Src/Engine/Inc/EngineClasses.h,6676,0,33,11,0,0,0,8,0,source/Development/Src/Engine/Inc/EngineControllerClasses.h:1591 source/Development/Src/Engine/Inc/EngineControllerClasses.h:1906 source/Development/Src/Engine/Inc/EngineControllerClasses.h:2125
B-shared-write?,-474,AController,NavigationHandle,class UNavigationHandle*,0,1,source/Development/Src/Engine/Inc/EngineControllerClasses.h,415,0,50,1,0,0,0,9,1,source/Development/Src/Engine/Inc/EngineAIClasses.h:2961 source/Development/Src/Engine/Inc/UnPath.h:1108 source/Development/Src/Engine/Inc/UnPath.h:1715
B-shared-write?,-476,UAnimNodeSequence,CameraAnim,class UCameraAnim*,0,1,source/Development/Src/Engine/Inc/EngineAnimClasses.h,2757,0,18,3,0,4,0,6,3,source/Development/Src/Engine/Inc/EngineSequenceClasses.h:2742 source/Development/Src/Engine/Src/UnAnimPlay.cpp:404 source/Development/Src/Engine/Src/UnAnimPlay.cpp:1680
B-shared-write?,-476,ACamera,RenderingOverrides,struct FRenderingPerformanceOverrides,0,1,source/Development/Src/Engine/Inc/EngineCameraClasses.h,182,0,19,9,0,2,0,13,1,source/Development/Src/Engine/Inc/Scene.h:1884 source/Development/Src/Engine/Inc/Scene.h:1894 source/Development/Src/Engine/Inc/Scene.h:1937
B-shared-write?,-476,USeqAct_Interp,RenderingOverrides,struct FRenderingPerformanceOverrides,0,1,source/Development/Src/Engine/Inc/EngineSequenceClasses.h,2128,0,19,9,0,2,0,13,1,source/Development/Src/Engine/Inc/Scene.h:1884 source/Development/Src/Engine/Inc/Scene.h:1894 source/Development/Src/Engine/Inc/Scene.h:1937
B-shared-write?,-481,UMaterial,bSceneTextureRenderBehindTranslucency,BITFIELD,0,1,source/Development/Src/Engine/Inc/EngineMaterialClasses.h,3974,0,11,8,0,2,0,5,0,source/Development/Src/Engine/Inc/Scene.h:971 source/Development/Src/Engine/Inc/Scene.h:985 source/Development/Src/Engine/Inc/Scene.h:986
B-shared-write?,-481,UPrimitiveComponent,bCastStaticShadow,BITFIELD,0,1,source/Development/Src/Engine/Inc/PrimitiveComponent.h,923,0,17,2,0,3,0,9,0,source/Development/Src/Engine/Inc/EngineFoliageClasses.h:211 source/Development/Src/Engine/Src/LightSceneInfo.cpp:25 source/Development/Src/Engine/Src/LightSceneInfo.cpp:25
B-shared-write?,-481,USkeletalMeshComponent,ChunkIndexPreview,INT,0,1,source/Development/Src/Engine/Inc/UnSkeletalMesh.h,416,0,13,1,0,4,0,3,1,source/Development/Src/Engine/Inc/UnSkeletalMesh.h:4285 source/Development/Src/Engine/Src/UnSkeletalMesh.cpp:3777 source/Development/Src/Engine/Src/UnSkeletalMesh.cpp:3777
B-shared-write?,-482,APawn,PathGoalList,class UPathGoalEvaluator*,0,1,source/Development/Src/Engine/Inc/EnginePawnClasses.h,511,0,29,4,0,0,0,4,0,source/Development/Src/Engine/Inc/EngineAIClasses.h:1216 source/Development/Src/Engine/Src/UnNavigationConstraintsAndGoals.cpp:1230 source/Development/Src/Engine/Src/UnNavigationHandle.cpp:97
B-shared-write?,-483,APlayerStart,Score,INT,0,1,source/Development/Src/Engine/Inc/EngineClasses.h,12489,0,16,3,0,2,0,8,1,source/Development/Src/Engine/Inc/EngineClasses.h:6864 source/Development/Src/Engine/Inc/EngineClasses.h:6869 source/Development/Src/Engine/Inc/EngineClasses.h:6877
B-shared-write?,-483,UParticleModuleTypeDataMeshPhysX,ZOffset,FLOAT,0,1,source/Development/Src/Engine/Inc/EngineParticleClasses.h,6549,0,12,8,0,1,0,8,1,source/Development/Src/Core/Inc/UnMath.h:3826 source/Development/Src/Core/Inc/UnMath.h:3831 source/Development/Src/Engine/Inc/InstancedFoliage.h:26
B-shared-write?,-483,USkeletalMeshComponent,SectionIndexPreview,INT,0,1,source/Development/Src/Engine/Inc/UnSkeletalMesh.h,417,0,8,1,0,4,0,2,1,source/Development/Src/Engine/Src/UnSkeletalMesh.cpp:3778 source/Development/Src/Engine/Src/UnSkeletalMesh.cpp:3778 source/Development/Src/Engine/Src/UnSkeletalMesh.cpp:3830
B-shared-write?,-484,UAnimNodeSequence,bBlendingOut,BITFIELD,0,1,source/Development/Src/Engine/Inc/EngineAnimClasses.h,2755,0,12,10,0,0,0,6,0,source/Development/Src/Engine/Inc/EngineCameraClasses.h:391 source/Development/Src/Engine/Inc/EngineCameraClasses.h:605 source/Development/Src/Engine/Inc/EngineClasses.h:19417
B-shared-write?,-485,APlayerController,bCameraCut,BITFIELD,0,1,source/Development/Src/Engine/Inc/EngineControllerClasses.h,1857,0,8,5,0,2,0,7,0,source/Development/Src/Engine/Inc/Scene.h:1873 source/Development/Src/Engine/Src/Scene.cpp:413 source/Development/Src/Engine/Src/Scene.cpp:496
B-shared-write?,-485,AWorldInfo,ImageReflectionEnvironmentTexture,class UTexture2D*,0,1,source/Development/Src/Engine/Inc/EngineGameEngineClasses.h,703,0,10,1,0,3,0,5,0,source/Development/Src/Engine/Src/ImageReflectionRendering.cpp:1332 source/Development/Src/Engine/Src/ImageReflectionRendering.cpp:1333 source/Development/Src/Engine/Src/ImageReflectionRendering.cpp:1336
B-shared-write?,-486,FIniLocFileEntry,bIsUnicode,BITFIELD,0,1,source/Development/Src/Engine/Inc/EngineClasses.h,17905,0,16,3,0,1,0,6,0,source/Development/Src/Core/Inc/UnName.h:116 source/Development/Src/Core/Inc/UnName.h:118 source/Development/Src/Core/Inc/UnName.h:120
B-shared-write?,-486,ULensFlare,MinStrength,FLOAT,0,1,source/Development/Src/Engine/Inc/EngineLensFlareClasses.h,146,0,8,4,0,2,0,3,0,source/Development/Src/Engine/Inc/LensFlare.h:392 source/Development/Src/Engine/Src/LensFlare.cpp:657 source/Development/Src/Engine/Src/LensFlare.cpp:657
B-shared-write?,-486,ULensFlareComponent,MinStrength,FLOAT,0,1,source/Development/Src/Engine/Inc/EngineLensFlareClasses.h,214,0,8,4,0,2,0,3,0,source/Development/Src/Engine/Inc/LensFlare.h:392 source/Development/Src/Engine/Src/LensFlare.cpp:657 source/Development/Src/Engine/Src/LensFlare.cpp:657
B-shared-write?,-488,ULensFlare,bUseTrueConeCalculation,BITFIELD,0,1,source/Development/Src/Engine/Inc/EngineLensFlareClasses.h,145,0,4,4,0,2,0,3,0,source/Development/Src/Engine/Inc/LensFlare.h:378 source/Development/Src/Engine/Src/LensFlare.cpp:656 source/Development/Src/Engine/Src/LensFlare.cpp:656
B-shared-write?,-488,ULensFlareComponent,bUseTrueConeCalculation,BITFIELD,0,1,source/Development/Src/Engine/Inc/EngineLensFlareClasses.h,213,0,4,4,0,2,0,3,0,source/Development/Src/Engine/Inc/LensFlare.h:378 source/Development/Src/Engine/Src/LensFlare.cpp:656 source/Development/Src/Engine/Src/LensFlare.cpp:656
B-shared-write?,-488,UParticleModuleRequired,MacroUVRadius,FLOAT,0,1,source/Development/Src/Engine/Inc/EngineParticleClasses.h,5149,0,8,5,0,1,0,5,0,source/Development/Src/Engine/Inc/EngineParticleClasses.h:815 source/Development/Src/Engine/Inc/UnParticleHelper.h:1387 source/Development/Src/Engine/Inc/UnParticleHelper.h:1401
B-shared-write?,-488,APawn,PathConstraintList,class UPathConstraint*,0,1,source/Development/Src/Engine/Inc/EnginePawnClasses.h,510,0,17,4,0,0,0,3,0,source/Development/Src/Engine/Inc/EngineAIClasses.h:1215 source/Development/Src/Engine/Src/UnNavigationHandle.cpp:105 source/Development/Src/Engine/Src/UnNavigationHandle.cpp:1244
B-shared-write?,-488,USeqAct_SetDOFParams,MinBlurAmount,FLOAT,0,1,source/Development/Src/Engine/Inc/EngineSequenceClasses.h,2540,0,8,5,0,1,0,7,0,source/Development/Src/Engine/Inc/DepthOfFieldCommon.h:18 source/Development/Src/Engine/Inc/DepthOfFieldCommon.h:27 source/Development/Src/Engine/Inc/EngineClasses.h:5358
B-shared-write?,-488,UPrimitiveComponent,OverrideLightComponent,ULightComponent*,0,1,source/Development/Src/Engine/Inc/PrimitiveComponent.h,920,0,11,1,0,2,0,6,1,source/Development/Src/Engine/Src/DynamicLightEnvironmentComponent.cpp:940 source/Development/Src/Engine/Src/LightComponent.cpp:67 source/Development/Src/Engine/Src/LightComponent.cpp:67
B-shared-write?,-489,UParticleModuleRequired,MacroUVPosition,FVector,0,1,source/Development/Src/Engine/Inc/EngineParticleClasses.h,5148,0,7,5,0,1,0,5,0,source/Development/Src/Engine/Inc/EngineParticleClasses.h:814 source/Development/Src/Engine/Inc/UnParticleHelper.h:1388 source/Development/Src/Engine/Inc/UnParticleHelper.h:1402
B-shared-write?,-490,UAnimSet,PreviewSkelMeshName,FName,0,1,source/Development/Src/Engine/Inc/EngineAnimClasses.h,4879,0,19,1,0,0,0,5,0,source/Development/Src/Engine/Inc/EngineAnimClasses.h:4856 source/Development/Src/Engine/Src/AnimationCompressionAlgorithm.cpp:756 source/Development/Src/Engine/Src/AnimationCompressionAlgorithm.cpp:758
B-shared-write?,-490,UDecalComponent,StreamingDistanceMultiplier,FLOAT,0,1,source/Development/Src/Engine/Inc/EngineDecalClasses.h,254,0,18,1,0,0,0,10,3,source/Development/Src/Engine/Inc/EngineTerrainClasses.h:142 source/Development/Src/Engine/Inc/UnSkeletalMesh.h:3633 source/Development/Src/Engine/Inc/UnStaticMesh.h:1374
B-shared-write?,-490,USeqAct_StreamInTextures,StreamingDistanceMultiplier,FLOAT,0,1,source/Development/Src/Engine/Inc/EngineSequenceClasses.h,2585,0,18,1,0,0,0,10,3,source/Development/Src/Engine/Inc/EngineTerrainClasses.h:142 source/Development/Src/Engine/Inc/UnSkeletalMesh.h:3633 source/Development/Src/Engine/Inc/UnStaticMesh.h:1374
B-shared-write?,-490,USkeletalMeshComponent,StreamingDistanceMultiplier,FLOAT,0,1,source/Development/Src/Engine/Inc/UnSkeletalMesh.h,409,0,18,1,0,0,0,10,3,source/Development/Src/Engine/Inc/EngineTerrainClasses.h:142 source/Development/Src/Engine/Inc/UnSkeletalMesh.h:3633 source/Development/Src/Engine/Inc/UnStaticMesh.h:1374
B-shared-write?,-490,UStaticMeshComponent,StreamingDistanceMultiplier,FLOAT,0,1,source/Development/Src/Engine/Inc/UnStaticMesh.h,1880,0,18,1,0,0,0,10,3,source/Development/Src/Engine/Inc/EngineTerrainClasses.h:142 source/Development/Src/Engine/Inc/UnSkeletalMesh.h:3633 source/Development/Src/Engine/Inc/UnStaticMesh.h:1374
B-shared-write?,-491,FLocalizedSubtitle,bSingleLine,BITFIELD,0,1,source/Development/Src/Engine/Inc/EngineClasses.h,15846,0,8,2,0,1,0,4,0,source/Development/Src/Engine/Inc/EngineSoundClasses.h:587 source/Development/Src/Engine/Inc/UnSubtitleManager.h:20 source/Development/Src/Engine/Inc/UnSubtitleManager.h:31
B-shared-write?,-491,AWorldInfo,bAllowTemporalAA,BITFIELD,0,1,source/Development/Src/Engine/Inc/EngineGameEngineClasses.h,675,0,13,3,0,0,0,8,0,source/Development/Src/Engine/Inc/EngineBaseClasses.h:45 source/Development/Src/Engine/Inc/EngineBaseClasses.h:58 source/Development/Src/Engine/Inc/Scene.h:1712
B-shared-write?,-491,UApexAsset,SourceFilePath,FStringNoInit,0,1,source/Development/Src/Engine/Inc/EngineMeshClasses.h,63,0,8,2,0,1,0,6,1,source/Development/Src/Engine/Inc/EngineSoundClasses.h:621 source/Development/Src/Engine/Inc/EngineTerrainClasses.h:113 source/Development/Src/Engine/Inc/EngineTerrainClasses.h:120
B-shared-write?,-491,FSystemSettings,bAllowTemporalAA,UBOOL,0,1,source/Development/Src/Engine/Inc/SystemSettings.h,425,?,13,3,0,0,0,8,0,source/Development/Src/Engine/Inc/EngineBaseClasses.h:45 source/Development/Src/Engine/Inc/EngineBaseClasses.h:58 source/Development/Src/Engine/Inc/Scene.h:1712
B-shared-write?,-491,ULightComponent,bExplicitlyAssignedLight,BITFIELD,0,1,source/Development/Src/Engine/Inc/UnActorComponent.h,744,0,5,1,0,2,0,4,0,source/Development/Src/Engine/Src/DynamicLightEnvironmentComponent.cpp:934 source/Development/Src/Engine/Src/LightComponent.cpp:68 source/Development/Src/Engine/Src/LightSceneInfo.cpp:68
B-shared-write?,-491,USkeletalMesh,SourceFilePath,FStringNoInit,0,1,source/Development/Src/Engine/Inc/UnSkeletalMesh.h,3648,0,8,2,0,1,0,6,1,source/Development/Src/Engine/Inc/EngineSoundClasses.h:621 source/Development/Src/Engine/Inc/EngineTerrainClasses.h:113 source/Development/Src/Engine/Inc/EngineTerrainClasses.h:120
B-shared-write?,-492,UFont,ScalingFactor,FLOAT,0,1,source/Development/Src/Engine/Inc/EngineClasses.h,16279,0,11,3,0,0,0,3,1,source/Development/Src/Engine/Inc/EngineClasses.h:6626 source/Development/Src/Engine/Inc/EngineClasses.h:16454 source/Development/Src/Engine/Inc/EngineClasses.h:16464
B-shared-write?,-492,UParticleModuleRequired,bAllowImageFlipping,BITFIELD,0,1,source/Development/Src/Engine/Inc/EngineParticleClasses.h,5138,0,5,3,0,1,0,4,0,source/Development/Src/Engine/Inc/UnParticleHelper.h:1538 source/Development/Src/Engine/Inc/UnParticleHelper.h:1557 source/Development/Src/Engine/Src/ParticleEmitterInstances.cpp:2467
B-shared-write?,-492,UParticleModuleRequired,NearCullDistance,FLOAT,0,1,source/Development/Src/Engine/Inc/EngineParticleClasses.h,5144,0,7,5,0,0,0,3,0,source/Development/Src/Engine/Inc/UnParticleHelper.h:1966 source/Development/Src/Engine/Src/UnParticleModules.cpp:909 source/Development/Src/Engine/Src/UnParticleModules.cpp:909
B-shared-write?,-492,UParticleModuleRequired,NearFadeDistance,FLOAT,0,1,source/Development/Src/Engine/Inc/EngineParticleClasses.h,5145,0,7,5,0,0,0,3,0,source/Development/Src/Engine/Inc/UnParticleHelper.h:1969 source/Development/Src/Engine/Src/UnParticleModules.cpp:910 source/Development/Src/Engine/Src/UnParticleModules.cpp:910
B-shared-write?,-492,UParticleModuleRequired,FarFadeDistance,FLOAT,0,1,source/Development/Src/Engine/Inc/EngineParticleClasses.h,5146,0,7,5,0,0,0,3,0,source/Development/Src/Engine/Inc/UnParticleHelper.h:1972 source/Development/Src/Engine/Src/UnParticleModules.cpp:912 source/Development/Src/Engine/Src/UnParticleModules.cpp:912
B-shared-write?,-492,UParticleModuleRequired,FarCullDistance,FLOAT,0,1,source/Development/Src/Engine/Inc/EngineParticleClasses.h,5147,0,6,5,0,0,0,3,0,source/Development/Src/Engine/Inc/UnParticleHelper.h:1975 source/Development/Src/Engine/Src/UnParticleModules.cpp:913 source/Development/Src/Engine/Src/UnParticleModules.cpp:913
B-shared-write?,-492,USkeletalMeshComponent,ClothBlendWeight,FLOAT,0,1,source/Development/Src/Engine/Inc/UnSkeletalMesh.h,450,0,7,2,0,1,0,4,1,source/Development/Src/Engine/Src/UnPhysComponent.cpp:3577 source/Development/Src/Engine/Src/UnSkeletalComponent.cpp:1102 source/Development/Src/Engine/Src/UnSkeletalComponent.cpp:1114
B-shared-write?,-493,UMaterialInterface,bBaseTextureTransformed,BITFIELD,0,1,source/Development/Src/Engine/Inc/EngineMaterialClasses.h,3219,0,3,6,0,0,0,4,0,source/Development/Src/Engine/Inc/Mobile.h:678 source/Development/Src/Engine/Src/Material.cpp:1641 source/Development/Src/Engine/Src/MaterialInstanceConstant.cpp:729
B-shared-write?,-493,UMaterialInterface,bEmissiveTextureTransformed,BITFIELD,0,1,source/Development/Src/Engine/Inc/EngineMaterialClasses.h,3220,0,3,6,0,0,0,4,0,source/Development/Src/Engine/Inc/Mobile.h:679 source/Development/Src/Engine/Src/Material.cpp:1641 source/Development/Src/Engine/Src/MaterialInstanceConstant.cpp:730
B-shared-write?,-493,UMaterialInterface,bNormalTextureTransformed,BITFIELD,0,1,source/Development/Src/Engine/Inc/EngineMaterialClasses.h,3221,0,3,6,0,0,0,4,0,source/Development/Src/Engine/Inc/Mobile.h:680 source/Development/Src/Engine/Src/Material.cpp:1641 source/Development/Src/Engine/Src/MaterialInstanceConstant.cpp:731
B-shared-write?,-493,UMaterialInterface,bMaskTextureTransformed,BITFIELD,0,1,source/Development/Src/Engine/Inc/EngineMaterialClasses.h,3222,0,3,6,0,0,0,4,0,source/Development/Src/Engine/Inc/Mobile.h:681 source/Development/Src/Engine/Src/Material.cpp:1641 source/Development/Src/Engine/Src/MaterialInstanceConstant.cpp:732
B-shared-write?,-493,UMaterialInterface,bDetailTextureTransformed,BITFIELD,0,1,source/Development/Src/Engine/Inc/EngineMaterialClasses.h,3223,0,3,6,0,0,0,4,0,source/Development/Src/Engine/Inc/Mobile.h:682 source/Development/Src/Engine/Src/Material.cpp:1641 source/Development/Src/Engine/Src/MaterialInstanceConstant.cpp:733
B-shared-write?,-493,UParticleModuleRequired,bSquareImageFlipping,BITFIELD,0,1,source/Development/Src/Engine/Inc/EngineParticleClasses.h,5139,0,4,2,0,1,0,3,0,source/Development/Src/Engine/Inc/UnParticleHelper.h:1539 source/Development/Src/Engine/Inc/UnParticleHelper.h:1558 source/Development/Src/Engine/Src/ParticleEmitterInstances.cpp:2468
B-shared-write?,-493,UParticleModuleRequired,bOverrideSystemMacroUV,BITFIELD,0,1,source/Development/Src/Engine/Inc/EngineParticleClasses.h,5142,0,4,2,0,1,0,3,0,source/Development/Src/Engine/Inc/UnParticleHelper.h:1386 source/Development/Src/Engine/Inc/UnParticleHelper.h:1400 source/Development/Src/Engine/Inc/UnParticleHelper.h:1419
B-shared-write?,-493,UInterpData,InterpLength,FLOAT,0,1,source/Development/Src/Engine/Inc/EngineSequenceClasses.h,4738,0,12,1,0,0,0,4,1,source/Development/Src/Engine/Inc/EngineInterpolationClasses.h:2660 source/Development/Src/Engine/Src/UnInterpolation.cpp:713 source/Development/Src/Engine/Src/UnInterpolation.cpp:1768
B-shared-write?,-493,FSystemSettings,bInit,UBOOL,0,1,source/Development/Src/Engine/Inc/SystemSettings.h,761,?,6,4,0,0,0,5,0,source/Development/Src/Engine/Inc/EngineInterpolationClasses.h:476 source/Development/Src/Engine/Inc/EngineInterpolationClasses.h:478 source/Development/Src/Engine/Src/SystemSettings.cpp:481
B-shared-write?,-494,FSourceTexture2DRegion,DestOffsetX,INT,0,1,source/Development/Src/Engine/Inc/EngineTextureClasses.h,1163,0,4,1,0,1,0,3,0,source/Development/Src/D3D9Drv/Src/D3D9Texture.cpp:496 source/Development/Src/D3D9Drv/Src/D3D9Texture.cpp:498 source/Development/Src/Engine/Inc/RHI.h:1105
B-shared-write?,-494,FSourceTexture2DRegion,DestOffsetY,INT,0,1,source/Development/Src/Engine/Inc/EngineTextureClasses.h,1164,0,4,1,0,1,0,3,0,source/Development/Src/D3D9Drv/Src/D3D9Texture.cpp:501 source/Development/Src/D3D9Drv/Src/D3D9Texture.cpp:503 source/Development/Src/Engine/Inc/RHI.h:1107
B-shared-write?,-495,ACamera,bFadeAudio,BITFIELD,0,1,source/Development/Src/Engine/Inc/EngineCameraClasses.h,176,0,4,3,0,0,0,3,0,source/Development/Src/Engine/Inc/EngineControllerClasses.h:1563 source/Development/Src/Engine/Inc/EngineControllerClasses.h:2588 source/Development/Src/Engine/Inc/EngineControllerClasses.h:2595
B-shared-write?,-495,AController,bPreciseDestination,BITFIELD,0,1,source/Development/Src/Engine/Inc/EngineControllerClasses.h,412,0,3,1,0,1,0,3,0,source/Development/Src/Engine/Inc/EngineClasses.h:20372 source/Development/Src/Engine/Src/UnController.cpp:1205 source/Development/Src/Engine/Src/UnPhysic.cpp:1376
B-shared-write?,-495,FLensFlareElement,bOrientTowardsSource,BITFIELD,0,1,source/Development/Src/Engine/Inc/EngineLensFlareClasses.h,106,0,2,4,0,0,0,3,0,source/Development/Src/Engine/Inc/LensFlare.h:99 source/Development/Src/Engine/Src/LensFlare.cpp:110 source/Development/Src/Engine/Src/LensFlare.cpp:110
B-shared-write?,-495,UApexAsset,SourceFileTimestamp,FStringNoInit,0,1,source/Development/Src/Engine/Inc/EngineMeshClasses.h,64,0,9,1,0,0,0,7,3,source/Development/Src/Engine/Inc/EngineSoundClasses.h:622 source/Development/Src/Engine/Inc/EngineTextureClasses.h:381 source/Development/Src/Engine/Inc/UnSkeletalMesh.h:3586
B-shared-write?,-495,USeqAct_PlayFaceFXAnim,SoundCueToPlay,class USoundCue*,0,1,source/Development/Src/Engine/Inc/EngineSequenceClasses.h,2770,0,6,2,0,0,0,3,1,source/Development/Src/Engine/Inc/EngineClasses.h:1930 source/Development/Src/Engine/Inc/EngineClasses.h:3488 source/Development/Src/Engine/Inc/EngineClasses.h:3495
B-shared-write?,-495,USkeletalMesh,SourceFileTimestamp,FStringNoInit,0,1,source/Development/Src/Engine/Inc/UnSkeletalMesh.h,3649,0,9,1,0,0,0,7,3,source/Development/Src/Engine/Inc/EngineSoundClasses.h:622 source/Development/Src/Engine/Inc/EngineTextureClasses.h:381 source/Development/Src/Engine/Inc/UnSkeletalMesh.h:3586
B-shared-write?,-496,AGameInfo,JoinInProgressStandbyWaitTime,FLOAT,0,1,source/Development/Src/Engine/Inc/EngineClasses.h,11625,0,4,2,0,0,0,3,0,source/Development/Src/Engine/Inc/UnNetDrv.h:172 source/Development/Src/Engine/Src/UnNetDrv.cpp:796 source/Development/Src/Engine/Src/UnScript.cpp:3562
B-shared-write?,-496,UParticleModuleRequired,bEnableNearParticleCulling,BITFIELD,0,1,source/Development/Src/Engine/Inc/EngineParticleClasses.h,5140,0,3,3,0,0,0,2,0,source/Development/Src/Engine/Inc/UnParticleHelper.h:1960 source/Development/Src/Engine/Src/UnParticleSystemRender.cpp:625 source/Development/Src/Engine/Src/UnParticleSystemRender.cpp:625
B-shared-write?,-496,UParticleModuleRequired,bEnableFarParticleCulling,BITFIELD,0,1,source/Development/Src/Engine/Inc/EngineParticleClasses.h,5141,0,3,3,0,0,0,2,0,source/Development/Src/Engine/Inc/UnParticleHelper.h:1963 source/Development/Src/Engine/Src/UnParticleSystemRender.cpp:626 source/Development/Src/Engine/Src/UnParticleSystemRender.cpp:626
B-shared-write?,-496,AGameCrowdAgent,AmbientSoundCue,class USoundCue*,0,1,source/Development/Src/GameFramework/Inc/GameFrameworkClasses.h,1149,0,6,1,0,0,0,2,1,source/Development/Src/Engine/Inc/EngineClasses.h:13974 source/Development/Src/Engine/Src/UnActorFactory.cpp:1122 source/Development/Src/Engine/Src/UnActorFactory.cpp:1128
B-shared-write?,-496,AGameCrowdDestination,LastSpawnTime,FLOAT,0,1,source/Development/Src/GameFramework/Inc/GameFrameworkClasses.h,1698,0,4,2,0,0,0,3,0,source/Development/Src/Engine/Inc/EngineMeshClasses.h:993 source/Development/Src/Engine/Inc/ParticleEmitterInstances.h:1316 source/Development/Src/Engine/Inc/ParticleEmitterInstances.h:1345
B-shared-write?,-497,FDebugTextInfo,bKeepAttachedToActor,BITFIELD,0,1,source/Development/Src/Engine/Inc/EngineControllerClasses.h,1142,0,1,3,0,0,0,1,0,source/Development/Src/Engine/Inc/EngineControllerClasses.h:1306 source/Development/Src/Engine/Inc/EngineControllerClasses.h:2359 source/Development/Src/Engine/Inc/EngineControllerClasses.h:2370
C-dead-read?,-1491,UPrimitiveComponent,MotionBlurInstanceScale,FLOAT,0,1,source/Development/Src/Engine/Inc/PrimitiveComponent.h,921,0,7,0,0,2,0,3,1,source/Development/Src/Engine/Src/PrimitiveSceneInfo.cpp:242 source/Development/Src/Engine/Src/PrimitiveSceneInfo.cpp:242 source/Development/Src/Engine/Src/PrimitiveSceneInfo.cpp:280
C-dead-read?,-1491,ULightComponent,bAllowCompositingIntoDLE,BITFIELD,0,1,source/Development/Src/Engine/Inc/UnActorComponent.h,745,0,7,0,0,2,0,5,0,source/Development/Src/Engine/Src/BasePassRendering.cpp:295 source/Development/Src/Engine/Src/DynamicLightEnvironmentComponent.cpp:1845 source/Development/Src/Engine/Src/LightSceneInfo.cpp:69
C-dead-read?,-1492,UPrimitiveComponent,bNoModSelfShadow,BITFIELD,0,1,source/Development/Src/Engine/Inc/PrimitiveComponent.h,924,0,5,0,0,2,0,4,0,source/Development/Src/Engine/Inc/EngineFoliageClasses.h:213 source/Development/Src/Engine/Src/PrimitiveSceneInfo.cpp:200 source/Development/Src/Engine/Src/PrimitiveSceneInfo.cpp:200
C-dead-read?,-1492,USkeletalMeshComponent,ApexClothing,FIApexClothing*,0,1,source/Development/Src/Engine/Inc/UnSkeletalMesh.h,408,0,4,0,0,2,0,3,1,source/Development/Src/Engine/Inc/UnSkeletalMesh.h:984 source/Development/Src/Engine/Src/UnSkeletalComponentClothing.cpp:3 source/Development/Src/Engine/Src/UnSkeletalRender.h:35
C-dead-read?,-1495,UInterpData,CurveEdSetup,class UInterpCurveEdSetup*,0,1,source/Development/Src/Engine/Inc/EngineSequenceClasses.h,4741,0,10,0,0,0,0,5,0,source/Development/Src/Engine/Inc/EngineInterpolationClasses.h:2676 source/Development/Src/Engine/Inc/EngineLensFlareClasses.h:136 source/Development/Src/Engine/Inc/EngineParticleClasses.h:798
C-dead-read?,-1496,ULensFlareComponent,bHasSeparateTranslucency,BITFIELD,0,1,source/Development/Src/Engine/Inc/EngineLensFlareClasses.h,212,0,3,0,0,1,0,2,0,source/Development/Src/Engine/Inc/LensFlare.h:372 source/Development/Src/Engine/Src/LensFlareRendering.cpp:684 source/Development/Src/Engine/Src/LensFlareRendering.cpp:846
C-dead-read?,-1497,UIniLocPatcher,ReadTitleFileCompleteDelegates,TArrayNoInit<FScriptDelegate>,1,1,source/Development/Src/Engine/Inc/EngineClasses.h,17944,0,6,0,0,0,0,5,1,source/Development/Src/IpDrv/Inc/IpDrvClasses.h:1029 source/Development/Src/IpDrv/Src/UOnlineTitleFileDownloadMcp.cpp:214 source/Development/Src/IpDrv/Src/UOnlineTitleFileDownloadWeb.cpp:180
C-dead-read?,-1497,UMaterial,ShadowDepthBias,FLOAT,0,1,source/Development/Src/Engine/Inc/EngineMaterialClasses.h,3964,0,6,0,0,0,0,4,0,source/Development/Src/Engine/Inc/SystemSettings.h:318 source/Development/Src/Engine/Src/MaterialShared.cpp:2493 source/Development/Src/Engine/Src/ShadowRendering.cpp:28
C-dead-read?,-1498,APawn,ControllerClass,class UClass*,0,1,source/Development/Src/Engine/Inc/EnginePawnClasses.h,516,0,4,0,0,0,0,2,1,source/Development/Src/Engine/Inc/EngineClasses.h:13946 source/Development/Src/Engine/Src/UnActorFactory.cpp:860 source/Development/Src/Engine/Src/UnActorFactory.cpp:867
C-dead-read?,-1498,APawn,InvManager,class AInventoryManager*,0,1,source/Development/Src/Engine/Inc/EnginePawnClasses.h,522,0,5,0,0,0,0,3,0,source/Development/Src/Engine/Inc/EngineClasses.h:12026 source/Development/Src/Engine/Src/UnActor.cpp:538 source/Development/Src/Engine/Src/UnActor.cpp:924
C-dead-read?,-1498,USkeletalMeshSocket,PreviewSkelMesh,class USkeletalMesh*,0,1,source/Development/Src/Engine/Inc/EngineSkeletalMeshClasses.h,63,0,4,0,0,0,0,2,0,source/Development/Src/Engine/Inc/EngineAnimClasses.h:3615 source/Development/Src/Engine/Inc/EngineAnimClasses.h:3630 source/Development/Src/Engine/Inc/EngineAnimClasses.h:3667
C-dead-read?,-1499,UAnimTree,bBeingEdited,BITFIELD,0,1,source/Development/Src/Engine/Inc/EngineAnimClasses.h,3711,0,2,0,0,0,0,2,0,source/Development/Src/Engine/Inc/EngineAnimClasses.h:3665 source/Development/Src/Engine/Inc/EngineProcBuildingClasses.h:538
C-dead-read?,-1499,ANavigationPoint,bShouldSaveForCheckpoint,BITFIELD,0,1,source/Development/Src/Engine/Inc/EngineClasses.h,9443,0,2,0,0,0,0,2,0,source/Development/Src/Engine/Inc/EngineClasses.h:6042 source/Development/Src/Engine/Inc/EngineMeshClasses.h:850
C-dead-read?,-1499,AGameInfo,PopulationManager,class ACrowdPopulationManagerBase*,0,1,source/Development/Src/Engine/Inc/EngineClasses.h,11619,0,3,0,0,0,0,2,0,source/Development/Src/DishonoredGame/Inc/DishonoredGameEngineShims.h:13031 source/Development/Src/DishonoredGame/Inc/DishonoredGameLayouts.h:494 source/Development/Src/DishonoredGame/Inc/DishonoredGameLayouts.h:494
C-dead-read?,-1499,APlayerStart,SelectionIndex,INT,0,1,source/Development/Src/Engine/Inc/EngineClasses.h,12490,0,2,0,0,0,0,1,1,source/Development/Src/Engine/Inc/EngineClasses.h:4558 source/Development/Src/Engine/Inc/EngineClasses.h:4561
C-dead-read?,-1499,AWorldInfo,DefaultGameType,class UClass*,0,1,source/Development/Src/Engine/Inc/EngineGameEngineClasses.h,692,0,2,0,0,0,0,2,0,source/Development/Src/Engine/Inc/EngineClasses.h:11599 source/Development/Src/Engine/Src/UnScript.cpp:3274
C-dead-read?,-1499,AWorldInfo,PopulationManager,class ACrowdPopulationManagerBase*,0,1,source/Development/Src/Engine/Inc/EngineGameEngineClasses.h,708,0,3,0,0,0,0,2,0,source/Development/Src/DishonoredGame/Inc/DishonoredGameEngineShims.h:13031 source/Development/Src/DishonoredGame/Inc/DishonoredGameLayouts.h:494 source/Development/Src/DishonoredGame/Inc/DishonoredGameLayouts.h:494
C-dead-read?,-1499,UPhysicalMaterial,ImpactSound,class USoundCue*,0,1,source/Development/Src/Engine/Inc/EnginePhysicsClasses.h,1058,0,2,0,0,0,0,2,0,source/Development/Src/Engine/Inc/EngineClasses.h:12663 source/Development/Src/Engine/Src/UnPhysAsset.cpp:2816
C-dead-read?,-1499,UInterpData,PathBuildTime,FLOAT,0,1,source/Development/Src/Engine/Inc/EngineSequenceClasses.h,4739,0,2,0,0,0,0,2,0,source/Development/Src/Engine/Inc/EngineInterpolationClasses.h:2661 source/Development/Src/Engine/Src/UnInterpolation.cpp:730
C-dead-read?,-1499,USkeletalMeshSocket,PreviewStaticMesh,class UStaticMesh*,0,1,source/Development/Src/Engine/Inc/EngineSkeletalMeshClasses.h,65,0,2,0,0,0,0,2,0,source/Development/Src/Engine/Inc/EngineAnimClasses.h:3631 source/Development/Src/Engine/Inc/EngineSkeletalMeshClasses.h:45
C-dead-read?,-1500,ASkeletalMeshActor,bShouldShadowParentAllAttachedActors,BITFIELD,0,1,source/Development/Src/Engine/Inc/EngineAnimClasses.h,276,0,1,0,0,0,0,1,0,source/Development/Src/Engine/Inc/EngineClasses.h:6047
C-dead-read?,-1500,UAnimTree,PreviewPlayRate,FLOAT,0,1,source/Development/Src/Engine/Inc/EngineAnimClasses.h,3716,0,1,0,0,0,0,1,0,source/Development/Src/Engine/Inc/EngineAnimClasses.h:3666
C-dead-read?,-1500,UAnimTree,PreviewMeshList,TArrayNoInit<struct FPreviewSkelMeshStruct>,1,1,source/Development/Src/Engine/Inc/EngineAnimClasses.h,3723,0,1,0,0,0,0,1,0,source/Development/Src/Engine/Inc/EngineAnimClasses.h:3672
C-dead-read?,-1500,UAnimTree,PreviewMeshIndex,INT,0,1,source/Development/Src/Engine/Inc/EngineAnimClasses.h,3724,0,1,0,0,0,0,1,0,source/Development/Src/Engine/Inc/EngineAnimClasses.h:3673
C-dead-read?,-1500,UAnimTree,PreviewSocketList,TArrayNoInit<struct FPreviewSocketStruct>,1,1,source/Development/Src/Engine/Inc/EngineAnimClasses.h,3725,0,1,0,0,0,0,1,0,source/Development/Src/Engine/Inc/EngineAnimClasses.h:3674
C-dead-read?,-1500,UAnimTree,PreviewSocketIndex,INT,0,1,source/Development/Src/Engine/Inc/EngineAnimClasses.h,3726,0,1,0,0,0,0,1,0,source/Development/Src/Engine/Inc/EngineAnimClasses.h:3675
C-dead-read?,-1500,UAnimTree,PreviewAnimSetList,TArrayNoInit<struct FPreviewAnimSetsStruct>,1,1,source/Development/Src/Engine/Inc/EngineAnimClasses.h,3727,0,1,0,0,0,0,1,0,source/Development/Src/Engine/Inc/EngineAnimClasses.h:3676
C-dead-read?,-1500,UAnimTree,PreviewAnimSetListIndex,INT,0,1,source/Development/Src/Engine/Inc/EngineAnimClasses.h,3728,0,1,0,0,0,0,1,0,source/Development/Src/Engine/Inc/EngineAnimClasses.h:3677
C-dead-read?,-1500,UAnimTree,PreviewAnimSetIndex,INT,0,1,source/Development/Src/Engine/Inc/EngineAnimClasses.h,3729,0,1,0,0,0,0,1,0,source/Development/Src/Engine/Inc/EngineAnimClasses.h:3678
C-dead-read?,-1500,UAnimTree,PreviewCamPos,FVector,0,1,source/Development/Src/Engine/Inc/EngineAnimClasses.h,3730,0,1,0,0,0,0,1,0,source/Development/Src/Engine/Inc/EngineAnimClasses.h:3679
C-dead-read?,-1500,UAnimTree,PreviewCamRot,FRotator,0,1,source/Development/Src/Engine/Inc/EngineAnimClasses.h,3731,0,1,0,0,0,0,1,0,source/Development/Src/Engine/Inc/EngineAnimClasses.h:3680
C-dead-read?,-1500,UAnimTree,PreviewFloorPos,FVector,0,1,source/Development/Src/Engine/Inc/EngineAnimClasses.h,3732,0,1,0,0,0,0,1,0,source/Development/Src/Engine/Inc/EngineAnimClasses.h:3681
C-dead-read?,-1500,UAnimTree,PreviewFloorYaw,INT,0,1,source/Development/Src/Engine/Inc/EngineAnimClasses.h,3733,0,1,0,0,0,0,1,0,source/Development/Src/Engine/Inc/EngineAnimClasses.h:3682
C-dead-read?,-1500,UOnlineSubsystem,GameInterface,TScriptInterface<class IInterface>,0,1,source/Development/Src/Engine/Inc/EngineClasses.h,8606,0,1,0,0,0,0,1,0,source/Development/Src/Engine/Inc/EngineUIPrivateClasses.h:1011
C-dead-read?,-1500,AGameInfo,GameInterface,TScriptInterface<class IInterface>,0,1,source/Development/Src/Engine/Inc/EngineClasses.h,11622,0,1,0,0,0,0,1,0,source/Development/Src/Engine/Inc/EngineUIPrivateClasses.h:1011
C-dead-read?,-1500,UFaceFXAsset,PreviewMorphSets,TArrayNoInit<class UMorphTargetSet*>,1,1,source/Development/Src/Engine/Inc/EngineClasses.h,16114,0,1,0,0,0,0,1,1,source/Development/Src/Engine/Inc/EngineAnimClasses.h:3616
C-dead-read?,-1500,UFaceFXAsset,ReferencedSoundCues,TArrayNoInit<class USoundCue*>,1,1,source/Development/Src/Engine/Inc/EngineClasses.h,16115,0,1,0,0,0,0,1,0,source/Development/Src/Engine/Inc/EngineClasses.h:16052
C-dead-read?,-1500,FIniLocFileEntry,DLName,FStringNoInit,0,1,source/Development/Src/Engine/Inc/EngineClasses.h,17903,0,1,0,0,0,0,1,0,source/Development/Src/Engine/Inc/EngineClasses.h:8222
C-dead-read?,-1500,AController,NavigationHandleClass,class UClass*,0,1,source/Development/Src/Engine/Inc/EngineControllerClasses.h,414,0,1,0,0,0,0,1,0,source/Development/Src/GameFramework/Inc/GameFrameworkClasses.h:1077
C-dead-read?,-1500,UParticleModule,bSupportsRandomSeed,BITFIELD,0,1,source/Development/Src/Engine/Inc/EngineParticleClasses.h,2044,0,1,0,0,0,0,1,0,source/Development/Src/Engine/Inc/EngineParticleClasses.h:2221
C-dead-read?,-1500,UParticleModule,bRequiresLoopingNotification,BITFIELD,0,1,source/Development/Src/Engine/Inc/EngineParticleClasses.h,2045,0,1,0,0,0,0,1,0,source/Development/Src/Engine/Inc/EngineParticleClasses.h:2231
C-dead-read?,-1500,UInterpData,InterpFilters,TArrayNoInit<class UInterpFilter*>,1,1,source/Development/Src/Engine/Inc/EngineSequenceClasses.h,4742,0,1,0,0,0,0,1,0,source/Development/Src/Engine/Inc/EngineInterpolationClasses.h:2677
C-dead-read?,-1500,UInterpData,SelectedFilter,class UInterpFilter*,0,1,source/Development/Src/Engine/Inc/EngineSequenceClasses.h,4743,0,1,0,0,0,0,1,0,source/Development/Src/Engine/Inc/EngineInterpolationClasses.h:2678
C-dead-read?,-1500,UInterpData,DefaultFilters,TArrayNoInit<class UInterpFilter*>,1,1,source/Development/Src/Engine/Inc/EngineSequenceClasses.h,4744,0,1,0,0,0,0,1,0,source/Development/Src/Engine/Inc/EngineInterpolationClasses.h:2679
C-dead-read?,-1500,UInterpData,EdSectionStart,FLOAT,0,1,source/Development/Src/Engine/Inc/EngineSequenceClasses.h,4745,0,1,0,0,0,0,1,0,source/Development/Src/Engine/Inc/EngineInterpolationClasses.h:2680
C-dead-read?,-1500,UInterpData,EdSectionEnd,FLOAT,0,1,source/Development/Src/Engine/Inc/EngineSequenceClasses.h,4746,0,1,0,0,0,0,1,0,source/Development/Src/Engine/Inc/EngineInterpolationClasses.h:2681
C-dead-read?,-1500,UInterpData,bShouldBakeAndPrune,BITFIELD,0,1,source/Development/Src/Engine/Inc/EngineSequenceClasses.h,4747,0,1,0,0,0,0,1,0,source/Development/Src/Engine/Inc/EngineInterpolationClasses.h:2662
C-dead-read?,-1500,USkeletalMeshSocket,PreviewSkelComp,class USkeletalMeshComponent*,0,1,source/Development/Src/Engine/Inc/EngineSkeletalMeshClasses.h,64,0,1,0,0,0,0,1,0,source/Development/Src/Engine/Inc/EngineSkeletalMeshClasses.h:44
C-dead-read?,-1500,UUIDataProvider_OnlinePlayerStorage,bIsExternalUIOpen,BITFIELD,0,1,source/Development/Src/Engine/Inc/EngineUIPrivateClasses.h,329,0,1,0,0,0,0,1,0,source/Development/Src/Engine/Inc/EngineControllerClasses.h:1787
C-dead-read?,-1500,USkeletalMesh,BoundsPreviewAsset,UPhysicsAsset*,0,1,source/Development/Src/Engine/Inc/UnSkeletalMesh.h,3646,0,1,0,0,0,0,1,1,source/Development/Src/Engine/Inc/UnSkeletalMesh.h:3584
C-dead-read?,-1500,USkeletalMesh,PreviewMorphSets,TArray<UMorphTargetSet*>,1,1,source/Development/Src/Engine/Inc/UnSkeletalMesh.h,3647,0,1,0,0,0,0,1,1,source/Development/Src/Engine/Inc/EngineAnimClasses.h:3616
