name,library
V:\dishonored\UnrealEngine3QATest\Development\Intermediate\Win32-OSSSteamworks\Shipping\Dishonored\DishonoredGame\DishonoredGame.h.obj,V:\dishonored\UnrealEngine3QATest\Development\Intermediate\Win32-OSSSteamworks\Shipping\Dishonored\DishonoredGame\DishonoredGame.h.obj
V:\dishonored\UnrealEngine3QATest\Development\Intermediate\Win32-OSSSteamworks\Shipping\Shared\Engine\EnginePrivate.h.obj,V:\dishonored\UnrealEngine3QATest\Development\Intermediate\Win32-OSSSteamworks\Shipping\Shared\Engine\EnginePrivate.h.obj
V:\dishonored\UnrealEngine3QATest\Development\Intermediate\Win32-OSSSteamworks\Shipping\Dishonored\Launch\PCLaunch.rc.res,V:\dishonored\UnrealEngine3QATest\Development\Intermediate\Win32-OSSSteamworks\Shipping\Dishonored\Launch\PCLaunch.rc.res
V:\dishonored\UnrealEngine3QATest\Binaries\Win32\DishonoredGame-Shipping.exp,V:\dishonored\UnrealEngine3QATest\Binaries\Win32\DishonoredGame-Shipping.exp
V:\dishonored\UnrealEngine3QATest\Development\Intermediate\Win32-OSSSteamworks\Shipping\Dishonored\DishonoredGame\Unity_ArkLevelCacheManagerEtAl.cpp.obj,V:\dishonored\UnrealEngine3QATest\Development\Intermediate\Win32-OSSSteamworks\Shipping\Dishonored\DishonoredGame\Unity_ArkLevelCacheManagerEtAl.cpp.obj
V:\dishonored\UnrealEngine3QATest\Development\Intermediate\Win32-OSSSteamworks\Shipping\Dishonored\DishonoredGame\Unity_DisStatSummaryEtAl.cpp.obj,V:\dishonored\UnrealEngine3QATest\Development\Intermediate\Win32-OSSSteamworks\Shipping\Dishonored\DishonoredGame\Unity_DisStatSummaryEtAl.cpp.obj
V:\dishonored\UnrealEngine3QATest\Development\Intermediate\Win32-OSSSteamworks\Shipping\Dishonored\DishonoredGame\Unity_DisDesireStructsEtAl.cpp.obj,V:\dishonored\UnrealEngine3QATest\Development\Intermediate\Win32-OSSSteamworks\Shipping\Dishonored\DishonoredGame\Unity_DisDesireStructsEtAl.cpp.obj
V:\dishonored\UnrealEngine3QATest\Development\Intermediate\Win32-OSSSteamworks\Shipping\Dishonored\DishonoredGame\Unity_DisConvGlobalManEtAl.cpp.obj,V:\dishonored\UnrealEngine3QATest\Development\Intermediate\Win32-OSSSteamworks\Shipping\Dishonored\DishonoredGame\Unity_DisConvGlobalManEtAl.cpp.obj
V:\dishonored\UnrealEngine3QATest\Development\Intermediate\Win32-OSSSteamworks\Shipping\Dishonored\DishonoredGame\Unity_DisRatSwarm_StateAttackEtAl.cpp.obj,V:\dishonored\UnrealEngine3QATest\Development\Intermediate\Win32-OSSSteamworks\Shipping\Dishonored\DishonoredGame\Unity_DisRatSwarm_StateAttackEtAl.cpp.obj
V:\dishonored\UnrealEngine3QATest\Development\Intermediate\Win32-OSSSteamworks\Shipping\Dishonored\DishonoredGame\Unity_DisGlobalAIDangerManagerEtAl.cpp.obj,V:\dishonored\UnrealEngine3QATest\Development\Intermediate\Win32-OSSSteamworks\Shipping\Dishonored\DishonoredGame\Unity_DisGlobalAIDangerManagerEtAl.cpp.obj
V:\dishonored\UnrealEngine3QATest\Development\Intermediate\Win32-OSSSteamworks\Shipping\Dishonored\DishonoredGame\Unity_DisItemContext_NPCAttractSpellEtAl.cpp.obj,V:\dishonored\UnrealEngine3QATest\Development\Intermediate\Win32-OSSSteamworks\Shipping\Dishonored\DishonoredGame\Unity_DisItemContext_NPCAttractSpellEtAl.cpp.obj
V:\dishonored\UnrealEngine3QATest\Development\Intermediate\Win32-OSSSteamworks\Shipping\Dishonored\DishonoredGame\Unity_DishonoredInventoryItem_CollisionEtAl.cpp.obj,V:\dishonored\UnrealEngine3QATest\Development\Intermediate\Win32-OSSSteamworks\Shipping\Dishonored\DishonoredGame\Unity_DishonoredInventoryItem_CollisionEtAl.cpp.obj
V:\dishonored\UnrealEngine3QATest\Development\Intermediate\Win32-OSSSteamworks\Shipping\Dishonored\DishonoredGame\Unity_DishonoredActivePowerComponent_BlinkEtAl.cpp.obj,V:\dishonored\UnrealEngine3QATest\Development\Intermediate\Win32-OSSSteamworks\Shipping\Dishonored\DishonoredGame\Unity_DishonoredActivePowerComponent_BlinkEtAl.cpp.obj
V:\dishonored\UnrealEngine3QATest\Development\Intermediate\Win32-OSSSteamworks\Shipping\Dishonored\DishonoredGame\Unity_DisGFxMoviePlayerMissionStatsEtAl.cpp.obj,V:\dishonored\UnrealEngine3QATest\Development\Intermediate\Win32-OSSSteamworks\Shipping\Dishonored\DishonoredGame\Unity_DisGFxMoviePlayerMissionStatsEtAl.cpp.obj
V:\dishonored\UnrealEngine3QATest\Development\Intermediate\Win32-OSSSteamworks\Shipping\Dishonored\DishonoredGame\Unity_DisSeqAct_OpenCraftsmanStoreEtAl.cpp.obj,V:\dishonored\UnrealEngine3QATest\Development\Intermediate\Win32-OSSSteamworks\Shipping\Dishonored\DishonoredGame\Unity_DisSeqAct_OpenCraftsmanStoreEtAl.cpp.obj
V:\dishonored\UnrealEngine3QATest\Development\Intermediate\Win32-OSSSteamworks\Shipping\Dishonored\DishonoredGame\Unity_DishonoredNPCPawn_RatTargetEtAl.cpp.obj,V:\dishonored\UnrealEngine3QATest\Development\Intermediate\Win32-OSSSteamworks\Shipping\Dishonored\DishonoredGame\Unity_DishonoredNPCPawn_RatTargetEtAl.cpp.obj
V:\dishonored\UnrealEngine3QATest\Development\Intermediate\Win32-OSSSteamworks\Shipping\Dishonored\DishonoredGame\Unity_DishonoredPawn_BodyEtAl.cpp.obj,V:\dishonored\UnrealEngine3QATest\Development\Intermediate\Win32-OSSSteamworks\Shipping\Dishonored\DishonoredGame\Unity_DishonoredPawn_BodyEtAl.cpp.obj
V:\dishonored\UnrealEngine3QATest\Development\Intermediate\Win32-OSSSteamworks\Shipping\Dishonored\DishonoredGame\Unity_DisAISubProcessPersonalSpaceEtAl.cpp.obj,V:\dishonored\UnrealEngine3QATest\Development\Intermediate\Win32-OSSSteamworks\Shipping\Dishonored\DishonoredGame\Unity_DisAISubProcessPersonalSpaceEtAl.cpp.obj
V:\dishonored\UnrealEngine3QATest\Development\Intermediate\Win32-OSSSteamworks\Shipping\Dishonored\DishonoredGame\Unity_DishonoredAIBrain_SteeringEtAl.cpp.obj,V:\dishonored\UnrealEngine3QATest\Development\Intermediate\Win32-OSSSteamworks\Shipping\Dishonored\DishonoredGame\Unity_DishonoredAIBrain_SteeringEtAl.cpp.obj
V:\dishonored\UnrealEngine3QATest\Development\Intermediate\Win32-OSSSteamworks\Shipping\Dishonored\DishonoredGame\Unity_DisBehaviorStationarySearchEtAl.cpp.obj,V:\dishonored\UnrealEngine3QATest\Development\Intermediate\Win32-OSSSteamworks\Shipping\Dishonored\DishonoredGame\Unity_DisBehaviorStationarySearchEtAl.cpp.obj
V:\dishonored\UnrealEngine3QATest\Development\Intermediate\Win32-OSSSteamworks\Shipping\Dishonored\DishonoredGame\Unity_DishonoredCamera_LeanEtAl.cpp.obj,V:\dishonored\UnrealEngine3QATest\Development\Intermediate\Win32-OSSSteamworks\Shipping\Dishonored\DishonoredGame\Unity_DishonoredCamera_LeanEtAl.cpp.obj
V:\dishonored\UnrealEngine3QATest\Development\Intermediate\Win32-OSSSteamworks\Shipping\Dishonored\DishonoredGame\Unity_DishonoredPlayerInputEtAl.cpp.obj,V:\dishonored\UnrealEngine3QATest\Development\Intermediate\Win32-OSSSteamworks\Shipping\Dishonored\DishonoredGame\Unity_DishonoredPlayerInputEtAl.cpp.obj
V:\dishonored\UnrealEngine3QATest\Development\Intermediate\Win32-OSSSteamworks\Shipping\Dishonored\DishonoredGame\Unity_DisAnimNodeBlendBySpeedPercentEtAl.cpp.obj,V:\dishonored\UnrealEngine3QATest\Development\Intermediate\Win32-OSSSteamworks\Shipping\Dishonored\DishonoredGame\Unity_DisAnimNodeBlendBySpeedPercentEtAl.cpp.obj
V:\dishonored\UnrealEngine3QATest\Development\Intermediate\Win32-OSSSteamworks\Shipping\Dishonored\DishonoredGame\Unity_StatePlayerMasterLeaningEtAl.cpp.obj,V:\dishonored\UnrealEngine3QATest\Development\Intermediate\Win32-OSSSteamworks\Shipping\Dishonored\DishonoredGame\Unity_StatePlayerMasterLeaningEtAl.cpp.obj
V:\dishonored\UnrealEngine3QATest\Development\Intermediate\Win32-OSSSteamworks\Shipping\Dishonored\DishonoredGame\Unity_DisMovableComponentEtAl.cpp.obj,V:\dishonored\UnrealEngine3QATest\Development\Intermediate\Win32-OSSSteamworks\Shipping\Dishonored\DishonoredGame\Unity_DisMovableComponentEtAl.cpp.obj
V:\dishonored\UnrealEngine3QATest\Development\Intermediate\Win32-OSSSteamworks\Shipping\Dishonored\DishonoredGame\Unity_DishonoredBreakableNavBlockEtAl.cpp.obj,V:\dishonored\UnrealEngine3QATest\Development\Intermediate\Win32-OSSSteamworks\Shipping\Dishonored\DishonoredGame\Unity_DishonoredBreakableNavBlockEtAl.cpp.obj
V:\dishonored\UnrealEngine3QATest\Development\Intermediate\Win32-OSSSteamworks\Shipping\Dishonored\Launch\Unity_PIBEtAl.cpp.obj,V:\dishonored\UnrealEngine3QATest\Development\Intermediate\Win32-OSSSteamworks\Shipping\Dishonored\Launch\Unity_PIBEtAl.cpp.obj
V:\dishonored\UnrealEngine3QATest\Development\Intermediate\Win32-OSSSteamworks\Shipping\Shared\EdgeAnimSSE\Unity_edgeanim_evaluate_intEtAl.cpp.obj,V:\dishonored\UnrealEngine3QATest\Development\Intermediate\Win32-OSSSteamworks\Shipping\Shared\EdgeAnimSSE\Unity_edgeanim_evaluate_intEtAl.cpp.obj
V:\dishonored\UnrealEngine3QATest\Development\Intermediate\Win32-OSSSteamworks\Shipping\Shared\EdgeAnimSSE\Unity_edgeanim_world_joints_to_local_joints_intEtAl.cpp.obj,V:\dishonored\UnrealEngine3QATest\Development\Intermediate\Win32-OSSSteamworks\Shipping\Shared\EdgeAnimSSE\Unity_edgeanim_world_joints_to_local_joints_intEtAl.cpp.obj
V:\dishonored\UnrealEngine3QATest\Development\Intermediate\Win32-OSSSteamworks\Shipping\Shared\WinDrv\Unity_XnaForceFeedbackManagerEtAl.cpp.obj,V:\dishonored\UnrealEngine3QATest\Development\Intermediate\Win32-OSSSteamworks\Shipping\Shared\WinDrv\Unity_XnaForceFeedbackManagerEtAl.cpp.obj
V:\dishonored\UnrealEngine3QATest\Development\Intermediate\Win32-OSSSteamworks\Shipping\Shared\D3D9Drv\Unity_VideoDeviceEtAl.cpp.obj,V:\dishonored\UnrealEngine3QATest\Development\Intermediate\Win32-OSSSteamworks\Shipping\Shared\D3D9Drv\Unity_VideoDeviceEtAl.cpp.obj
V:\dishonored\UnrealEngine3QATest\Development\Intermediate\Win32-OSSSteamworks\Shipping\Shared\AkAudio\Unity_SFLibObjectsEtAl.cpp.obj,V:\dishonored\UnrealEngine3QATest\Development\Intermediate\Win32-OSSSteamworks\Shipping\Shared\AkAudio\Unity_SFLibObjectsEtAl.cpp.obj
V:\dishonored\UnrealEngine3QATest\Development\Intermediate\Win32-OSSSteamworks\Shipping\Shared\OnlineSubsystemSteamworks\Unity_VoiceInterfaceSteamworksEtAl.cpp.obj,V:\dishonored\UnrealEngine3QATest\Development\Intermediate\Win32-OSSSteamworks\Shipping\Shared\OnlineSubsystemSteamworks\Unity_VoiceInterfaceSteamworksEtAl.cpp.obj
V:\dishonored\UnrealEngine3QATest\Development\Intermediate\Win32-OSSSteamworks\Shipping\Shared\GFxUI\Unity_GFxUIStatsEtAl.cpp.obj,V:\dishonored\UnrealEngine3QATest\Development\Intermediate\Win32-OSSSteamworks\Shipping\Shared\GFxUI\Unity_GFxUIStatsEtAl.cpp.obj
V:\dishonored\UnrealEngine3QATest\Development\Intermediate\Win32-OSSSteamworks\Shipping\Shared\IpDrv\Unity_FFileManagerNetworkEtAl.cpp.obj,V:\dishonored\UnrealEngine3QATest\Development\Intermediate\Win32-OSSSteamworks\Shipping\Shared\IpDrv\Unity_FFileManagerNetworkEtAl.cpp.obj
V:\dishonored\UnrealEngine3QATest\Development\Intermediate\Win32-OSSSteamworks\Shipping\Shared\IpDrv\Unity_WebServerEtAl.cpp.obj,V:\dishonored\UnrealEngine3QATest\Development\Intermediate\Win32-OSSSteamworks\Shipping\Shared\IpDrv\Unity_WebServerEtAl.cpp.obj
V:\dishonored\UnrealEngine3QATest\Development\Intermediate\Win32-OSSSteamworks\Shipping\Shared\GameFramework\Unity_GameWeaponEtAl.cpp.obj,V:\dishonored\UnrealEngine3QATest\Development\Intermediate\Win32-OSSSteamworks\Shipping\Shared\GameFramework\Unity_GameWeaponEtAl.cpp.obj
V:\dishonored\UnrealEngine3QATest\Development\Intermediate\Win32-OSSSteamworks\Shipping\Shared\Engine\Unity_ArkPathEngineInterfaceEtAl.cpp.obj,V:\dishonored\UnrealEngine3QATest\Development\Intermediate\Win32-OSSSteamworks\Shipping\Shared\Engine\Unity_ArkPathEngineInterfaceEtAl.cpp.obj
V:\dishonored\UnrealEngine3QATest\Development\Intermediate\Win32-OSSSteamworks\Shipping\Shared\Engine\Unity_ArkComponentLocomotionRootMoveEtAl.cpp.obj,V:\dishonored\UnrealEngine3QATest\Development\Intermediate\Win32-OSSSteamworks\Shipping\Shared\Engine\Unity_ArkComponentLocomotionRootMoveEtAl.cpp.obj
V:\dishonored\UnrealEngine3QATest\Development\Intermediate\Win32-OSSSteamworks\Shipping\Shared\Engine\Unity_ArkSettingsParametersEtAl.cpp.obj,V:\dishonored\UnrealEngine3QATest\Development\Intermediate\Win32-OSSSteamworks\Shipping\Shared\Engine\Unity_ArkSettingsParametersEtAl.cpp.obj
V:\dishonored\UnrealEngine3QATest\Development\Intermediate\Win32-OSSSteamworks\Shipping\Shared\Engine\Unity_NvApexSceneEtAl.cpp.obj,V:\dishonored\UnrealEngine3QATest\Development\Intermediate\Win32-OSSSteamworks\Shipping\Shared\Engine\Unity_NvApexSceneEtAl.cpp.obj
V:\dishonored\UnrealEngine3QATest\Development\Intermediate\Win32-OSSSteamworks\Shipping\Shared\Engine\Unity_UnConnEtAl.cpp.obj,V:\dishonored\UnrealEngine3QATest\Development\Intermediate\Win32-OSSSteamworks\Shipping\Shared\Engine\Unity_UnConnEtAl.cpp.obj
V:\dishonored\UnrealEngine3QATest\Development\Intermediate\Win32-OSSSteamworks\Shipping\Shared\Engine\Unity_ArkNavMeshBuildUtilsEtAl.cpp.obj,V:\dishonored\UnrealEngine3QATest\Development\Intermediate\Win32-OSSSteamworks\Shipping\Shared\Engine\Unity_ArkNavMeshBuildUtilsEtAl.cpp.obj
V:\dishonored\UnrealEngine3QATest\Development\Intermediate\Win32-OSSSteamworks\Shipping\Shared\Engine\Unity_UnTerrainRenderEtAl.cpp.obj,V:\dishonored\UnrealEngine3QATest\Development\Intermediate\Win32-OSSSteamworks\Shipping\Shared\Engine\Unity_UnTerrainRenderEtAl.cpp.obj
V:\dishonored\UnrealEngine3QATest\Development\Intermediate\Win32-OSSSteamworks\Shipping\Shared\Engine\Unity_FluidSurfaceEtAl.cpp.obj,V:\dishonored\UnrealEngine3QATest\Development\Intermediate\Win32-OSSSteamworks\Shipping\Shared\Engine\Unity_FluidSurfaceEtAl.cpp.obj
V:\dishonored\UnrealEngine3QATest\Development\Intermediate\Win32-OSSSteamworks\Shipping\Shared\Engine\Unity_UnParticleModulesEtAl.cpp.obj,V:\dishonored\UnrealEngine3QATest\Development\Intermediate\Win32-OSSSteamworks\Shipping\Shared\Engine\Unity_UnParticleModulesEtAl.cpp.obj
V:\dishonored\UnrealEngine3QATest\Development\Intermediate\Win32-OSSSteamworks\Shipping\Shared\Engine\Unity_ParticleTrail2EmitterInstanceEtAl.cpp.obj,V:\dishonored\UnrealEngine3QATest\Development\Intermediate\Win32-OSSSteamworks\Shipping\Shared\Engine\Unity_ParticleTrail2EmitterInstanceEtAl.cpp.obj
V:\dishonored\UnrealEngine3QATest\Development\Intermediate\Win32-OSSSteamworks\Shipping\Shared\Engine\Unity_ShadowSetupEtAl.cpp.obj,V:\dishonored\UnrealEngine3QATest\Development\Intermediate\Win32-OSSSteamworks\Shipping\Shared\Engine\Unity_ShadowSetupEtAl.cpp.obj
V:\dishonored\UnrealEngine3QATest\Development\Intermediate\Win32-OSSSteamworks\Shipping\Shared\Engine\Unity_SceneCoreEtAl.cpp.obj,V:\dishonored\UnrealEngine3QATest\Development\Intermediate\Win32-OSSSteamworks\Shipping\Shared\Engine\Unity_SceneCoreEtAl.cpp.obj
V:\dishonored\UnrealEngine3QATest\Development\Intermediate\Win32-OSSSteamworks\Shipping\Shared\Engine\Unity_UnUIDataStoresEtAl.cpp.obj,V:\dishonored\UnrealEngine3QATest\Development\Intermediate\Win32-OSSSteamworks\Shipping\Shared\Engine\Unity_UnUIDataStoresEtAl.cpp.obj
V:\dishonored\UnrealEngine3QATest\Development\Intermediate\Win32-OSSSteamworks\Shipping\Shared\Engine\Unity_UnPhysDrawingEtAl.cpp.obj,V:\dishonored\UnrealEngine3QATest\Development\Intermediate\Win32-OSSSteamworks\Shipping\Shared\Engine\Unity_UnPhysDrawingEtAl.cpp.obj
V:\dishonored\UnrealEngine3QATest\Development\Intermediate\Win32-OSSSteamworks\Shipping\Shared\Engine\Unity_UnPhysActorEtAl.cpp.obj,V:\dishonored\UnrealEngine3QATest\Development\Intermediate\Win32-OSSSteamworks\Shipping\Shared\Engine\Unity_UnPhysActorEtAl.cpp.obj
V:\dishonored\UnrealEngine3QATest\Development\Intermediate\Win32-OSSSteamworks\Shipping\Shared\Engine\Unity_UnStaticMeshLightEtAl.cpp.obj,V:\dishonored\UnrealEngine3QATest\Development\Intermediate\Win32-OSSSteamworks\Shipping\Shared\Engine\Unity_UnStaticMeshLightEtAl.cpp.obj
V:\dishonored\UnrealEngine3QATest\Development\Intermediate\Win32-OSSSteamworks\Shipping\Shared\Engine\Unity_UnSkeletalMeshEtAl.cpp.obj,V:\dishonored\UnrealEngine3QATest\Development\Intermediate\Win32-OSSSteamworks\Shipping\Shared\Engine\Unity_UnSkeletalMeshEtAl.cpp.obj
V:\dishonored\UnrealEngine3QATest\Development\Intermediate\Win32-OSSSteamworks\Shipping\Shared\Engine\Unity_UnSequenceEtAl.cpp.obj,V:\dishonored\UnrealEngine3QATest\Development\Intermediate\Win32-OSSSteamworks\Shipping\Shared\Engine\Unity_UnSequenceEtAl.cpp.obj
V:\dishonored\UnrealEngine3QATest\Development\Intermediate\Win32-OSSSteamworks\Shipping\Shared\Engine\Unity_UnPlayerEtAl.cpp.obj,V:\dishonored\UnrealEngine3QATest\Development\Intermediate\Win32-OSSSteamworks\Shipping\Shared\Engine\Unity_UnPlayerEtAl.cpp.obj
V:\dishonored\UnrealEngine3QATest\Development\Intermediate\Win32-OSSSteamworks\Shipping\Shared\Engine\Unity_UnNavigationMeshEtAl.cpp.obj,V:\dishonored\UnrealEngine3QATest\Development\Intermediate\Win32-OSSSteamworks\Shipping\Shared\Engine\Unity_UnNavigationMeshEtAl.cpp.obj
V:\dishonored\UnrealEngine3QATest\Development\Intermediate\Win32-OSSSteamworks\Shipping\Shared\Engine\Unity_UnLightMapEtAl.cpp.obj,V:\dishonored\UnrealEngine3QATest\Development\Intermediate\Win32-OSSSteamworks\Shipping\Shared\Engine\Unity_UnLightMapEtAl.cpp.obj
V:\dishonored\UnrealEngine3QATest\Development\Intermediate\Win32-OSSSteamworks\Shipping\Shared\Engine\Unity_UnInterpolationEtAl.cpp.obj,V:\dishonored\UnrealEngine3QATest\Development\Intermediate\Win32-OSSSteamworks\Shipping\Shared\Engine\Unity_UnInterpolationEtAl.cpp.obj
V:\dishonored\UnrealEngine3QATest\Development\Intermediate\Win32-OSSSteamworks\Shipping\Shared\Engine\Unity_UnEngineEtAl.cpp.obj,V:\dishonored\UnrealEngine3QATest\Development\Intermediate\Win32-OSSSteamworks\Shipping\Shared\Engine\Unity_UnEngineEtAl.cpp.obj
V:\dishonored\UnrealEngine3QATest\Development\Intermediate\Win32-OSSSteamworks\Shipping\Shared\Engine\Unity_UnBrushComponentEtAl.cpp.obj,V:\dishonored\UnrealEngine3QATest\Development\Intermediate\Win32-OSSSteamworks\Shipping\Shared\Engine\Unity_UnBrushComponentEtAl.cpp.obj
V:\dishonored\UnrealEngine3QATest\Development\Intermediate\Win32-OSSSteamworks\Shipping\Shared\Engine\Unity_UnActorComponentEtAl.cpp.obj,V:\dishonored\UnrealEngine3QATest\Development\Intermediate\Win32-OSSSteamworks\Shipping\Shared\Engine\Unity_UnActorComponentEtAl.cpp.obj
V:\dishonored\UnrealEngine3QATest\Development\Intermediate\Win32-OSSSteamworks\Shipping\Shared\Engine\Unity_SpotLightComponentEtAl.cpp.obj,V:\dishonored\UnrealEngine3QATest\Development\Intermediate\Win32-OSSSteamworks\Shipping\Shared\Engine\Unity_SpotLightComponentEtAl.cpp.obj
V:\dishonored\UnrealEngine3QATest\Development\Intermediate\Win32-OSSSteamworks\Shipping\Shared\Engine\Unity_PrimitiveComponentEtAl.cpp.obj,V:\dishonored\UnrealEngine3QATest\Development\Intermediate\Win32-OSSSteamworks\Shipping\Shared\Engine\Unity_PrimitiveComponentEtAl.cpp.obj
V:\dishonored\UnrealEngine3QATest\Development\Intermediate\Win32-OSSSteamworks\Shipping\Shared\Engine\Unity_MaterialInstanceConstantEtAl.cpp.obj,V:\dishonored\UnrealEngine3QATest\Development\Intermediate\Win32-OSSSteamworks\Shipping\Shared\Engine\Unity_MaterialInstanceConstantEtAl.cpp.obj
V:\dishonored\UnrealEngine3QATest\Development\Intermediate\Win32-OSSSteamworks\Shipping\Shared\Engine\Unity_GPUSkinVertexFactoryEtAl.cpp.obj,V:\dishonored\UnrealEngine3QATest\Development\Intermediate\Win32-OSSSteamworks\Shipping\Shared\Engine\Unity_GPUSkinVertexFactoryEtAl.cpp.obj
V:\dishonored\UnrealEngine3QATest\Development\Intermediate\Win32-OSSSteamworks\Shipping\Shared\Engine\Unity_ConvexVolumeEtAl.cpp.obj,V:\dishonored\UnrealEngine3QATest\Development\Intermediate\Win32-OSSSteamworks\Shipping\Shared\Engine\Unity_ConvexVolumeEtAl.cpp.obj
V:\dishonored\UnrealEngine3QATest\Development\Intermediate\Win32-OSSSteamworks\Shipping\Shared\Core\Unity_randtableEtAl.cpp.obj,V:\dishonored\UnrealEngine3QATest\Development\Intermediate\Win32-OSSSteamworks\Shipping\Shared\Core\Unity_randtableEtAl.cpp.obj
V:\dishonored\UnrealEngine3QATest\Development\Intermediate\Win32-OSSSteamworks\Shipping\Shared\Core\Unity_UnVcWin32EtAl.cpp.obj,V:\dishonored\UnrealEngine3QATest\Development\Intermediate\Win32-OSSSteamworks\Shipping\Shared\Core\Unity_UnVcWin32EtAl.cpp.obj
Import:steam_api.dll,V:\dishonored\UnrealEngine3QATest\Development\External\Steamworks\sdk\redistributable_bin\steam_api.lib
steam_api.dll,V:\dishonored\UnrealEngine3QATest\Development\External\Steamworks\sdk\redistributable_bin\steam_api.lib
..\..\..\..\Win32_vc90\Release\obj\AkSoundEngine\AkFeedbackBus.obj,V:\dishonored\UnrealEngine3QATest\Development\External\Wwise\SDK\Win32_vc90\Release\lib\AkSoundEngine.lib
..\..\..\..\Win32_vc90\Release\obj\AkSoundEngine\AkFeedbackMgr.obj,V:\dishonored\UnrealEngine3QATest\Development\External\Wwise\SDK\Win32_vc90\Release\lib\AkSoundEngine.lib
..\..\..\..\Win32_vc90\Release\obj\AkSoundEngine\AkFeedbackNode.obj,V:\dishonored\UnrealEngine3QATest\Development\External\Wwise\SDK\Win32_vc90\Release\lib\AkSoundEngine.lib
..\..\..\..\Win32_vc90\Release\obj\AkSoundEngine\AkFeedbackStructs.obj,V:\dishonored\UnrealEngine3QATest\Development\External\Wwise\SDK\Win32_vc90\Release\lib\AkSoundEngine.lib
..\..\..\..\Win32_vc90\Release\obj\AkSoundEngine\AkSplitterBus.obj,V:\dishonored\UnrealEngine3QATest\Development\External\Wwise\SDK\Win32_vc90\Release\lib\AkSoundEngine.lib
..\..\..\..\Win32_vc90\Release\obj\AkSoundEngine\AkADPCMCodec.obj,V:\dishonored\UnrealEngine3QATest\Development\External\Wwise\SDK\Win32_vc90\Release\lib\AkSoundEngine.lib
..\..\..\..\Win32_vc90\Release\obj\AkSoundEngine\AkLEngine_SoftwarePipeline.obj,V:\dishonored\UnrealEngine3QATest\Development\External\Wwise\SDK\Win32_vc90\Release\lib\AkSoundEngine.lib
..\..\..\..\Win32_vc90\Release\obj\AkSoundEngine\AkLPFCommon.obj,V:\dishonored\UnrealEngine3QATest\Development\External\Wwise\SDK\Win32_vc90\Release\lib\AkSoundEngine.lib
..\..\..\..\Win32_vc90\Release\obj\AkSoundEngine\AkMixer.obj,V:\dishonored\UnrealEngine3QATest\Development\External\Wwise\SDK\Win32_vc90\Release\lib\AkSoundEngine.lib
..\..\..\..\Win32_vc90\Release\obj\AkSoundEngine\AkMixerSIMD.obj,V:\dishonored\UnrealEngine3QATest\Development\External\Wwise\SDK\Win32_vc90\Release\lib\AkSoundEngine.lib
..\..\..\..\Win32_vc90\Release\obj\AkSoundEngine\AkResampler.obj,V:\dishonored\UnrealEngine3QATest\Development\External\Wwise\SDK\Win32_vc90\Release\lib\AkSoundEngine.lib
..\..\..\..\Win32_vc90\Release\obj\AkSoundEngine\AkResamplerCommon.obj,V:\dishonored\UnrealEngine3QATest\Development\External\Wwise\SDK\Win32_vc90\Release\lib\AkSoundEngine.lib
..\..\..\..\Win32_vc90\Release\obj\AkSoundEngine\AkResamplerSIMD.obj,V:\dishonored\UnrealEngine3QATest\Development\External\Wwise\SDK\Win32_vc90\Release\lib\AkSoundEngine.lib
..\..\..\..\Win32_vc90\Release\obj\AkSoundEngine\AkSrcBankADPCM.obj,V:\dishonored\UnrealEngine3QATest\Development\External\Wwise\SDK\Win32_vc90\Release\lib\AkSoundEngine.lib
..\..\..\..\Win32_vc90\Release\obj\AkSoundEngine\AkSrcBankPCM.obj,V:\dishonored\UnrealEngine3QATest\Development\External\Wwise\SDK\Win32_vc90\Release\lib\AkSoundEngine.lib
..\..\..\..\Win32_vc90\Release\obj\AkSoundEngine\AkSrcBase.obj,V:\dishonored\UnrealEngine3QATest\Development\External\Wwise\SDK\Win32_vc90\Release\lib\AkSoundEngine.lib
..\..\..\..\Win32_vc90\Release\obj\AkSoundEngine\AkSrcFileADPCM.obj,V:\dishonored\UnrealEngine3QATest\Development\External\Wwise\SDK\Win32_vc90\Release\lib\AkSoundEngine.lib
..\..\..\..\Win32_vc90\Release\obj\AkSoundEngine\AkSrcFileBase.obj,V:\dishonored\UnrealEngine3QATest\Development\External\Wwise\SDK\Win32_vc90\Release\lib\AkSoundEngine.lib
..\..\..\..\Win32_vc90\Release\obj\AkSoundEngine\AkSrcFilePCM.obj,V:\dishonored\UnrealEngine3QATest\Development\External\Wwise\SDK\Win32_vc90\Release\lib\AkSoundEngine.lib
..\..\..\..\Win32_vc90\Release\obj\AkSoundEngine\AkSrcLpFilter.obj,V:\dishonored\UnrealEngine3QATest\Development\External\Wwise\SDK\Win32_vc90\Release\lib\AkSoundEngine.lib
..\..\..\..\Win32_vc90\Release\obj\AkSoundEngine\AkSrcPhysModel.obj,V:\dishonored\UnrealEngine3QATest\Development\External\Wwise\SDK\Win32_vc90\Release\lib\AkSoundEngine.lib
..\..\..\..\Win32_vc90\Release\obj\AkSoundEngine\AkVPLFilterNode.obj,V:\dishonored\UnrealEngine3QATest\Development\External\Wwise\SDK\Win32_vc90\Release\lib\AkSoundEngine.lib
..\..\..\..\Win32_vc90\Release\obj\AkSoundEngine\AkVPLFilterNodeBase.obj,V:\dishonored\UnrealEngine3QATest\Development\External\Wwise\SDK\Win32_vc90\Release\lib\AkSoundEngine.lib
..\..\..\..\Win32_vc90\Release\obj\AkSoundEngine\AkVPLFilterNodeOutOfPlace.obj,V:\dishonored\UnrealEngine3QATest\Development\External\Wwise\SDK\Win32_vc90\Release\lib\AkSoundEngine.lib
..\..\..\..\Win32_vc90\Release\obj\AkSoundEngine\AkVPLFinalMixNode.obj,V:\dishonored\UnrealEngine3QATest\Development\External\Wwise\SDK\Win32_vc90\Release\lib\AkSoundEngine.lib
..\..\..\..\Win32_vc90\Release\obj\AkSoundEngine\AkVPLLPFNode.obj,V:\dishonored\UnrealEngine3QATest\Development\External\Wwise\SDK\Win32_vc90\Release\lib\AkSoundEngine.lib
..\..\..\..\Win32_vc90\Release\obj\AkSoundEngine\AkVPLMixBusNode.obj,V:\dishonored\UnrealEngine3QATest\Development\External\Wwise\SDK\Win32_vc90\Release\lib\AkSoundEngine.lib
..\..\..\..\Win32_vc90\Release\obj\AkSoundEngine\AkVPLNode.obj,V:\dishonored\UnrealEngine3QATest\Development\External\Wwise\SDK\Win32_vc90\Release\lib\AkSoundEngine.lib
..\..\..\..\Win32_vc90\Release\obj\AkSoundEngine\AkVPLPitchNode.obj,V:\dishonored\UnrealEngine3QATest\Development\External\Wwise\SDK\Win32_vc90\Release\lib\AkSoundEngine.lib
..\..\..\..\Win32_vc90\Release\obj\AkSoundEngine\AkVPLSrcCbxNode.obj,V:\dishonored\UnrealEngine3QATest\Development\External\Wwise\SDK\Win32_vc90\Release\lib\AkSoundEngine.lib
..\..\..\..\Win32_vc90\Release\obj\AkSoundEngine\AkVPLSrcNode.obj,V:\dishonored\UnrealEngine3QATest\Development\External\Wwise\SDK\Win32_vc90\Release\lib\AkSoundEngine.lib
..\..\..\..\Win32_vc90\Release\obj\AkSoundEngine\Ak3DListener.obj,V:\dishonored\UnrealEngine3QATest\Development\External\Wwise\SDK\Win32_vc90\Release\lib\AkSoundEngine.lib
..\..\..\..\Win32_vc90\Release\obj\AkSoundEngine\AkAction.obj,V:\dishonored\UnrealEngine3QATest\Development\External\Wwise\SDK\Win32_vc90\Release\lib\AkSoundEngine.lib
..\..\..\..\Win32_vc90\Release\obj\AkSoundEngine\AkActionActive.obj,V:\dishonored\UnrealEngine3QATest\Development\External\Wwise\SDK\Win32_vc90\Release\lib\AkSoundEngine.lib
..\..\..\..\Win32_vc90\Release\obj\AkSoundEngine\AkActionBreak.obj,V:\dishonored\UnrealEngine3QATest\Development\External\Wwise\SDK\Win32_vc90\Release\lib\AkSoundEngine.lib
..\..\..\..\Win32_vc90\Release\obj\AkSoundEngine\AkActionBypassFX.obj,V:\dishonored\UnrealEngine3QATest\Development\External\Wwise\SDK\Win32_vc90\Release\lib\AkSoundEngine.lib
..\..\..\..\Win32_vc90\Release\obj\AkSoundEngine\AkActionDuck.obj,V:\dishonored\UnrealEngine3QATest\Development\External\Wwise\SDK\Win32_vc90\Release\lib\AkSoundEngine.lib
..\..\..\..\Win32_vc90\Release\obj\AkSoundEngine\AkActionExcept.obj,V:\dishonored\UnrealEngine3QATest\Development\External\Wwise\SDK\Win32_vc90\Release\lib\AkSoundEngine.lib
..\..\..\..\Win32_vc90\Release\obj\AkSoundEngine\AkActionMute.obj,V:\dishonored\UnrealEngine3QATest\Development\External\Wwise\SDK\Win32_vc90\Release\lib\AkSoundEngine.lib
..\..\..\..\Win32_vc90\Release\obj\AkSoundEngine\AkActionPause.obj,V:\dishonored\UnrealEngine3QATest\Development\External\Wwise\SDK\Win32_vc90\Release\lib\AkSoundEngine.lib
..\..\..\..\Win32_vc90\Release\obj\AkSoundEngine\AkActionPlay.obj,V:\dishonored\UnrealEngine3QATest\Development\External\Wwise\SDK\Win32_vc90\Release\lib\AkSoundEngine.lib
..\..\..\..\Win32_vc90\Release\obj\AkSoundEngine\AkActionPlayAndContinue.obj,V:\dishonored\UnrealEngine3QATest\Development\External\Wwise\SDK\Win32_vc90\Release\lib\AkSoundEngine.lib
..\..\..\..\Win32_vc90\Release\obj\AkSoundEngine\AkActionResume.obj,V:\dishonored\UnrealEngine3QATest\Development\External\Wwise\SDK\Win32_vc90\Release\lib\AkSoundEngine.lib
..\..\..\..\Win32_vc90\Release\obj\AkSoundEngine\AkActionSeek.obj,V:\dishonored\UnrealEngine3QATest\Development\External\Wwise\SDK\Win32_vc90\Release\lib\AkSoundEngine.lib
..\..\..\..\Win32_vc90\Release\obj\AkSoundEngine\AkActionSetAkProp.obj,V:\dishonored\UnrealEngine3QATest\Development\External\Wwise\SDK\Win32_vc90\Release\lib\AkSoundEngine.lib
..\..\..\..\Win32_vc90\Release\obj\AkSoundEngine\AkActionSetGameParameter.obj,V:\dishonored\UnrealEngine3QATest\Development\External\Wwise\SDK\Win32_vc90\Release\lib\AkSoundEngine.lib
..\..\..\..\Win32_vc90\Release\obj\AkSoundEngine\AkActionSetState.obj,V:\dishonored\UnrealEngine3QATest\Development\External\Wwise\SDK\Win32_vc90\Release\lib\AkSoundEngine.lib
..\..\..\..\Win32_vc90\Release\obj\AkSoundEngine\AkActionSetSwitch.obj,V:\dishonored\UnrealEngine3QATest\Development\External\Wwise\SDK\Win32_vc90\Release\lib\AkSoundEngine.lib
..\..\..\..\Win32_vc90\Release\obj\AkSoundEngine\AkActionSetValue.obj,V:\dishonored\UnrealEngine3QATest\Development\External\Wwise\SDK\Win32_vc90\Release\lib\AkSoundEngine.lib
..\..\..\..\Win32_vc90\Release\obj\AkSoundEngine\AkActionStop.obj,V:\dishonored\UnrealEngine3QATest\Development\External\Wwise\SDK\Win32_vc90\Release\lib\AkSoundEngine.lib
..\..\..\..\Win32_vc90\Release\obj\AkSoundEngine\AkActionTrigger.obj,V:\dishonored\UnrealEngine3QATest\Development\External\Wwise\SDK\Win32_vc90\Release\lib\AkSoundEngine.lib
..\..\..\..\Win32_vc90\Release\obj\AkSoundEngine\AkActionUseState.obj,V:\dishonored\UnrealEngine3QATest\Development\External\Wwise\SDK\Win32_vc90\Release\lib\AkSoundEngine.lib
..\..\..\..\Win32_vc90\Release\obj\AkSoundEngine\AkActorMixer.obj,V:\dishonored\UnrealEngine3QATest\Development\External\Wwise\SDK\Win32_vc90\Release\lib\AkSoundEngine.lib
..\..\..\..\Win32_vc90\Release\obj\AkSoundEngine\AkAttenuationMgr.obj,V:\dishonored\UnrealEngine3QATest\Development\External\Wwise\SDK\Win32_vc90\Release\lib\AkSoundEngine.lib
..\..\..\..\Win32_vc90\Release\obj\AkSoundEngine\AkAudioLib.obj,V:\dishonored\UnrealEngine3QATest\Development\External\Wwise\SDK\Win32_vc90\Release\lib\AkSoundEngine.lib
..\..\..\..\Win32_vc90\Release\obj\AkSoundEngine\AkAudioLibIndex.obj,V:\dishonored\UnrealEngine3QATest\Development\External\Wwise\SDK\Win32_vc90\Release\lib\AkSoundEngine.lib
..\..\..\..\Win32_vc90\Release\obj\AkSoundEngine\AkAudioLibTimer.obj,V:\dishonored\UnrealEngine3QATest\Development\External\Wwise\SDK\Win32_vc90\Release\lib\AkSoundEngine.lib
..\..\..\..\Win32_vc90\Release\obj\AkSoundEngine\AkAudioMgr.obj,V:\dishonored\UnrealEngine3QATest\Development\External\Wwise\SDK\Win32_vc90\Release\lib\AkSoundEngine.lib
..\..\..\..\Win32_vc90\Release\obj\AkSoundEngine\AkBankCallbackMgr.obj,V:\dishonored\UnrealEngine3QATest\Development\External\Wwise\SDK\Win32_vc90\Release\lib\AkSoundEngine.lib
..\..\..\..\Win32_vc90\Release\obj\AkSoundEngine\AkBankList.obj,V:\dishonored\UnrealEngine3QATest\Development\External\Wwise\SDK\Win32_vc90\Release\lib\AkSoundEngine.lib
..\..\..\..\Win32_vc90\Release\obj\AkSoundEngine\AkBankMgr.obj,V:\dishonored\UnrealEngine3QATest\Development\External\Wwise\SDK\Win32_vc90\Release\lib\AkSoundEngine.lib
..\..\..\..\Win32_vc90\Release\obj\AkSoundEngine\AkBankReader.obj,V:\dishonored\UnrealEngine3QATest\Development\External\Wwise\SDK\Win32_vc90\Release\lib\AkSoundEngine.lib
..\..\..\..\Win32_vc90\Release\obj\AkSoundEngine\AkBus.obj,V:\dishonored\UnrealEngine3QATest\Development\External\Wwise\SDK\Win32_vc90\Release\lib\AkSoundEngine.lib
..\..\..\..\Win32_vc90\Release\obj\AkSoundEngine\AkBusCtx.obj,V:\dishonored\UnrealEngine3QATest\Development\External\Wwise\SDK\Win32_vc90\Release\lib\AkSoundEngine.lib
..\..\..\..\Win32_vc90\Release\obj\AkSoundEngine\AkChunkRing.obj,V:\dishonored\UnrealEngine3QATest\Development\External\Wwise\SDK\Win32_vc90\Release\lib\AkSoundEngine.lib
..\..\..\..\Win32_vc90\Release\obj\AkSoundEngine\AkCommon.obj,V:\dishonored\UnrealEngine3QATest\Development\External\Wwise\SDK\Win32_vc90\Release\lib\AkSoundEngine.lib
..\..\..\..\Win32_vc90\Release\obj\AkSoundEngine\AkContainerBase.obj,V:\dishonored\UnrealEngine3QATest\Development\External\Wwise\SDK\Win32_vc90\Release\lib\AkSoundEngine.lib
..\..\..\..\Win32_vc90\Release\obj\AkSoundEngine\AkContinuationList.obj,V:\dishonored\UnrealEngine3QATest\Development\External\Wwise\SDK\Win32_vc90\Release\lib\AkSoundEngine.lib
..\..\..\..\Win32_vc90\Release\obj\AkSoundEngine\AkContinuousPBI.obj,V:\dishonored\UnrealEngine3QATest\Development\External\Wwise\SDK\Win32_vc90\Release\lib\AkSoundEngine.lib
..\..\..\..\Win32_vc90\Release\obj\AkSoundEngine\AkDecisionTree.obj,V:\dishonored\UnrealEngine3QATest\Development\External\Wwise\SDK\Win32_vc90\Release\lib\AkSoundEngine.lib
..\..\..\..\Win32_vc90\Release\obj\AkSoundEngine\AkDefault3DParams.obj,V:\dishonored\UnrealEngine3QATest\Development\External\Wwise\SDK\Win32_vc90\Release\lib\AkSoundEngine.lib
..\..\..\..\Win32_vc90\Release\obj\AkSoundEngine\AkDialogueEvent.obj,V:\dishonored\UnrealEngine3QATest\Development\External\Wwise\SDK\Win32_vc90\Release\lib\AkSoundEngine.lib
..\..\..\..\Win32_vc90\Release\obj\AkSoundEngine\AkDuckItem.obj,V:\dishonored\UnrealEngine3QATest\Development\External\Wwise\SDK\Win32_vc90\Release\lib\AkSoundEngine.lib
..\..\..\..\Win32_vc90\Release\obj\AkSoundEngine\AkDynamicSequence.obj,V:\dishonored\UnrealEngine3QATest\Development\External\Wwise\SDK\Win32_vc90\Release\lib\AkSoundEngine.lib
..\..\..\..\Win32_vc90\Release\obj\AkSoundEngine\AkDynamicSequencePBI.obj,V:\dishonored\UnrealEngine3QATest\Development\External\Wwise\SDK\Win32_vc90\Release\lib\AkSoundEngine.lib
..\..\..\..\Win32_vc90\Release\obj\AkSoundEngine\AkEffectsMgr.obj,V:\dishonored\UnrealEngine3QATest\Development\External\Wwise\SDK\Win32_vc90\Release\lib\AkSoundEngine.lib
..\..\..\..\Win32_vc90\Release\obj\AkSoundEngine\AkEnvironmentsMgr.obj,V:\dishonored\UnrealEngine3QATest\Development\External\Wwise\SDK\Win32_vc90\Release\lib\AkSoundEngine.lib
..\..\..\..\Win32_vc90\Release\obj\AkSoundEngine\AkEvent.obj,V:\dishonored\UnrealEngine3QATest\Development\External\Wwise\SDK\Win32_vc90\Release\lib\AkSoundEngine.lib
..\..\..\..\Win32_vc90\Release\obj\AkSoundEngine\AkFileParserBase.obj,V:\dishonored\UnrealEngine3QATest\Development\External\Wwise\SDK\Win32_vc90\Release\lib\AkSoundEngine.lib
..\..\..\..\Win32_vc90\Release\obj\AkSoundEngine\AkFxBase.obj,V:\dishonored\UnrealEngine3QATest\Development\External\Wwise\SDK\Win32_vc90\Release\lib\AkSoundEngine.lib
..\..\..\..\Win32_vc90\Release\obj\AkSoundEngine\AkFXContext.obj,V:\dishonored\UnrealEngine3QATest\Development\External\Wwise\SDK\Win32_vc90\Release\lib\AkSoundEngine.lib
..\..\..\..\Win32_vc90\Release\obj\AkSoundEngine\AkFXMemAlloc.obj,V:\dishonored\UnrealEngine3QATest\Development\External\Wwise\SDK\Win32_vc90\Release\lib\AkSoundEngine.lib
..\..\..\..\Win32_vc90\Release\obj\AkSoundEngine\AkGen3DParams.obj,V:\dishonored\UnrealEngine3QATest\Development\External\Wwise\SDK\Win32_vc90\Release\lib\AkSoundEngine.lib
..\..\..\..\Win32_vc90\Release\obj\AkSoundEngine\AkIndexable.obj,V:\dishonored\UnrealEngine3QATest\Development\External\Wwise\SDK\Win32_vc90\Release\lib\AkSoundEngine.lib
..\..\..\..\Win32_vc90\Release\obj\AkSoundEngine\AkInterpolation.obj,V:\dishonored\UnrealEngine3QATest\Development\External\Wwise\SDK\Win32_vc90\Release\lib\AkSoundEngine.lib
..\..\..\..\Win32_vc90\Release\obj\AkSoundEngine\AkInterpolationTable.obj,V:\dishonored\UnrealEngine3QATest\Development\External\Wwise\SDK\Win32_vc90\Release\lib\AkSoundEngine.lib
..\..\..\..\Win32_vc90\Release\obj\AkSoundEngine\AkLayer.obj,V:\dishonored\UnrealEngine3QATest\Development\External\Wwise\SDK\Win32_vc90\Release\lib\AkSoundEngine.lib
..\..\..\..\Win32_vc90\Release\obj\AkSoundEngine\AkLayerCntr.obj,V:\dishonored\UnrealEngine3QATest\Development\External\Wwise\SDK\Win32_vc90\Release\lib\AkSoundEngine.lib
..\..\..\..\Win32_vc90\Release\obj\AkSoundEngine\AkLEngineCmds.obj,V:\dishonored\UnrealEngine3QATest\Development\External\Wwise\SDK\Win32_vc90\Release\lib\AkSoundEngine.lib
..\..\..\..\Win32_vc90\Release\obj\AkSoundEngine\AkLEngine_Common.obj,V:\dishonored\UnrealEngine3QATest\Development\External\Wwise\SDK\Win32_vc90\Release\lib\AkSoundEngine.lib
..\..\..\..\Win32_vc90\Release\obj\AkSoundEngine\AkMarkers.obj,V:\dishonored\UnrealEngine3QATest\Development\External\Wwise\SDK\Win32_vc90\Release\lib\AkSoundEngine.lib
..\..\..\..\Win32_vc90\Release\obj\AkSoundEngine\AkMath.obj,V:\dishonored\UnrealEngine3QATest\Development\External\Wwise\SDK\Win32_vc90\Release\lib\AkSoundEngine.lib
..\..\..\..\Win32_vc90\Release\obj\AkSoundEngine\AkMultiPlayNode.obj,V:\dishonored\UnrealEngine3QATest\Development\External\Wwise\SDK\Win32_vc90\Release\lib\AkSoundEngine.lib
..\..\..\..\Win32_vc90\Release\obj\AkSoundEngine\AkParameterNode.obj,V:\dishonored\UnrealEngine3QATest\Development\External\Wwise\SDK\Win32_vc90\Release\lib\AkSoundEngine.lib
..\..\..\..\Win32_vc90\Release\obj\AkSoundEngine\AkParameterNodeBase.obj,V:\dishonored\UnrealEngine3QATest\Development\External\Wwise\SDK\Win32_vc90\Release\lib\AkSoundEngine.lib
..\..\..\..\Win32_vc90\Release\obj\AkSoundEngine\AkPath.obj,V:\dishonored\UnrealEngine3QATest\Development\External\Wwise\SDK\Win32_vc90\Release\lib\AkSoundEngine.lib
..\..\..\..\Win32_vc90\Release\obj\AkSoundEngine\AkPathManager.obj,V:\dishonored\UnrealEngine3QATest\Development\External\Wwise\SDK\Win32_vc90\Release\lib\AkSoundEngine.lib
..\..\..\..\Win32_vc90\Release\obj\AkSoundEngine\AkPBI.obj,V:\dishonored\UnrealEngine3QATest\Development\External\Wwise\SDK\Win32_vc90\Release\lib\AkSoundEngine.lib
..\..\..\..\Win32_vc90\Release\obj\AkSoundEngine\AkPBIAware.obj,V:\dishonored\UnrealEngine3QATest\Development\External\Wwise\SDK\Win32_vc90\Release\lib\AkSoundEngine.lib
..\..\..\..\Win32_vc90\Release\obj\AkSoundEngine\AkPlayingMgr.obj,V:\dishonored\UnrealEngine3QATest\Development\External\Wwise\SDK\Win32_vc90\Release\lib\AkSoundEngine.lib
..\..\..\..\Win32_vc90\Release\obj\AkSoundEngine\AkPlaylist.obj,V:\dishonored\UnrealEngine3QATest\Development\External\Wwise\SDK\Win32_vc90\Release\lib\AkSoundEngine.lib
..\..\..\..\Win32_vc90\Release\obj\AkSoundEngine\AkPositionRepository.obj,V:\dishonored\UnrealEngine3QATest\Development\External\Wwise\SDK\Win32_vc90\Release\lib\AkSoundEngine.lib
..\..\..\..\Win32_vc90\Release\obj\AkSoundEngine\AkPreparationAware.obj,V:\dishonored\UnrealEngine3QATest\Development\External\Wwise\SDK\Win32_vc90\Release\lib\AkSoundEngine.lib
..\..\..\..\Win32_vc90\Release\obj\AkSoundEngine\AkQueryParameters.obj,V:\dishonored\UnrealEngine3QATest\Development\External\Wwise\SDK\Win32_vc90\Release\lib\AkSoundEngine.lib
..\..\..\..\Win32_vc90\Release\obj\AkSoundEngine\AkRanSeqBaseInfo.obj,V:\dishonored\UnrealEngine3QATest\Development\External\Wwise\SDK\Win32_vc90\Release\lib\AkSoundEngine.lib
..\..\..\..\Win32_vc90\Release\obj\AkSoundEngine\AkRanSeqCntr.obj,V:\dishonored\UnrealEngine3QATest\Development\External\Wwise\SDK\Win32_vc90\Release\lib\AkSoundEngine.lib
..\..\..\..\Win32_vc90\Release\obj\AkSoundEngine\AkRegisteredObj.obj,V:\dishonored\UnrealEngine3QATest\Development\External\Wwise\SDK\Win32_vc90\Release\lib\AkSoundEngine.lib
..\..\..\..\Win32_vc90\Release\obj\AkSoundEngine\AkRegistryMgr.obj,V:\dishonored\UnrealEngine3QATest\Development\External\Wwise\SDK\Win32_vc90\Release\lib\AkSoundEngine.lib
..\..\..\..\Win32_vc90\Release\obj\AkSoundEngine\AkRTPCMgr.obj,V:\dishonored\UnrealEngine3QATest\Development\External\Wwise\SDK\Win32_vc90\Release\lib\AkSoundEngine.lib
..\..\..\..\Win32_vc90\Release\obj\AkSoundEngine\AkRuntimeEnvironmentMgr.obj,V:\dishonored\UnrealEngine3QATest\Development\External\Wwise\SDK\Win32_vc90\Release\lib\AkSoundEngine.lib
..\..\..\..\Win32_vc90\Release\obj\AkSoundEngine\AkSettings.obj,V:\dishonored\UnrealEngine3QATest\Development\External\Wwise\SDK\Win32_vc90\Release\lib\AkSoundEngine.lib
..\..\..\..\Win32_vc90\Release\obj\AkSoundEngine\AkSIS.obj,V:\dishonored\UnrealEngine3QATest\Development\External\Wwise\SDK\Win32_vc90\Release\lib\AkSoundEngine.lib
..\..\..\..\Win32_vc90\Release\obj\AkSoundEngine\AkSound.obj,V:\dishonored\UnrealEngine3QATest\Development\External\Wwise\SDK\Win32_vc90\Release\lib\AkSoundEngine.lib
..\..\..\..\Win32_vc90\Release\obj\AkSoundEngine\AkSoundBase.obj,V:\dishonored\UnrealEngine3QATest\Development\External\Wwise\SDK\Win32_vc90\Release\lib\AkSoundEngine.lib
..\..\..\..\Win32_vc90\Release\obj\AkSoundEngine\AkSource.obj,V:\dishonored\UnrealEngine3QATest\Development\External\Wwise\SDK\Win32_vc90\Release\lib\AkSoundEngine.lib
..\..\..\..\Win32_vc90\Release\obj\AkSoundEngine\AkSpeakerPan.obj,V:\dishonored\UnrealEngine3QATest\Development\External\Wwise\SDK\Win32_vc90\Release\lib\AkSoundEngine.lib
..\..\..\..\Win32_vc90\Release\obj\AkSoundEngine\AkState.obj,V:\dishonored\UnrealEngine3QATest\Development\External\Wwise\SDK\Win32_vc90\Release\lib\AkSoundEngine.lib
..\..\..\..\Win32_vc90\Release\obj\AkSoundEngine\AkStateMgr.obj,V:\dishonored\UnrealEngine3QATest\Development\External\Wwise\SDK\Win32_vc90\Release\lib\AkSoundEngine.lib
..\..\..\..\Win32_vc90\Release\obj\AkSoundEngine\AkSwitchAware.obj,V:\dishonored\UnrealEngine3QATest\Development\External\Wwise\SDK\Win32_vc90\Release\lib\AkSoundEngine.lib
..\..\..\..\Win32_vc90\Release\obj\AkSoundEngine\AkSwitchCntr.obj,V:\dishonored\UnrealEngine3QATest\Development\External\Wwise\SDK\Win32_vc90\Release\lib\AkSoundEngine.lib
..\..\..\..\Win32_vc90\Release\obj\AkSoundEngine\AkTransition.obj,V:\dishonored\UnrealEngine3QATest\Development\External\Wwise\SDK\Win32_vc90\Release\lib\AkSoundEngine.lib
..\..\..\..\Win32_vc90\Release\obj\AkSoundEngine\AkTransitionManager.obj,V:\dishonored\UnrealEngine3QATest\Development\External\Wwise\SDK\Win32_vc90\Release\lib\AkSoundEngine.lib
..\..\..\..\Win32_vc90\Release\obj\AkSoundEngine\AkURenderer.obj,V:\dishonored\UnrealEngine3QATest\Development\External\Wwise\SDK\Win32_vc90\Release\lib\AkSoundEngine.lib
..\..\..\..\Win32_vc90\Release\obj\AkSoundEngine\AkAudioThread.obj,V:\dishonored\UnrealEngine3QATest\Development\External\Wwise\SDK\Win32_vc90\Release\lib\AkSoundEngine.lib
..\..\..\..\Win32_vc90\Release\obj\AkSoundEngine\AkLEngine.obj,V:\dishonored\UnrealEngine3QATest\Development\External\Wwise\SDK\Win32_vc90\Release\lib\AkSoundEngine.lib
..\..\..\..\Win32_vc90\Release\obj\AkSoundEngine\AkSink.obj,V:\dishonored\UnrealEngine3QATest\Development\External\Wwise\SDK\Win32_vc90\Release\lib\AkSoundEngine.lib
..\..\..\..\Win32_vc90\Release\obj\AkSoundEngine\AkSinkDirectSound.obj,V:\dishonored\UnrealEngine3QATest\Development\External\Wwise\SDK\Win32_vc90\Release\lib\AkSoundEngine.lib
..\..\..\..\Win32_vc90\Release\obj\AkMemoryMgr\AkMemoryMgrBase.obj,V:\dishonored\UnrealEngine3QATest\Development\External\Wwise\SDK\Win32_vc90\Release\lib\AkMemoryMgr.lib
..\..\..\..\Win32_vc90\Release\obj\AkMemoryMgr\tlsf.obj,V:\dishonored\UnrealEngine3QATest\Development\External\Wwise\SDK\Win32_vc90\Release\lib\AkMemoryMgr.lib
..\..\..\..\Win32_vc90\Release\obj\AkMemoryMgr\AkMemoryMgr.obj,V:\dishonored\UnrealEngine3QATest\Development\External\Wwise\SDK\Win32_vc90\Release\lib\AkMemoryMgr.lib
..\..\..\..\Win32_vc90\Release\obj\AkMusicEngine\AkChildCtx.obj,V:\dishonored\UnrealEngine3QATest\Development\External\Wwise\SDK\Win32_vc90\Release\lib\AkMusicEngine.lib
..\..\..\..\Win32_vc90\Release\obj\AkMusicEngine\AkContextualMusicSequencer.obj,V:\dishonored\UnrealEngine3QATest\Development\External\Wwise\SDK\Win32_vc90\Release\lib\AkMusicEngine.lib
..\..\..\..\Win32_vc90\Release\obj\AkMusicEngine\AkMatrixAwareCtx.obj,V:\dishonored\UnrealEngine3QATest\Development\External\Wwise\SDK\Win32_vc90\Release\lib\AkMusicEngine.lib
..\..\..\..\Win32_vc90\Release\obj\AkMusicEngine\AkMatrixSequencer.obj,V:\dishonored\UnrealEngine3QATest\Development\External\Wwise\SDK\Win32_vc90\Release\lib\AkMusicEngine.lib
..\..\..\..\Win32_vc90\Release\obj\AkMusicEngine\AkMusicBank.obj,V:\dishonored\UnrealEngine3QATest\Development\External\Wwise\SDK\Win32_vc90\Release\lib\AkMusicEngine.lib
..\..\..\..\Win32_vc90\Release\obj\AkMusicEngine\AkMusicCtx.obj,V:\dishonored\UnrealEngine3QATest\Development\External\Wwise\SDK\Win32_vc90\Release\lib\AkMusicEngine.lib
..\..\..\..\Win32_vc90\Release\obj\AkMusicEngine\AkMusicNode.obj,V:\dishonored\UnrealEngine3QATest\Development\External\Wwise\SDK\Win32_vc90\Release\lib\AkMusicEngine.lib
..\..\..\..\Win32_vc90\Release\obj\AkMusicEngine\AkMusicPBI.obj,V:\dishonored\UnrealEngine3QATest\Development\External\Wwise\SDK\Win32_vc90\Release\lib\AkMusicEngine.lib
..\..\..\..\Win32_vc90\Release\obj\AkMusicEngine\AkMusicRanSeqCntr.obj,V:\dishonored\UnrealEngine3QATest\Development\External\Wwise\SDK\Win32_vc90\Release\lib\AkMusicEngine.lib
..\..\..\..\Win32_vc90\Release\obj\AkMusicEngine\AkMusicRenderer.obj,V:\dishonored\UnrealEngine3QATest\Development\External\Wwise\SDK\Win32_vc90\Release\lib\AkMusicEngine.lib
..\..\..\..\Win32_vc90\Release\obj\AkMusicEngine\AkMusicSegment.obj,V:\dishonored\UnrealEngine3QATest\Development\External\Wwise\SDK\Win32_vc90\Release\lib\AkMusicEngine.lib
..\..\..\..\Win32_vc90\Release\obj\AkMusicEngine\AkMusicSwitchCntr.obj,V:\dishonored\UnrealEngine3QATest\Development\External\Wwise\SDK\Win32_vc90\Release\lib\AkMusicEngine.lib
..\..\..\..\Win32_vc90\Release\obj\AkMusicEngine\AkMusicSwitchCtx.obj,V:\dishonored\UnrealEngine3QATest\Development\External\Wwise\SDK\Win32_vc90\Release\lib\AkMusicEngine.lib
..\..\..\..\Win32_vc90\Release\obj\AkMusicEngine\AkMusicTrack.obj,V:\dishonored\UnrealEngine3QATest\Development\External\Wwise\SDK\Win32_vc90\Release\lib\AkMusicEngine.lib
..\..\..\..\Win32_vc90\Release\obj\AkMusicEngine\AkMusicTransAware.obj,V:\dishonored\UnrealEngine3QATest\Development\External\Wwise\SDK\Win32_vc90\Release\lib\AkMusicEngine.lib
..\..\..\..\Win32_vc90\Release\obj\AkMusicEngine\AkRSIterator.obj,V:\dishonored\UnrealEngine3QATest\Development\External\Wwise\SDK\Win32_vc90\Release\lib\AkMusicEngine.lib
..\..\..\..\Win32_vc90\Release\obj\AkMusicEngine\AkScheduleWindow.obj,V:\dishonored\UnrealEngine3QATest\Development\External\Wwise\SDK\Win32_vc90\Release\lib\AkMusicEngine.lib
..\..\..\..\Win32_vc90\Release\obj\AkMusicEngine\AkSegmentChain.obj,V:\dishonored\UnrealEngine3QATest\Development\External\Wwise\SDK\Win32_vc90\Release\lib\AkMusicEngine.lib
..\..\..\..\Win32_vc90\Release\obj\AkMusicEngine\AkSegmentCtx.obj,V:\dishonored\UnrealEngine3QATest\Development\External\Wwise\SDK\Win32_vc90\Release\lib\AkMusicEngine.lib
..\..\..\..\Win32_vc90\Release\obj\AkMusicEngine\AkSegmentInfoRepository.obj,V:\dishonored\UnrealEngine3QATest\Development\External\Wwise\SDK\Win32_vc90\Release\lib\AkMusicEngine.lib
..\..\..\..\Win32_vc90\Release\obj\AkMusicEngine\AkSequencableSegmentCtx.obj,V:\dishonored\UnrealEngine3QATest\Development\External\Wwise\SDK\Win32_vc90\Release\lib\AkMusicEngine.lib
..\..\..\..\Win32_vc90\Release\obj\AkMusicEngine\AkSequenceCtx.obj,V:\dishonored\UnrealEngine3QATest\Development\External\Wwise\SDK\Win32_vc90\Release\lib\AkMusicEngine.lib
..\..\..\Win32_vc90\Release\obj\AkStreamMgr\AkDeviceBase.obj,V:\dishonored\UnrealEngine3QATest\Development\External\Wwise\SDK\Win32_vc90\Release\lib\AkStreamMgr.lib
..\..\..\Win32_vc90\Release\obj\AkStreamMgr\AkDeviceBlocking.obj,V:\dishonored\UnrealEngine3QATest\Development\External\Wwise\SDK\Win32_vc90\Release\lib\AkStreamMgr.lib
..\..\..\Win32_vc90\Release\obj\AkStreamMgr\AkDeviceDeferredLinedUp.obj,V:\dishonored\UnrealEngine3QATest\Development\External\Wwise\SDK\Win32_vc90\Release\lib\AkStreamMgr.lib
..\..\..\Win32_vc90\Release\obj\AkStreamMgr\AkIOMemMgr.obj,V:\dishonored\UnrealEngine3QATest\Development\External\Wwise\SDK\Win32_vc90\Release\lib\AkStreamMgr.lib
..\..\..\Win32_vc90\Release\obj\AkStreamMgr\AkStreamMgr.obj,V:\dishonored\UnrealEngine3QATest\Development\External\Wwise\SDK\Win32_vc90\Release\lib\AkStreamMgr.lib
..\..\..\Win32_vc90\Release\obj\AkStreamMgr\AkTransferDeferred.obj,V:\dishonored\UnrealEngine3QATest\Development\External\Wwise\SDK\Win32_vc90\Release\lib\AkStreamMgr.lib
..\..\..\Win32_vc90\Release\obj\AkStreamMgr\AkIOThread.obj,V:\dishonored\UnrealEngine3QATest\Development\External\Wwise\SDK\Win32_vc90\Release\lib\AkStreamMgr.lib
..\..\..\..\Win32_vc90\Release\obj\AkVorbisDecoder\AkSrcBankVorbis.obj,V:\dishonored\UnrealEngine3QATest\Development\External\Wwise\SDK\Win32_vc90\Release\lib\AkVorbisDecoder.lib
..\..\..\..\Win32_vc90\Release\obj\AkVorbisDecoder\AkSrcFileVorbis.obj,V:\dishonored\UnrealEngine3QATest\Development\External\Wwise\SDK\Win32_vc90\Release\lib\AkVorbisDecoder.lib
..\..\..\..\Win32_vc90\Release\obj\AkVorbisDecoder\AkVorbisCodebookMgr.obj,V:\dishonored\UnrealEngine3QATest\Development\External\Wwise\SDK\Win32_vc90\Release\lib\AkVorbisDecoder.lib
..\..\..\..\Win32_vc90\Release\obj\AkVorbisDecoder\AkVorbisCodec.obj,V:\dishonored\UnrealEngine3QATest\Development\External\Wwise\SDK\Win32_vc90\Release\lib\AkVorbisDecoder.lib
..\..\..\..\Win32_vc90\Release\obj\AkVorbisDecoder\floor1.obj,V:\dishonored\UnrealEngine3QATest\Development\External\Wwise\SDK\Win32_vc90\Release\lib\AkVorbisDecoder.lib
..\..\..\..\Win32_vc90\Release\obj\AkVorbisDecoder\floor_lookup.obj,V:\dishonored\UnrealEngine3QATest\Development\External\Wwise\SDK\Win32_vc90\Release\lib\AkVorbisDecoder.lib
..\..\..\..\Win32_vc90\Release\obj\AkVorbisDecoder\mdct.obj,V:\dishonored\UnrealEngine3QATest\Development\External\Wwise\SDK\Win32_vc90\Release\lib\AkVorbisDecoder.lib
..\..\..\..\Win32_vc90\Release\obj\AkVorbisDecoder\codebook.obj,V:\dishonored\UnrealEngine3QATest\Development\External\Wwise\SDK\Win32_vc90\Release\lib\AkVorbisDecoder.lib
..\..\..\..\Win32_vc90\Release\obj\AkVorbisDecoder\dsp.obj,V:\dishonored\UnrealEngine3QATest\Development\External\Wwise\SDK\Win32_vc90\Release\lib\AkVorbisDecoder.lib
..\..\..\..\Win32_vc90\Release\obj\AkVorbisDecoder\bitwise.obj,V:\dishonored\UnrealEngine3QATest\Development\External\Wwise\SDK\Win32_vc90\Release\lib\AkVorbisDecoder.lib
..\..\..\..\Win32_vc90\Release\obj\AkVorbisDecoder\info.obj,V:\dishonored\UnrealEngine3QATest\Development\External\Wwise\SDK\Win32_vc90\Release\lib\AkVorbisDecoder.lib
..\..\..\..\Win32_vc90\Release\obj\AkVorbisDecoder\mapping0.obj,V:\dishonored\UnrealEngine3QATest\Development\External\Wwise\SDK\Win32_vc90\Release\lib\AkVorbisDecoder.lib
..\..\..\..\Win32_vc90\Release\obj\AkVorbisDecoder\packed_codebooks.obj,V:\dishonored\UnrealEngine3QATest\Development\External\Wwise\SDK\Win32_vc90\Release\lib\AkVorbisDecoder.lib
..\..\..\..\Win32_vc90\Release\obj\AkVorbisDecoder\res012.obj,V:\dishonored\UnrealEngine3QATest\Development\External\Wwise\SDK\Win32_vc90\Release\lib\AkVorbisDecoder.lib
..\..\..\..\..\..\Win32_vc90\Release\obj\AkSilenceSource\AkFXSrcSilence.obj,V:\dishonored\UnrealEngine3QATest\Development\External\Wwise\SDK\Win32_vc90\Release\lib\AkSilenceSource.lib
..\..\..\..\..\..\Win32_vc90\Release\obj\AkParametricEQFX\AkParametricEQFXParams.obj,V:\dishonored\UnrealEngine3QATest\Development\External\Wwise\SDK\Win32_vc90\Release\lib\AkParametricEQFX.lib
..\..\..\..\..\..\Win32_vc90\Release\obj\AkParametricEQFX\AkParametricEQFX.obj,V:\dishonored\UnrealEngine3QATest\Development\External\Wwise\SDK\Win32_vc90\Release\lib\AkParametricEQFX.lib
..\..\..\..\..\..\Win32_vc90\Release\obj\AkDelayFX\AkDelayFX.obj,V:\dishonored\UnrealEngine3QATest\Development\External\Wwise\SDK\Win32_vc90\Release\lib\AkDelayFX.lib
..\..\..\..\..\..\Win32_vc90\Release\obj\AkDelayFX\AkDelayFXDSP.obj,V:\dishonored\UnrealEngine3QATest\Development\External\Wwise\SDK\Win32_vc90\Release\lib\AkDelayFX.lib
..\..\..\..\..\..\Win32_vc90\Release\obj\AkDelayFX\AkDelayFXParams.obj,V:\dishonored\UnrealEngine3QATest\Development\External\Wwise\SDK\Win32_vc90\Release\lib\AkDelayFX.lib
..\..\..\..\..\..\Win32_vc90\Release\obj\AkMatrixReverbFX\AkFDNReverbFXParams.obj,V:\dishonored\UnrealEngine3QATest\Development\External\Wwise\SDK\Win32_vc90\Release\lib\AkMatrixReverbFX.lib
..\..\..\..\..\..\Win32_vc90\Release\obj\AkMatrixReverbFX\AkFDNReverbFX.obj,V:\dishonored\UnrealEngine3QATest\Development\External\Wwise\SDK\Win32_vc90\Release\lib\AkMatrixReverbFX.lib
..\..\..\..\..\..\Win32_vc90\Release\obj\AkRoomVerbFX\AllpassFilter.obj,V:\dishonored\UnrealEngine3QATest\Development\External\Wwise\SDK\Win32_vc90\Release\lib\AkRoomVerbFX.lib
..\..\..\..\..\..\Win32_vc90\Release\obj\AkRoomVerbFX\BiquadFilter.obj,V:\dishonored\UnrealEngine3QATest\Development\External\Wwise\SDK\Win32_vc90\Release\lib\AkRoomVerbFX.lib
..\..\..\..\..\..\Win32_vc90\Release\obj\AkRoomVerbFX\ConstantPowerChannelMixdown.obj,V:\dishonored\UnrealEngine3QATest\Development\External\Wwise\SDK\Win32_vc90\Release\lib\AkRoomVerbFX.lib
..\..\..\..\..\..\Win32_vc90\Release\obj\AkRoomVerbFX\DelayLine.obj,V:\dishonored\UnrealEngine3QATest\Development\External\Wwise\SDK\Win32_vc90\Release\lib\AkRoomVerbFX.lib
..\..\..\..\..\..\Win32_vc90\Release\obj\AkRoomVerbFX\Mix3Interp.obj,V:\dishonored\UnrealEngine3QATest\Development\External\Wwise\SDK\Win32_vc90\Release\lib\AkRoomVerbFX.lib
..\..\..\..\..\..\Win32_vc90\Release\obj\AkRoomVerbFX\OnePoleZeroHPFilter.obj,V:\dishonored\UnrealEngine3QATest\Development\External\Wwise\SDK\Win32_vc90\Release\lib\AkRoomVerbFX.lib
..\..\..\..\..\..\Win32_vc90\Release\obj\AkRoomVerbFX\AkRoomVerbFX.obj,V:\dishonored\UnrealEngine3QATest\Development\External\Wwise\SDK\Win32_vc90\Release\lib\AkRoomVerbFX.lib
..\..\..\..\..\..\Win32_vc90\Release\obj\AkRoomVerbFX\AkRoomVerbFXParams.obj,V:\dishonored\UnrealEngine3QATest\Development\External\Wwise\SDK\Win32_vc90\Release\lib\AkRoomVerbFX.lib
..\..\..\..\..\..\Win32_vc90\Release\obj\AkRoomVerbFX\ERUnitDual.obj,V:\dishonored\UnrealEngine3QATest\Development\External\Wwise\SDK\Win32_vc90\Release\lib\AkRoomVerbFX.lib
..\..\..\..\..\..\Win32_vc90\Release\obj\AkRoomVerbFX\FDN4.obj,V:\dishonored\UnrealEngine3QATest\Development\External\Wwise\SDK\Win32_vc90\Release\lib\AkRoomVerbFX.lib
..\..\..\..\..\..\Win32_vc90\Release\obj\AkHarmonizerFX\ak_fftr.obj,V:\dishonored\UnrealEngine3QATest\Development\External\Wwise\SDK\Win32_vc90\Release\lib\AkHarmonizerFX.lib
..\..\..\..\..\..\Win32_vc90\Release\obj\AkHarmonizerFX\ak_fft.obj,V:\dishonored\UnrealEngine3QATest\Development\External\Wwise\SDK\Win32_vc90\Release\lib\AkHarmonizerFX.lib
..\..\..\..\..\..\Win32_vc90\Release\obj\AkHarmonizerFX\DelayLineLight.obj,V:\dishonored\UnrealEngine3QATest\Development\External\Wwise\SDK\Win32_vc90\Release\lib\AkHarmonizerFX.lib
..\..\..\..\..\..\Win32_vc90\Release\obj\AkHarmonizerFX\Mix2Interp.obj,V:\dishonored\UnrealEngine3QATest\Development\External\Wwise\SDK\Win32_vc90\Release\lib\AkHarmonizerFX.lib
..\..\..\..\..\..\Win32_vc90\Release\obj\AkHarmonizerFX\AkPhaseVocoder.obj,V:\dishonored\UnrealEngine3QATest\Development\External\Wwise\SDK\Win32_vc90\Release\lib\AkHarmonizerFX.lib
..\..\..\..\..\..\Win32_vc90\Release\obj\AkHarmonizerFX\AkResamplingPhaseVocoder.obj,V:\dishonored\UnrealEngine3QATest\Development\External\Wwise\SDK\Win32_vc90\Release\lib\AkHarmonizerFX.lib
..\..\..\..\..\..\Win32_vc90\Release\obj\AkHarmonizerFX\MultiChannelBiquadFilter.obj,V:\dishonored\UnrealEngine3QATest\Development\External\Wwise\SDK\Win32_vc90\Release\lib\AkHarmonizerFX.lib
..\..\..\..\..\..\Win32_vc90\Release\obj\AkHarmonizerFX\CircularBuffer.obj,V:\dishonored\UnrealEngine3QATest\Development\External\Wwise\SDK\Win32_vc90\Release\lib\AkHarmonizerFX.lib
..\..\..\..\..\..\Win32_vc90\Release\obj\AkHarmonizerFX\ResamplingCircularBuffer.obj,V:\dishonored\UnrealEngine3QATest\Development\External\Wwise\SDK\Win32_vc90\Release\lib\AkHarmonizerFX.lib
..\..\..\..\..\..\Win32_vc90\Release\obj\AkHarmonizerFX\FreqWindow.obj,V:\dishonored\UnrealEngine3QATest\Development\External\Wwise\SDK\Win32_vc90\Release\lib\AkHarmonizerFX.lib
..\..\..\..\..\..\Win32_vc90\Release\obj\AkHarmonizerFX\OLACircularBuffer.obj,V:\dishonored\UnrealEngine3QATest\Development\External\Wwise\SDK\Win32_vc90\Release\lib\AkHarmonizerFX.lib
..\..\..\..\..\..\Win32_vc90\Release\obj\AkHarmonizerFX\TimeWindow.obj,V:\dishonored\UnrealEngine3QATest\Development\External\Wwise\SDK\Win32_vc90\Release\lib\AkHarmonizerFX.lib
..\..\..\..\..\..\Win32_vc90\Release\obj\AkHarmonizerFX\AkHarmonizerDSPProcess.obj,V:\dishonored\UnrealEngine3QATest\Development\External\Wwise\SDK\Win32_vc90\Release\lib\AkHarmonizerFX.lib
..\..\..\..\..\..\Win32_vc90\Release\obj\AkHarmonizerFX\AkHarmonizerFX.obj,V:\dishonored\UnrealEngine3QATest\Development\External\Wwise\SDK\Win32_vc90\Release\lib\AkHarmonizerFX.lib
..\..\..\..\..\..\Win32_vc90\Release\obj\AkHarmonizerFX\AkHarmonizerFXParams.obj,V:\dishonored\UnrealEngine3QATest\Development\External\Wwise\SDK\Win32_vc90\Release\lib\AkHarmonizerFX.lib
..\..\..\..\..\..\Win32_vc90\Release\obj\AkPitchShifterFX\AkDelayPitchShift.obj,V:\dishonored\UnrealEngine3QATest\Development\External\Wwise\SDK\Win32_vc90\Release\lib\AkPitchShifterFX.lib
..\..\..\..\..\..\Win32_vc90\Release\obj\AkPitchShifterFX\AkPitchShifterDSPProcess.obj,V:\dishonored\UnrealEngine3QATest\Development\External\Wwise\SDK\Win32_vc90\Release\lib\AkPitchShifterFX.lib
..\..\..\..\..\..\Win32_vc90\Release\obj\AkPitchShifterFX\AkPitchShifterFX.obj,V:\dishonored\UnrealEngine3QATest\Development\External\Wwise\SDK\Win32_vc90\Release\lib\AkPitchShifterFX.lib
..\..\..\..\..\..\Win32_vc90\Release\obj\AkPitchShifterFX\AkPitchShifterFXParams.obj,V:\dishonored\UnrealEngine3QATest\Development\External\Wwise\SDK\Win32_vc90\Release\lib\AkPitchShifterFX.lib
..\..\..\..\..\..\Win32_vc90\Release\obj\AkTimeStretchFX\AkTimeStretchFX.obj,V:\dishonored\UnrealEngine3QATest\Development\External\Wwise\SDK\Win32_vc90\Release\lib\AkTimeStretchFX.lib
..\..\..\..\..\..\Win32_vc90\Release\obj\AkTimeStretchFX\AkTimeStretchFXParams.obj,V:\dishonored\UnrealEngine3QATest\Development\External\Wwise\SDK\Win32_vc90\Release\lib\AkTimeStretchFX.lib
..\..\..\..\..\..\Win32_vc90\Release\obj\AkStereoDelayFX\AkStereoDelayDSPProcess.obj,V:\dishonored\UnrealEngine3QATest\Development\External\Wwise\SDK\Win32_vc90\Release\lib\AkStereoDelayFX.lib
..\..\..\..\..\..\Win32_vc90\Release\obj\AkStereoDelayFX\AkStereoDelayFX.obj,V:\dishonored\UnrealEngine3QATest\Development\External\Wwise\SDK\Win32_vc90\Release\lib\AkStereoDelayFX.lib
..\..\..\..\..\..\Win32_vc90\Release\obj\AkStereoDelayFX\AkStereoDelayFXParams.obj,V:\dishonored\UnrealEngine3QATest\Development\External\Wwise\SDK\Win32_vc90\Release\lib\AkStereoDelayFX.lib
..\..\..\..\..\..\Win32_vc90\Release\obj\AkStereoDelayFX\AkStereoDelayLine.obj,V:\dishonored\UnrealEngine3QATest\Development\External\Wwise\SDK\Win32_vc90\Release\lib\AkStereoDelayFX.lib
..\..\..\..\..\..\Win32_vc90\Release\obj\AkTremoloFX\LFO.obj,V:\dishonored\UnrealEngine3QATest\Development\External\Wwise\SDK\Win32_vc90\Release\lib\AkTremoloFX.lib
..\..\..\..\..\..\Win32_vc90\Release\obj\AkTremoloFX\OnePoleFilter.obj,V:\dishonored\UnrealEngine3QATest\Development\External\Wwise\SDK\Win32_vc90\Release\lib\AkTremoloFX.lib
..\..\..\..\..\..\Win32_vc90\Release\obj\AkTremoloFX\AkTremoloFX.obj,V:\dishonored\UnrealEngine3QATest\Development\External\Wwise\SDK\Win32_vc90\Release\lib\AkTremoloFX.lib
..\..\..\..\..\..\Win32_vc90\Release\obj\AkTremoloFX\AkTremoloFXParams.obj,V:\dishonored\UnrealEngine3QATest\Development\External\Wwise\SDK\Win32_vc90\Release\lib\AkTremoloFX.lib
.\lzo1x_d4s.obj,V:\dishonored\UnrealEngine3QATest\Development\External\lzopro\lib\lzopro.lib
.\lzo_init.obj,V:\dishonored\UnrealEngine3QATest\Development\External\lzopro\lib\lzopro.lib
.\lzo_str.obj,V:\dishonored\UnrealEngine3QATest\Development\External\lzopro\lib\lzopro.lib
.\pinit.obj,V:\dishonored\UnrealEngine3QATest\Development\External\lzopro\lib\lzopro.lib
.\plzo1x_1h.obj,V:\dishonored\UnrealEngine3QATest\Development\External\lzopro\lib\lzopro.lib
.\plzo1x_1n.obj,V:\dishonored\UnrealEngine3QATest\Development\External\lzopro\lib\lzopro.lib
.\plzo1x_99.obj,V:\dishonored\UnrealEngine3QATest\Development\External\lzopro\lib\lzopro.lib
.\Win32_LIB_Release\adler32.obj,V:\dishonored\UnrealEngine3QATest\Development\External\zlib\Lib\zlib.lib
.\Win32_LIB_Release\compress.obj,V:\dishonored\UnrealEngine3QATest\Development\External\zlib\Lib\zlib.lib
.\Win32_LIB_Release\crc32.obj,V:\dishonored\UnrealEngine3QATest\Development\External\zlib\Lib\zlib.lib
.\Win32_LIB_Release\deflate.obj,V:\dishonored\UnrealEngine3QATest\Development\External\zlib\Lib\zlib.lib
.\Win32_LIB_Release\inffast.obj,V:\dishonored\UnrealEngine3QATest\Development\External\zlib\Lib\zlib.lib
.\Win32_LIB_Release\inflate.obj,V:\dishonored\UnrealEngine3QATest\Development\External\zlib\Lib\zlib.lib
.\Win32_LIB_Release\inftrees.obj,V:\dishonored\UnrealEngine3QATest\Development\External\zlib\Lib\zlib.lib
.\Win32_LIB_Release\trees.obj,V:\dishonored\UnrealEngine3QATest\Development\External\zlib\Lib\zlib.lib
.\Win32_LIB_Release\uncompr.obj,V:\dishonored\UnrealEngine3QATest\Development\External\zlib\Lib\zlib.lib
.\Win32_LIB_Release\zutil.obj,V:\dishonored\UnrealEngine3QATest\Development\External\zlib\Lib\zlib.lib
f:\dd\vctools\delayimp\obj1r\i386\delayhlp.obj,C:\Program Files (x86)\Microsoft Visual Studio 9.0\VC\LIB\delayimp.lib
f:\dd\vctools\delayimp\obj1r\i386\delayhk1.obj,C:\Program Files (x86)\Microsoft Visual Studio 9.0\VC\LIB\delayimp.lib
f:\dd\vctools\delayimp\obj1r\i386\delayhk2.obj,C:\Program Files (x86)\Microsoft Visual Studio 9.0\VC\LIB\delayimp.lib
o:\winmain.obj.x86fre\multimedia\directx\dinput\dx8\dll\dilib\objfre\i386\dilib1.obj,V:\dishonored\UnrealEngine3QATest\Development\External\Microsoft DirectX SDK\Lib\x86\dinput8.lib
o:\winmain.obj.x86fre\multimedia\directx\dinput\dx8\dll\dilib\objfre\i386\dilib4.obj,V:\dishonored\UnrealEngine3QATest\Development\External\Microsoft DirectX SDK\Lib\x86\dinput8.lib
DINPUT8.dll,V:\dishonored\UnrealEngine3QATest\Development\External\Microsoft DirectX SDK\Lib\x86\dinput8.lib
Import:DINPUT8.dll,V:\dishonored\UnrealEngine3QATest\Development\External\Microsoft DirectX SDK\Lib\x86\dinput8.lib
e:\temp\193462\obj.x86fre\misc\dxguid\daytona\objfre\i386\dxguid.obj,V:\dishonored\UnrealEngine3QATest\Development\External\Microsoft DirectX SDK\Lib\x86\dxguid.lib
Import:XINPUT1_3.dll,V:\dishonored\UnrealEngine3QATest\Development\External\Microsoft DirectX SDK\Lib\x86\XInput.lib
XINPUT1_3.dll,V:\dishonored\UnrealEngine3QATest\Development\External\Microsoft DirectX SDK\Lib\x86\XInput.lib
Import:d3d9.dll,V:\dishonored\UnrealEngine3QATest\Development\External\Microsoft DirectX SDK\Lib\x86\d3d9.lib
d3d9.dll,V:\dishonored\UnrealEngine3QATest\Development\External\Microsoft DirectX SDK\Lib\x86\d3d9.lib
_out/winxp_x86_release/nvlink_gen.obj,V:\dishonored\UnrealEngine3QATest\Development\External\nvapi\nvapi.lib
Import:WSOCK32.dll,C:\Program Files\Microsoft SDKs\Windows\v6.0A\lib\wsock32.lib
WSOCK32.dll,C:\Program Files\Microsoft SDKs\Windows\v6.0A\lib\wsock32.lib
Import:dbghelp.dll,C:\Program Files\Microsoft SDKs\Windows\v6.0A\lib\dbghelp.lib
dbghelp.dll,C:\Program Files\Microsoft SDKs\Windows\v6.0A\lib\dbghelp.lib
Import:WINMM.dll,C:\Program Files\Microsoft SDKs\Windows\v6.0A\lib\Winmm.lib
WINMM.dll,C:\Program Files\Microsoft SDKs\Windows\v6.0A\lib\Winmm.lib
Import:KERNEL32.dll,C:\Program Files\Microsoft SDKs\Windows\v6.0A\lib\kernel32.lib
KERNEL32.dll,C:\Program Files\Microsoft SDKs\Windows\v6.0A\lib\kernel32.lib
Import:USER32.dll,C:\Program Files\Microsoft SDKs\Windows\v6.0A\lib\user32.lib
USER32.dll,C:\Program Files\Microsoft SDKs\Windows\v6.0A\lib\user32.lib
Import:GDI32.dll,C:\Program Files\Microsoft SDKs\Windows\v6.0A\lib\gdi32.lib
GDI32.dll,C:\Program Files\Microsoft SDKs\Windows\v6.0A\lib\gdi32.lib
Import:ADVAPI32.dll,C:\Program Files\Microsoft SDKs\Windows\v6.0A\lib\advapi32.lib
ADVAPI32.dll,C:\Program Files\Microsoft SDKs\Windows\v6.0A\lib\advapi32.lib
e:\wm.obj.x86fre\shell\lib\shguid\shguid_public\objfre\i386\shguid.obj,C:\Program Files\Microsoft SDKs\Windows\v6.0A\lib\shell32.lib
SHELL32.dll,C:\Program Files\Microsoft SDKs\Windows\v6.0A\lib\shell32.lib
Import:SHELL32.dll,C:\Program Files\Microsoft SDKs\Windows\v6.0A\lib\shell32.lib
Import:ole32.dll,C:\Program Files\Microsoft SDKs\Windows\v6.0A\lib\ole32.lib
ole32.dll,C:\Program Files\Microsoft SDKs\Windows\v6.0A\lib\ole32.lib
Import:OLEAUT32.dll,C:\Program Files\Microsoft SDKs\Windows\v6.0A\lib\oleaut32.lib
OLEAUT32.dll,C:\Program Files\Microsoft SDKs\Windows\v6.0A\lib\oleaut32.lib
e:\wm.obj.x86fre\windows\advcore\ctf\uuid\objfre\i386\msctf_g.obj,C:\Program Files\Microsoft SDKs\Windows\v6.0A\lib\uuid.lib
e:\wm.obj.x86fre\windows\advcore\ctf\uuid\objfre\i386\ctfutb_i.obj,C:\Program Files\Microsoft SDKs\Windows\v6.0A\lib\uuid.lib
e:\wm.obj.x86fre\windows\advcore\ctf\uuid\objfre\i386\msctf_i.obj,C:\Program Files\Microsoft SDKs\Windows\v6.0A\lib\uuid.lib
f:\vistartm.obj.x86fre\shell\published\uuid\objfre\i386\shguids2.obj,C:\Program Files\Microsoft SDKs\Windows\v6.0A\lib\uuid.lib
f:\vistartm.obj.x86fre\com\published\uuid\objfre\i386\unknwn_i.obj,C:\Program Files\Microsoft SDKs\Windows\v6.0A\lib\uuid.lib
f:\vistartm.obj.x86fre\com\published\uuid\objfre\i386\objidl_i.obj,C:\Program Files\Microsoft SDKs\Windows\v6.0A\lib\uuid.lib
..\..\..\..\..\Obj\Win32\Msvc90\Shipping\GFx\GAtomic.obj,V:\dishonored\UnrealEngine3QATest\Development\External\GFx\Lib\Win32\Msvc90\Shipping\libgfx.lib
..\..\..\..\..\Obj\Win32\Msvc90\Shipping\GFx\GColor.obj,V:\dishonored\UnrealEngine3QATest\Development\External\GFx\Lib\Win32\Msvc90\Shipping\libgfx.lib
..\..\..\..\..\Obj\Win32\Msvc90\Shipping\GFx\GFile.obj,V:\dishonored\UnrealEngine3QATest\Development\External\GFx\Lib\Win32\Msvc90\Shipping\libgfx.lib
..\..\..\..\..\Obj\Win32\Msvc90\Shipping\GFx\GFile_FILE.obj,V:\dishonored\UnrealEngine3QATest\Development\External\GFx\Lib\Win32\Msvc90\Shipping\libgfx.lib
..\..\..\..\..\Obj\Win32\Msvc90\Shipping\GFx\GHeapStaticTables.obj,V:\dishonored\UnrealEngine3QATest\Development\External\GFx\Lib\Win32\Msvc90\Shipping\libgfx.lib
..\..\..\..\..\Obj\Win32\Msvc90\Shipping\GFx\GImage.obj,V:\dishonored\UnrealEngine3QATest\Development\External\GFx\Lib\Win32\Msvc90\Shipping\libgfx.lib
..\..\..\..\..\Obj\Win32\Msvc90\Shipping\GFx\GMatrix2D.obj,V:\dishonored\UnrealEngine3QATest\Development\External\GFx\Lib\Win32\Msvc90\Shipping\libgfx.lib
..\..\..\..\..\Obj\Win32\Msvc90\Shipping\GFx\GMatrix3D.obj,V:\dishonored\UnrealEngine3QATest\Development\External\GFx\Lib\Win32\Msvc90\Shipping\libgfx.lib
..\..\..\..\..\Obj\Win32\Msvc90\Shipping\GFx\GMemoryHeap.obj,V:\dishonored\UnrealEngine3QATest\Development\External\GFx\Lib\Win32\Msvc90\Shipping\libgfx.lib
..\..\..\..\..\Obj\Win32\Msvc90\Shipping\GFx\GMsgFormat.obj,V:\dishonored\UnrealEngine3QATest\Development\External\GFx\Lib\Win32\Msvc90\Shipping\libgfx.lib
..\..\..\..\..\Obj\Win32\Msvc90\Shipping\GFx\GRefCount.obj,V:\dishonored\UnrealEngine3QATest\Development\External\GFx\Lib\Win32\Msvc90\Shipping\libgfx.lib
..\..\..\..\..\Obj\Win32\Msvc90\Shipping\GFx\GScreenToWorld.obj,V:\dishonored\UnrealEngine3QATest\Development\External\GFx\Lib\Win32\Msvc90\Shipping\libgfx.lib
..\..\..\..\..\Obj\Win32\Msvc90\Shipping\GFx\GStd.obj,V:\dishonored\UnrealEngine3QATest\Development\External\GFx\Lib\Win32\Msvc90\Shipping\libgfx.lib
..\..\..\..\..\Obj\Win32\Msvc90\Shipping\GFx\GString.obj,V:\dishonored\UnrealEngine3QATest\Development\External\GFx\Lib\Win32\Msvc90\Shipping\libgfx.lib
..\..\..\..\..\Obj\Win32\Msvc90\Shipping\GFx\GSysFile.obj,V:\dishonored\UnrealEngine3QATest\Development\External\GFx\Lib\Win32\Msvc90\Shipping\libgfx.lib
..\..\..\..\..\Obj\Win32\Msvc90\Shipping\GFx\GSystem.obj,V:\dishonored\UnrealEngine3QATest\Development\External\GFx\Lib\Win32\Msvc90\Shipping\libgfx.lib
..\..\..\..\..\Obj\Win32\Msvc90\Shipping\GFx\GThreads.obj,V:\dishonored\UnrealEngine3QATest\Development\External\GFx\Lib\Win32\Msvc90\Shipping\libgfx.lib
..\..\..\..\..\Obj\Win32\Msvc90\Shipping\GFx\GThreads_win32.obj,V:\dishonored\UnrealEngine3QATest\Development\External\GFx\Lib\Win32\Msvc90\Shipping\libgfx.lib
..\..\..\..\..\Obj\Win32\Msvc90\Shipping\GFx\GTimer.obj,V:\dishonored\UnrealEngine3QATest\Development\External\GFx\Lib\Win32\Msvc90\Shipping\libgfx.lib
..\..\..\..\..\Obj\Win32\Msvc90\Shipping\GFx\GUTF8Util.obj,V:\dishonored\UnrealEngine3QATest\Development\External\GFx\Lib\Win32\Msvc90\Shipping\libgfx.lib
..\..\..\..\..\Obj\Win32\Msvc90\Shipping\GFx\GZLibFile.obj,V:\dishonored\UnrealEngine3QATest\Development\External\GFx\Lib\Win32\Msvc90\Shipping\libgfx.lib
..\..\..\..\..\Obj\Win32\Msvc90\Shipping\GFx\GHeapAllocBitSet1.obj,V:\dishonored\UnrealEngine3QATest\Development\External\GFx\Lib\Win32\Msvc90\Shipping\libgfx.lib
..\..\..\..\..\Obj\Win32\Msvc90\Shipping\GFx\GHeapAllocBitSet2.obj,V:\dishonored\UnrealEngine3QATest\Development\External\GFx\Lib\Win32\Msvc90\Shipping\libgfx.lib
..\..\..\..\..\Obj\Win32\Msvc90\Shipping\GFx\GHeapAllocEngine.obj,V:\dishonored\UnrealEngine3QATest\Development\External\GFx\Lib\Win32\Msvc90\Shipping\libgfx.lib
..\..\..\..\..\Obj\Win32\Msvc90\Shipping\GFx\GHeapAllocLite.obj,V:\dishonored\UnrealEngine3QATest\Development\External\GFx\Lib\Win32\Msvc90\Shipping\libgfx.lib
..\..\..\..\..\Obj\Win32\Msvc90\Shipping\GFx\GHeapBookkeeper.obj,V:\dishonored\UnrealEngine3QATest\Development\External\GFx\Lib\Win32\Msvc90\Shipping\libgfx.lib
..\..\..\..\..\Obj\Win32\Msvc90\Shipping\GFx\GHeapFreeBin.obj,V:\dishonored\UnrealEngine3QATest\Development\External\GFx\Lib\Win32\Msvc90\Shipping\libgfx.lib
..\..\..\..\..\Obj\Win32\Msvc90\Shipping\GFx\GHeapGranulator.obj,V:\dishonored\UnrealEngine3QATest\Development\External\GFx\Lib\Win32\Msvc90\Shipping\libgfx.lib
..\..\..\..\..\Obj\Win32\Msvc90\Shipping\GFx\GHeapPageTable.obj,V:\dishonored\UnrealEngine3QATest\Development\External\GFx\Lib\Win32\Msvc90\Shipping\libgfx.lib
..\..\..\..\..\Obj\Win32\Msvc90\Shipping\GFx\GHeapStarter.obj,V:\dishonored\UnrealEngine3QATest\Development\External\GFx\Lib\Win32\Msvc90\Shipping\libgfx.lib
..\..\..\..\..\Obj\Win32\Msvc90\Shipping\GFx\GMemoryHeapPT.obj,V:\dishonored\UnrealEngine3QATest\Development\External\GFx\Lib\Win32\Msvc90\Shipping\libgfx.lib
..\..\..\..\..\Obj\Win32\Msvc90\Shipping\GFx\GSysAllocGranulator.obj,V:\dishonored\UnrealEngine3QATest\Development\External\GFx\Lib\Win32\Msvc90\Shipping\libgfx.lib
..\..\..\..\..\Obj\Win32\Msvc90\Shipping\GFx\GASFunction.obj,V:\dishonored\UnrealEngine3QATest\Development\External\GFx\Lib\Win32\Msvc90\Shipping\libgfx.lib
..\..\..\..\..\Obj\Win32\Msvc90\Shipping\GFx\GASNumberUtil.obj,V:\dishonored\UnrealEngine3QATest\Development\External\GFx\Lib\Win32\Msvc90\Shipping\libgfx.lib
..\..\..\..\..\Obj\Win32\Msvc90\Shipping\GFx\GASValue.obj,V:\dishonored\UnrealEngine3QATest\Development\External\GFx\Lib\Win32\Msvc90\Shipping\libgfx.lib
..\..\..\..\..\Obj\Win32\Msvc90\Shipping\GFx\GFxAction.obj,V:\dishonored\UnrealEngine3QATest\Development\External\GFx\Lib\Win32\Msvc90\Shipping\libgfx.lib
..\..\..\..\..\Obj\Win32\Msvc90\Shipping\GFx\GFxASString.obj,V:\dishonored\UnrealEngine3QATest\Development\External\GFx\Lib\Win32\Msvc90\Shipping\libgfx.lib
..\..\..\..\..\Obj\Win32\Msvc90\Shipping\GFx\GFxButton.obj,V:\dishonored\UnrealEngine3QATest\Development\External\GFx\Lib\Win32\Msvc90\Shipping\libgfx.lib
..\..\..\..\..\Obj\Win32\Msvc90\Shipping\GFx\GFxCharacter.obj,V:\dishonored\UnrealEngine3QATest\Development\External\GFx\Lib\Win32\Msvc90\Shipping\libgfx.lib
..\..\..\..\..\Obj\Win32\Msvc90\Shipping\GFx\GFxCharacterDef.obj,V:\dishonored\UnrealEngine3QATest\Development\External\GFx\Lib\Win32\Msvc90\Shipping\libgfx.lib
..\..\..\..\..\Obj\Win32\Msvc90\Shipping\GFx\GFxDisplayContext.obj,V:\dishonored\UnrealEngine3QATest\Development\External\GFx\Lib\Win32\Msvc90\Shipping\libgfx.lib
..\..\..\..\..\Obj\Win32\Msvc90\Shipping\GFx\GFxDlist.obj,V:\dishonored\UnrealEngine3QATest\Development\External\GFx\Lib\Win32\Msvc90\Shipping\libgfx.lib
..\..\..\..\..\Obj\Win32\Msvc90\Shipping\GFx\GFxDrawingContext.obj,V:\dishonored\UnrealEngine3QATest\Development\External\GFx\Lib\Win32\Msvc90\Shipping\libgfx.lib
..\..\..\..\..\Obj\Win32\Msvc90\Shipping\GFx\GFxEdgeAAGen.obj,V:\dishonored\UnrealEngine3QATest\Development\External\GFx\Lib\Win32\Msvc90\Shipping\libgfx.lib
..\..\..\..\..\Obj\Win32\Msvc90\Shipping\GFx\GFxEvent.obj,V:\dishonored\UnrealEngine3QATest\Development\External\GFx\Lib\Win32\Msvc90\Shipping\libgfx.lib
..\..\..\..\..\Obj\Win32\Msvc90\Shipping\GFx\GFxFileOpener.obj,V:\dishonored\UnrealEngine3QATest\Development\External\GFx\Lib\Win32\Msvc90\Shipping\libgfx.lib
..\..\..\..\..\Obj\Win32\Msvc90\Shipping\GFx\GFxFilterDesc.obj,V:\dishonored\UnrealEngine3QATest\Development\External\GFx\Lib\Win32\Msvc90\Shipping\libgfx.lib
..\..\..\..\..\Obj\Win32\Msvc90\Shipping\GFx\GFxFontCacheManager.obj,V:\dishonored\UnrealEngine3QATest\Development\External\GFx\Lib\Win32\Msvc90\Shipping\libgfx.lib
..\..\..\..\..\Obj\Win32\Msvc90\Shipping\GFx\GFxFontCompactor.obj,V:\dishonored\UnrealEngine3QATest\Development\External\GFx\Lib\Win32\Msvc90\Shipping\libgfx.lib
..\..\..\..\..\Obj\Win32\Msvc90\Shipping\GFx\GFxFontGlyphPacker.obj,V:\dishonored\UnrealEngine3QATest\Development\External\GFx\Lib\Win32\Msvc90\Shipping\libgfx.lib
..\..\..\..\..\Obj\Win32\Msvc90\Shipping\GFx\GFxFontLib.obj,V:\dishonored\UnrealEngine3QATest\Development\External\GFx\Lib\Win32\Msvc90\Shipping\libgfx.lib
..\..\..\..\..\Obj\Win32\Msvc90\Shipping\GFx\GFxFontManager.obj,V:\dishonored\UnrealEngine3QATest\Development\External\GFx\Lib\Win32\Msvc90\Shipping\libgfx.lib
..\..\..\..\..\Obj\Win32\Msvc90\Shipping\GFx\GFxFontMap.obj,V:\dishonored\UnrealEngine3QATest\Development\External\GFx\Lib\Win32\Msvc90\Shipping\libgfx.lib
..\..\..\..\..\Obj\Win32\Msvc90\Shipping\GFx\GFxFontResource.obj,V:\dishonored\UnrealEngine3QATest\Development\External\GFx\Lib\Win32\Msvc90\Shipping\libgfx.lib
..\..\..\..\..\Obj\Win32\Msvc90\Shipping\GFx\GFxGlyphCache.obj,V:\dishonored\UnrealEngine3QATest\Development\External\GFx\Lib\Win32\Msvc90\Shipping\libgfx.lib
..\..\..\..\..\Obj\Win32\Msvc90\Shipping\GFx\GFxGlyphFitter.obj,V:\dishonored\UnrealEngine3QATest\Development\External\GFx\Lib\Win32\Msvc90\Shipping\libgfx.lib
..\..\..\..\..\Obj\Win32\Msvc90\Shipping\GFx\GFxImageResource.obj,V:\dishonored\UnrealEngine3QATest\Development\External\GFx\Lib\Win32\Msvc90\Shipping\libgfx.lib
..\..\..\..\..\Obj\Win32\Msvc90\Shipping\GFx\GFxLoader.obj,V:\dishonored\UnrealEngine3QATest\Development\External\GFx\Lib\Win32\Msvc90\Shipping\libgfx.lib
..\..\..\..\..\Obj\Win32\Msvc90\Shipping\GFx\GFxLoaderImpl.obj,V:\dishonored\UnrealEngine3QATest\Development\External\GFx\Lib\Win32\Msvc90\Shipping\libgfx.lib
..\..\..\..\..\Obj\Win32\Msvc90\Shipping\GFx\GFxLoadProcess.obj,V:\dishonored\UnrealEngine3QATest\Development\External\GFx\Lib\Win32\Msvc90\Shipping\libgfx.lib
..\..\..\..\..\Obj\Win32\Msvc90\Shipping\GFx\GFxLog.obj,V:\dishonored\UnrealEngine3QATest\Development\External\GFx\Lib\Win32\Msvc90\Shipping\libgfx.lib
..\..\..\..\..\Obj\Win32\Msvc90\Shipping\GFx\GFxMesh.obj,V:\dishonored\UnrealEngine3QATest\Development\External\GFx\Lib\Win32\Msvc90\Shipping\libgfx.lib
..\..\..\..\..\Obj\Win32\Msvc90\Shipping\GFx\GFxMeshCacheManager.obj,V:\dishonored\UnrealEngine3QATest\Development\External\GFx\Lib\Win32\Msvc90\Shipping\libgfx.lib
..\..\..\..\..\Obj\Win32\Msvc90\Shipping\GFx\GFxMorphCharacter.obj,V:\dishonored\UnrealEngine3QATest\Development\External\GFx\Lib\Win32\Msvc90\Shipping\libgfx.lib
..\..\..\..\..\Obj\Win32\Msvc90\Shipping\GFx\GFxMovieDef.obj,V:\dishonored\UnrealEngine3QATest\Development\External\GFx\Lib\Win32\Msvc90\Shipping\libgfx.lib
..\..\..\..\..\Obj\Win32\Msvc90\Shipping\GFx\GFxPlayerImpl.obj,V:\dishonored\UnrealEngine3QATest\Development\External\GFx\Lib\Win32\Msvc90\Shipping\libgfx.lib
..\..\..\..\..\Obj\Win32\Msvc90\Shipping\GFx\GFxPlayerStringInvoke.obj,V:\dishonored\UnrealEngine3QATest\Development\External\GFx\Lib\Win32\Msvc90\Shipping\libgfx.lib
..\..\..\..\..\Obj\Win32\Msvc90\Shipping\GFx\GFxRandom.obj,V:\dishonored\UnrealEngine3QATest\Development\External\GFx\Lib\Win32\Msvc90\Shipping\libgfx.lib
..\..\..\..\..\Obj\Win32\Msvc90\Shipping\GFx\GFxRenderConfig.obj,V:\dishonored\UnrealEngine3QATest\Development\External\GFx\Lib\Win32\Msvc90\Shipping\libgfx.lib
..\..\..\..\..\Obj\Win32\Msvc90\Shipping\GFx\GFxRenderGen.obj,V:\dishonored\UnrealEngine3QATest\Development\External\GFx\Lib\Win32\Msvc90\Shipping\libgfx.lib
..\..\..\..\..\Obj\Win32\Msvc90\Shipping\GFx\GFxResource.obj,V:\dishonored\UnrealEngine3QATest\Development\External\GFx\Lib\Win32\Msvc90\Shipping\libgfx.lib
..\..\..\..\..\Obj\Win32\Msvc90\Shipping\GFx\GFxResourceHandle.obj,V:\dishonored\UnrealEngine3QATest\Development\External\GFx\Lib\Win32\Msvc90\Shipping\libgfx.lib
..\..\..\..\..\Obj\Win32\Msvc90\Shipping\GFx\GFxScale9Grid.obj,V:\dishonored\UnrealEngine3QATest\Development\External\GFx\Lib\Win32\Msvc90\Shipping\libgfx.lib
..\..\..\..\..\Obj\Win32\Msvc90\Shipping\GFx\GFxShape.obj,V:\dishonored\UnrealEngine3QATest\Development\External\GFx\Lib\Win32\Msvc90\Shipping\libgfx.lib
..\..\..\..\..\Obj\Win32\Msvc90\Shipping\GFx\GFxSprite.obj,V:\dishonored\UnrealEngine3QATest\Development\External\GFx\Lib\Win32\Msvc90\Shipping\libgfx.lib
..\..\..\..\..\Obj\Win32\Msvc90\Shipping\GFx\GFxStaticText.obj,V:\dishonored\UnrealEngine3QATest\Development\External\GFx\Lib\Win32\Msvc90\Shipping\libgfx.lib
..\..\..\..\..\Obj\Win32\Msvc90\Shipping\GFx\GFxStream.obj,V:\dishonored\UnrealEngine3QATest\Development\External\GFx\Lib\Win32\Msvc90\Shipping\libgfx.lib
..\..\..\..\..\Obj\Win32\Msvc90\Shipping\GFx\GFxString.obj,V:\dishonored\UnrealEngine3QATest\Development\External\GFx\Lib\Win32\Msvc90\Shipping\libgfx.lib
..\..\..\..\..\Obj\Win32\Msvc90\Shipping\GFx\GFxStringBuiltins.obj,V:\dishonored\UnrealEngine3QATest\Development\External\GFx\Lib\Win32\Msvc90\Shipping\libgfx.lib
..\..\..\..\..\Obj\Win32\Msvc90\Shipping\GFx\GFxStyles.obj,V:\dishonored\UnrealEngine3QATest\Development\External\GFx\Lib\Win32\Msvc90\Shipping\libgfx.lib
..\..\..\..\..\Obj\Win32\Msvc90\Shipping\GFx\GFxTagLoaders.obj,V:\dishonored\UnrealEngine3QATest\Development\External\GFx\Lib\Win32\Msvc90\Shipping\libgfx.lib
..\..\..\..\..\Obj\Win32\Msvc90\Shipping\GFx\GFxTextField.obj,V:\dishonored\UnrealEngine3QATest\Development\External\GFx\Lib\Win32\Msvc90\Shipping\libgfx.lib
..\..\..\..\..\Obj\Win32\Msvc90\Shipping\GFx\GFxTextureFont.obj,V:\dishonored\UnrealEngine3QATest\Development\External\GFx\Lib\Win32\Msvc90\Shipping\libgfx.lib
..\..\..\..\..\Obj\Win32\Msvc90\Shipping\GFx\GFxValueImpl.obj,V:\dishonored\UnrealEngine3QATest\Development\External\GFx\Lib\Win32\Msvc90\Shipping\libgfx.lib
..\..\..\..\..\Obj\Win32\Msvc90\Shipping\GFx\GFxVertex.obj,V:\dishonored\UnrealEngine3QATest\Development\External\GFx\Lib\Win32\Msvc90\Shipping\libgfx.lib
..\..\..\..\..\Obj\Win32\Msvc90\Shipping\GFx\GFxZlibSupport.obj,V:\dishonored\UnrealEngine3QATest\Development\External\GFx\Lib\Win32\Msvc90\Shipping\libgfx.lib
..\..\..\..\..\Obj\Win32\Msvc90\Shipping\GFx\GFxAmpProfileFrame.obj,V:\dishonored\UnrealEngine3QATest\Development\External\GFx\Lib\Win32\Msvc90\Shipping\libgfx.lib
..\..\..\..\..\Obj\Win32\Msvc90\Shipping\GFx\GFxAmpViewStats.obj,V:\dishonored\UnrealEngine3QATest\Development\External\GFx\Lib\Win32\Msvc90\Shipping\libgfx.lib
..\..\..\..\..\Obj\Win32\Msvc90\Shipping\GFx\GASAmpMarker.obj,V:\dishonored\UnrealEngine3QATest\Development\External\GFx\Lib\Win32\Msvc90\Shipping\libgfx.lib
..\..\..\..\..\Obj\Win32\Msvc90\Shipping\GFx\GASArrayObject.obj,V:\dishonored\UnrealEngine3QATest\Development\External\GFx\Lib\Win32\Msvc90\Shipping\libgfx.lib
..\..\..\..\..\Obj\Win32\Msvc90\Shipping\GFx\GASAsBroadcaster.obj,V:\dishonored\UnrealEngine3QATest\Development\External\GFx\Lib\Win32\Msvc90\Shipping\libgfx.lib
..\..\..\..\..\Obj\Win32\Msvc90\Shipping\GFx\GASBevelFilter.obj,V:\dishonored\UnrealEngine3QATest\Development\External\GFx\Lib\Win32\Msvc90\Shipping\libgfx.lib
..\..\..\..\..\Obj\Win32\Msvc90\Shipping\GFx\GASBitmapData.obj,V:\dishonored\UnrealEngine3QATest\Development\External\GFx\Lib\Win32\Msvc90\Shipping\libgfx.lib
..\..\..\..\..\Obj\Win32\Msvc90\Shipping\GFx\GASBitmapFilter.obj,V:\dishonored\UnrealEngine3QATest\Development\External\GFx\Lib\Win32\Msvc90\Shipping\libgfx.lib
..\..\..\..\..\Obj\Win32\Msvc90\Shipping\GFx\GASBlurFilter.obj,V:\dishonored\UnrealEngine3QATest\Development\External\GFx\Lib\Win32\Msvc90\Shipping\libgfx.lib
..\..\..\..\..\Obj\Win32\Msvc90\Shipping\GFx\GASBooleanObject.obj,V:\dishonored\UnrealEngine3QATest\Development\External\GFx\Lib\Win32\Msvc90\Shipping\libgfx.lib
..\..\..\..\..\Obj\Win32\Msvc90\Shipping\GFx\GASCapabilities.obj,V:\dishonored\UnrealEngine3QATest\Development\External\GFx\Lib\Win32\Msvc90\Shipping\libgfx.lib
..\..\..\..\..\Obj\Win32\Msvc90\Shipping\GFx\GASColor.obj,V:\dishonored\UnrealEngine3QATest\Development\External\GFx\Lib\Win32\Msvc90\Shipping\libgfx.lib
..\..\..\..\..\Obj\Win32\Msvc90\Shipping\GFx\GASColorMatrixFilter.obj,V:\dishonored\UnrealEngine3QATest\Development\External\GFx\Lib\Win32\Msvc90\Shipping\libgfx.lib
..\..\..\..\..\Obj\Win32\Msvc90\Shipping\GFx\GASColorTransform.obj,V:\dishonored\UnrealEngine3QATest\Development\External\GFx\Lib\Win32\Msvc90\Shipping\libgfx.lib
..\..\..\..\..\Obj\Win32\Msvc90\Shipping\GFx\GASDate.obj,V:\dishonored\UnrealEngine3QATest\Development\External\GFx\Lib\Win32\Msvc90\Shipping\libgfx.lib
..\..\..\..\..\Obj\Win32\Msvc90\Shipping\GFx\GASDropShadowFilter.obj,V:\dishonored\UnrealEngine3QATest\Development\External\GFx\Lib\Win32\Msvc90\Shipping\libgfx.lib
..\..\..\..\..\Obj\Win32\Msvc90\Shipping\GFx\GASExternalInterface.obj,V:\dishonored\UnrealEngine3QATest\Development\External\GFx\Lib\Win32\Msvc90\Shipping\libgfx.lib
..\..\..\..\..\Obj\Win32\Msvc90\Shipping\GFx\GASGlowFilter.obj,V:\dishonored\UnrealEngine3QATest\Development\External\GFx\Lib\Win32\Msvc90\Shipping\libgfx.lib
..\..\..\..\..\Obj\Win32\Msvc90\Shipping\GFx\GASKeyObject.obj,V:\dishonored\UnrealEngine3QATest\Development\External\GFx\Lib\Win32\Msvc90\Shipping\libgfx.lib
..\..\..\..\..\Obj\Win32\Msvc90\Shipping\GFx\GASLoadVars.obj,V:\dishonored\UnrealEngine3QATest\Development\External\GFx\Lib\Win32\Msvc90\Shipping\libgfx.lib
..\..\..\..\..\Obj\Win32\Msvc90\Shipping\GFx\GASMath.obj,V:\dishonored\UnrealEngine3QATest\Development\External\GFx\Lib\Win32\Msvc90\Shipping\libgfx.lib
..\..\..\..\..\Obj\Win32\Msvc90\Shipping\GFx\GASMatrixObject.obj,V:\dishonored\UnrealEngine3QATest\Development\External\GFx\Lib\Win32\Msvc90\Shipping\libgfx.lib
..\..\..\..\..\Obj\Win32\Msvc90\Shipping\GFx\GASMouse.obj,V:\dishonored\UnrealEngine3QATest\Development\External\GFx\Lib\Win32\Msvc90\Shipping\libgfx.lib
..\..\..\..\..\Obj\Win32\Msvc90\Shipping\GFx\GASMovieClipLoader.obj,V:\dishonored\UnrealEngine3QATest\Development\External\GFx\Lib\Win32\Msvc90\Shipping\libgfx.lib
..\..\..\..\..\Obj\Win32\Msvc90\Shipping\GFx\GASNumberObject.obj,V:\dishonored\UnrealEngine3QATest\Development\External\GFx\Lib\Win32\Msvc90\Shipping\libgfx.lib
..\..\..\..\..\Obj\Win32\Msvc90\Shipping\GFx\GASObject.obj,V:\dishonored\UnrealEngine3QATest\Development\External\GFx\Lib\Win32\Msvc90\Shipping\libgfx.lib
..\..\..\..\..\Obj\Win32\Msvc90\Shipping\GFx\GASPointObject.obj,V:\dishonored\UnrealEngine3QATest\Development\External\GFx\Lib\Win32\Msvc90\Shipping\libgfx.lib
..\..\..\..\..\Obj\Win32\Msvc90\Shipping\GFx\GASRectangleObject.obj,V:\dishonored\UnrealEngine3QATest\Development\External\GFx\Lib\Win32\Msvc90\Shipping\libgfx.lib
..\..\..\..\..\Obj\Win32\Msvc90\Shipping\GFx\GASSelection.obj,V:\dishonored\UnrealEngine3QATest\Development\External\GFx\Lib\Win32\Msvc90\Shipping\libgfx.lib
..\..\..\..\..\Obj\Win32\Msvc90\Shipping\GFx\GASSharedObject.obj,V:\dishonored\UnrealEngine3QATest\Development\External\GFx\Lib\Win32\Msvc90\Shipping\libgfx.lib
..\..\..\..\..\Obj\Win32\Msvc90\Shipping\GFx\GASStage.obj,V:\dishonored\UnrealEngine3QATest\Development\External\GFx\Lib\Win32\Msvc90\Shipping\libgfx.lib
..\..\..\..\..\Obj\Win32\Msvc90\Shipping\GFx\GASStringObject.obj,V:\dishonored\UnrealEngine3QATest\Development\External\GFx\Lib\Win32\Msvc90\Shipping\libgfx.lib
..\..\..\..\..\Obj\Win32\Msvc90\Shipping\GFx\GASStyleSheet.obj,V:\dishonored\UnrealEngine3QATest\Development\External\GFx\Lib\Win32\Msvc90\Shipping\libgfx.lib
..\..\..\..\..\Obj\Win32\Msvc90\Shipping\GFx\GASTextFormat.obj,V:\dishonored\UnrealEngine3QATest\Development\External\GFx\Lib\Win32\Msvc90\Shipping\libgfx.lib
..\..\..\..\..\Obj\Win32\Msvc90\Shipping\GFx\GASTextSnapshot.obj,V:\dishonored\UnrealEngine3QATest\Development\External\GFx\Lib\Win32\Msvc90\Shipping\libgfx.lib
..\..\..\..\..\Obj\Win32\Msvc90\Shipping\GFx\GASTimers.obj,V:\dishonored\UnrealEngine3QATest\Development\External\GFx\Lib\Win32\Msvc90\Shipping\libgfx.lib
..\..\..\..\..\Obj\Win32\Msvc90\Shipping\GFx\GASTransformObject.obj,V:\dishonored\UnrealEngine3QATest\Development\External\GFx\Lib\Win32\Msvc90\Shipping\libgfx.lib
..\..\..\..\..\Obj\Win32\Msvc90\Shipping\GFx\GASIme.obj,V:\dishonored\UnrealEngine3QATest\Development\External\GFx\Lib\Win32\Msvc90\Shipping\libgfx.lib
..\..\..\..\..\Obj\Win32\Msvc90\Shipping\GFx\GFxIMEManager.obj,V:\dishonored\UnrealEngine3QATest\Development\External\GFx\Lib\Win32\Msvc90\Shipping\libgfx.lib
..\..\..\..\..\Obj\Win32\Msvc90\Shipping\GFx\GFxStyledText.obj,V:\dishonored\UnrealEngine3QATest\Development\External\GFx\Lib\Win32\Msvc90\Shipping\libgfx.lib
..\..\..\..\..\Obj\Win32\Msvc90\Shipping\GFx\GFxStyleSheet.obj,V:\dishonored\UnrealEngine3QATest\Development\External\GFx\Lib\Win32\Msvc90\Shipping\libgfx.lib
..\..\..\..\..\Obj\Win32\Msvc90\Shipping\GFx\GFxTextCore.obj,V:\dishonored\UnrealEngine3QATest\Development\External\GFx\Lib\Win32\Msvc90\Shipping\libgfx.lib
..\..\..\..\..\Obj\Win32\Msvc90\Shipping\GFx\GFxTextDocView.obj,V:\dishonored\UnrealEngine3QATest\Development\External\GFx\Lib\Win32\Msvc90\Shipping\libgfx.lib
..\..\..\..\..\Obj\Win32\Msvc90\Shipping\GFx\GFxTextEditorKit.obj,V:\dishonored\UnrealEngine3QATest\Development\External\GFx\Lib\Win32\Msvc90\Shipping\libgfx.lib
..\..\..\..\..\Obj\Win32\Msvc90\Shipping\GFx\GFxTextHighlight.obj,V:\dishonored\UnrealEngine3QATest\Development\External\GFx\Lib\Win32\Msvc90\Shipping\libgfx.lib
..\..\..\..\..\Obj\Win32\Msvc90\Shipping\GFx\GFxTextLineBuffer.obj,V:\dishonored\UnrealEngine3QATest\Development\External\GFx\Lib\Win32\Msvc90\Shipping\libgfx.lib
..\..\..\..\..\Obj\Win32\Msvc90\Shipping\GFx\GFxWWHelper.obj,V:\dishonored\UnrealEngine3QATest\Development\External\GFx\Lib\Win32\Msvc90\Shipping\libgfx.lib
..\..\..\..\..\Obj\Win32\Msvc90\Shipping\GFx\GCompoundShape.obj,V:\dishonored\UnrealEngine3QATest\Development\External\GFx\Lib\Win32\Msvc90\Shipping\libgfx.lib
..\..\..\..\..\Obj\Win32\Msvc90\Shipping\GFx\GEdgeAA.obj,V:\dishonored\UnrealEngine3QATest\Development\External\GFx\Lib\Win32\Msvc90\Shipping\libgfx.lib
..\..\..\..\..\Obj\Win32\Msvc90\Shipping\GFx\GImageInfo.obj,V:\dishonored\UnrealEngine3QATest\Development\External\GFx\Lib\Win32\Msvc90\Shipping\libgfx.lib
..\..\..\..\..\Obj\Win32\Msvc90\Shipping\GFx\GRasterizer.obj,V:\dishonored\UnrealEngine3QATest\Development\External\GFx\Lib\Win32\Msvc90\Shipping\libgfx.lib
..\..\..\..\..\Obj\Win32\Msvc90\Shipping\GFx\GRectPacker.obj,V:\dishonored\UnrealEngine3QATest\Development\External\GFx\Lib\Win32\Msvc90\Shipping\libgfx.lib
..\..\..\..\..\Obj\Win32\Msvc90\Shipping\GFx\GRenderer.obj,V:\dishonored\UnrealEngine3QATest\Development\External\GFx\Lib\Win32\Msvc90\Shipping\libgfx.lib
..\..\..\..\..\Obj\Win32\Msvc90\Shipping\GFx\GResizeImage.obj,V:\dishonored\UnrealEngine3QATest\Development\External\GFx\Lib\Win32\Msvc90\Shipping\libgfx.lib
..\..\..\..\..\Obj\Win32\Msvc90\Shipping\GFx\GStroker.obj,V:\dishonored\UnrealEngine3QATest\Development\External\GFx\Lib\Win32\Msvc90\Shipping\libgfx.lib
..\..\..\..\..\Obj\Win32\Msvc90\Shipping\GFx\GStrokerAA.obj,V:\dishonored\UnrealEngine3QATest\Development\External\GFx\Lib\Win32\Msvc90\Shipping\libgfx.lib
..\..\..\..\..\Obj\Win32\Msvc90\Shipping\GFx\GTessellator.obj,V:\dishonored\UnrealEngine3QATest\Development\External\GFx\Lib\Win32\Msvc90\Shipping\libgfx.lib
..\..\..\..\..\Obj\Win32\Msvc90\Shipping\GFxIME\GFxIMEIdMap.obj,V:\dishonored\UnrealEngine3QATest\Development\External\GFx\Lib\Win32\Msvc90\Shipping\libgfx_ime.lib
..\..\..\..\..\Obj\Win32\Msvc90\Shipping\GFxIME\GFxIMEManagerWin32.obj,V:\dishonored\UnrealEngine3QATest\Development\External\GFx\Lib\Win32\Msvc90\Shipping\libgfx_ime.lib
..\..\..\..\..\Obj\Win32\Msvc90\Shipping\GFxIME\GFxIMETSF.obj,V:\dishonored\UnrealEngine3QATest\Development\External\GFx\Lib\Win32\Msvc90\Shipping\libgfx_ime.lib
..\..\..\..\..\Obj\Win32\Msvc90\Shipping\GFxIME\GFxIMEVista.obj,V:\dishonored\UnrealEngine3QATest\Development\External\GFx\Lib\Win32\Msvc90\Shipping\libgfx_ime.lib
..\..\..\..\..\Obj\Win32\Msvc90\Shipping\GFxIME\GFxIMEXP.obj,V:\dishonored\UnrealEngine3QATest\Development\External\GFx\Lib\Win32\Msvc90\Shipping\libgfx_ime.lib
..\..\..\..\..\Obj\Win32\Msvc90\Shipping\GFxIME\GFxIMENamesManagerXP.obj,V:\dishonored\UnrealEngine3QATest\Development\External\GFx\Lib\Win32\Msvc90\Shipping\libgfx_ime.lib
..\..\..\..\..\Obj\Win32\Msvc90\Shipping\GFxIME\GFxIMENamesManagerVista.obj,V:\dishonored\UnrealEngine3QATest\Development\External\GFx\Lib\Win32\Msvc90\Shipping\libgfx_ime.lib
..\..\..\..\..\Obj\Win32\Msvc90\Shipping\GFxIME\GFxIMECommands.obj,V:\dishonored\UnrealEngine3QATest\Development\External\GFx\Lib\Win32\Msvc90\Shipping\libgfx_ime.lib
..\..\..\..\..\Obj\Win32\Msvc90\Shipping\GFxIME\GFxCandidateListBox.obj,V:\dishonored\UnrealEngine3QATest\Development\External\GFx\Lib\Win32\Msvc90\Shipping\libgfx_ime.lib
..\..\..\..\..\Obj\Win32\Msvc90\Shipping\GFxIME\GFxCandidateListInterface.obj,V:\dishonored\UnrealEngine3QATest\Development\External\GFx\Lib\Win32\Msvc90\Shipping\libgfx_ime.lib
..\..\..\..\..\Obj\Win32\Msvc90\Shipping\GFxIME\GFxCommand.obj,V:\dishonored\UnrealEngine3QATest\Development\External\GFx\Lib\Win32\Msvc90\Shipping\libgfx_ime.lib
Import:MSVCP90.dll,C:\Program Files (x86)\Microsoft Visual Studio 9.0\VC\LIB\msvcprt.lib
MSVCP90.dll,C:\Program Files (x86)\Microsoft Visual Studio 9.0\VC\LIB\msvcprt.lib
Import:CRYPT32.dll,C:\Program Files\Microsoft SDKs\Windows\v6.0A\lib\Crypt32.lib
CRYPT32.dll,C:\Program Files\Microsoft SDKs\Windows\v6.0A\lib\Crypt32.lib
Import:IPHLPAPI.DLL,C:\Program Files\Microsoft SDKs\Windows\v6.0A\lib\Iphlpapi.lib
IPHLPAPI.DLL,C:\Program Files\Microsoft SDKs\Windows\v6.0A\lib\Iphlpapi.lib
f:\dd\vctools\crt_bld\SELF_X86\crt\src\INTEL\dll_lib\ehvccctr.obj,C:\Program Files (x86)\Microsoft Visual Studio 9.0\VC\LIB\MSVCRT.lib
f:\dd\vctools\crt_bld\SELF_X86\crt\src\INTEL\dll_lib\ehvecctr.obj,C:\Program Files (x86)\Microsoft Visual Studio 9.0\VC\LIB\MSVCRT.lib
f:\dd\vctools\crt_bld\SELF_X86\crt\src\INTEL\dll_lib\ehvecdtr.obj,C:\Program Files (x86)\Microsoft Visual Studio 9.0\VC\LIB\MSVCRT.lib
f:\dd\vctools\crt_bld\SELF_X86\crt\src\INTEL\dll_lib\unhandld.obj,C:\Program Files (x86)\Microsoft Visual Studio 9.0\VC\LIB\MSVCRT.lib
f:\dd\vctools\crt_bld\SELF_X86\crt\src\build\INTEL\dll_obj\atonexit.obj,C:\Program Files (x86)\Microsoft Visual Studio 9.0\VC\LIB\MSVCRT.lib
f:\dd\vctools\crt_bld\SELF_X86\crt\src\build\INTEL\dll_obj\cinitexe.obj,C:\Program Files (x86)\Microsoft Visual Studio 9.0\VC\LIB\MSVCRT.lib
f:\dd\vctools\crt_bld\SELF_X86\crt\src\build\INTEL\dll_obj\crtexew.obj,C:\Program Files (x86)\Microsoft Visual Studio 9.0\VC\LIB\MSVCRT.lib
f:\dd\vctools\crt_bld\SELF_X86\crt\src\build\INTEL\dll_obj\crtmanifestrtm.obj,C:\Program Files (x86)\Microsoft Visual Studio 9.0\VC\LIB\MSVCRT.lib
f:\dd\vctools\crt_bld\SELF_X86\crt\src\build\INTEL\dll_obj\dllargv.obj,C:\Program Files (x86)\Microsoft Visual Studio 9.0\VC\LIB\MSVCRT.lib
f:\dd\vctools\crt_bld\SELF_X86\crt\src\build\INTEL\dll_obj\gs_cookie.obj,C:\Program Files (x86)\Microsoft Visual Studio 9.0\VC\LIB\MSVCRT.lib
f:\dd\vctools\crt_bld\SELF_X86\crt\src\build\INTEL\dll_obj\gs_report.obj,C:\Program Files (x86)\Microsoft Visual Studio 9.0\VC\LIB\MSVCRT.lib
f:\dd\vctools\crt_bld\SELF_X86\crt\src\build\INTEL\dll_obj\gs_support.obj,C:\Program Files (x86)\Microsoft Visual Studio 9.0\VC\LIB\MSVCRT.lib
f:\dd\vctools\crt_bld\SELF_X86\crt\src\build\INTEL\dll_obj\merr.obj,C:\Program Files (x86)\Microsoft Visual Studio 9.0\VC\LIB\MSVCRT.lib
f:\dd\vctools\crt_bld\SELF_X86\crt\src\build\INTEL\dll_obj\natstart.obj,C:\Program Files (x86)\Microsoft Visual Studio 9.0\VC\LIB\MSVCRT.lib
f:\dd\vctools\crt_bld\SELF_X86\crt\src\build\INTEL\dll_obj\pesect.obj,C:\Program Files (x86)\Microsoft Visual Studio 9.0\VC\LIB\MSVCRT.lib
f:\dd\vctools\crt_bld\SELF_X86\crt\src\build\INTEL\dll_obj\ti_inst.obj,C:\Program Files (x86)\Microsoft Visual Studio 9.0\VC\LIB\MSVCRT.lib
f:\dd\vctools\crt_bld\SELF_X86\crt\src\build\INTEL\dll_obj\wildcard.obj,C:\Program Files (x86)\Microsoft Visual Studio 9.0\VC\LIB\MSVCRT.lib
f:\dd\vctools\crt_bld\SELF_X86\crt\src\build\INTEL\dll_obj\dllsupp.obj,C:\Program Files (x86)\Microsoft Visual Studio 9.0\VC\LIB\MSVCRT.lib
f:\dd\vctools\crt_bld\SELF_X86\crt\src\build\INTEL\dll_obj\lldiv.obj,C:\Program Files (x86)\Microsoft Visual Studio 9.0\VC\LIB\MSVCRT.lib
f:\dd\vctools\crt_bld\SELF_X86\crt\src\build\INTEL\dll_obj\lldvrm.obj,C:\Program Files (x86)\Microsoft Visual Studio 9.0\VC\LIB\MSVCRT.lib
f:\dd\vctools\crt_bld\SELF_X86\crt\src\build\INTEL\dll_obj\llmul.obj,C:\Program Files (x86)\Microsoft Visual Studio 9.0\VC\LIB\MSVCRT.lib
f:\dd\vctools\crt_bld\SELF_X86\crt\src\build\INTEL\dll_obj\llrem.obj,C:\Program Files (x86)\Microsoft Visual Studio 9.0\VC\LIB\MSVCRT.lib
f:\dd\vctools\crt_bld\SELF_X86\crt\src\build\INTEL\dll_obj\llshl.obj,C:\Program Files (x86)\Microsoft Visual Studio 9.0\VC\LIB\MSVCRT.lib
f:\dd\vctools\crt_bld\SELF_X86\crt\src\build\INTEL\dll_obj\ulldiv.obj,C:\Program Files (x86)\Microsoft Visual Studio 9.0\VC\LIB\MSVCRT.lib
f:\dd\vctools\crt_bld\SELF_X86\crt\src\build\INTEL\dll_obj\ulldvrm.obj,C:\Program Files (x86)\Microsoft Visual Studio 9.0\VC\LIB\MSVCRT.lib
f:\dd\vctools\crt_bld\SELF_X86\crt\src\build\INTEL\dll_obj\ullshr.obj,C:\Program Files (x86)\Microsoft Visual Studio 9.0\VC\LIB\MSVCRT.lib
f:\dd\vctools\crt_bld\SELF_X86\crt\src\build\INTEL\dll_obj\adjustfd.obj,C:\Program Files (x86)\Microsoft Visual Studio 9.0\VC\LIB\MSVCRT.lib
f:\dd\vctools\crt_bld\SELF_X86\crt\src\INTEL\dll_lib\chandler4gs.obj,C:\Program Files (x86)\Microsoft Visual Studio 9.0\VC\LIB\MSVCRT.lib
f:\dd\vctools\crt_bld\SELF_X86\crt\src\INTEL\dll_lib\cpu_disp.obj,C:\Program Files (x86)\Microsoft Visual Studio 9.0\VC\LIB\MSVCRT.lib
f:\dd\vctools\crt_bld\SELF_X86\crt\src\build\INTEL\dll_obj\fp8.obj,C:\Program Files (x86)\Microsoft Visual Studio 9.0\VC\LIB\MSVCRT.lib
f:\dd\vctools\crt_bld\SELF_X86\crt\src\INTEL\dll_lib\ftol2.obj,C:\Program Files (x86)\Microsoft Visual Studio 9.0\VC\LIB\MSVCRT.lib
f:\dd\vctools\crt_bld\SELF_X86\crt\src\build\INTEL\dll_obj\loadcfg.obj,C:\Program Files (x86)\Microsoft Visual Studio 9.0\VC\LIB\MSVCRT.lib
f:\dd\vctools\crt_bld\SELF_X86\crt\src\build\INTEL\dll_obj\secchk.obj,C:\Program Files (x86)\Microsoft Visual Studio 9.0\VC\LIB\MSVCRT.lib
f:\dd\vctools\crt_bld\SELF_X86\crt\src\INTEL\dll_lib\sehprolg4.obj,C:\Program Files (x86)\Microsoft Visual Studio 9.0\VC\LIB\MSVCRT.lib
f:\dd\vctools\crt_bld\SELF_X86\crt\src\build\INTEL\dll_obj\_newmode.obj,C:\Program Files (x86)\Microsoft Visual Studio 9.0\VC\LIB\MSVCRT.lib
f:\dd\vctools\crt_bld\SELF_X86\crt\src\build\INTEL\dll_obj\xncommod.obj,C:\Program Files (x86)\Microsoft Visual Studio 9.0\VC\LIB\MSVCRT.lib
f:\dd\vctools\crt_bld\SELF_X86\crt\src\build\INTEL\dll_obj\xtxtmode.obj,C:\Program Files (x86)\Microsoft Visual Studio 9.0\VC\LIB\MSVCRT.lib
f:\dd\vctools\crt_bld\SELF_X86\crt\src\build\INTEL\dll_obj\xthdloc.obj,C:\Program Files (x86)\Microsoft Visual Studio 9.0\VC\LIB\MSVCRT.lib
f:\dd\vctools\crt_bld\SELF_X86\crt\src\build\INTEL\dll_obj\alloca16.obj,C:\Program Files (x86)\Microsoft Visual Studio 9.0\VC\LIB\MSVCRT.lib
f:\dd\vctools\crt_bld\SELF_X86\crt\src\build\INTEL\dll_obj\chkstk.obj,C:\Program Files (x86)\Microsoft Visual Studio 9.0\VC\LIB\MSVCRT.lib
f:\dd\vctools\crt_bld\SELF_X86\crt\prebuild\build\INTEL\dll_obj\almap\gmtime.obj,C:\Program Files (x86)\Microsoft Visual Studio 9.0\VC\LIB\MSVCRT.lib
f:\dd\vctools\crt_bld\SELF_X86\crt\prebuild\build\INTEL\st_obj\almap\vsnprintf_s.obj,C:\Program Files (x86)\Microsoft Visual Studio 9.0\VC\LIB\MSVCRT.lib
f:\dd\vctools\crt_bld\SELF_X86\crt\prebuild\build\INTEL\st_obj\almap\typeinfo_dtor_32.obj,C:\Program Files (x86)\Microsoft Visual Studio 9.0\VC\LIB\MSVCRT.lib
f:\dd\vctools\crt_bld\SELF_X86\crt\prebuild\build\INTEL\dll_obj\_initsect_.obj,C:\Program Files (x86)\Microsoft Visual Studio 9.0\VC\LIB\MSVCRT.lib
Import:MSVCR90.dll,C:\Program Files (x86)\Microsoft Visual Studio 9.0\VC\LIB\MSVCRT.lib
MSVCR90.dll,C:\Program Files (x86)\Microsoft Visual Studio 9.0\VC\LIB\MSVCRT.lib
Import:binkw32.dll,V:\dishonored\UnrealEngine3QATest\Development\External\Bink\lib\Win32\binkw32.lib
binkw32.dll,V:\dishonored\UnrealEngine3QATest\Development\External\Bink\lib\Win32\binkw32.lib
.\Win32_LIB_Release\png.obj,V:\dishonored\UnrealEngine3QATest\Development\External\libPNG\lib\libpng.lib
.\Win32_LIB_Release\pngerror.obj,V:\dishonored\UnrealEngine3QATest\Development\External\libPNG\lib\libpng.lib
.\Win32_LIB_Release\pngget.obj,V:\dishonored\UnrealEngine3QATest\Development\External\libPNG\lib\libpng.lib
.\Win32_LIB_Release\pngmem.obj,V:\dishonored\UnrealEngine3QATest\Development\External\libPNG\lib\libpng.lib
.\Win32_LIB_Release\pngread.obj,V:\dishonored\UnrealEngine3QATest\Development\External\libPNG\lib\libpng.lib
.\Win32_LIB_Release\pngrio.obj,V:\dishonored\UnrealEngine3QATest\Development\External\libPNG\lib\libpng.lib
.\Win32_LIB_Release\pngrtran.obj,V:\dishonored\UnrealEngine3QATest\Development\External\libPNG\lib\libpng.lib
.\Win32_LIB_Release\pngrutil.obj,V:\dishonored\UnrealEngine3QATest\Development\External\libPNG\lib\libpng.lib
.\Win32_LIB_Release\pngset.obj,V:\dishonored\UnrealEngine3QATest\Development\External\libPNG\lib\libpng.lib
.\Win32_LIB_Release\pngtrans.obj,V:\dishonored\UnrealEngine3QATest\Development\External\libPNG\lib\libpng.lib
.\Win32_LIB_Release\pngwio.obj,V:\dishonored\UnrealEngine3QATest\Development\External\libPNG\lib\libpng.lib
.\Win32_LIB_Release\pngwrite.obj,V:\dishonored\UnrealEngine3QATest\Development\External\libPNG\lib\libpng.lib
.\Win32_LIB_Release\pngwtran.obj,V:\dishonored\UnrealEngine3QATest\Development\External\libPNG\lib\libpng.lib
.\Win32_LIB_Release\pngwutil.obj,V:\dishonored\UnrealEngine3QATest\Development\External\libPNG\lib\libpng.lib
Import:PhysXLoader.dll,V:\dishonored\UnrealEngine3QATest\Development\External\PhysX\SDKs\lib\win32\PhysXLoader.lib
.\Win32\NxDoubleBuffered\release\NxdActor.obj,V:\dishonored\UnrealEngine3QATest\Development\External\PhysX\Nxd\lib\win32\libnxdoublebuffered_release.lib
.\Win32\NxDoubleBuffered\release\NxdActorBuffer.obj,V:\dishonored\UnrealEngine3QATest\Development\External\PhysX\Nxd\lib\win32\libnxdoublebuffered_release.lib
.\Win32\NxDoubleBuffered\release\NxdBoxShape.obj,V:\dishonored\UnrealEngine3QATest\Development\External\PhysX\Nxd\lib\win32\libnxdoublebuffered_release.lib
.\Win32\NxDoubleBuffered\release\NxdCallbacks.obj,V:\dishonored\UnrealEngine3QATest\Development\External\PhysX\Nxd\lib\win32\libnxdoublebuffered_release.lib
.\Win32\NxDoubleBuffered\release\NxdCapsuleShape.obj,V:\dishonored\UnrealEngine3QATest\Development\External\PhysX\Nxd\lib\win32\libnxdoublebuffered_release.lib
.\Win32\NxDoubleBuffered\release\NxdCloth.obj,V:\dishonored\UnrealEngine3QATest\Development\External\PhysX\Nxd\lib\win32\libnxdoublebuffered_release.lib
.\Win32\NxDoubleBuffered\release\NxdConvexShape.obj,V:\dishonored\UnrealEngine3QATest\Development\External\PhysX\Nxd\lib\win32\libnxdoublebuffered_release.lib
.\Win32\NxDoubleBuffered\release\NxdD6Joint.obj,V:\dishonored\UnrealEngine3QATest\Development\External\PhysX\Nxd\lib\win32\libnxdoublebuffered_release.lib
.\Win32\NxDoubleBuffered\release\NxdDistanceJoint.obj,V:\dishonored\UnrealEngine3QATest\Development\External\PhysX\Nxd\lib\win32\libnxdoublebuffered_release.lib
.\Win32\NxDoubleBuffered\release\NxdError.obj,V:\dishonored\UnrealEngine3QATest\Development\External\PhysX\Nxd\lib\win32\libnxdoublebuffered_release.lib
.\Win32\NxDoubleBuffered\release\NxdFixedJoint.obj,V:\dishonored\UnrealEngine3QATest\Development\External\PhysX\Nxd\lib\win32\libnxdoublebuffered_release.lib
.\Win32\NxDoubleBuffered\release\NxdFluid.obj,V:\dishonored\UnrealEngine3QATest\Development\External\PhysX\Nxd\lib\win32\libnxdoublebuffered_release.lib
.\Win32\NxDoubleBuffered\release\NxdFluidEmitter.obj,V:\dishonored\UnrealEngine3QATest\Development\External\PhysX\Nxd\lib\win32\libnxdoublebuffered_release.lib
.\Win32\NxDoubleBuffered\release\NxdHeightFieldShape.obj,V:\dishonored\UnrealEngine3QATest\Development\External\PhysX\Nxd\lib\win32\libnxdoublebuffered_release.lib
.\Win32\NxDoubleBuffered\release\NxdJointShared.obj,V:\dishonored\UnrealEngine3QATest\Development\External\PhysX\Nxd\lib\win32\libnxdoublebuffered_release.lib
.\Win32\NxDoubleBuffered\release\NxdMaterial.obj,V:\dishonored\UnrealEngine3QATest\Development\External\PhysX\Nxd\lib\win32\libnxdoublebuffered_release.lib
.\Win32\NxDoubleBuffered\release\NxdPlaneShape.obj,V:\dishonored\UnrealEngine3QATest\Development\External\PhysX\Nxd\lib\win32\libnxdoublebuffered_release.lib
.\Win32\NxDoubleBuffered\release\NxdPulleyJoint.obj,V:\dishonored\UnrealEngine3QATest\Development\External\PhysX\Nxd\lib\win32\libnxdoublebuffered_release.lib
.\Win32\NxDoubleBuffered\release\NxdRevoluteJoint.obj,V:\dishonored\UnrealEngine3QATest\Development\External\PhysX\Nxd\lib\win32\libnxdoublebuffered_release.lib
.\Win32\NxDoubleBuffered\release\NxdScene.obj,V:\dishonored\UnrealEngine3QATest\Development\External\PhysX\Nxd\lib\win32\libnxdoublebuffered_release.lib
.\Win32\NxDoubleBuffered\release\NxdShapeShared.obj,V:\dishonored\UnrealEngine3QATest\Development\External\PhysX\Nxd\lib\win32\libnxdoublebuffered_release.lib
.\Win32\NxDoubleBuffered\release\NxdSoftBody.obj,V:\dishonored\UnrealEngine3QATest\Development\External\PhysX\Nxd\lib\win32\libnxdoublebuffered_release.lib
.\Win32\NxDoubleBuffered\release\NxdSphereShape.obj,V:\dishonored\UnrealEngine3QATest\Development\External\PhysX\Nxd\lib\win32\libnxdoublebuffered_release.lib
.\Win32\NxDoubleBuffered\release\NxdSphericalJoint.obj,V:\dishonored\UnrealEngine3QATest\Development\External\PhysX\Nxd\lib\win32\libnxdoublebuffered_release.lib
.\Win32\NxDoubleBuffered\release\NxdSpringAndDamperEffector.obj,V:\dishonored\UnrealEngine3QATest\Development\External\PhysX\Nxd\lib\win32\libnxdoublebuffered_release.lib
.\Win32\NxDoubleBuffered\release\NxdTriangleMeshShape.obj,V:\dishonored\UnrealEngine3QATest\Development\External\PhysX\Nxd\lib\win32\libnxdoublebuffered_release.lib
.\Win32\NxDoubleBuffered\release\NxdWheelShape.obj,V:\dishonored\UnrealEngine3QATest\Development\External\PhysX\Nxd\lib\win32\libnxdoublebuffered_release.lib
.\Win32\NxDoubleBuffered\release\InertiaTensor.obj,V:\dishonored\UnrealEngine3QATest\Development\External\PhysX\Nxd\lib\win32\libnxdoublebuffered_release.lib
.\Win32\NxDoubleBuffered\release\MassProperties.obj,V:\dishonored\UnrealEngine3QATest\Development\External\PhysX\Nxd\lib\win32\libnxdoublebuffered_release.lib
.\intermediate\Win32\vs9\Release (Unreal)\FxActor.obj,V:\dishonored\UnrealEngine3QATest\Development\External\FaceFX\FxSDK\lib\win32\vs9\FxSDK_Unreal.lib
.\intermediate\Win32\vs9\Release (Unreal)\FxActorInstance.obj,V:\dishonored\UnrealEngine3QATest\Development\External\FaceFX\FxSDK\lib\win32\vs9\FxSDK_Unreal.lib
.\intermediate\Win32\vs9\Release (Unreal)\FxAnim.obj,V:\dishonored\UnrealEngine3QATest\Development\External\FaceFX\FxSDK\lib\win32\vs9\FxSDK_Unreal.lib
.\intermediate\Win32\vs9\Release (Unreal)\FxAnimCurve.obj,V:\dishonored\UnrealEngine3QATest\Development\External\FaceFX\FxSDK\lib\win32\vs9\FxSDK_Unreal.lib
.\intermediate\Win32\vs9\Release (Unreal)\FxAnimSet.obj,V:\dishonored\UnrealEngine3QATest\Development\External\FaceFX\FxSDK\lib\win32\vs9\FxSDK_Unreal.lib
.\intermediate\Win32\vs9\Release (Unreal)\FxArchive.obj,V:\dishonored\UnrealEngine3QATest\Development\External\FaceFX\FxSDK\lib\win32\vs9\FxSDK_Unreal.lib
.\intermediate\Win32\vs9\Release (Unreal)\FxArchiveStoreFile.obj,V:\dishonored\UnrealEngine3QATest\Development\External\FaceFX\FxSDK\lib\win32\vs9\FxSDK_Unreal.lib
.\intermediate\Win32\vs9\Release (Unreal)\FxArchiveStoreFileFast.obj,V:\dishonored\UnrealEngine3QATest\Development\External\FaceFX\FxSDK\lib\win32\vs9\FxSDK_Unreal.lib
.\intermediate\Win32\vs9\Release (Unreal)\FxArchiveStoreMemory.obj,V:\dishonored\UnrealEngine3QATest\Development\External\FaceFX\FxSDK\lib\win32\vs9\FxSDK_Unreal.lib
.\intermediate\Win32\vs9\Release (Unreal)\FxArchiveStoreMemoryNoCopy.obj,V:\dishonored\UnrealEngine3QATest\Development\External\FaceFX\FxSDK\lib\win32\vs9\FxSDK_Unreal.lib
.\intermediate\Win32\vs9\Release (Unreal)\FxArchiveStoreNull.obj,V:\dishonored\UnrealEngine3QATest\Development\External\FaceFX\FxSDK\lib\win32\vs9\FxSDK_Unreal.lib
.\intermediate\Win32\vs9\Release (Unreal)\FxBone.obj,V:\dishonored\UnrealEngine3QATest\Development\External\FaceFX\FxSDK\lib\win32\vs9\FxSDK_Unreal.lib
.\intermediate\Win32\vs9\Release (Unreal)\FxBonePoseNode.obj,V:\dishonored\UnrealEngine3QATest\Development\External\FaceFX\FxSDK\lib\win32\vs9\FxSDK_Unreal.lib
.\intermediate\Win32\vs9\Release (Unreal)\FxClass.obj,V:\dishonored\UnrealEngine3QATest\Development\External\FaceFX\FxSDK\lib\win32\vs9\FxSDK_Unreal.lib
.\intermediate\Win32\vs9\Release (Unreal)\FxCombinerNode.obj,V:\dishonored\UnrealEngine3QATest\Development\External\FaceFX\FxSDK\lib\win32\vs9\FxSDK_Unreal.lib
.\intermediate\Win32\vs9\Release (Unreal)\FxCompiledFaceGraph.obj,V:\dishonored\UnrealEngine3QATest\Development\External\FaceFX\FxSDK\lib\win32\vs9\FxSDK_Unreal.lib
.\intermediate\Win32\vs9\Release (Unreal)\FxCurrentTimeNode.obj,V:\dishonored\UnrealEngine3QATest\Development\External\FaceFX\FxSDK\lib\win32\vs9\FxSDK_Unreal.lib
.\intermediate\Win32\vs9\Release (Unreal)\FxDeltaNode.obj,V:\dishonored\UnrealEngine3QATest\Development\External\FaceFX\FxSDK\lib\win32\vs9\FxSDK_Unreal.lib
.\intermediate\Win32\vs9\Release (Unreal)\FxFaceGraph.obj,V:\dishonored\UnrealEngine3QATest\Development\External\FaceFX\FxSDK\lib\win32\vs9\FxSDK_Unreal.lib
.\intermediate\Win32\vs9\Release (Unreal)\FxFaceGraphNode.obj,V:\dishonored\UnrealEngine3QATest\Development\External\FaceFX\FxSDK\lib\win32\vs9\FxSDK_Unreal.lib
.\intermediate\Win32\vs9\Release (Unreal)\FxFaceGraphNodeLink.obj,V:\dishonored\UnrealEngine3QATest\Development\External\FaceFX\FxSDK\lib\win32\vs9\FxSDK_Unreal.lib
.\intermediate\Win32\vs9\Release (Unreal)\FxFaceGraphShared.obj,V:\dishonored\UnrealEngine3QATest\Development\External\FaceFX\FxSDK\lib\win32\vs9\FxSDK_Unreal.lib
.\intermediate\Win32\vs9\Release (Unreal)\FxFile.obj,V:\dishonored\UnrealEngine3QATest\Development\External\FaceFX\FxSDK\lib\win32\vs9\FxSDK_Unreal.lib
.\intermediate\Win32\vs9\Release (Unreal)\FxGenericTargetNode.obj,V:\dishonored\UnrealEngine3QATest\Development\External\FaceFX\FxSDK\lib\win32\vs9\FxSDK_Unreal.lib
.\intermediate\Win32\vs9\Release (Unreal)\FxKey.obj,V:\dishonored\UnrealEngine3QATest\Development\External\FaceFX\FxSDK\lib\win32\vs9\FxSDK_Unreal.lib
.\intermediate\Win32\vs9\Release (Unreal)\FxLinkFn.obj,V:\dishonored\UnrealEngine3QATest\Development\External\FaceFX\FxSDK\lib\win32\vs9\FxSDK_Unreal.lib
.\intermediate\Win32\vs9\Release (Unreal)\FxMasterBoneList.obj,V:\dishonored\UnrealEngine3QATest\Development\External\FaceFX\FxSDK\lib\win32\vs9\FxSDK_Unreal.lib
.\intermediate\Win32\vs9\Release (Unreal)\FxMemory.obj,V:\dishonored\UnrealEngine3QATest\Development\External\FaceFX\FxSDK\lib\win32\vs9\FxSDK_Unreal.lib
.\intermediate\Win32\vs9\Release (Unreal)\FxMorphTargetNode.obj,V:\dishonored\UnrealEngine3QATest\Development\External\FaceFX\FxSDK\lib\win32\vs9\FxSDK_Unreal.lib
.\intermediate\Win32\vs9\Release (Unreal)\FxName.obj,V:\dishonored\UnrealEngine3QATest\Development\External\FaceFX\FxSDK\lib\win32\vs9\FxSDK_Unreal.lib
.\intermediate\Win32\vs9\Release (Unreal)\FxNamedObject.obj,V:\dishonored\UnrealEngine3QATest\Development\External\FaceFX\FxSDK\lib\win32\vs9\FxSDK_Unreal.lib
.\intermediate\Win32\vs9\Release (Unreal)\FxObject.obj,V:\dishonored\UnrealEngine3QATest\Development\External\FaceFX\FxSDK\lib\win32\vs9\FxSDK_Unreal.lib
.\intermediate\Win32\vs9\Release (Unreal)\FxPhonemeEnum.obj,V:\dishonored\UnrealEngine3QATest\Development\External\FaceFX\FxSDK\lib\win32\vs9\FxSDK_Unreal.lib
.\intermediate\Win32\vs9\Release (Unreal)\FxPhonemeMap.obj,V:\dishonored\UnrealEngine3QATest\Development\External\FaceFX\FxSDK\lib\win32\vs9\FxSDK_Unreal.lib
.\intermediate\Win32\vs9\Release (Unreal)\FxQuat.obj,V:\dishonored\UnrealEngine3QATest\Development\External\FaceFX\FxSDK\lib\win32\vs9\FxSDK_Unreal.lib
.\intermediate\Win32\vs9\Release (Unreal)\FxRefObject.obj,V:\dishonored\UnrealEngine3QATest\Development\External\FaceFX\FxSDK\lib\win32\vs9\FxSDK_Unreal.lib
.\intermediate\Win32\vs9\Release (Unreal)\FxRefString.obj,V:\dishonored\UnrealEngine3QATest\Development\External\FaceFX\FxSDK\lib\win32\vs9\FxSDK_Unreal.lib
.\intermediate\Win32\vs9\Release (Unreal)\FxSDK.obj,V:\dishonored\UnrealEngine3QATest\Development\External\FaceFX\FxSDK\lib\win32\vs9\FxSDK_Unreal.lib
.\intermediate\Win32\vs9\Release (Unreal)\FxUnrealSupport.obj,V:\dishonored\UnrealEngine3QATest\Development\External\FaceFX\FxSDK\lib\win32\vs9\FxSDK_Unreal.lib
.\intermediate\Win32\vs9\Release (Unreal)\FxVec3.obj,V:\dishonored\UnrealEngine3QATest\Development\External\FaceFX\FxSDK\lib\win32\vs9\FxSDK_Unreal.lib
Import:POWRPROF.dll,C:\Program Files\Microsoft SDKs\Windows\v6.0A\lib\Powrprof.lib
POWRPROF.dll,C:\Program Files\Microsoft SDKs\Windows\v6.0A\lib\Powrprof.lib
Import:IMM32.dll,C:\Program Files\Microsoft SDKs\Windows\v6.0A\lib\Imm32.lib
IMM32.dll,C:\Program Files\Microsoft SDKs\Windows\v6.0A\lib\Imm32.lib
Import:faultrep.dll,C:\Program Files\Microsoft SDKs\Windows\v6.0A\lib\Faultrep.lib
faultrep.dll,C:\Program Files\Microsoft SDKs\Windows\v6.0A\lib\Faultrep.lib
* Linker *,
