class,func,va,rva,size,native_index,mangled
UObject,DebugInfo,0x00405060,0x5060,97,65,?execDebugInfo@UObject@@QAEXAAUFFrame@@QAX@Z
UObject,LocalVariable,0x004050d0,0x50d0,75,0,?execLocalVariable@UObject@@QAEXAAUFFrame@@QAX@Z
UObject,InstanceVariable,0x00405120,0x5120,72,1,?execInstanceVariable@UObject@@QAEXAAUFFrame@@QAX@Z
UObject,LocalOutVariable,0x00405170,0x5170,86,72,?execLocalOutVariable@UObject@@QAEXAAUFFrame@@QAX@Z
UObject,DefaultParmValue,0x004051d0,0x51d0,112,73,?execDefaultParmValue@UObject@@QAEXAAUFFrame@@QAX@Z
UObject,InterfaceContext,0x00405240,0x5240,67,81,?execInterfaceContext@UObject@@QAEXAAUFFrame@@QAX@Z
UObject,DynArrayLength,0x00405290,0x5290,86,54,?execDynArrayLength@UObject@@QAEXAAUFFrame@@QAX@Z
UObject,DynArrayFind,0x004052f0,0x52f0,375,70,?execDynArrayFind@UObject@@QAEXAAUFFrame@@QAX@Z
UObject,BoolVariable,0x00405470,0x5470,97,45,?execBoolVariable@UObject@@QAEXAAUFFrame@@QAX@Z
UObject,EmptyParmValue,0x004054e0,0x54e0,27,74,?execEmptyParmValue@UObject@@QAEXAAUFFrame@@QAX@Z
UObject,NativeParm,0x00405500,0x5500,112,41,?execNativeParm@UObject@@QAEXAAUFFrame@@QAX@Z
UObject,EndFunctionParms,0x00405570,0x5570,23,22,?execEndFunctionParms@UObject@@QAEXAAUFFrame@@QAX@Z
UObject,Stop,0x00405590,0x5590,17,8,?execStop@UObject@@QAEXAAUFFrame@@QAX@Z
UObject,Case,0x004055b0,0x55b0,107,10,?execCase@UObject@@QAEXAAUFFrame@@QAX@Z
UObject,Conditional,0x00405620,0x5620,123,69,?execConditional@UObject@@QAEXAAUFFrame@@QAX@Z
UObject,Self,0x004056a0,0x56a0,12,23,?execSelf@UObject@@QAEXAAUFFrame@@QAX@Z
UObject,DelegateProperty,0x004056b0,0x56b0,183,67,?execDelegateProperty@UObject@@QAEXAAUFFrame@@QAX@Z
UObject,LetDelegate,0x00405770,0x5770,128,68,?execLetDelegate@UObject@@QAEXAAUFFrame@@QAX@Z
UObject,EqualEqual_DelegateFunction,0x004057f0,0x57f0,205,59;61,?execEqualEqual_DelegateFunction@UObject@@QAEXAAUFFrame@@QAX@Z
UObject,NotEqual_DelegateDelegate,0x004058c0,0x58c0,205,60;62,?execNotEqual_DelegateDelegate@UObject@@QAEXAAUFFrame@@QAX@Z
UObject,IntConst,0x00405990,0x5990,26,29,?execIntConst@UObject@@QAEXAAUFFrame@@QAX@Z
UObject,FloatConst,0x004059b0,0x59b0,30,30,?execFloatConst@UObject@@QAEXAAUFFrame@@QAX@Z
UObject,ObjectConst,0x004059d0,0x59d0,26,32,?execObjectConst@UObject@@QAEXAAUFFrame@@QAX@Z
UObject,InstanceDelegate,0x004059f0,0x59f0,39,75,?execInstanceDelegate@UObject@@QAEXAAUFFrame@@QAX@Z
UObject,NameConst,0x00405a20,0x5a20,34,33,?execNameConst@UObject@@QAEXAAUFFrame@@QAX@Z
UObject,ByteConst,0x00405a50,0x5a50,23,36,?execByteConst@UObject@@QAEXAAUFFrame@@QAX@Z
UObject,False,0x00405a70,0x5a70,16,37;40;42,?execFalse@UObject@@QAEXAAUFFrame@@QAX@Z
UObject,True,0x00405a80,0x5a80,16,38;39,?execTrue@UObject@@QAEXAAUFFrame@@QAX@Z
UObject,EmptyDelegate,0x00405a90,0x5a90,26,63,?execEmptyDelegate@UObject@@QAEXAAUFFrame@@QAX@Z
UObject,IntConstByte,0x00405ab0,0x5ab0,24,44,?execIntConstByte@UObject@@QAEXAAUFFrame@@QAX@Z
UObject,PrimitiveCast,0x00405ad0,0x5ad0,37,56,?execPrimitiveCast@UObject@@QAEXAAUFFrame@@QAX@Z
UObject,InterfaceCast,0x00405b00,0x5b00,24,82,?execInterfaceCast@UObject@@QAEXAAUFFrame@@QAX@Z
UObject,ByteToInt,0x00405b20,0x5b20,53,,?execByteToInt@UObject@@QAEXAAUFFrame@@QAX@Z
UObject,ByteToBool,0x00405b60,0x5b60,57,,?execByteToBool@UObject@@QAEXAAUFFrame@@QAX@Z
UObject,ByteToFloat,0x00405ba0,0x5ba0,59,,?execByteToFloat@UObject@@QAEXAAUFFrame@@QAX@Z
UObject,IntToByte,0x00405be0,0x5be0,55,,?execIntToByte@UObject@@QAEXAAUFFrame@@QAX@Z
UObject,IntToBool,0x00405c20,0x5c20,60,,?execIntToBool@UObject@@QAEXAAUFFrame@@QAX@Z
UObject,IntToFloat,0x00405c60,0x5c60,59,,?execIntToFloat@UObject@@QAEXAAUFFrame@@QAX@Z
UObject,BoolToByte,0x00405ca0,0x5ca0,57,,?execBoolToByte@UObject@@QAEXAAUFFrame@@QAX@Z
UObject,BoolToInt,0x00405ce0,0x5ce0,58,,?execBoolToInt@UObject@@QAEXAAUFFrame@@QAX@Z
UObject,BoolToFloat,0x00405d20,0x5d20,74,,?execBoolToFloat@UObject@@QAEXAAUFFrame@@QAX@Z
UObject,FloatToByte,0x00405d70,0x5d70,95,,?execFloatToByte@UObject@@QAEXAAUFFrame@@QAX@Z
UObject,FloatToInt,0x00405dd0,0x5dd0,95,,?execFloatToInt@UObject@@QAEXAAUFFrame@@QAX@Z
UObject,FloatToBool,0x00405e30,0x5e30,89,,?execFloatToBool@UObject@@QAEXAAUFFrame@@QAX@Z
UObject,InterfaceToBool,0x00405e90,0x5e90,78,,?execInterfaceToBool@UObject@@QAEXAAUFFrame@@QAX@Z
UObject,InterfaceToObject,0x00405ee0,0x5ee0,58,,?execInterfaceToObject@UObject@@QAEXAAUFFrame@@QAX@Z
UObject,NameToBool,0x00405f20,0x5f20,105,,?execNameToBool@UObject@@QAEXAAUFFrame@@QAX@Z
UObject,Not_PreBool,0x00405f90,0x5f90,100,129,?execNot_PreBool@UObject@@QAEXAAUFFrame@@QAX@Z
UObject,EqualEqual_BoolBool,0x00406000,0x6000,160,242,?execEqualEqual_BoolBool@UObject@@QAEXAAUFFrame@@QAX@Z
UObject,NotEqual_BoolBool,0x004060a0,0x60a0,160,243,?execNotEqual_BoolBool@UObject@@QAEXAAUFFrame@@QAX@Z
UObject,AndAnd_BoolBool,0x00406140,0x6140,181,130,?execAndAnd_BoolBool@UObject@@QAEXAAUFFrame@@QAX@Z
UObject,XorXor_BoolBool,0x00406200,0x6200,155,131,?execXorXor_BoolBool@UObject@@QAEXAAUFFrame@@QAX@Z
UObject,OrOr_BoolBool,0x004062a0,0x62a0,175,132,?execOrOr_BoolBool@UObject@@QAEXAAUFFrame@@QAX@Z
UObject,MultiplyEqual_ByteByte,0x00406350,0x6350,169,133,?execMultiplyEqual_ByteByte@UObject@@QAEXAAUFFrame@@QAX@Z
UObject,MultiplyEqual_ByteFloat,0x00406400,0x6400,216,198,?execMultiplyEqual_ByteFloat@UObject@@QAEXAAUFFrame@@QAX@Z
UObject,DivideEqual_ByteByte,0x004064e0,0x64e0,197,134,?execDivideEqual_ByteByte@UObject@@QAEXAAUFFrame@@QAX@Z
UObject,AddEqual_ByteByte,0x004065b0,0x65b0,169,135,?execAddEqual_ByteByte@UObject@@QAEXAAUFFrame@@QAX@Z
UObject,SubtractEqual_ByteByte,0x00406660,0x6660,169,136,?execSubtractEqual_ByteByte@UObject@@QAEXAAUFFrame@@QAX@Z
UObject,AddAdd_PreByte,0x00406710,0x6710,134,137,?execAddAdd_PreByte@UObject@@QAEXAAUFFrame@@QAX@Z
UObject,SubtractSubtract_PreByte,0x004067a0,0x67a0,134,138,?execSubtractSubtract_PreByte@UObject@@QAEXAAUFFrame@@QAX@Z
UObject,AddAdd_Byte,0x00406830,0x6830,134,139,?execAddAdd_Byte@UObject@@QAEXAAUFFrame@@QAX@Z
UObject,SubtractSubtract_Byte,0x004068c0,0x68c0,135,140,?execSubtractSubtract_Byte@UObject@@QAEXAAUFFrame@@QAX@Z
UObject,Complement_PreInt,0x00406950,0x6950,86,141,?execComplement_PreInt@UObject@@QAEXAAUFFrame@@QAX@Z
UObject,GreaterGreaterGreater_IntInt,0x004069b0,0x69b0,123,196,?execGreaterGreaterGreater_IntInt@UObject@@QAEXAAUFFrame@@QAX@Z
UObject,Subtract_PreInt,0x00406a30,0x6a30,86,143,?execSubtract_PreInt@UObject@@QAEXAAUFFrame@@QAX@Z
UObject,Multiply_IntInt,0x00406a90,0x6a90,122,144,?execMultiply_IntInt@UObject@@QAEXAAUFFrame@@QAX@Z
UObject,Add_IntInt,0x00406b10,0x6b10,123,146,?execAdd_IntInt@UObject@@QAEXAAUFFrame@@QAX@Z
UObject,Subtract_IntInt,0x00406b90,0x6b90,121,147,?execSubtract_IntInt@UObject@@QAEXAAUFFrame@@QAX@Z
UObject,LessLess_IntInt,0x00406c10,0x6c10,123,148,?execLessLess_IntInt@UObject@@QAEXAAUFFrame@@QAX@Z
UObject,GreaterGreater_IntInt,0x00406c90,0x6c90,123,149,?execGreaterGreater_IntInt@UObject@@QAEXAAUFFrame@@QAX@Z
UObject,Less_IntInt,0x00406d10,0x6d10,126,150,?execLess_IntInt@UObject@@QAEXAAUFFrame@@QAX@Z
UObject,Greater_IntInt,0x00406d90,0x6d90,126,151,?execGreater_IntInt@UObject@@QAEXAAUFFrame@@QAX@Z
UObject,LessEqual_IntInt,0x00406e10,0x6e10,126,152,?execLessEqual_IntInt@UObject@@QAEXAAUFFrame@@QAX@Z
UObject,GreaterEqual_IntInt,0x00406e90,0x6e90,126,153,?execGreaterEqual_IntInt@UObject@@QAEXAAUFFrame@@QAX@Z
UObject,And_IntInt,0x00406f10,0x6f10,121,156,?execAnd_IntInt@UObject@@QAEXAAUFFrame@@QAX@Z
UObject,Xor_IntInt,0x00406f90,0x6f90,121,157,?execXor_IntInt@UObject@@QAEXAAUFFrame@@QAX@Z
UObject,Or_IntInt,0x00407010,0x7010,121,158,?execOr_IntInt@UObject@@QAEXAAUFFrame@@QAX@Z
UObject,MultiplyEqual_IntFloat,0x00407090,0x7090,215,159,?execMultiplyEqual_IntFloat@UObject@@QAEXAAUFFrame@@QAX@Z
UObject,DivideEqual_IntFloat,0x00407170,0x7170,231,160,?execDivideEqual_IntFloat@UObject@@QAEXAAUFFrame@@QAX@Z
UObject,AddEqual_IntInt,0x00407260,0x7260,179,161,?execAddEqual_IntInt@UObject@@QAEXAAUFFrame@@QAX@Z
UObject,SubtractEqual_IntInt,0x00407320,0x7320,174,162,?execSubtractEqual_IntInt@UObject@@QAEXAAUFFrame@@QAX@Z
UObject,AddAdd_PreInt,0x004073d0,0x73d0,137,163,?execAddAdd_PreInt@UObject@@QAEXAAUFFrame@@QAX@Z
UObject,SubtractSubtract_PreInt,0x00407460,0x7460,137,164,?execSubtractSubtract_PreInt@UObject@@QAEXAAUFFrame@@QAX@Z
UObject,AddAdd_Int,0x004074f0,0x74f0,137,165,?execAddAdd_Int@UObject@@QAEXAAUFFrame@@QAX@Z
UObject,SubtractSubtract_Int,0x00407580,0x7580,138,166,?execSubtractSubtract_Int@UObject@@QAEXAAUFFrame@@QAX@Z
UObject,Rand,0x00407610,0x7610,168,167,?execRand@UObject@@QAEXAAUFFrame@@QAX@Z
UObject,Subtract_PreFloat,0x004076c0,0x76c0,96,169,?execSubtract_PreFloat@UObject@@QAEXAAUFFrame@@QAX@Z
UObject,MultiplyMultiply_FloatFloat,0x00407720,0x7720,128,170,?execMultiplyMultiply_FloatFloat@UObject@@QAEXAAUFFrame@@QAX@Z
UObject,Multiply_FloatFloat,0x004077a0,0x77a0,129,171,?execMultiply_FloatFloat@UObject@@QAEXAAUFFrame@@QAX@Z
UObject,Add_FloatFloat,0x00407830,0x7830,129,174,?execAdd_FloatFloat@UObject@@QAEXAAUFFrame@@QAX@Z
UObject,Subtract_FloatFloat,0x004078c0,0x78c0,129,175,?execSubtract_FloatFloat@UObject@@QAEXAAUFFrame@@QAX@Z
UObject,Less_FloatFloat,0x00407950,0x7950,146,176,?execLess_FloatFloat@UObject@@QAEXAAUFFrame@@QAX@Z
UObject,Greater_FloatFloat,0x004079f0,0x79f0,146,177,?execGreater_FloatFloat@UObject@@QAEXAAUFFrame@@QAX@Z
UObject,LessEqual_FloatFloat,0x00407a90,0x7a90,146,178,?execLessEqual_FloatFloat@UObject@@QAEXAAUFFrame@@QAX@Z
UObject,GreaterEqual_FloatFloat,0x00407b30,0x7b30,146,179,?execGreaterEqual_FloatFloat@UObject@@QAEXAAUFFrame@@QAX@Z
UObject,EqualEqual_FloatFloat,0x00407bd0,0x7bd0,150,180,?execEqualEqual_FloatFloat@UObject@@QAEXAAUFFrame@@QAX@Z
UObject,NotEqual_FloatFloat,0x00407c70,0x7c70,150,181,?execNotEqual_FloatFloat@UObject@@QAEXAAUFFrame@@QAX@Z
UObject,ComplementEqual_FloatFloat,0x00407d10,0x7d10,155,210,?execComplementEqual_FloatFloat@UObject@@QAEXAAUFFrame@@QAX@Z
UObject,MultiplyEqual_FloatFloat,0x00407db0,0x7db0,185,182,?execMultiplyEqual_FloatFloat@UObject@@QAEXAAUFFrame@@QAX@Z
UObject,AddEqual_FloatFloat,0x00407e70,0x7e70,185,184,?execAddEqual_FloatFloat@UObject@@QAEXAAUFFrame@@QAX@Z
UObject,SubtractEqual_FloatFloat,0x00407f30,0x7f30,185,185,?execSubtractEqual_FloatFloat@UObject@@QAEXAAUFFrame@@QAX@Z
UObject,Abs,0x00407ff0,0x7ff0,87,186,?execAbs@UObject@@QAEXAAUFFrame@@QAX@Z
UObject,Sin,0x00408050,0x8050,87,187,?execSin@UObject@@QAEXAAUFFrame@@QAX@Z
UObject,Asin,0x004080b0,0x80b0,150,,?execAsin@UObject@@QAEXAAUFFrame@@QAX@Z
UObject,Cos,0x00408150,0x8150,87,188,?execCos@UObject@@QAEXAAUFFrame@@QAX@Z
UObject,Acos,0x004081b0,0x81b0,150,,?execAcos@UObject@@QAEXAAUFFrame@@QAX@Z
UObject,Tan,0x00408250,0x8250,89,189,?execTan@UObject@@QAEXAAUFFrame@@QAX@Z
UObject,Atan,0x004082b0,0x82b0,89,190,?execAtan@UObject@@QAEXAAUFFrame@@QAX@Z
UObject,Atan2,0x00408310,0x8310,125,,?execAtan2@UObject@@QAEXAAUFFrame@@QAX@Z
UObject,Exp,0x00408390,0x8390,107,191,?execExp@UObject@@QAEXAAUFFrame@@QAX@Z
UObject,Loge,0x00408400,0x8400,91,192,?execLoge@UObject@@QAEXAAUFFrame@@QAX@Z
UObject,Round,0x00408460,0x8460,142,199,?execRound@UObject@@QAEXAAUFFrame@@QAX@Z
UObject,FFloor,0x004084f0,0x84f0,142,,?execFFloor@UObject@@QAEXAAUFFrame@@QAX@Z
UObject,FCeil,0x00408580,0x8580,148,,?execFCeil@UObject@@QAEXAAUFFrame@@QAX@Z
UObject,FRand,0x00408620,0x8620,62,195,?execFRand@UObject@@QAEXAAUFFrame@@QAX@Z
UObject,Lerp,0x00408660,0x8660,179,247,?execLerp@UObject@@QAEXAAUFFrame@@QAX@Z
UObject,RotationConst,0x00408720,0x8720,56,34,?execRotationConst@UObject@@QAEXAAUFFrame@@QAX@Z
UObject,VectorConst,0x00408760,0x8760,50,35,?execVectorConst@UObject@@QAEXAAUFFrame@@QAX@Z
UObject,PointProjectToPlane,0x004087a0,0x87a0,199,,?execPointProjectToPlane@UObject@@QAEXAAUFFrame@@QAX@Z
UObject,VectorToBool,0x00408870,0x8870,142,,?execVectorToBool@UObject@@QAEXAAUFFrame@@QAX@Z
UObject,RotatorToBool,0x00408900,0x8900,120,,?execRotatorToBool@UObject@@QAEXAAUFFrame@@QAX@Z
UObject,Subtract_PreVector,0x00408980,0x8980,138,211,?execSubtract_PreVector@UObject@@QAEXAAUFFrame@@QAX@Z
UObject,Multiply_VectorFloat,0x00408a10,0x8a10,173,212,?execMultiply_VectorFloat@UObject@@QAEXAAUFFrame@@QAX@Z
UObject,Multiply_FloatVector,0x00408ac0,0x8ac0,173,213,?execMultiply_FloatVector@UObject@@QAEXAAUFFrame@@QAX@Z
UObject,Multiply_VectorVector,0x00408b70,0x8b70,163,296,?execMultiply_VectorVector@UObject@@QAEXAAUFFrame@@QAX@Z
UObject,Add_VectorVector,0x00408c20,0x8c20,163,215,?execAdd_VectorVector@UObject@@QAEXAAUFFrame@@QAX@Z
UObject,Subtract_VectorVector,0x00408cd0,0x8cd0,163,216,?execSubtract_VectorVector@UObject@@QAEXAAUFFrame@@QAX@Z
UObject,LessLess_VectorRotator,0x00408d80,0x8d80,320,275,?execLessLess_VectorRotator@UObject@@QAEXAAUFFrame@@QAX@Z
UObject,GreaterGreater_VectorRotator,0x00408ec0,0x8ec0,334,276,?execGreaterGreater_VectorRotator@UObject@@QAEXAAUFFrame@@QAX@Z
UObject,EqualEqual_VectorVector,0x00409010,0x9010,166,217,?execEqualEqual_VectorVector@UObject@@QAEXAAUFFrame@@QAX@Z
UObject,NotEqual_VectorVector,0x004090c0,0x90c0,166,218,?execNotEqual_VectorVector@UObject@@QAEXAAUFFrame@@QAX@Z
UObject,Dot_VectorVector,0x00409170,0x9170,143,219,?execDot_VectorVector@UObject@@QAEXAAUFFrame@@QAX@Z
UObject,Cross_VectorVector,0x00409200,0x9200,211,220,?execCross_VectorVector@UObject@@QAEXAAUFFrame@@QAX@Z
UObject,MultiplyEqual_VectorFloat,0x004092e0,0x92e0,242,221,?execMultiplyEqual_VectorFloat@UObject@@QAEXAAUFFrame@@QAX@Z
UObject,MultiplyEqual_VectorVector,0x004093e0,0x93e0,237,297,?execMultiplyEqual_VectorVector@UObject@@QAEXAAUFFrame@@QAX@Z
UObject,AddEqual_VectorVector,0x004094d0,0x94d0,237,223,?execAddEqual_VectorVector@UObject@@QAEXAAUFFrame@@QAX@Z
UObject,SubtractEqual_VectorVector,0x004095c0,0x95c0,237,224,?execSubtractEqual_VectorVector@UObject@@QAEXAAUFFrame@@QAX@Z
UObject,VSize,0x004096b0,0x96b0,97,225,?execVSize@UObject@@QAEXAAUFFrame@@QAX@Z
UObject,VSize2D,0x00409720,0x9720,90,,?execVSize2D@UObject@@QAEXAAUFFrame@@QAX@Z
UObject,VSizeSq,0x00409780,0x9780,122,228,?execVSizeSq@UObject@@QAEXAAUFFrame@@QAX@Z
UObject,VSizeSq2D,0x00409800,0x9800,106,,?execVSizeSq2D@UObject@@QAEXAAUFFrame@@QAX@Z
UObject,Normal,0x00409870,0x9870,391,226,?execNormal@UObject@@QAEXAAUFFrame@@QAX@Z
UObject,VLerp,0x00409a00,0x9a00,239,,?execVLerp@UObject@@QAEXAAUFFrame@@QAX@Z
UObject,VSmerp,0x00409af0,0x9af0,267,,?execVSmerp@UObject@@QAEXAAUFFrame@@QAX@Z
UObject,NoZDot,0x00409c00,0x9c00,129,,?execNoZDot@UObject@@QAEXAAUFFrame@@QAX@Z
UObject,VRand,0x00409c90,0x9c90,73,252,?execVRand@UObject@@QAEXAAUFFrame@@QAX@Z
UObject,RotRand,0x00409ce0,0x9ce0,234,320,?execRotRand@UObject@@QAEXAAUFFrame@@QAX@Z
UObject,MirrorVectorByNormal,0x00409dd0,0x9dd0,495,300,?execMirrorVectorByNormal@UObject@@QAEXAAUFFrame@@QAX@Z
UObject,ProjectOnTo,0x00409fc0,0x9fc0,230,1500,?execProjectOnTo@UObject@@QAEXAAUFFrame@@QAX@Z
UObject,IsZero,0x0040a0b0,0xa0b0,139,1501,?execIsZero@UObject@@QAEXAAUFFrame@@QAX@Z
UObject,EqualEqual_RotatorRotator,0x0040a140,0xa140,145,142,?execEqualEqual_RotatorRotator@UObject@@QAEXAAUFFrame@@QAX@Z
UObject,NotEqual_RotatorRotator,0x0040a1e0,0xa1e0,145,203,?execNotEqual_RotatorRotator@UObject@@QAEXAAUFFrame@@QAX@Z
UObject,Multiply_RotatorFloat,0x0040a280,0xa280,212,287,?execMultiply_RotatorFloat@UObject@@QAEXAAUFFrame@@QAX@Z
UObject,Multiply_FloatRotator,0x0040a360,0xa360,212,288,?execMultiply_FloatRotator@UObject@@QAEXAAUFFrame@@QAX@Z
UObject,MultiplyEqual_RotatorFloat,0x0040a440,0xa440,196,290,?execMultiplyEqual_RotatorFloat@UObject@@QAEXAAUFFrame@@QAX@Z
UObject,Add_RotatorRotator,0x0040a510,0xa510,133,316,?execAdd_RotatorRotator@UObject@@QAEXAAUFFrame@@QAX@Z
UObject,Subtract_RotatorRotator,0x0040a5a0,0xa5a0,127,317,?execSubtract_RotatorRotator@UObject@@QAEXAAUFFrame@@QAX@Z
UObject,AddEqual_RotatorRotator,0x0040a620,0xa620,186,318,?execAddEqual_RotatorRotator@UObject@@QAEXAAUFFrame@@QAX@Z
UObject,SubtractEqual_RotatorRotator,0x0040a6e0,0xa6e0,186,319,?execSubtractEqual_RotatorRotator@UObject@@QAEXAAUFFrame@@QAX@Z
UObject,GetAxes,0x0040a7a0,0xa7a0,510,229,?execGetAxes@UObject@@QAEXAAUFFrame@@QAX@Z
UObject,GetUnAxes,0x0040a9a0,0xa9a0,510,230,?execGetUnAxes@UObject@@QAEXAAUFFrame@@QAX@Z
UObject,Normalize,0x0040aba0,0xaba0,102,,?execNormalize@UObject@@QAEXAAUFFrame@@QAX@Z
UObject,RLerp,0x0040ac10,0xac10,355,,?execRLerp@UObject@@QAEXAAUFFrame@@QAX@Z
UObject,RSmerp,0x0040ad80,0xad80,386,,?execRSmerp@UObject@@QAEXAAUFFrame@@QAX@Z
UObject,NormalizeRotAxis,0x0040af10,0xaf10,112,,?execNormalizeRotAxis@UObject@@QAEXAAUFFrame@@QAX@Z
UObject,RSize,0x0040af80,0xaf80,129,,?execRSize@UObject@@QAEXAAUFFrame@@QAX@Z
UObject,Multiply_MatrixMatrix,0x0040b010,0xb010,382,,?execMultiply_MatrixMatrix@UObject@@QAEXAAUFFrame@@QAX@Z
UObject,TransformVector,0x0040b190,0xb190,290,,?execTransformVector@UObject@@QAEXAAUFFrame@@QAX@Z
UObject,TransformNormal,0x0040b2c0,0xb2c0,317,,?execTransformNormal@UObject@@QAEXAAUFFrame@@QAX@Z
UObject,MakeRotationTranslationMatrix,0x0040b400,0xb400,150,,?execMakeRotationTranslationMatrix@UObject@@QAEXAAUFFrame@@QAX@Z
UObject,MakeRotationMatrix,0x0040b4a0,0xb4a0,125,,?execMakeRotationMatrix@UObject@@QAEXAAUFFrame@@QAX@Z
UObject,MatrixGetOrigin,0x0040b520,0xb520,143,,?execMatrixGetOrigin@UObject@@QAEXAAUFFrame@@QAX@Z
UObject,MatrixGetAxis,0x0040b5b0,0xb5b0,291,,?execMatrixGetAxis@UObject@@QAEXAAUFFrame@@QAX@Z
UObject,QuatProduct,0x0040b6e0,0xb6e0,233,,?execQuatProduct@UObject@@QAEXAAUFFrame@@QAX@Z
UObject,QuatDot,0x0040b7d0,0xb7d0,179,,?execQuatDot@UObject@@QAEXAAUFFrame@@QAX@Z
UObject,QuatInvert,0x0040b890,0xb890,176,,?execQuatInvert@UObject@@QAEXAAUFFrame@@QAX@Z
UObject,QuatRotateVector,0x0040b940,0xb940,433,,?execQuatRotateVector@UObject@@QAEXAAUFFrame@@QAX@Z
UObject,QuatFromAxisAndAngle,0x0040bb00,0xbb00,461,,?execQuatFromAxisAndAngle@UObject@@QAEXAAUFFrame@@QAX@Z
UObject,QuatFromRotator,0x0040bcd0,0xbcd0,941,,?execQuatFromRotator@UObject@@QAEXAAUFFrame@@QAX@Z
UObject,Add_QuatQuat,0x0040c080,0xc080,206,270,?execAdd_QuatQuat@UObject@@QAEXAAUFFrame@@QAX@Z
UObject,Subtract_QuatQuat,0x0040c150,0xc150,206,271,?execSubtract_QuatQuat@UObject@@QAEXAAUFFrame@@QAX@Z
UObject,EatReturnValue,0x0040c220,0xc220,140,14,?execEatReturnValue@UObject@@QAEXAAUFFrame@@QAX@Z
UObject,Add_Vector2DVector2D,0x0040c2b0,0xc2b0,142,,?execAdd_Vector2DVector2D@UObject@@QAEXAAUFFrame@@QAX@Z
UObject,Subtract_Vector2DVector2D,0x0040c340,0xc340,142,,?execSubtract_Vector2DVector2D@UObject@@QAEXAAUFFrame@@QAX@Z
UObject,Multiply_Vector2DFloat,0x0040c3d0,0xc3d0,153,,?execMultiply_Vector2DFloat@UObject@@QAEXAAUFFrame@@QAX@Z
UObject,Divide_Vector2DFloat,0x0040c470,0xc470,157,,?execDivide_Vector2DFloat@UObject@@QAEXAAUFFrame@@QAX@Z
UObject,MultiplyEqual_Vector2DFloat,0x0040c510,0xc510,153,,?execMultiplyEqual_Vector2DFloat@UObject@@QAEXAAUFFrame@@QAX@Z
UObject,DivideEqual_Vector2DFloat,0x0040c5b0,0xc5b0,157,,?execDivideEqual_Vector2DFloat@UObject@@QAEXAAUFFrame@@QAX@Z
UObject,AddEqual_Vector2DVector2D,0x0040c650,0xc650,142,,?execAddEqual_Vector2DVector2D@UObject@@QAEXAAUFFrame@@QAX@Z
UObject,SubtractEqual_Vector2DVector2D,0x0040c6e0,0xc6e0,142,,?execSubtractEqual_Vector2DVector2D@UObject@@QAEXAAUFFrame@@QAX@Z
UObject,EqualEqual_NameName,0x0040c770,0xc770,152,254,?execEqualEqual_NameName@UObject@@QAEXAAUFFrame@@QAX@Z
UObject,NotEqual_NameName,0x0040c810,0xc810,152,255,?execNotEqual_NameName@UObject@@QAEXAAUFFrame@@QAX@Z
UObject,EqualEqual_IntInt,0x0040c8b0,0xc8b0,126,114;154,?execEqualEqual_IntInt@UObject@@QAEXAAUFFrame@@QAX@Z
UObject,NotEqual_ObjectObject,0x0040c930,0xc930,126,119;155,?execNotEqual_ObjectObject@UObject@@QAEXAAUFFrame@@QAX@Z
UObject,EqualEqual_InterfaceInterface,0x0040c9b0,0xc9b0,168,,?execEqualEqual_InterfaceInterface@UObject@@QAEXAAUFFrame@@QAX@Z
UObject,NotEqual_InterfaceInterface,0x0040ca60,0xca60,168,,?execNotEqual_InterfaceInterface@UObject@@QAEXAAUFFrame@@QAX@Z
UObject,DebugBreak,0x0040ce10,0xce10,121,,?execDebugBreak@UObject@@QAEXAAUFFrame@@QAX@Z
UObject,IsPendingKill,0x0040ce90,0xce90,55,,?execIsPendingKill@UObject@@QAEXAAUFFrame@@QAX@Z
UObject,JumpIfNotEditorOnly,0x0040ced0,0xced0,14,90,?execJumpIfNotEditorOnly@UObject@@QAEXAAUFFrame@@QAX@Z
UObject,GetEngineVersion,0x0040cee0,0xcee0,62,-1,?execGetEngineVersion@UObject@@QAEXAAUFFrame@@QAX@Z
ADishonoredGameInfo,GetChangelist,0x0040cf20,0xcf20,62,-1,?execGetChangelist@ADishonoredGameInfo@@QAEXAAUFFrame@@QAX@Z
UDistributionFloat,GetFloatValue,0x004194f0,0x194f0,112,,?execGetFloatValue@UDistributionFloat@@QAEXAAUFFrame@@QAX@Z
UDistributionVector,GetVectorValue,0x00419560,0x19560,177,,?execGetVectorValue@UDistributionVector@@QAEXAAUFFrame@@QAX@Z
UObject,Min,0x0041b9d0,0x1b9d0,136,249,?execMin@UObject@@QAEXAAUFFrame@@QAX@Z
UObject,Max,0x0041ba60,0x1ba60,136,250,?execMax@UObject@@QAEXAAUFFrame@@QAX@Z
UObject,Clamp,0x0041baf0,0x1baf0,190,251,?execClamp@UObject@@QAEXAAUFFrame@@QAX@Z
UObject,Square,0x0041bbb0,0x1bbb0,96,194,?execSquare@UObject@@QAEXAAUFFrame@@QAX@Z
UObject,FMin,0x0041bc10,0x1bc10,150,244,?execFMin@UObject@@QAEXAAUFFrame@@QAX@Z
UObject,FMax,0x0041bcb0,0x1bcb0,150,245,?execFMax@UObject@@QAEXAAUFFrame@@QAX@Z
UObject,FClamp,0x0041bd50,0x1bd50,213,246,?execFClamp@UObject@@QAEXAAUFFrame@@QAX@Z
UObject,FCubicInterp,0x0041be30,0x1be30,252,,?execFCubicInterp@UObject@@QAEXAAUFFrame@@QAX@Z
UObject,PointDistToLine,0x0041bf30,0x1bf30,281,,?execPointDistToLine@UObject@@QAEXAAUFFrame@@QAX@Z
UObject,PointDistToSegment,0x0041c050,0x1c050,281,,?execPointDistToSegment@UObject@@QAEXAAUFFrame@@QAX@Z
UObject,GetDotDistance,0x0041c170,0x1c170,262,,?execGetDotDistance@UObject@@QAEXAAUFFrame@@QAX@Z
UObject,GetAngularFromDotDist,0x0041c280,0x1c280,164,,?execGetAngularFromDotDist@UObject@@QAEXAAUFFrame@@QAX@Z
UObject,VectorToRotator,0x0041c330,0x1c330,91,,?execVectorToRotator@UObject@@QAEXAAUFFrame@@QAX@Z
UObject,RotatorToVector,0x0041c390,0x1c390,142,,?execRotatorToVector@UObject@@QAEXAAUFFrame@@QAX@Z
UObject,ClampLength,0x0041c420,0x1c420,234,,?execClampLength@UObject@@QAEXAAUFFrame@@QAX@Z
UObject,VRandCone,0x0041c510,0x1c510,148,,?execVRandCone@UObject@@QAEXAAUFFrame@@QAX@Z
UObject,RDiff,0x0041c5b0,0x1c5b0,436,,?execRDiff@UObject@@QAEXAAUFFrame@@QAX@Z
UObject,ClockwiseFrom_IntInt,0x0041c770,0x1c770,173,,?execClockwiseFrom_IntInt@UObject@@QAEXAAUFFrame@@QAX@Z
UObject,InverseTransformVector,0x0041c820,0x1c820,311,,?execInverseTransformVector@UObject@@QAEXAAUFFrame@@QAX@Z
UObject,InverseTransformNormal,0x0041c960,0x1c960,338,,?execInverseTransformNormal@UObject@@QAEXAAUFFrame@@QAX@Z
UObject,QuatFindBetween,0x0041cac0,0x1cac0,165,,?execQuatFindBetween@UObject@@QAEXAAUFFrame@@QAX@Z
UObject,GetMappedRangeValue,0x0041cb70,0x1cb70,227,,?execGetMappedRangeValue@UObject@@QAEXAAUFFrame@@QAX@Z
UObject,ClassIsChildOf,0x0041cc60,0x1cc60,143,258,?execClassIsChildOf@UObject@@QAEXAAUFFrame@@QAX@Z
UObject,DumpStateStack,0x0041ccf0,0x1ccf0,37,,?execDumpStateStack@UObject@@QAEXAAUFFrame@@QAX@Z
UObject,TransformVectorByRotation,0x0041cd20,0x1cd20,582,,?execTransformVectorByRotation@UObject@@QAEXAAUFFrame@@QAX@Z
UObject,GetSystemTime,0x0041cf70,0x1cf70,748,,?execGetSystemTime@UObject@@QAEXAAUFFrame@@QAX@Z
UObject,FInterpEaseInOut,0x004222a0,0x222a0,227,,?execFInterpEaseInOut@UObject@@QAEXAAUFFrame@@QAX@Z
UObject,FInterpTo,0x00422390,0x22390,303,,?execFInterpTo@UObject@@QAEXAAUFFrame@@QAX@Z
UObject,FInterpConstantTo,0x004224c0,0x224c0,296,,?execFInterpConstantTo@UObject@@QAEXAAUFFrame@@QAX@Z
UObject,GetAngularDistance,0x004225f0,0x225f0,277,,?execGetAngularDistance@UObject@@QAEXAAUFFrame@@QAX@Z
UObject,VInterpTo,0x00422710,0x22710,223,,?execVInterpTo@UObject@@QAEXAAUFFrame@@QAX@Z
UObject,VRandCone2,0x004227f0,0x227f0,192,,?execVRandCone2@UObject@@QAEXAAUFFrame@@QAX@Z
UObject,OrthoRotation,0x004228b0,0x228b0,285,,?execOrthoRotation@UObject@@QAEXAAUFFrame@@QAX@Z
UObject,RTransform,0x004229d0,0x229d0,446,,?execRTransform@UObject@@QAEXAAUFFrame@@QAX@Z
UObject,RInterpTo,0x00422b90,0x22b90,274,,?execRInterpTo@UObject@@QAEXAAUFFrame@@QAX@Z
UObject,MatrixGetRotator,0x00422cb0,0x22cb0,124,,?execMatrixGetRotator@UObject@@QAEXAAUFFrame@@QAX@Z
UObject,QuatToRotator,0x00422d30,0x22d30,157,,?execQuatToRotator@UObject@@QAEXAAUFFrame@@QAX@Z
UObject,QuatSlerp,0x00422dd0,0x22dd0,272,,?execQuatSlerp@UObject@@QAEXAAUFFrame@@QAX@Z
UObject,Undefined,0x00425e60,0x25e60,37,,?execUndefined@UObject@@QAEXAAUFFrame@@QAX@Z
UObject,DynArrayAddItem,0x00425e90,0x25e90,343,85,?execDynArrayAddItem@UObject@@QAEXAAUFFrame@@QAX@Z
UObject,DynArrayRemoveItem,0x00425ff0,0x25ff0,354,86,?execDynArrayRemoveItem@UObject@@QAEXAAUFFrame@@QAX@Z
UObject,ReturnNothing,0x00426160,0x26160,93,58,?execReturnNothing@UObject@@QAEXAAUFFrame@@QAX@Z
UObject,MetaCast,0x004261c0,0x261c0,143,19,?execMetaCast@UObject@@QAEXAAUFFrame@@QAX@Z
UObject,BoolToString,0x00426250,0x26250,81,,?execBoolToString@UObject@@QAEXAAUFFrame@@QAX@Z
UObject,Divide_IntInt,0x004262b0,0x262b0,162,145,?execDivide_IntInt@UObject@@QAEXAAUFFrame@@QAX@Z
UObject,Percent_IntInt,0x00426360,0x26360,162,253,?execPercent_IntInt@UObject@@QAEXAAUFFrame@@QAX@Z
UObject,Divide_FloatFloat,0x00426410,0x26410,166,172,?execDivide_FloatFloat@UObject@@QAEXAAUFFrame@@QAX@Z
UObject,Percent_FloatFloat,0x004264c0,0x264c0,206,173,?execPercent_FloatFloat@UObject@@QAEXAAUFFrame@@QAX@Z
UObject,DivideEqual_FloatFloat,0x00426590,0x26590,222,183,?execDivideEqual_FloatFloat@UObject@@QAEXAAUFFrame@@QAX@Z
UObject,Sqrt,0x00426670,0x26670,172,193,?execSqrt@UObject@@QAEXAAUFFrame@@QAX@Z
UObject,Divide_VectorFloat,0x00426720,0x26720,213,214,?execDivide_VectorFloat@UObject@@QAEXAAUFFrame@@QAX@Z
UObject,DivideEqual_VectorFloat,0x00426800,0x26800,283,222,?execDivideEqual_VectorFloat@UObject@@QAEXAAUFFrame@@QAX@Z
UObject,Divide_RotatorFloat,0x00426920,0x26920,257,289,?execDivide_RotatorFloat@UObject@@QAEXAAUFFrame@@QAX@Z
UObject,DivideEqual_RotatorFloat,0x00426a30,0x26a30,245,291,?execDivideEqual_RotatorFloat@UObject@@QAEXAAUFFrame@@QAX@Z
UObject,Chr,0x00426b30,0x26b30,102,236,?execChr@UObject@@QAEXAAUFFrame@@QAX@Z
UObject,SetUTracing,0x00426ba0,0x26ba0,106,,?execSetUTracing@UObject@@QAEXAAUFFrame@@QAX@Z
UObject,IsUTracing,0x00426c10,0x26c10,67,,?execIsUTracing@UObject@@QAEXAAUFFrame@@QAX@Z
UObject,DynArrayInsertItem,0x004288c0,0x288c0,386,87,?execDynArrayInsertItem@UObject@@QAEXAAUFFrame@@QAX@Z
UObject,Jump,0x0042ef70,0x2ef70,161,6,?execJump@UObject@@QAEXAAUFFrame@@QAX@Z
UObject,JumpIfNot,0x0042f020,0x2f020,198,7,?execJumpIfNot@UObject@@QAEXAAUFFrame@@QAX@Z
UObject,GetEnum,0x0042f0f0,0x2f0f0,193,,?execGetEnum@UObject@@QAEXAAUFFrame@@QAX@Z
UCommandlet,Main,0x00434270,0x34270,168,,?execMain@UCommandlet@@QAEXAAUFFrame@@QAX@Z
UObject,Let,0x00437c50,0x37c50,477,15,?execLet@UObject@@QAEXAAUFFrame@@QAX@Z
UObject,StringConst,0x00437e30,0x37e30,150,31,?execStringConst@UObject@@QAEXAAUFFrame@@QAX@Z
UObject,UnicodeStringConst,0x00437ed0,0x37ed0,153,52,?execUnicodeStringConst@UObject@@QAEXAAUFFrame@@QAX@Z
UObject,StringToBool,0x004380f0,0x380f0,487,,?execStringToBool@UObject@@QAEXAAUFFrame@@QAX@Z
UObject,StringToFloat,0x004382e0,0x382e0,179,,?execStringToFloat@UObject@@QAEXAAUFFrame@@QAX@Z
UObject,StringToVector,0x004383a0,0x383a0,276,,?execStringToVector@UObject@@QAEXAAUFFrame@@QAX@Z
UObject,StringToRotator,0x004384c0,0x384c0,257,,?execStringToRotator@UObject@@QAEXAAUFFrame@@QAX@Z
UObject,Concat_StrStr,0x004385d0,0x385d0,299,112,?execConcat_StrStr@UObject@@QAEXAAUFFrame@@QAX@Z
UObject,At_StrStr,0x00438700,0x38700,308,168,?execAt_StrStr@UObject@@QAEXAAUFFrame@@QAX@Z
UObject,Less_StrStr,0x00438840,0x38840,345,115,?execLess_StrStr@UObject@@QAEXAAUFFrame@@QAX@Z
UObject,Greater_StrStr,0x004389a0,0x389a0,345,116,?execGreater_StrStr@UObject@@QAEXAAUFFrame@@QAX@Z
UObject,LessEqual_StrStr,0x00438b00,0x38b00,345,120,?execLessEqual_StrStr@UObject@@QAEXAAUFFrame@@QAX@Z
UObject,GreaterEqual_StrStr,0x00438c60,0x38c60,345,121,?execGreaterEqual_StrStr@UObject@@QAEXAAUFFrame@@QAX@Z
UObject,EqualEqual_StrStr,0x00438dc0,0x38dc0,345,122,?execEqualEqual_StrStr@UObject@@QAEXAAUFFrame@@QAX@Z
UObject,NotEqual_StrStr,0x00438f20,0x38f20,345,123,?execNotEqual_StrStr@UObject@@QAEXAAUFFrame@@QAX@Z
UObject,ComplementEqual_StrStr,0x00439080,0x39080,309,124,?execComplementEqual_StrStr@UObject@@QAEXAAUFFrame@@QAX@Z
UObject,ConcatEqual_StrStr,0x004391c0,0x391c0,263,322,?execConcatEqual_StrStr@UObject@@QAEXAAUFFrame@@QAX@Z
UObject,AtEqual_StrStr,0x004392d0,0x392d0,275,323,?execAtEqual_StrStr@UObject@@QAEXAAUFFrame@@QAX@Z
UObject,Len,0x004393f0,0x393f0,158,125,?execLen@UObject@@QAEXAAUFFrame@@QAX@Z
UObject,Asc,0x00439490,0x39490,198,237,?execAsc@UObject@@QAEXAAUFFrame@@QAX@Z
UObject,LogInternal,0x00439560,0x39560,187,231,?execLogInternal@UObject@@QAEXAAUFFrame@@QAX@Z
UObject,WarnInternal,0x00439620,0x39620,205,232,?execWarnInternal@UObject@@QAEXAAUFFrame@@QAX@Z
UObject,Switch,0x00448290,0x48290,459,5,?execSwitch@UObject@@QAEXAAUFFrame@@QAX@Z
UObject,IntToString,0x00448460,0x48460,145,,?execIntToString@UObject@@QAEXAAUFFrame@@QAX@Z
UObject,FloatToString,0x00448500,0x48500,146,,?execFloatToString@UObject@@QAEXAAUFFrame@@QAX@Z
UObject,ToHex,0x004485a0,0x485a0,172,,?execToHex@UObject@@QAEXAAUFFrame@@QAX@Z
UObject,VectorToString,0x00448650,0x48650,157,,?execVectorToString@UObject@@QAEXAAUFFrame@@QAX@Z
UObject,RotatorToString,0x004486f0,0x486f0,146,,?execRotatorToString@UObject@@QAEXAAUFFrame@@QAX@Z
UObject,Mid,0x00448790,0x48790,258,127,?execMid@UObject@@QAEXAAUFFrame@@QAX@Z
UObject,Left,0x004488a0,0x488a0,213,128,?execLeft@UObject@@QAEXAAUFFrame@@QAX@Z
UObject,Right,0x00448980,0x48980,213,234,?execRight@UObject@@QAEXAAUFFrame@@QAX@Z
UObject,Caps,0x00448a60,0x48a60,179,235,?execCaps@UObject@@QAEXAAUFFrame@@QAX@Z
UObject,Locs,0x00448b20,0x48b20,179,238,?execLocs@UObject@@QAEXAAUFFrame@@QAX@Z
UObject,TimeStamp,0x00448be0,0x48be0,178,,?execTimeStamp@UObject@@QAEXAAUFFrame@@QAX@Z
UObject,EndOfScript,0x00452ad0,0x52ad0,257,83,?execEndOfScript@UObject@@QAEXAAUFFrame@@QAX@Z
UObject,IteratorPop,0x00452be0,0x52be0,227,48,?execIteratorPop@UObject@@QAEXAAUFFrame@@QAX@Z
UObject,Assert,0x00452cd0,0x52cd0,282,9,?execAssert@UObject@@QAEXAAUFFrame@@QAX@Z
UObject,ByteToString,0x00452df0,0x52df0,226,,?execByteToString@UObject@@QAEXAAUFFrame@@QAX@Z
UObject,NameToString,0x00452ee0,0x52ee0,62,,?execNameToString@UObject@@QAEXAAUFFrame@@QAX@Z
UObject,SubtractEqual_StrStr,0x00452f50,0x52f50,711,324,?execSubtractEqual_StrStr@UObject@@QAEXAAUFFrame@@QAX@Z
UObject,InStr,0x00453220,0x53220,414,126,?execInStr@UObject@@QAEXAAUFFrame@@QAX@Z
UObject,Repl,0x004533c0,0x533c0,1348,201,?execRepl@UObject@@QAEXAAUFFrame@@QAX@Z
UObject,ArrayElement,0x0045e2d0,0x5e2d0,372,26,?execArrayElement@UObject@@QAEXAAUFFrame@@QAX@Z
UObject,DynArrayInsert,0x0045e450,0x5e450,519,57,?execDynArrayInsert@UObject@@QAEXAAUFFrame@@QAX@Z
UObject,DynArrayAdd,0x0045e660,0x5e660,403,84,?execDynArrayAdd@UObject@@QAEXAAUFFrame@@QAX@Z
UObject,DynArrayRemove,0x0045e800,0x5e800,613,64,?execDynArrayRemove@UObject@@QAEXAAUFFrame@@QAX@Z
UObject,GotoLabel,0x0045ea70,0x5ea70,295,13,?execGotoLabel@UObject@@QAEXAAUFFrame@@QAX@Z
UObject,Context,0x0045eba0,0x5eba0,368,25,?execContext@UObject@@QAEXAAUFFrame@@QAX@Z
UObject,ObjectToString,0x0045ed10,0x5ed10,136,,?execObjectToString@UObject@@QAEXAAUFFrame@@QAX@Z
UObject,InterfaceToString,0x0045eda0,0x5eda0,209,,?execInterfaceToString@UObject@@QAEXAAUFFrame@@QAX@Z
UObject,DelegateToString,0x0045ee80,0x5ee80,143,,?execDelegateToString@UObject@@QAEXAAUFFrame@@QAX@Z
UObject,StringToName,0x0045ef10,0x5ef10,192,,?execStringToName@UObject@@QAEXAAUFFrame@@QAX@Z
UObject,EvalInterpCurveFloat,0x0045efd0,0x5efd0,214,,?execEvalInterpCurveFloat@UObject@@QAEXAAUFFrame@@QAX@Z
UObject,EvalInterpCurveVector,0x0045f0b0,0x5f0b0,242,,?execEvalInterpCurveVector@UObject@@QAEXAAUFFrame@@QAX@Z
UObject,EvalInterpCurveVector2D,0x0045f1b0,0x5f1b0,231,,?execEvalInterpCurveVector2D@UObject@@QAEXAAUFFrame@@QAX@Z
UObject,ParseStringIntoArray,0x0045f2a0,0x5f2a0,397,,?execParseStringIntoArray@UObject@@QAEXAAUFFrame@@QAX@Z
UObject,GotoState,0x0045f430,0x5f430,717,113,?execGotoState@UObject@@QAEXAAUFFrame@@QAX@Z
UObject,PopState,0x0045f8f0,0x5f8f0,110,,?execPopState@UObject@@QAEXAAUFFrame@@QAX@Z
UObject,Enable,0x0045f960,0x5f960,293,117,?execEnable@UObject@@QAEXAAUFFrame@@QAX@Z
UObject,Disable,0x0045fa90,0x5fa90,290,118,?execDisable@UObject@@QAEXAAUFFrame@@QAX@Z
UObject,IsInState,0x0045fbc0,0x5fbc0,165,281,?execIsInState@UObject@@QAEXAAUFFrame@@QAX@Z
UObject,GetFuncName,0x0045fce0,0x5fce0,139,,?execGetFuncName@UObject@@QAEXAAUFFrame@@QAX@Z
UObject,IsA,0x0045fd70,0x5fd70,170,197,?execIsA@UObject@@QAEXAAUFFrame@@QAX@Z
UObject,PathName,0x0045fe20,0x5fe20,226,,?execPathName@UObject@@QAEXAAUFFrame@@QAX@Z
UObject,DynArrayFindStruct,0x0046f6b0,0x6f6b0,532,71,?execDynArrayFindStruct@UObject@@QAEXAAUFFrame@@QAX@Z
UObject,DynArraySort,0x0046f8d0,0x6f8d0,1085,89,?execDynArraySort@UObject@@QAEXAAUFFrame@@QAX@Z
UObject,PushState,0x0046ff90,0x6ff90,147,,?execPushState@UObject@@QAEXAAUFFrame@@QAX@Z
UObject,FindObject,0x00470030,0x70030,240,,?execFindObject@UObject@@QAEXAAUFFrame@@QAX@Z
UObject,IsChildState,0x00470120,0x70120,191,,?execIsChildState@UObject@@QAEXAAUFFrame@@QAX@Z
UObject,GetStateName,0x004701e0,0x701e0,70,284,?execGetStateName@UObject@@QAEXAAUFFrame@@QAX@Z
UObject,VirtualFunction,0x00474e80,0x74e80,54,27,?execVirtualFunction@UObject@@QAEXAAUFFrame@@QAX@Z
UObject,FinalFunction,0x00474ec0,0x74ec0,34,28,?execFinalFunction@UObject@@QAEXAAUFFrame@@QAX@Z
UObject,GlobalFunction,0x00474ef0,0x74ef0,54,55,?execGlobalFunction@UObject@@QAEXAAUFFrame@@QAX@Z
UObject,DelegateFunction,0x00474f30,0x74f30,367,66,?execDelegateFunction@UObject@@QAEXAAUFFrame@@QAX@Z
UObject,DynArrayElement,0x0047ad70,0x7ad70,645,16,?execDynArrayElement@UObject@@QAEXAAUFFrame@@QAX@Z
UObject,DynamicCast,0x0047d2f0,0x7d2f0,189,46,?execDynamicCast@UObject@@QAEXAAUFFrame@@QAX@Z
UObject,ObjectToInterface,0x0047d3b0,0x7d3b0,163,,?execObjectToInterface@UObject@@QAEXAAUFFrame@@QAX@Z
UObject,DynArrayIterator,0x0047d460,0x7d460,737,88,?execDynArrayIterator@UObject@@QAEXAAUFFrame@@QAX@Z
UObject,LetBool,0x004813c0,0x813c0,308,20,?execLetBool@UObject@@QAEXAAUFFrame@@QAX@Z
UObject,Localize,0x0048e0f0,0x8e0f0,431,,?execLocalize@UObject@@QAEXAAUFFrame@@QAX@Z
UObject,GetPerObjectConfigSections,0x00493c90,0x93c90,1092,,?execGetPerObjectConfigSections@UObject@@QAEXAAUFFrame@@QAX@Z
UObject,New,0x00496580,0x96580,662,17,?execNew@UObject@@QAEXAAUFFrame@@QAX@Z
UObject,DefaultVariable,0x00497580,0x97580,121,2,?execDefaultVariable@UObject@@QAEXAAUFFrame@@QAX@Z
UObject,ClassContext,0x00497600,0x97600,370,18,?execClassContext@UObject@@QAEXAAUFFrame@@QAX@Z
UObject,SaveConfig,0x0049ae00,0x9ae00,57,536,?execSaveConfig@UObject@@QAEXAAUFFrame@@QAX@Z
UObject,StaticSaveConfig,0x0049ae40,0x9ae40,67,,?execStaticSaveConfig@UObject@@QAEXAAUFFrame@@QAX@Z
UObject,DynamicLoadObject,0x004aaa60,0xaaa60,310,,?execDynamicLoadObject@UObject@@QAEXAAUFFrame@@QAX@Z
ULightComponent,SetEnabled,0x0050f6a0,0x10f6a0,133,-1,?execSetEnabled@ULightComponent@@QAEXAAUFFrame@@QAX@Z
ULightComponent,SetLightProperties,0x0050f730,0x10f730,212,-1,?execSetLightProperties@ULightComponent@@QAEXAAUFFrame@@QAX@Z
ULightComponent,GetOrigin,0x0050f810,0x10f810,105,-1,?execGetOrigin@ULightComponent@@QAEXAAUFFrame@@QAX@Z
ULightComponent,GetDirection,0x0050f880,0x10f880,99,-1,?execGetDirection@ULightComponent@@QAEXAAUFFrame@@QAX@Z
ULightComponent,UpdateColorAndBrightness,0x0050f8f0,0x10f8f0,58,-1,?execUpdateColorAndBrightness@ULightComponent@@QAEXAAUFFrame@@QAX@Z
ULightComponent,UpdateLightShaftParameters,0x00512a80,0x112a80,472,-1,?execUpdateLightShaftParameters@ULightComponent@@QAEXAAUFFrame@@QAX@Z
UPrimitiveComponent,SetTranslation,0x00529070,0x129070,91,-1,?execSetTranslation@UPrimitiveComponent@@QAEXAAUFFrame@@QAX@Z
UPrimitiveComponent,SetRotation,0x005290d0,0x1290d0,91,-1,?execSetRotation@UPrimitiveComponent@@QAEXAAUFFrame@@QAX@Z
UPrimitiveComponent,SetAbsolute,0x00529130,0x129130,252,-1,?execSetAbsolute@UPrimitiveComponent@@QAEXAAUFFrame@@QAX@Z
UPrimitiveComponent,ShouldComponentAddToScene,0x00529230,0x129230,58,-1,?execShouldComponentAddToScene@UPrimitiveComponent@@QAEXAAUFFrame@@QAX@Z
UPrimitiveComponent,ShouldComponentAddToPrimitiveOctree,0x00529270,0x129270,58,-1,?execShouldComponentAddToPrimitiveOctree@UPrimitiveComponent@@QAEXAAUFFrame@@QAX@Z
UPrimitiveComponent,SetTraceBlocking,0x0052a230,0x12a230,216,,?execSetTraceBlocking@UPrimitiveComponent@@QAEXAAUFFrame@@QAX@Z
UPrimitiveComponent,SetActorCollision,0x0052a310,0x12a310,304,,?execSetActorCollision@UPrimitiveComponent@@QAEXAAUFFrame@@QAX@Z
UPrimitiveComponent,SetOnlyOwnerSee,0x0052a480,0x12a480,107,,?execSetOnlyOwnerSee@UPrimitiveComponent@@QAEXAAUFFrame@@QAX@Z
UPrimitiveComponent,SetIgnoreOwnerHidden,0x0052a520,0x12a520,107,,?execSetIgnoreOwnerHidden@UPrimitiveComponent@@QAEXAAUFFrame@@QAX@Z
UPrimitiveComponent,SetHidden,0x0052a650,0x12a650,107,-1,?execSetHidden@UPrimitiveComponent@@QAEXAAUFFrame@@QAX@Z
UPrimitiveComponent,SetShadowParent,0x0052a740,0x12a740,96,-1,?execSetShadowParent@UPrimitiveComponent@@QAEXAAUFFrame@@QAX@Z
UPrimitiveComponent,SetLightEnvironment,0x0052a7e0,0x12a7e0,96,,?execSetLightEnvironment@UPrimitiveComponent@@QAEXAAUFFrame@@QAX@Z
UPrimitiveComponent,SetCullDistance,0x0052a880,0x12a880,100,,?execSetCullDistance@UPrimitiveComponent@@QAEXAAUFFrame@@QAX@Z
UPrimitiveComponent,SetLightingChannels,0x0052a920,0x12a920,86,,?execSetLightingChannels@UPrimitiveComponent@@QAEXAAUFFrame@@QAX@Z
UPrimitiveComponent,SetDepthPriorityGroup,0x0052a9a0,0x12a9a0,94,,?execSetDepthPriorityGroup@UPrimitiveComponent@@QAEXAAUFFrame@@QAX@Z
UPrimitiveComponent,SetViewOwnerDepthPriorityGroup,0x0052aa30,0x12aa30,143,,?execSetViewOwnerDepthPriorityGroup@UPrimitiveComponent@@QAEXAAUFFrame@@QAX@Z
UPrimitiveComponent,SetScale,0x0052af60,0x12af60,114,-1,?execSetScale@UPrimitiveComponent@@QAEXAAUFFrame@@QAX@Z
UPrimitiveComponent,SetScale3D,0x0052afe0,0x12afe0,216,-1,?execSetScale3D@UPrimitiveComponent@@QAEXAAUFFrame@@QAX@Z
UPrimitiveComponent,GetRotation,0x0052b0c0,0x12b0c0,77,-1,?execGetRotation@UPrimitiveComponent@@QAEXAAUFFrame@@QAX@Z
UPrimitiveComponent,GetPosition,0x0052b110,0x12b110,105,,?execGetPosition@UPrimitiveComponent@@QAEXAAUFFrame@@QAX@Z
UMeshComponent,GetMaterial,0x0052b2b0,0x12b2b0,101,-1,?execGetMaterial@UMeshComponent@@QAEXAAUFFrame@@QAX@Z
UMeshComponent,GetNumElements,0x0052b320,0x12b320,58,-1,?execGetNumElements@UMeshComponent@@QAEXAAUFFrame@@QAX@Z
UMeshComponent,PrestreamTextures,0x0052b360,0x12b360,184,,?execPrestreamTextures@UMeshComponent@@QAEXAAUFFrame@@QAX@Z
UCylinderComponent,SetCylinderSize,0x0052b820,0x12b820,151,-1,?execSetCylinderSize@UCylinderComponent@@QAEXAAUFFrame@@QAX@Z
UMaterialInterface,GetMaterial,0x0052da10,0x12da10,65,-1,?execGetMaterial@UMaterialInterface@@QAEXAAUFFrame@@QAX@Z
UMeshComponent,SetMaterial,0x005341b0,0x1341b0,129,-1,?execSetMaterial@UMeshComponent@@QAEXAAUFFrame@@QAX@Z
USurface,GetSurfaceWidth,0x0056a390,0x16a390,58,-1,?execGetSurfaceWidth@USurface@@QAEXAAUFFrame@@QAX@Z
USurface,GetSurfaceHeight,0x0056a3d0,0x16a3d0,58,-1,?execGetSurfaceHeight@USurface@@QAEXAAUFFrame@@QAX@Z
UTexture2D,Create,0x0057c6a0,0x17c6a0,291,-1,?execCreate@UTexture2D@@QAEXAAUFFrame@@QAX@Z
UTexture2DDynamic,Create,0x0057ce80,0x17ce80,367,-1,?execCreate@UTexture2DDynamic@@QAEXAAUFFrame@@QAX@Z
UActorComponent,ForceUpdate,0x0057fb10,0x17fb10,237,,?execForceUpdate@UActorComponent@@QAEXAAUFFrame@@QAX@Z
UTextureRenderTarget2D,Create,0x00582970,0x182970,489,-1,?execCreate@UTextureRenderTarget2D@@QAEXAAUFFrame@@QAX@Z
AActor,PollFinishAnim,0x0058c820,0x18c820,43,385,?execPollFinishAnim@AActor@@QAEXAAUFFrame@@QAX@Z
UAnimNodeBlendMultiBone,SetTargetStartBone,0x0058cca0,0x18cca0,201,-1,?execSetTargetStartBone@UAnimNodeBlendMultiBone@@QAEXAAUFFrame@@QAX@Z
UAnimNodeCrossfader,PlayOneShotAnim,0x005ad7e0,0x1ad7e0,702,-1,?execPlayOneShotAnim@UAnimNodeCrossfader@@QAEXAAUFFrame@@QAX@Z
UAnimNodeCrossfader,BlendToLoopingAnim,0x005adaa0,0x1adaa0,595,-1,?execBlendToLoopingAnim@UAnimNodeCrossfader@@QAEXAAUFFrame@@QAX@Z
AEmitterCameraLensEffectBase,ActivateLensEffect,0x005bb590,0x1bb590,53,-1,?execActivateLensEffect@AEmitterCameraLensEffectBase@@QAEXAAUFFrame@@QAX@Z
AEmitterCameraLensEffectBase,UpdateLocation,0x005bb5d0,0x1bb5d0,265,-1,?execUpdateLocation@AEmitterCameraLensEffectBase@@QAEXAAUFFrame@@QAX@Z
UParticleSystem,GetCurrentLODMethod,0x005bb6e0,0x1bb6e0,58,-1,?execGetCurrentLODMethod@UParticleSystem@@QAEXAAUFFrame@@QAX@Z
UParticleSystem,GetLODDistance,0x005bb720,0x1bb720,101,-1,?execGetLODDistance@UParticleSystem@@QAEXAAUFFrame@@QAX@Z
UParticleSystem,SetCurrentLODMethod,0x005bb790,0x1bb790,93,-1,?execSetCurrentLODMethod@UParticleSystem@@QAEXAAUFFrame@@QAX@Z
UParticleSystem,SetLODDistance,0x005bb7f0,0x1bb7f0,143,-1,?execSetLODDistance@UParticleSystem@@QAEXAAUFFrame@@QAX@Z
UParticleSystemComponent,SetTemplate,0x005bb880,0x1bb880,91,-1,?execSetTemplate@UParticleSystemComponent@@QAEXAAUFFrame@@QAX@Z
UParticleSystemComponent,ActivateSystem,0x005bb8e0,0x1bb8e0,109,-1,?execActivateSystem@UParticleSystemComponent@@QAEXAAUFFrame@@QAX@Z
UParticleSystemComponent,DeactivateSystem,0x005bb950,0x1bb950,48,-1,?execDeactivateSystem@UParticleSystemComponent@@QAEXAAUFFrame@@QAX@Z
UParticleSystemComponent,KillParticlesForced,0x005bb980,0x1bb980,48,-1,?execKillParticlesForced@UParticleSystemComponent@@QAEXAAUFFrame@@QAX@Z
UParticleSystemComponent,KillParticlesInEmitter,0x005bb9b0,0x1bb9b0,104,-1,?execKillParticlesInEmitter@UParticleSystemComponent@@QAEXAAUFFrame@@QAX@Z
UParticleSystemComponent,SetSkipUpdateDynamicDataDuringTick,0x005bba20,0x1bba20,102,-1,?execSetSkipUpdateDynamicDataDuringTick@UParticleSystemComponent@@QAEXAAUFFrame@@QAX@Z
UParticleSystemComponent,GetSkipUpdateDynamicDataDuringTick,0x005bba90,0x1bba90,53,-1,?execGetSkipUpdateDynamicDataDuringTick@UParticleSystemComponent@@QAEXAAUFFrame@@QAX@Z
UParticleSystemComponent,SetKillOnDeactivate,0x005bbad0,0x1bbad0,145,-1,?execSetKillOnDeactivate@UParticleSystemComponent@@QAEXAAUFFrame@@QAX@Z
UParticleSystemComponent,SetKillOnCompleted,0x005bbb70,0x1bbb70,145,-1,?execSetKillOnCompleted@UParticleSystemComponent@@QAEXAAUFFrame@@QAX@Z
UParticleSystemComponent,RewindEmitterInstance,0x005bbc10,0x1bbc10,96,-1,?execRewindEmitterInstance@UParticleSystemComponent@@QAEXAAUFFrame@@QAX@Z
UParticleSystemComponent,SetBeamType,0x005bbc70,0x1bbc70,134,-1,?execSetBeamType@UParticleSystemComponent@@QAEXAAUFFrame@@QAX@Z
UParticleSystemComponent,SetBeamTessellationFactor,0x005bbd00,0x1bbd00,138,-1,?execSetBeamTessellationFactor@UParticleSystemComponent@@QAEXAAUFFrame@@QAX@Z
UParticleSystemComponent,SetBeamEndPoint,0x005bbd90,0x1bbd90,159,-1,?execSetBeamEndPoint@UParticleSystemComponent@@QAEXAAUFFrame@@QAX@Z
UParticleSystemComponent,SetBeamDistance,0x005bbe30,0x1bbe30,138,-1,?execSetBeamDistance@UParticleSystemComponent@@QAEXAAUFFrame@@QAX@Z
UParticleSystemComponent,SetBeamSourcePoint,0x005bbec0,0x1bbec0,197,-1,?execSetBeamSourcePoint@UParticleSystemComponent@@QAEXAAUFFrame@@QAX@Z
UParticleSystemComponent,SetBeamSourceTangent,0x005bbf90,0x1bbf90,197,-1,?execSetBeamSourceTangent@UParticleSystemComponent@@QAEXAAUFFrame@@QAX@Z
UParticleSystemComponent,SetBeamSourceStrength,0x005bc060,0x1bc060,178,-1,?execSetBeamSourceStrength@UParticleSystemComponent@@QAEXAAUFFrame@@QAX@Z
UParticleSystemComponent,SetBeamTargetPoint,0x005bc120,0x1bc120,197,-1,?execSetBeamTargetPoint@UParticleSystemComponent@@QAEXAAUFFrame@@QAX@Z
UParticleSystemComponent,SetBeamTargetTangent,0x005bc1f0,0x1bc1f0,197,-1,?execSetBeamTargetTangent@UParticleSystemComponent@@QAEXAAUFFrame@@QAX@Z
UParticleSystemComponent,SetBeamTargetStrength,0x005bc2c0,0x1bc2c0,178,-1,?execSetBeamTargetStrength@UParticleSystemComponent@@QAEXAAUFFrame@@QAX@Z
UParticleSystemComponent,DetermineLODLevelForLocation,0x005bc380,0x1bc380,146,-1,?execDetermineLODLevelForLocation@UParticleSystemComponent@@QAEXAAUFFrame@@QAX@Z
UParticleSystemComponent,SetLODLevel,0x005bc420,0x1bc420,91,-1,?execSetLODLevel@UParticleSystemComponent@@QAEXAAUFFrame@@QAX@Z
UParticleSystemComponent,SetEditorLODLevel,0x005bc480,0x1bc480,91,-1,?execSetEditorLODLevel@UParticleSystemComponent@@QAEXAAUFFrame@@QAX@Z
UParticleSystemComponent,GetLODLevel,0x005bc4e0,0x1bc4e0,53,-1,?execGetLODLevel@UParticleSystemComponent@@QAEXAAUFFrame@@QAX@Z
UParticleSystemComponent,GetEditorLODLevel,0x005bc520,0x1bc520,53,-1,?execGetEditorLODLevel@UParticleSystemComponent@@QAEXAAUFFrame@@QAX@Z
UParticleSystemComponent,SetFloatParameter,0x005bc560,0x1bc560,146,-1,?execSetFloatParameter@UParticleSystemComponent@@QAEXAAUFFrame@@QAX@Z
UParticleSystemComponent,SetVectorParameter,0x005bc600,0x1bc600,165,-1,?execSetVectorParameter@UParticleSystemComponent@@QAEXAAUFFrame@@QAX@Z
UParticleSystemComponent,SetColorParameter,0x005bc6b0,0x1bc6b0,135,-1,?execSetColorParameter@UParticleSystemComponent@@QAEXAAUFFrame@@QAX@Z
UParticleSystemComponent,SetActorParameter,0x005bc740,0x1bc740,142,-1,?execSetActorParameter@UParticleSystemComponent@@QAEXAAUFFrame@@QAX@Z
UParticleSystemComponent,SetMaterialParameter,0x005bc7d0,0x1bc7d0,142,-1,?execSetMaterialParameter@UParticleSystemComponent@@QAEXAAUFFrame@@QAX@Z
UParticleSystemComponent,GetFloatParameter,0x005bc860,0x1bc860,210,-1,?execGetFloatParameter@UParticleSystemComponent@@QAEXAAUFFrame@@QAX@Z
UParticleSystemComponent,GetVectorParameter,0x005bc940,0x1bc940,202,-1,?execGetVectorParameter@UParticleSystemComponent@@QAEXAAUFFrame@@QAX@Z
UParticleSystemComponent,GetColorParameter,0x005bca10,0x1bca10,202,-1,?execGetColorParameter@UParticleSystemComponent@@QAEXAAUFFrame@@QAX@Z
UParticleSystemComponent,GetActorParameter,0x005bcae0,0x1bcae0,196,-1,?execGetActorParameter@UParticleSystemComponent@@QAEXAAUFFrame@@QAX@Z
UParticleSystemComponent,GetMaterialParameter,0x005bcbb0,0x1bcbb0,196,-1,?execGetMaterialParameter@UParticleSystemComponent@@QAEXAAUFFrame@@QAX@Z
UParticleSystemComponent,ClearParameter,0x005bcc80,0x1bcc80,146,-1,?execClearParameter@UParticleSystemComponent@@QAEXAAUFFrame@@QAX@Z
UParticleSystemComponent,SetActive,0x005bcd20,0x1bcd20,102,-1,?execSetActive@UParticleSystemComponent@@QAEXAAUFFrame@@QAX@Z
UParticleSystemComponent,ResetToDefaults,0x005bcd90,0x1bcd90,48,-1,?execResetToDefaults@UParticleSystemComponent@@QAEXAAUFFrame@@QAX@Z
UParticleSystemComponent,SetStopSpawning,0x005bcdc0,0x1bcdc0,140,-1,?execSetStopSpawning@UParticleSystemComponent@@QAEXAAUFFrame@@QAX@Z
UActorComponent,SetComponentRBFixed,0x005bd9d0,0x1bd9d0,107,,?execSetComponentRBFixed@UActorComponent@@QAEXAAUFFrame@@QAX@Z
UActorComponent,SetTickGroup,0x005bda40,0x1bda40,88,,?execSetTickGroup@UActorComponent@@QAEXAAUFFrame@@QAX@Z
UActorComponent,DetachFromAny,0x005bdaa0,0x1bdaa0,48,,?execDetachFromAny@UActorComponent@@QAEXAAUFFrame@@QAX@Z
UPrimitiveComponent,ClosestPointOnComponentToPoint,0x005bdc40,0x1bdc40,391,,?execClosestPointOnComponentToPoint@UPrimitiveComponent@@QAEXAAUFFrame@@QAX@Z
UPrimitiveComponent,ClosestPointOnComponentToComponent,0x005bddd0,0x1bddd0,315,,?execClosestPointOnComponentToComponent@UPrimitiveComponent@@QAEXAAUFFrame@@QAX@Z
AActor,ForceUpdateComponents,0x005be570,0x1be570,170,-1,?execForceUpdateComponents@AActor@@QAEXAAUFFrame@@QAX@Z
AActor,Sleep,0x005be620,0x1be620,95,256,?execSleep@AActor@@QAEXAAUFFrame@@QAX@Z
AActor,FinishAnim,0x005be680,0x1be680,91,261,?execFinishAnim@AActor@@QAEXAAUFFrame@@QAX@Z
AActor,SetCollisionSize,0x005be6e0,0x1be6e0,139,283,?execSetCollisionSize@AActor@@QAEXAAUFFrame@@QAX@Z
AActor,SetCollisionType,0x005be770,0x1be770,88,-1,?execSetCollisionType@AActor@@QAEXAAUFFrame@@QAX@Z
AActor,SetDrawScale,0x005be7d0,0x1be7d0,95,-1,?execSetDrawScale@AActor@@QAEXAAUFFrame@@QAX@Z
AActor,SetDrawScale3D,0x005be830,0x1be830,116,-1,?execSetDrawScale3D@AActor@@QAEXAAUFFrame@@QAX@Z
AActor,Move,0x005be8b0,0x1be8b0,121,266,?execMove@AActor@@QAEXAAUFFrame@@QAX@Z
AActor,SetLocation,0x005be930,0x1be930,121,267,?execSetLocation@AActor@@QAEXAAUFFrame@@QAX@Z
AActor,SetRotation,0x005be9c0,0x1be9c0,109,299,?execSetRotation@AActor@@QAEXAAUFFrame@@QAX@Z
AActor,MovingWhichWay,0x005bea40,0x1bea40,152,-1,?execMovingWhichWay@AActor@@QAEXAAUFFrame@@QAX@Z
AActor,SetRelativeRotation,0x005beb90,0x1beb90,109,-1,?execSetRelativeRotation@AActor@@QAEXAAUFFrame@@QAX@Z
AActor,SetRelativeLocation,0x005bec00,0x1bec00,121,-1,?execSetRelativeLocation@AActor@@QAEXAAUFFrame@@QAX@Z
AActor,fixedTurn,0x005bec80,0x1bec80,174,-1,?execfixedTurn@AActor@@QAEXAAUFFrame@@QAX@Z
AActor,AutonomousPhysics,0x005bed30,0x1bed30,95,3971,?execAutonomousPhysics@AActor@@QAEXAAUFFrame@@QAX@Z
AActor,SetOwner,0x005bed90,0x1bed90,91,272,?execSetOwner@AActor@@QAEXAAUFFrame@@QAX@Z
AActor,GetBaseMost,0x005bee40,0x1bee40,58,-1,?execGetBaseMost@AActor@@QAEXAAUFFrame@@QAX@Z
AActor,Vect2BP,0x005beea0,0x1beea0,257,-1,?execVect2BP@AActor@@QAEXAAUFFrame@@QAX@Z
AActor,SetBasedPosition,0x005bf0a0,0x1bf0a0,257,-1,?execSetBasedPosition@AActor@@QAEXAAUFFrame@@QAX@Z
AActor,FlushPersistentDebugLines,0x005bf1b0,0x1bf1b0,48,-1,?execFlushPersistentDebugLines@AActor@@QAEXAAUFFrame@@QAX@Z
AActor,DrawDebugLine,0x005bf1e0,0x1bf1e0,334,-1,?execDrawDebugLine@AActor@@QAEXAAUFFrame@@QAX@Z
AActor,DrawDebugPoint,0x005bf360,0x1bf360,269,-1,?execDrawDebugPoint@AActor@@QAEXAAUFFrame@@QAX@Z
AActor,DrawDebugBox,0x005bf490,0x1bf490,334,-1,?execDrawDebugBox@AActor@@QAEXAAUFFrame@@QAX@Z
AActor,DrawDebugStar,0x005bf620,0x1bf620,315,-1,?execDrawDebugStar@AActor@@QAEXAAUFFrame@@QAX@Z
AActor,DrawDebugCoordinateSystem,0x005bf760,0x1bf760,263,-1,?execDrawDebugCoordinateSystem@AActor@@QAEXAAUFFrame@@QAX@Z
AActor,DrawDebugSphere,0x005bf870,0x1bf870,349,-1,?execDrawDebugSphere@AActor@@QAEXAAUFFrame@@QAX@Z
AActor,DrawDebugCylinder,0x005bf9d0,0x1bf9d0,410,-1,?execDrawDebugCylinder@AActor@@QAEXAAUFFrame@@QAX@Z
AActor,DrawDebugCone,0x005bfb70,0x1bfb70,428,-1,?execDrawDebugCone@AActor@@QAEXAAUFFrame@@QAX@Z
AActor,DrawDebugFrustrum,0x005bfd20,0x1bfd20,319,-1,?execDrawDebugFrustrum@AActor@@QAEXAAUFFrame@@QAX@Z
AActor,FlushDebugStrings,0x005bfe60,0x1bfe60,48,-1,?execFlushDebugStrings@AActor@@QAEXAAUFFrame@@QAX@Z
AActor,SetHidden,0x005bfe90,0x1bfe90,102,-1,?execSetHidden@AActor@@QAEXAAUFFrame@@QAX@Z
AActor,SetOnlyOwnerSee,0x005bff00,0x1bff00,102,-1,?execSetOnlyOwnerSee@AActor@@QAEXAAUFFrame@@QAX@Z
AActor,Clock,0x005bff70,0x1bff70,142,-1,?execClock@AActor@@QAEXAAUFFrame@@QAX@Z
AActor,UnClock,0x005c0000,0x1c0000,142,-1,?execUnClock@AActor@@QAEXAAUFFrame@@QAX@Z
AActor,AttachComponent,0x005c0090,0x1c0090,91,-1,?execAttachComponent@AActor@@QAEXAAUFFrame@@QAX@Z
AActor,DetachComponent,0x005c00f0,0x1c00f0,91,-1,?execDetachComponent@AActor@@QAEXAAUFFrame@@QAX@Z
AActor,ReattachComponent,0x005c0150,0x1c0150,91,-1,?execReattachComponent@AActor@@QAEXAAUFFrame@@QAX@Z
AActor,SetTickGroup,0x005c01b0,0x1c01b0,88,-1,?execSetTickGroup@AActor@@QAEXAAUFFrame@@QAX@Z
AActor,SetTickIsDisabled,0x005c0210,0x1c0210,102,-1,?execSetTickIsDisabled@AActor@@QAEXAAUFFrame@@QAX@Z
AActor,ClampRotation,0x005c0280,0x1c0280,288,-1,?execClampRotation@AActor@@QAEXAAUFFrame@@QAX@Z
AActor,VolumeBasedDestroy,0x005c03a0,0x1c03a0,96,-1,?execVolumeBasedDestroy@AActor@@QAEXAAUFFrame@@QAX@Z
AActor,TraceComponent,0x005c0400,0x1c0400,794,-1,?execTraceComponent@AActor@@QAEXAAUFFrame@@QAX@Z
AActor,FindSpot,0x005c0720,0x1c0720,202,-1,?execFindSpot@AActor@@QAEXAAUFFrame@@QAX@Z
AActor,ContainsPoint,0x005c07f0,0x1c07f0,121,-1,?execContainsPoint@AActor@@QAEXAAUFFrame@@QAX@Z
AActor,GetComponentsBoundingBox,0x005c0870,0x1c0870,136,-1,?execGetComponentsBoundingBox@AActor@@QAEXAAUFFrame@@QAX@Z
AActor,GetBoundingCylinder,0x005c0900,0x1c0900,239,-1,?execGetBoundingCylinder@AActor@@QAEXAAUFFrame@@QAX@Z
AActor,SetTimer,0x005c09f0,0x1c09f0,257,280,?execSetTimer@AActor@@QAEXAAUFFrame@@QAX@Z
AActor,ClearTimer,0x005c0b00,0x1c0b00,159,-1,?execClearTimer@AActor@@QAEXAAUFFrame@@QAX@Z
AActor,ClearAllTimers,0x005c0ba0,0x1c0ba0,98,-1,?execClearAllTimers@AActor@@QAEXAAUFFrame@@QAX@Z
AActor,PauseTimer,0x005c0c10,0x1c0c10,208,-1,?execPauseTimer@AActor@@QAEXAAUFFrame@@QAX@Z
AActor,IsTimerActive,0x005c0ce0,0x1c0ce0,164,-1,?execIsTimerActive@AActor@@QAEXAAUFFrame@@QAX@Z
AActor,GetTimerCount,0x005c0d90,0x1c0d90,164,-1,?execGetTimerCount@AActor@@QAEXAAUFFrame@@QAX@Z
AActor,GetTimerRate,0x005c0e40,0x1c0e40,164,-1,?execGetTimerRate@AActor@@QAEXAAUFFrame@@QAX@Z
AActor,ModifyTimerTimeDilation,0x005c0ef0,0x1c0ef0,191,-1,?execModifyTimerTimeDilation@AActor@@QAEXAAUFFrame@@QAX@Z
AActor,ResetTimerTimeDilation,0x005c0fb0,0x1c0fb0,149,-1,?execResetTimerTimeDilation@AActor@@QAEXAAUFFrame@@QAX@Z
AActor,PostAkEvent,0x005c1050,0x1c1050,91,-1,?execPostAkEvent@AActor@@QAEXAAUFFrame@@QAX@Z
AActor,SetRTPCValue,0x005c10b0,0x1c10b0,146,-1,?execSetRTPCValue@AActor@@QAEXAAUFFrame@@QAX@Z
AActor,SetState,0x005c1150,0x1c1150,140,-1,?execSetState@AActor@@QAEXAAUFFrame@@QAX@Z
AActor,SetSwitch,0x005c11e0,0x1c11e0,140,-1,?execSetSwitch@AActor@@QAEXAAUFFrame@@QAX@Z
AActor,PostTrigger,0x005c1270,0x1c1270,104,-1,?execPostTrigger@AActor@@QAEXAAUFFrame@@QAX@Z
AActor,ActivateOcclusion,0x005c12e0,0x1c12e0,102,-1,?execActivateOcclusion@AActor@@QAEXAAUFFrame@@QAX@Z
AActor,PlayerCanSeeMe,0x005c1350,0x1c1350,53,532,?execPlayerCanSeeMe@AActor@@QAEXAAUFFrame@@QAX@Z
AActor,CalculateMinSpeedTrajectory,0x005c1390,0x1c1390,620,-1,?execCalculateMinSpeedTrajectory@AActor@@QAEXAAUFFrame@@QAX@Z
AActor,GetALocalPlayerController,0x005c1600,0x1c1600,53,-1,?execGetALocalPlayerController@AActor@@QAEXAAUFFrame@@QAX@Z
AActor,TakeDamage,0x005c1640,0x1c1640,445,-1,?execTakeDamage@AActor@@QAEXAAUFFrame@@QAX@Z
AActor,CheckHitInfo,0x005c1800,0x1c1800,334,-1,?execCheckHitInfo@AActor@@QAEXAAUFFrame@@QAX@Z
AActor,GetGravityZ,0x005c1950,0x1c1950,53,-1,?execGetGravityZ@AActor@@QAEXAAUFFrame@@QAX@Z
AActor,SetNetUpdateTime,0x005c1990,0x1c1990,95,-1,?execSetNetUpdateTime@AActor@@QAEXAAUFFrame@@QAX@Z
AActor,PrestreamTextures,0x005c19f0,0x1c19f0,196,-1,?execPrestreamTextures@AActor@@QAEXAAUFFrame@@QAX@Z
AActor,StopActorFaceFXAnim,0x005c1ac0,0x1c1ac0,53,-1,?execStopActorFaceFXAnim@AActor@@QAEXAAUFFrame@@QAX@Z
AActor,IsPlayerOwned,0x005c1b00,0x1c1b00,58,-1,?execIsPlayerOwned@AActor@@QAEXAAUFFrame@@QAX@Z
AActor,GetTeamNum,0x005c1b40,0x1c1b40,58,-1,?execGetTeamNum@AActor@@QAEXAAUFFrame@@QAX@Z
AActor,GetTargetLocation,0x005c1b80,0x1c1b80,184,-1,?execGetTargetLocation@AActor@@QAEXAAUFFrame@@QAX@Z
AActor,NativePostRenderFor,0x005c1c40,0x1c1c40,258,-1,?execNativePostRenderFor@AActor@@QAEXAAUFFrame@@QAX@Z
AActor,GetPackageGuid,0x005c1d50,0x1c1d50,133,-1,?execGetPackageGuid@AActor@@QAEXAAUFFrame@@QAX@Z
AActor,IsInPersistentLevel,0x005c1de0,0x1c1de0,114,-1,?execIsInPersistentLevel@AActor@@QAEXAAUFFrame@@QAX@Z
AActor,WillOverlap,0x005c1e60,0x1c1e60,476,-1,?execWillOverlap@AActor@@QAEXAAUFFrame@@QAX@Z
AActor,ShouldBeHiddenBySHOW_NavigationNodes,0x005c2060,0x1c2060,58,-1,?execShouldBeHiddenBySHOW_NavigationNodes@AActor@@QAEXAAUFFrame@@QAX@Z
APhysicsVolume,GetZoneVelocityForActor,0x005c24c0,0x1c24c0,121,-1,?execGetZoneVelocityForActor@APhysicsVolume@@QAEXAAUFFrame@@QAX@Z
AInterpActor,SetShadowParentOnAllAttachedComponents,0x005c26e0,0x1c26e0,53,-1,?execSetShadowParentOnAllAttachedComponents@AInterpActor@@QAEXAAUFFrame@@QAX@Z
AEmitterPool,ClearPoolComponents,0x005c2720,0x1c2720,109,-1,?execClearPoolComponents@AEmitterPool@@QAEXAAUFFrame@@QAX@Z
AEmitterPool,ReturnToPool,0x005c2790,0x1c2790,91,-1,?execReturnToPool@AEmitterPool@@QAEXAAUFFrame@@QAX@Z
AEmitterPool,FreeStaticMeshComponents,0x005c27f0,0x1c27f0,91,-1,?execFreeStaticMeshComponents@AEmitterPool@@QAEXAAUFFrame@@QAX@Z
AEmitterPool,GetFreeStaticMeshComponent,0x005c2850,0x1c2850,114,-1,?execGetFreeStaticMeshComponent@AEmitterPool@@QAEXAAUFFrame@@QAX@Z
AEmitterPool,FreeMaterialInstanceConstants,0x005c28d0,0x1c28d0,91,-1,?execFreeMaterialInstanceConstants@AEmitterPool@@QAEXAAUFFrame@@QAX@Z
AEmitterPool,GetFreeMatInstConsts,0x005c2930,0x1c2930,114,-1,?execGetFreeMatInstConsts@AEmitterPool@@QAEXAAUFFrame@@QAX@Z
AEmitterPool,GetPooledComponent,0x005c29b0,0x1c29b0,145,-1,?execGetPooledComponent@AEmitterPool@@QAEXAAUFFrame@@QAX@Z
AEmitterPool,SpawnEmitter,0x005c2a50,0x1c2a50,334,-1,?execSpawnEmitter@AEmitterPool@@QAEXAAUFFrame@@QAX@Z
AEmitterPool,SpawnEmitterMeshAttachment,0x005c2ba0,0x1c2ba0,422,-1,?execSpawnEmitterMeshAttachment@AEmitterPool@@QAEXAAUFFrame@@QAX@Z
UCanvas,DrawRotatedTile,0x005c2f60,0x1c2f60,502,-1,?execDrawRotatedTile@UCanvas@@QAEXAAUFFrame@@QAX@Z
UCanvas,DrawRotatedMaterialTile,0x005c3160,0x1c3160,531,-1,?execDrawRotatedMaterialTile@UCanvas@@QAEXAAUFFrame@@QAX@Z
UCanvas,SetPos,0x005c3380,0x1c3380,195,-1,?execSetPos@UCanvas@@QAEXAAUFFrame@@QAX@Z
UCanvas,SetDrawColor,0x005c3450,0x1c3450,202,-1,?execSetDrawColor@UCanvas@@QAEXAAUFFrame@@QAX@Z
UCanvas,DrawTextureLine,0x005c3520,0x1c3520,500,-1,?execDrawTextureLine@UCanvas@@QAEXAAUFFrame@@QAX@Z
UCanvas,DrawTextureDoubleLine,0x005c3720,0x1c3720,573,-1,?execDrawTextureDoubleLine@UCanvas@@QAEXAAUFFrame@@QAX@Z
AHUD,Draw3DLine,0x005c3960,0x1c3960,208,-1,?execDraw3DLine@AHUD@@QAEXAAUFFrame@@QAX@Z
AHUD,Draw2DLine,0x005c3a30,0x1c3a30,225,-1,?execDraw2DLine@AHUD@@QAEXAAUFFrame@@QAX@Z
AHUD,DrawActorOverlays,0x005c3b20,0x1c3b20,170,-1,?execDrawActorOverlays@AHUD@@QAEXAAUFFrame@@QAX@Z
AHUD,ShowDebug,0x005c3bd0,0x1c3bd0,116,-1,?execShowDebug@AHUD@@QAEXAAUFFrame@@QAX@Z
AHUD,ShouldDisplayDebug,0x005c3c50,0x1c3c50,114,-1,?execShouldDisplayDebug@AHUD@@QAEXAAUFFrame@@QAX@Z
UNavigationHandle,DrawPathCache,0x005c3d20,0x1c3d20,283,-1,?execDrawPathCache@UNavigationHandle@@QAEXAAUFFrame@@QAX@Z
AAutoTestManager,AddSentinelPerTimePeriodStats,0x005c3e40,0x1c3e40,170,-1,?execAddSentinelPerTimePeriodStats@AAutoTestManager@@QAEXAAUFFrame@@QAX@Z
AAutoTestManager,EndSentinelRun,0x005c3ef0,0x1c3ef0,93,-1,?execEndSentinelRun@AAutoTestManager@@QAEXAAUFFrame@@QAX@Z
AAutoTestManager,DoSentinel_MemoryAtSpecificLocation,0x005c3f50,0x1c3f50,170,-1,?execDoSentinel_MemoryAtSpecificLocation@AAutoTestManager@@QAEXAAUFFrame@@QAX@Z
AAutoTestManager,DoSentinel_PerfAtSpecificLocation,0x005c4000,0x1c4000,223,-1,?execDoSentinel_PerfAtSpecificLocation@AAutoTestManager@@QAEXAAUFFrame@@QAX@Z
USettings,SetSettingsDataFloat,0x005c40f0,0x1c40f0,249,-1,?execSetSettingsDataFloat@USettings@@QAEXAAUFFrame@@QAX@Z
USettings,SetSettingsDataInt,0x005c41f0,0x1c41f0,245,-1,?execSetSettingsDataInt@USettings@@QAEXAAUFFrame@@QAX@Z
USettings,SetSettingsDataDateTime,0x005c42f0,0x1c42f0,270,-1,?execSetSettingsDataDateTime@USettings@@QAEXAAUFFrame@@QAX@Z
USettings,SetSettingsData,0x005c4400,0x1c4400,294,-1,?execSetSettingsData@USettings@@QAEXAAUFFrame@@QAX@Z
USettings,EmptySettingsData,0x005c4530,0x1c4530,207,-1,?execEmptySettingsData@USettings@@QAEXAAUFFrame@@QAX@Z
USettings,GetSettingsDataFloat,0x005c4600,0x1c4600,212,-1,?execGetSettingsDataFloat@USettings@@QAEXAAUFFrame@@QAX@Z
USettings,GetSettingsDataInt,0x005c46e0,0x1c46e0,212,-1,?execGetSettingsDataInt@USettings@@QAEXAAUFFrame@@QAX@Z
USettings,GetSettingsDataDateTime,0x005c47c0,0x1c47c0,368,-1,?execGetSettingsDataDateTime@USettings@@QAEXAAUFFrame@@QAX@Z
USettings,SetStringSettingValue,0x005c4930,0x1c4930,192,-1,?execSetStringSettingValue@USettings@@QAEXAAUFFrame@@QAX@Z
USettings,GetStringSettingValue,0x005c49f0,0x1c49f0,198,-1,?execGetStringSettingValue@USettings@@QAEXAAUFFrame@@QAX@Z
USettings,IncrementStringSettingValue,0x005c4ac0,0x1c4ac0,190,-1,?execIncrementStringSettingValue@USettings@@QAEXAAUFFrame@@QAX@Z
USettings,SetStringSettingValueByName,0x005c4b80,0x1c4b80,183,-1,?execSetStringSettingValueByName@USettings@@QAEXAAUFFrame@@QAX@Z
UNavMeshGoal_GenericFilterContainer,GetGoalPoint,0x005c4c40,0x1c4c40,81,-1,?execGetGoalPoint@UNavMeshGoal_GenericFilterContainer@@QAEXAAUFFrame@@QAX@Z
USettings,GetStringSettingValueByName,0x005c4ca0,0x1c4ca0,196,-1,?execGetStringSettingValueByName@USettings@@QAEXAAUFFrame@@QAX@Z
USettings,GetStringSettingId,0x005c4d70,0x1c4d70,196,-1,?execGetStringSettingId@USettings@@QAEXAAUFFrame@@QAX@Z
USettings,GetStringSettingName,0x005c4e40,0x1c4e40,115,-1,?execGetStringSettingName@USettings@@QAEXAAUFFrame@@QAX@Z
USettings,IsWildcardStringSetting,0x005c4ec0,0x1c4ec0,101,-1,?execIsWildcardStringSetting@USettings@@QAEXAAUFFrame@@QAX@Z
USettings,GetStringSettingValueName,0x005c4f30,0x1c4f30,153,-1,?execGetStringSettingValueName@USettings@@QAEXAAUFFrame@@QAX@Z
USettings,GetStringSettingValueNameByName,0x005c4fd0,0x1c4fd0,126,-1,?execGetStringSettingValueNameByName@USettings@@QAEXAAUFFrame@@QAX@Z
USettings,GetPropertyId,0x005c5050,0x1c5050,196,-1,?execGetPropertyId@USettings@@QAEXAAUFFrame@@QAX@Z
USettings,GetPropertyName,0x005c5120,0x1c5120,115,-1,?execGetPropertyName@USettings@@QAEXAAUFFrame@@QAX@Z
USettings,SetFloatProperty,0x005c51a0,0x1c51a0,138,-1,?execSetFloatProperty@USettings@@QAEXAAUFFrame@@QAX@Z
USettings,GetFloatProperty,0x005c5230,0x1c5230,199,-1,?execGetFloatProperty@USettings@@QAEXAAUFFrame@@QAX@Z
USettings,SetIntProperty,0x005c5300,0x1c5300,134,-1,?execSetIntProperty@USettings@@QAEXAAUFFrame@@QAX@Z
USettings,GetIntProperty,0x005c5390,0x1c5390,198,-1,?execGetIntProperty@USettings@@QAEXAAUFFrame@@QAX@Z
USettings,SetPropertyValueId,0x005c5460,0x1c5460,139,-1,?execSetPropertyValueId@USettings@@QAEXAAUFFrame@@QAX@Z
USettings,GetPropertyValueId,0x005c54f0,0x1c54f0,198,-1,?execGetPropertyValueId@USettings@@QAEXAAUFFrame@@QAX@Z
USettings,GetPropertyType,0x005c55c0,0x1c55c0,101,-1,?execGetPropertyType@USettings@@QAEXAAUFFrame@@QAX@Z
USettings,HasProperty,0x005c5630,0x1c5630,101,-1,?execHasProperty@USettings@@QAEXAAUFFrame@@QAX@Z
USettings,HasStringSetting,0x005c56a0,0x1c56a0,101,-1,?execHasStringSetting@USettings@@QAEXAAUFFrame@@QAX@Z
USettings,GetPropertyMappingType,0x005c5710,0x1c5710,195,-1,?execGetPropertyMappingType@USettings@@QAEXAAUFFrame@@QAX@Z
USettings,GetPropertyRange,0x005c57e0,0x1c57e0,457,-1,?execGetPropertyRange@USettings@@QAEXAAUFFrame@@QAX@Z
USettings,SetRangedPropertyValue,0x005c59b0,0x1c59b0,143,-1,?execSetRangedPropertyValue@USettings@@QAEXAAUFFrame@@QAX@Z
USettings,GetRangedPropertyValue,0x005c5a40,0x1c5a40,199,-1,?execGetRangedPropertyValue@USettings@@QAEXAAUFFrame@@QAX@Z
UDataStoreClient,FindDataStore,0x005c5b10,0x1c5b10,154,-1,?execFindDataStore@UDataStoreClient@@QAEXAAUFFrame@@QAX@Z
UDataStoreClient,CreateDataStore,0x005c5bb0,0x1c5bb0,96,-1,?execCreateDataStore@UDataStoreClient@@QAEXAAUFFrame@@QAX@Z
UDataStoreClient,RegisterDataStore,0x005c5c10,0x1c5c10,141,-1,?execRegisterDataStore@UDataStoreClient@@QAEXAAUFFrame@@QAX@Z
UDataStoreClient,UnregisterDataStore,0x005c5ca0,0x1c5ca0,96,-1,?execUnregisterDataStore@UDataStoreClient@@QAEXAAUFFrame@@QAX@Z
UDataStoreClient,FindPlayerDataStoreIndex,0x005c5d00,0x1c5d00,96,-1,?execFindPlayerDataStoreIndex@UDataStoreClient@@QAEXAAUFFrame@@QAX@Z
UDownloadableContentEnumerator,FindDLC,0x005c5d60,0x1c5d60,53,-1,?execFindDLC@UDownloadableContentEnumerator@@QAEXAAUFFrame@@QAX@Z
UOnlineSubsystem,Init,0x005c5da0,0x1c5da0,58,-1,?execInit@UOnlineSubsystem@@QAEXAAUFFrame@@QAX@Z
UOnlineSubsystem,GetNumSupportedLogins,0x005c5de0,0x1c5de0,53,-1,?execGetNumSupportedLogins@UOnlineSubsystem@@QAEXAAUFFrame@@QAX@Z
UConsole,BuildRuntimeAutoCompleteList,0x005c5e20,0x1c5e20,109,-1,?execBuildRuntimeAutoCompleteList@UConsole@@QAEXAAUFFrame@@QAX@Z
UEngine,OpenContentUnavailableMenu,0x005c5e90,0x1c5e90,53,-1,?execOpenContentUnavailableMenu@UEngine@@QAEXAAUFFrame@@QAX@Z
UUIInteraction,GetPlayerCount,0x005c5ed0,0x1c5ed0,47,-1,?execGetPlayerCount@UUIInteraction@@QAEXAAUFFrame@@QAX@Z
UUIInteraction,GetPlayerIndex,0x005c5f00,0x1c5f00,93,-1,?execGetPlayerIndex@UUIInteraction@@QAEXAAUFFrame@@QAX@Z
UUIInteraction,GetPlayerControllerId,0x005c5f60,0x1c5f60,93,-1,?execGetPlayerControllerId@UUIInteraction@@QAEXAAUFFrame@@QAX@Z
UUIInteraction,GetDataStoreClient,0x005c5fc0,0x1c5fc0,47,-1,?execGetDataStoreClient@UUIInteraction@@QAEXAAUFFrame@@QAX@Z
AGameInfo,DoNavFearCostFallOff,0x005c5ff0,0x1c5ff0,48,-1,?execDoNavFearCostFallOff@AGameInfo@@QAEXAAUFFrame@@QAX@Z
AGameInfo,ForceClearUnpauseDelegates,0x005c6020,0x1c6020,91,-1,?execForceClearUnpauseDelegates@AGameInfo@@QAEXAAUFFrame@@QAX@Z
AGameInfo,GetNextPlayerID,0x005c6080,0x1c6080,53,-1,?execGetNextPlayerID@AGameInfo@@QAEXAAUFFrame@@QAX@Z
AGameInfo,SpawnPlayerController,0x005c60c0,0x1c60c0,175,-1,?execSpawnPlayerController@AGameInfo@@QAEXAAUFFrame@@QAX@Z
AGameInfo,ReduceDamage,0x005c6170,0x1c6170,424,-1,?execReduceDamage@AGameInfo@@QAEXAAUFFrame@@QAX@Z
AGameInfo,SwapPlayerControllers,0x005c6320,0x1c6320,129,-1,?execSwapPlayerControllers@AGameInfo@@QAEXAAUFFrame@@QAX@Z
UUISceneClient,IsUIActive,0x005c63b0,0x1c63b0,108,-1,?execIsUIActive@UUISceneClient@@QAEXAAUFFrame@@QAX@Z
AGameInfo,EnableStandbyCheatDetection,0x005c6420,0x1c6420,107,-1,?execEnableStandbyCheatDetection@AGameInfo@@QAEXAAUFFrame@@QAX@Z
UUISceneClient,GetCanvasToScreen,0x005c6490,0x1c6490,93,-1,?execGetCanvasToScreen@UUISceneClient@@QAEXAAUFFrame@@QAX@Z
UUISceneClient,GetInverseCanvasToScreen,0x005c64f0,0x1c64f0,93,-1,?execGetInverseCanvasToScreen@UUISceneClient@@QAEXAAUFFrame@@QAX@Z
UUIState,IsActiveForPlayer,0x005c6550,0x1c6550,96,-1,?execIsActiveForPlayer@UUIState@@QAEXAAUFFrame@@QAX@Z
UUIState,AddSequenceObject,0x005c65b0,0x1c65b0,152,-1,?execAddSequenceObject@UUIState@@QAEXAAUFFrame@@QAX@Z
UUIState,RemoveSequenceObject,0x005c6650,0x1c6650,91,-1,?execRemoveSequenceObject@UUIState@@QAEXAAUFFrame@@QAX@Z
ARoute,ResolveRouteIndex,0x005c66b0,0x1c66b0,310,-1,?execResolveRouteIndex@ARoute@@QAEXAAUFFrame@@QAX@Z
ARoute,MoveOntoRoutePath,0x005c67f0,0x1c67f0,194,-1,?execMoveOntoRoutePath@ARoute@@QAEXAAUFFrame@@QAX@Z
AWorldInfo,GetNavMeshPathConstraintFromCache,0x005c68c0,0x1c68c0,101,-1,?execGetNavMeshPathConstraintFromCache@AWorldInfo@@QAEXAAUFFrame@@QAX@Z
AWorldInfo,GetNavMeshPathGoalEvaluatorFromCache,0x005c6930,0x1c6930,101,-1,?execGetNavMeshPathGoalEvaluatorFromCache@AWorldInfo@@QAEXAAUFFrame@@QAX@Z
AWorldInfo,GetGlobalGravityZ,0x005c69a0,0x1c69a0,53,-1,?execGetGlobalGravityZ@AWorldInfo@@QAEXAAUFFrame@@QAX@Z
AWorldInfo,GetGameSequence,0x005c69e0,0x1c69e0,53,-1,?execGetGameSequence@AWorldInfo@@QAEXAAUFFrame@@QAX@Z
AWorldInfo,SetLevelRBGravity,0x005c6a20,0x1c6a20,116,-1,?execSetLevelRBGravity@AWorldInfo@@QAEXAAUFFrame@@QAX@Z
AWorldInfo,IsConsoleBuild,0x005c6aa0,0x1c6aa0,100,-1,?execIsConsoleBuild@AWorldInfo@@QAEXAAUFFrame@@QAX@Z
AWorldInfo,IsPlayInEditor,0x005c6b10,0x1c6b10,53,-1,?execIsPlayInEditor@AWorldInfo@@QAEXAAUFFrame@@QAX@Z
AWorldInfo,ForceGarbageCollection,0x005c6b50,0x1c6b50,109,-1,?execForceGarbageCollection@AWorldInfo@@QAEXAAUFFrame@@QAX@Z
AWorldInfo,VerifyNavList,0x005c6bc0,0x1c6bc0,48,-1,?execVerifyNavList@AWorldInfo@@QAEXAAUFFrame@@QAX@Z
AWorldInfo,NotifyMatchStarted,0x005c6bf0,0x1c6bf0,223,-1,?execNotifyMatchStarted@AWorldInfo@@QAEXAAUFFrame@@QAX@Z
AWorldInfo,IsPreparingMapChange,0x005c6cd0,0x1c6cd0,53,-1,?execIsPreparingMapChange@AWorldInfo@@QAEXAAUFFrame@@QAX@Z
AWorldInfo,IsMapChangeReady,0x005c6d10,0x1c6d10,53,-1,?execIsMapChangeReady@AWorldInfo@@QAEXAAUFFrame@@QAX@Z
AWorldInfo,CancelPendingMapChange,0x005c6d50,0x1c6d50,48,-1,?execCancelPendingMapChange@AWorldInfo@@QAEXAAUFFrame@@QAX@Z
AWorldInfo,CommitMapChange,0x005c6d80,0x1c6d80,48,-1,?execCommitMapChange@AWorldInfo@@QAEXAAUFFrame@@QAX@Z
AWorldInfo,IsInSeamlessTravel,0x005c6db0,0x1c6db0,53,-1,?execIsInSeamlessTravel@AWorldInfo@@QAEXAAUFFrame@@QAX@Z
AWorldInfo,SetSeamlessTravelMidpointPause,0x005c6df0,0x1c6df0,102,-1,?execSetSeamlessTravelMidpointPause@AWorldInfo@@QAEXAAUFFrame@@QAX@Z
AWorldInfo,GetMapInfo,0x005c6e60,0x1c6e60,53,-1,?execGetMapInfo@AWorldInfo@@QAEXAAUFFrame@@QAX@Z
AWorldInfo,SetMapInfo,0x005c6ea0,0x1c6ea0,91,-1,?execSetMapInfo@AWorldInfo@@QAEXAAUFFrame@@QAX@Z
AWorldInfo,GetDetailMode,0x005c6f00,0x1c6f00,53,-1,?execGetDetailMode@AWorldInfo@@QAEXAAUFFrame@@QAX@Z
AWorldInfo,DoMemoryTracking,0x005c6f40,0x1c6f40,48,-1,?execDoMemoryTracking@AWorldInfo@@QAEXAAUFFrame@@QAX@Z
AWorldInfo,GetWorldFractureSettings,0x005c6f70,0x1c6f70,71,-1,?execGetWorldFractureSettings@AWorldInfo@@QAEXAAUFFrame@@QAX@Z
UUIDataProvider_PlayerAchievements,GetTotalGamerScore,0x005c6fc0,0x1c6fc0,53,-1,?execGetTotalGamerScore@UUIDataProvider_PlayerAchievements@@QAEXAAUFFrame@@QAX@Z
UUIDataProvider_PlayerAchievements,GetMaxTotalGamerScore,0x005c7000,0x1c7000,53,-1,?execGetMaxTotalGamerScore@UUIDataProvider_PlayerAchievements@@QAEXAAUFFrame@@QAX@Z
UUIDataStore_DynamicResource,FindProviderTypeIndex,0x005c7040,0x1c7040,109,-1,?execFindProviderTypeIndex@UUIDataStore_DynamicResource@@QAEXAAUFFrame@@QAX@Z
UUIDataStore_DynamicResource,GenerateProviderAccessTag,0x005c70b0,0x1c70b0,148,-1,?execGenerateProviderAccessTag@UUIDataStore_DynamicResource@@QAEXAAUFFrame@@QAX@Z
ANavigationPoint,IsOnDifferentNetwork,0x005c7150,0x1c7150,96,-1,?execIsOnDifferentNetwork@ANavigationPoint@@QAEXAAUFFrame@@QAX@Z
UUIDataStore_DynamicResource,OnLoginChange,0x005c71b0,0x1c71b0,88,-1,?execOnLoginChange@UUIDataStore_DynamicResource@@QAEXAAUFFrame@@QAX@Z
UUIDataStore_GameResource,FindProviderTypeIndex,0x005c7210,0x1c7210,109,-1,?execFindProviderTypeIndex@UUIDataStore_GameResource@@QAEXAAUFFrame@@QAX@Z
UUIDataStore_GameResource,GenerateProviderAccessTag,0x005c7280,0x1c7280,148,-1,?execGenerateProviderAccessTag@UUIDataStore_GameResource@@QAEXAAUFFrame@@QAX@Z
UUIDataStore_DynamicResource,GetProviderCount,0x005c7320,0x1c7320,114,-1,?execGetProviderCount@UUIDataStore_DynamicResource@@QAEXAAUFFrame@@QAX@Z
UUIDataStore_MenuItems,ClearSet,0x005c73a0,0x1c73a0,109,-1,?execClearSet@UUIDataStore_MenuItems@@QAEXAAUFFrame@@QAX@Z
UUIDataStore_MenuItems,AppendToSet,0x005c7410,0x1c7410,147,-1,?execAppendToSet@UUIDataStore_MenuItems@@QAEXAAUFFrame@@QAX@Z
UUIDataStore_OnlinePlayerData,OnSettingProviderChanged,0x005c74b0,0x1c74b0,149,-1,?execOnSettingProviderChanged@UUIDataStore_OnlinePlayerData@@QAEXAAUFFrame@@QAX@Z
APortalTeleporter,TransformActor,0x005c7550,0x1c7550,96,-1,?execTransformActor@APortalTeleporter@@QAEXAAUFFrame@@QAX@Z
APortalTeleporter,TransformVectorDir,0x005c75b0,0x1c75b0,139,-1,?execTransformVectorDir@APortalTeleporter@@QAEXAAUFFrame@@QAX@Z
APortalTeleporter,TransformHitLocation,0x005c7640,0x1c7640,139,-1,?execTransformHitLocation@APortalTeleporter@@QAEXAAUFFrame@@QAX@Z
APortalTeleporter,CreatePortalTexture,0x005c76d0,0x1c76d0,53,-1,?execCreatePortalTexture@APortalTeleporter@@QAEXAAUFFrame@@QAX@Z
UUIDataStore_InputAlias,GetAliasInputKeyName,0x005c7710,0x1c7710,163,-1,?execGetAliasInputKeyName@UUIDataStore_InputAlias@@QAEXAAUFFrame@@QAX@Z
UUIDataStore_InputAlias,GetAliasInputKeyNameByIndex,0x005c77c0,0x1c77c0,152,-1,?execGetAliasInputKeyNameByIndex@UUIDataStore_InputAlias@@QAEXAAUFFrame@@QAX@Z
UUIDataStore_InputAlias,GetAliasInputKeyData,0x005c7860,0x1c7860,232,-1,?execGetAliasInputKeyData@UUIDataStore_InputAlias@@QAEXAAUFFrame@@QAX@Z
UUIDataStore_InputAlias,GetAliasInputKeyDataByIndex,0x005c7950,0x1c7950,221,-1,?execGetAliasInputKeyDataByIndex@UUIDataStore_InputAlias@@QAEXAAUFFrame@@QAX@Z
UUIDataStore_InputAlias,FindInputAliasIndex,0x005c7a30,0x1c7a30,109,-1,?execFindInputAliasIndex@UUIDataStore_InputAlias@@QAEXAAUFFrame@@QAX@Z
UUIDataStore_InputAlias,HasAliasMappingForPlatform,0x005c7aa0,0x1c7aa0,144,-1,?execHasAliasMappingForPlatform@UUIDataStore_InputAlias@@QAEXAAUFFrame@@QAX@Z
UUIDataStore_StringAliasMap,GetPlayerOwner,0x005c7b30,0x1c7b30,53,-1,?execGetPlayerOwner@UUIDataStore_StringAliasMap@@QAEXAAUFFrame@@QAX@Z
UUIDynamicFieldProvider,RemoveField,0x005c7b70,0x1c7b70,114,-1,?execRemoveField@UUIDynamicFieldProvider@@QAEXAAUFFrame@@QAX@Z
UUIDynamicFieldProvider,FindFieldIndex,0x005c7bf0,0x1c7bf0,170,-1,?execFindFieldIndex@UUIDynamicFieldProvider@@QAEXAAUFFrame@@QAX@Z
UUIDynamicFieldProvider,ClearFields,0x005c7ca0,0x1c7ca0,119,-1,?execClearFields@UUIDynamicFieldProvider@@QAEXAAUFFrame@@QAX@Z
URB_Handle,ReleaseComponent,0x005c7d20,0x1c7d20,53,-1,?execReleaseComponent@URB_Handle@@QAEXAAUFFrame@@QAX@Z
USpriteComponent,SetSprite,0x005c7d60,0x1c7d60,96,-1,?execSetSprite@USpriteComponent@@QAEXAAUFFrame@@QAX@Z
USpriteComponent,SetUV,0x005c7dc0,0x1c7dc0,199,-1,?execSetUV@USpriteComponent@@QAEXAAUFFrame@@QAX@Z
USpriteComponent,SetSpriteAndUV,0x005c7e90,0x1c7e90,233,-1,?execSetSpriteAndUV@USpriteComponent@@QAEXAAUFFrame@@QAX@Z
URadialBlurComponent,SetMaterial,0x005c7f80,0x1c7f80,96,-1,?execSetMaterial@URadialBlurComponent@@QAEXAAUFFrame@@QAX@Z
URadialBlurComponent,SetBlurScale,0x005c7fe0,0x1c7fe0,100,-1,?execSetBlurScale@URadialBlurComponent@@QAEXAAUFFrame@@QAX@Z
URadialBlurComponent,SetBlurFalloffExponent,0x005c8050,0x1c8050,100,-1,?execSetBlurFalloffExponent@URadialBlurComponent@@QAEXAAUFFrame@@QAX@Z
URadialBlurComponent,SetBlurOpacity,0x005c80c0,0x1c80c0,100,-1,?execSetBlurOpacity@URadialBlurComponent@@QAEXAAUFFrame@@QAX@Z
URadialBlurComponent,SetEnabled,0x005c8130,0x1c8130,107,-1,?execSetEnabled@URadialBlurComponent@@QAEXAAUFFrame@@QAX@Z
UUIDynamicFieldProvider,RemoveCollectionValueByIndex,0x005c81a0,0x1c81a0,243,-1,?execRemoveCollectionValueByIndex@UUIDynamicFieldProvider@@QAEXAAUFFrame@@QAX@Z
USceneCaptureComponent,SetFrameRate,0x005c82a0,0x1c82a0,95,-1,?execSetFrameRate@USceneCaptureComponent@@QAEXAAUFFrame@@QAX@Z
UUIDynamicFieldProvider,ClearCollectionValueArray,0x005c8300,0x1c8300,209,-1,?execClearCollectionValueArray@UUIDynamicFieldProvider@@QAEXAAUFFrame@@QAX@Z
USceneCapture2DComponent,SetView,0x005c83e0,0x1c83e0,165,-1,?execSetView@USceneCapture2DComponent@@QAEXAAUFFrame@@QAX@Z
UUIDynamicDataProvider,BindProviderInstance,0x005c8490,0x1c8490,96,-1,?execBindProviderInstance@UUIDynamicDataProvider@@QAEXAAUFFrame@@QAX@Z
UUIDynamicDataProvider,UnbindProviderInstance,0x005c84f0,0x1c84f0,53,-1,?execUnbindProviderInstance@UUIDynamicDataProvider@@QAEXAAUFFrame@@QAX@Z
UDisFogComponent,SetEnabled,0x005c8530,0x1c8530,102,-1,?execSetEnabled@UDisFogComponent@@QAEXAAUFFrame@@QAX@Z
UUIDataProvider_MenuItem,IsFiltered,0x005c85a0,0x1c85a0,58,-1,?execIsFiltered@UUIDataProvider_MenuItem@@QAEXAAUFFrame@@QAX@Z
UGameUISceneClient,RequestInputProcessingUpdate,0x005c85e0,0x1c85e0,48,-1,?execRequestInputProcessingUpdate@UGameUISceneClient@@QAEXAAUFFrame@@QAX@Z
UGameUISceneClient,CanUnpauseInternalUI,0x005c8610,0x1c8610,53,-1,?execCanUnpauseInternalUI@UGameUISceneClient@@QAEXAAUFFrame@@QAX@Z
UUIScreenObject,IsVisible,0x005c8650,0x1c8650,114,-1,?execIsVisible@UUIScreenObject@@QAEXAAUFFrame@@QAX@Z
UUIScreenObject,IsHidden,0x005c86d0,0x1c86d0,114,-1,?execIsHidden@UUIScreenObject@@QAEXAAUFFrame@@QAX@Z
UUIScreenObject,SetZDepth,0x005c8750,0x1c8750,151,-1,?execSetZDepth@UUIScreenObject@@QAEXAAUFFrame@@QAX@Z
UUIScreenObject,CreatePlayerData,0x005c87f0,0x1c87f0,134,-1,?execCreatePlayerData@UUIScreenObject@@QAEXAAUFFrame@@QAX@Z
UUIScreenObject,RemovePlayerData,0x005c8880,0x1c8880,134,-1,?execRemovePlayerData@UUIScreenObject@@QAEXAAUFFrame@@QAX@Z
UEngine,OpenPauseMenu,0x005c8910,0x1c8910,53,-1,?execOpenPauseMenu@UEngine@@QAEXAAUFFrame@@QAX@Z
UUIScreenObject,GetPlayerOwner,0x005c8950,0x1c8950,103,-1,?execGetPlayerOwner@UUIScreenObject@@QAEXAAUFFrame@@QAX@Z
UUIScreenObject,FindChildIndex,0x005c89c0,0x1c89c0,109,-1,?execFindChildIndex@UUIScreenObject@@QAEXAAUFFrame@@QAX@Z
UUIScreenObject,RequestSceneInputMaskUpdate,0x005c8a30,0x1c8a30,53,-1,?execRequestSceneInputMaskUpdate@UUIScreenObject@@QAEXAAUFFrame@@QAX@Z
UUIScreenObject,GetViewportScale,0x005c8a70,0x1c8a70,53,-1,?execGetViewportScale@UUIScreenObject@@QAEXAAUFFrame@@QAX@Z
UUIScreenObject,GetViewportOffset,0x005c8ab0,0x1c8ab0,141,-1,?execGetViewportOffset@UUIScreenObject@@QAEXAAUFFrame@@QAX@Z
UUIScreenObject,GetViewportWidth,0x005c8b40,0x1c8b40,53,-1,?execGetViewportWidth@UUIScreenObject@@QAEXAAUFFrame@@QAX@Z
UUIScreenObject,GetAspectRatio,0x005c8b80,0x1c8b80,53,-1,?execGetAspectRatio@UUIScreenObject@@QAEXAAUFFrame@@QAX@Z
UUIScreenObject,SetEnabled,0x005c8bc0,0x1c8bc0,160,-1,?execSetEnabled@UUIScreenObject@@QAEXAAUFFrame@@QAX@Z
UUIScreenObject,GetCurrentState,0x005c8c60,0x1c8c60,103,-1,?execGetCurrentState@UUIScreenObject@@QAEXAAUFFrame@@QAX@Z
UUIScreenObject,ActivateState,0x005c8cd0,0x1c8cd0,139,-1,?execActivateState@UUIScreenObject@@QAEXAAUFFrame@@QAX@Z
UUIScreenObject,DeactivateState,0x005c8d60,0x1c8d60,139,-1,?execDeactivateState@UUIScreenObject@@QAEXAAUFFrame@@QAX@Z
UUIScreenObject,ConditionalPropagateEnabledState,0x005c8df0,0x1c8df0,157,-1,?execConditionalPropagateEnabledState@UUIScreenObject@@QAEXAAUFFrame@@QAX@Z
UUIScreenObject,IsHoldingCtrl,0x005c8e90,0x1c8e90,101,-1,?execIsHoldingCtrl@UUIScreenObject@@QAEXAAUFFrame@@QAX@Z
UAnimNotify_Trails,GetNumSteps,0x005c8f00,0x1c8f00,101,-1,?execGetNumSteps@UAnimNotify_Trails@@QAEXAAUFFrame@@QAX@Z
UUIScreenObject,FocusFirstControl,0x005c8f70,0x1c8f70,149,-1,?execFocusFirstControl@UUIScreenObject@@QAEXAAUFFrame@@QAX@Z
UUIScreenObject,FocusLastControl,0x005c9010,0x1c9010,149,-1,?execFocusLastControl@UUIScreenObject@@QAEXAAUFFrame@@QAX@Z
UUIScreenObject,NextControl,0x005c90b0,0x1c90b0,149,-1,?execNextControl@UUIScreenObject@@QAEXAAUFFrame@@QAX@Z
UUIScreenObject,PrevControl,0x005c9150,0x1c9150,149,-1,?execPrevControl@UUIScreenObject@@QAEXAAUFFrame@@QAX@Z
UUIScreenObject,IsNeverFocused,0x005c91f0,0x1c91f0,53,-1,?execIsNeverFocused@UUIScreenObject@@QAEXAAUFFrame@@QAX@Z
UUIScreenObject,CanAcceptFocus,0x005c9230,0x1c9230,167,-1,?execCanAcceptFocus@UUIScreenObject@@QAEXAAUFFrame@@QAX@Z
UUIScreenObject,SetFocus,0x005c92e0,0x1c92e0,149,-1,?execSetFocus@UUIScreenObject@@QAEXAAUFFrame@@QAX@Z
UUIScreenObject,KillFocus,0x005c9380,0x1c9380,149,-1,?execKillFocus@UUIScreenObject@@QAEXAAUFFrame@@QAX@Z
UUIScreenObject,AcceptsPlayerInput,0x005c9420,0x1c9420,96,-1,?execAcceptsPlayerInput@UUIScreenObject@@QAEXAAUFFrame@@QAX@Z
UUIScreenObject,GetInputMask,0x005c9480,0x1c9480,175,-1,?execGetInputMask@UUIScreenObject@@QAEXAAUFFrame@@QAX@Z
UUIScreenObject,SetInputMask,0x005c9530,0x1c9530,207,-1,?execSetInputMask@UUIScreenObject@@QAEXAAUFFrame@@QAX@Z
UUIScreenObject,GetSupportedPlayerCount,0x005c9600,0x1c9600,53,-1,?execGetSupportedPlayerCount@UUIScreenObject@@QAEXAAUFFrame@@QAX@Z
UUIScreenObject,GetBestControllerId,0x005c9640,0x1c9640,53,-1,?execGetBestControllerId@UUIScreenObject@@QAEXAAUFFrame@@QAX@Z
UUIScreenObject,GetPlayerOwnerIndex,0x005c9680,0x1c9680,114,-1,?execGetPlayerOwnerIndex@UUIScreenObject@@QAEXAAUFFrame@@QAX@Z
UUIScreenObject,InvalidateAllPositions,0x005c9700,0x1c9700,109,-1,?execInvalidateAllPositions@UUIScreenObject@@QAEXAAUFFrame@@QAX@Z
UUIScreenObject,GetPositionVector,0x005c9770,0x1c9770,134,-1,?execGetPositionVector@UUIScreenObject@@QAEXAAUFFrame@@QAX@Z
UUIScreenObject,Project,0x005c9800,0x1c9800,158,-1,?execProject@UUIScreenObject@@QAEXAAUFFrame@@QAX@Z
UUIScreenObject,DeProject,0x005c98a0,0x1c98a0,158,-1,?execDeProject@UUIScreenObject@@QAEXAAUFFrame@@QAX@Z
UUIScreenObject,ScreenToPixel,0x005c9940,0x1c9940,205,-1,?execScreenToPixel@UUIScreenObject@@QAEXAAUFFrame@@QAX@Z
UUIScreenObject,ScreenToCanvas,0x005c9a10,0x1c9a10,211,-1,?execScreenToCanvas@UUIScreenObject@@QAEXAAUFFrame@@QAX@Z
UUIScreenObject,PixelToCanvas,0x005c9af0,0x1c9af0,158,-1,?execPixelToCanvas@UUIScreenObject@@QAEXAAUFFrame@@QAX@Z
UUIScreenObject,GetCanvasToScreen,0x005c9b90,0x1c9b90,93,-1,?execGetCanvasToScreen@UUIScreenObject@@QAEXAAUFFrame@@QAX@Z
UUIScreenObject,GetAspectRatioAutoScaleFactor,0x005c9bf0,0x1c9bf0,103,-1,?execGetAspectRatioAutoScaleFactor@UUIScreenObject@@QAEXAAUFFrame@@QAX@Z
UCheatManager,SetTargetedActor,0x005c9c60,0x1c9c60,96,-1,?execSetTargetedActor@UCheatManager@@QAEXAAUFFrame@@QAX@Z
UCheatManager,LogPlaySoundCalls,0x005c9cc0,0x1c9cc0,107,-1,?execLogPlaySoundCalls@UCheatManager@@QAEXAAUFFrame@@QAX@Z
UCheatManager,LogParticleActivateSystemCalls,0x005c9d30,0x1c9d30,107,-1,?execLogParticleActivateSystemCalls@UCheatManager@@QAEXAAUFFrame@@QAX@Z
UCheatManager,VerifyNavMeshObjects,0x005c9da0,0x1c9da0,53,-1,?execVerifyNavMeshObjects@UCheatManager@@QAEXAAUFFrame@@QAX@Z
AActor,SuggestTossVelocity,0x005ca250,0x1ca250,586,-1,?execSuggestTossVelocity@AActor@@QAEXAAUFFrame@@QAX@Z
AController,LineOfSightTo,0x005ca4a0,0x1ca4a0,302,514,?execLineOfSightTo@AController@@QAEXAAUFFrame@@QAX@Z
UFaceFXAsset,MountFaceFXAnimSet,0x005caa20,0x1caa20,91,-1,?execMountFaceFXAnimSet@UFaceFXAsset@@QAEXAAUFFrame@@QAX@Z
UFaceFXAsset,UnmountFaceFXAnimSet,0x005caa80,0x1caa80,91,-1,?execUnmountFaceFXAnimSet@UFaceFXAsset@@QAEXAAUFFrame@@QAX@Z
UFont,GetResolutionPageIndex,0x005caae0,0x1caae0,105,-1,?execGetResolutionPageIndex@UFont@@QAEXAAUFFrame@@QAX@Z
UFont,GetScalingFactor,0x005cab50,0x1cab50,105,-1,?execGetScalingFactor@UFont@@QAEXAAUFFrame@@QAX@Z
UFont,GetAuthoredViewportHeight,0x005cabe0,0x1cabe0,105,-1,?execGetAuthoredViewportHeight@UFont@@QAEXAAUFFrame@@QAX@Z
AActor,GetTerminalVelocity,0x005caca0,0x1caca0,58,-1,?execGetTerminalVelocity@AActor@@QAEXAAUFFrame@@QAX@Z
UMultiFont,GetResolutionTestTableIndex,0x005cb050,0x1cb050,105,-1,?execGetResolutionTestTableIndex@UMultiFont@@QAEXAAUFFrame@@QAX@Z
UGameViewportClient,GetViewportSize,0x005cb420,0x1cb420,136,-1,?execGetViewportSize@UGameViewportClient@@QAEXAAUFFrame@@QAX@Z
UGameViewportClient,IsFullScreenViewport,0x005cb4d0,0x1cb4d0,53,-1,?execIsFullScreenViewport@UGameViewportClient@@QAEXAAUFFrame@@QAX@Z
UGameViewportClient,ShouldForceFullscreenViewport,0x005cb510,0x1cb510,53,-1,?execShouldForceFullscreenViewport@UGameViewportClient@@QAEXAAUFFrame@@QAX@Z
ULocalPlayer,RemovePostProcessingChain,0x005cb590,0x1cb590,101,-1,?execRemovePostProcessingChain@ULocalPlayer@@QAEXAAUFFrame@@QAX@Z
UGameViewportClient,GetPlayerOwner,0x005cb620,0x1cb620,96,-1,?execGetPlayerOwner@UGameViewportClient@@QAEXAAUFFrame@@QAX@Z
UGameViewportClient,FixupOwnerReferences,0x005cb680,0x1cb680,48,-1,?execFixupOwnerReferences@UGameViewportClient@@QAEXAAUFFrame@@QAX@Z
UGameViewportClient,DebugSetUISystemEnabled,0x005cb6d0,0x1cb6d0,156,-1,?execDebugSetUISystemEnabled@UGameViewportClient@@QAEXAAUFFrame@@QAX@Z
UOnlineStats,GetViewName,0x005cbd60,0x1cbd60,115,-1,?execGetViewName@UOnlineStats@@QAEXAAUFFrame@@QAX@Z
UOnlinePlayerStorage,FindProfileSettingIndex,0x005cbde0,0x1cbde0,96,-1,?execFindProfileSettingIndex@UOnlinePlayerStorage@@QAEXAAUFFrame@@QAX@Z
UOnlinePlayerStorage,FindProfileMappingIndex,0x005cbe40,0x1cbe40,96,-1,?execFindProfileMappingIndex@UOnlinePlayerStorage@@QAEXAAUFFrame@@QAX@Z
UOnlinePlayerStorage,FindDefaultProfileMappingIndexByName,0x005cbea0,0x1cbea0,109,-1,?execFindDefaultProfileMappingIndexByName@UOnlinePlayerStorage@@QAEXAAUFFrame@@QAX@Z
UOnlinePlayerStorage,IsProfileSettingIdMapped,0x005cbf10,0x1cbf10,101,-1,?execIsProfileSettingIdMapped@UOnlinePlayerStorage@@QAEXAAUFFrame@@QAX@Z
UOnlinePlayerStorage,GetProfileSettingValueName,0x005cbf80,0x1cbf80,115,-1,?execGetProfileSettingValueName@UOnlinePlayerStorage@@QAEXAAUFFrame@@QAX@Z
UOnlinePlayerStorage,GetProfileSettingValueId,0x005cc000,0x1cc000,290,-1,?execGetProfileSettingValueId@UOnlinePlayerStorage@@QAEXAAUFFrame@@QAX@Z
UOnlinePlayerStorage,GetProfileSettingValueFromListIndex,0x005cc130,0x1cc130,223,-1,?execGetProfileSettingValueFromListIndex@UOnlinePlayerStorage@@QAEXAAUFFrame@@QAX@Z
UOnlinePlayerStorage,GetProfileSettingValueInt,0x005cc210,0x1cc210,198,-1,?execGetProfileSettingValueInt@UOnlinePlayerStorage@@QAEXAAUFFrame@@QAX@Z
UOnlinePlayerStorage,GetProfileSettingValueFloat,0x005cc2e0,0x1cc2e0,199,-1,?execGetProfileSettingValueFloat@UOnlinePlayerStorage@@QAEXAAUFFrame@@QAX@Z
UOnlinePlayerStorage,SetProfileSettingValueId,0x005cc400,0x1cc400,139,-1,?execSetProfileSettingValueId@UOnlinePlayerStorage@@QAEXAAUFFrame@@QAX@Z
UOnlinePlayerStorage,SetProfileSettingValueInt,0x005cc890,0x1cc890,139,-1,?execSetProfileSettingValueInt@UOnlinePlayerStorage@@QAEXAAUFFrame@@QAX@Z
UOnlinePlayerStorage,SetProfileSettingValueFloat,0x005cc920,0x1cc920,143,-1,?execSetProfileSettingValueFloat@UOnlinePlayerStorage@@QAEXAAUFFrame@@QAX@Z
UOnlinePlayerStorage,GetProfileSettingMappingType,0x005cc9b0,0x1cc9b0,195,-1,?execGetProfileSettingMappingType@UOnlinePlayerStorage@@QAEXAAUFFrame@@QAX@Z
UOnlinePlayerStorage,GetProfileSettingRange,0x005cca80,0x1cca80,457,-1,?execGetProfileSettingRange@UOnlinePlayerStorage@@QAEXAAUFFrame@@QAX@Z
UOnlinePlayerStorage,SetRangedProfileSettingValue,0x005cccf0,0x1cccf0,143,-1,?execSetRangedProfileSettingValue@UOnlinePlayerStorage@@QAEXAAUFFrame@@QAX@Z
UOnlinePlayerStorage,SetRangedProfileSettingValueFloat,0x005ccec0,0x1ccec0,143,-1,?execSetRangedProfileSettingValueFloat@UOnlinePlayerStorage@@QAEXAAUFFrame@@QAX@Z
UOnlinePlayerStorage,SetRangedProfileSettingValueInt,0x005ccf50,0x1ccf50,139,-1,?execSetRangedProfileSettingValueInt@UOnlinePlayerStorage@@QAEXAAUFFrame@@QAX@Z
UOnlinePlayerStorage,GetRangedProfileSettingValue,0x005cd040,0x1cd040,199,-1,?execGetRangedProfileSettingValue@UOnlinePlayerStorage@@QAEXAAUFFrame@@QAX@Z
UOnlinePlayerStorage,GetRangedProfileSettingValueFloat,0x005cd110,0x1cd110,199,-1,?execGetRangedProfileSettingValueFloat@UOnlinePlayerStorage@@QAEXAAUFFrame@@QAX@Z
UOnlinePlayerStorage,GetRangedProfileSettingValueInt,0x005cd210,0x1cd210,198,-1,?execGetRangedProfileSettingValueInt@UOnlinePlayerStorage@@QAEXAAUFFrame@@QAX@Z
UOnlinePlayerStorage,AddSettingInt,0x005cd2e0,0x1cd2e0,96,-1,?execAddSettingInt@UOnlinePlayerStorage@@QAEXAAUFFrame@@QAX@Z
UOnlinePlayerStorage,AddSettingFloat,0x005cd340,0x1cd340,96,-1,?execAddSettingFloat@UOnlinePlayerStorage@@QAEXAAUFFrame@@QAX@Z
UOnlinePlayerStorage,SetToDefaults,0x005cd3a0,0x1cd3a0,53,-1,?execSetToDefaults@UOnlinePlayerStorage@@QAEXAAUFFrame@@QAX@Z
UOnlinePlayerStorage,AppendVersionToSettings,0x005cd3e0,0x1cd3e0,53,-1,?execAppendVersionToSettings@UOnlinePlayerStorage@@QAEXAAUFFrame@@QAX@Z
UOnlinePlayerStorage,GetVersionNumber,0x005cd420,0x1cd420,58,-1,?execGetVersionNumber@UOnlinePlayerStorage@@QAEXAAUFFrame@@QAX@Z
UOnlinePlayerStorage,SetDefaultVersionNumber,0x005cd460,0x1cd460,53,-1,?execSetDefaultVersionNumber@UOnlinePlayerStorage@@QAEXAAUFFrame@@QAX@Z
UOnlineProfileSettings,GetProfileSettingDefaultId,0x005cd6c0,0x1cd6c0,269,-1,?execGetProfileSettingDefaultId@UOnlineProfileSettings@@QAEXAAUFFrame@@QAX@Z
UOnlineProfileSettings,GetProfileSettingDefaultInt,0x005cd7e0,0x1cd7e0,198,-1,?execGetProfileSettingDefaultInt@UOnlineProfileSettings@@QAEXAAUFFrame@@QAX@Z
UOnlineProfileSettings,GetProfileSettingDefaultFloat,0x005cd8f0,0x1cd8f0,199,-1,?execGetProfileSettingDefaultFloat@UOnlineProfileSettings@@QAEXAAUFFrame@@QAX@Z
UOnlineProfileSettings,AppendVersionToReadIds,0x005cd9c0,0x1cd9c0,53,-1,?execAppendVersionToReadIds@UOnlineProfileSettings@@QAEXAAUFFrame@@QAX@Z
UOnlinePlayerStorage,GetProfileSettingId,0x005cda80,0x1cda80,196,-1,?execGetProfileSettingId@UOnlinePlayerStorage@@QAEXAAUFFrame@@QAX@Z
UOnlineStatsRead,GetIntStatValueForPlayer,0x005cde10,0x1cde10,241,-1,?execGetIntStatValueForPlayer@UOnlineStatsRead@@QAEXAAUFFrame@@QAX@Z
UOnlineStatsRead,SetIntStatValueForPlayer,0x005cdfb0,0x1cdfb0,184,-1,?execSetIntStatValueForPlayer@UOnlineStatsRead@@QAEXAAUFFrame@@QAX@Z
UOnlineStatsRead,GetFloatStatValueForPlayer,0x005ce070,0x1ce070,242,-1,?execGetFloatStatValueForPlayer@UOnlineStatsRead@@QAEXAAUFFrame@@QAX@Z
UOnlineStatsRead,SetFloatStatValueForPlayer,0x005ce170,0x1ce170,188,-1,?execSetFloatStatValueForPlayer@UOnlineStatsRead@@QAEXAAUFFrame@@QAX@Z
UOnlineStatsRead,GetRankForPlayer,0x005ce230,0x1ce230,108,-1,?execGetRankForPlayer@UOnlineStatsRead@@QAEXAAUFFrame@@QAX@Z
UOnlineStatsWrite,GetStatId,0x005ce2a0,0x1ce2a0,196,-1,?execGetStatId@UOnlineStatsWrite@@QAEXAAUFFrame@@QAX@Z
UOnlineStatsWrite,GetStatName,0x005ce370,0x1ce370,115,-1,?execGetStatName@UOnlineStatsWrite@@QAEXAAUFFrame@@QAX@Z
UOnlineStatsWrite,SetFloatStat,0x005ce3f0,0x1ce3f0,138,-1,?execSetFloatStat@UOnlineStatsWrite@@QAEXAAUFFrame@@QAX@Z
UOnlineStatsWrite,SetIntStat,0x005ce480,0x1ce480,134,-1,?execSetIntStat@UOnlineStatsWrite@@QAEXAAUFFrame@@QAX@Z
UOnlineStatsWrite,IncrementFloatStat,0x005ce510,0x1ce510,150,-1,?execIncrementFloatStat@UOnlineStatsWrite@@QAEXAAUFFrame@@QAX@Z
UOnlineStatsWrite,IncrementIntStat,0x005ce5b0,0x1ce5b0,141,-1,?execIncrementIntStat@UOnlineStatsWrite@@QAEXAAUFFrame@@QAX@Z
UOnlineStatsWrite,DecrementFloatStat,0x005ce640,0x1ce640,150,-1,?execDecrementFloatStat@UOnlineStatsWrite@@QAEXAAUFFrame@@QAX@Z
UOnlineStatsWrite,DecrementIntStat,0x005ce6e0,0x1ce6e0,141,-1,?execDecrementIntStat@UOnlineStatsWrite@@QAEXAAUFFrame@@QAX@Z
ULocalPlayer,GetActorVisibility,0x005ce8c0,0x1ce8c0,96,-1,?execGetActorVisibility@ULocalPlayer@@QAEXAAUFFrame@@QAX@Z
AFileWriter,CloseFile,0x005ce920,0x1ce920,48,-1,?execCloseFile@AFileWriter@@QAEXAAUFFrame@@QAX@Z
ULocalPlayer,GetTranslationContext,0x005ce950,0x1ce950,53,-1,?execGetTranslationContext@ULocalPlayer@@QAEXAAUFFrame@@QAX@Z
ULocalPlayer,InsertPostProcessingChain,0x005ce990,0x1ce990,190,-1,?execInsertPostProcessingChain@ULocalPlayer@@QAEXAAUFFrame@@QAX@Z
ULocalPlayer,RemoveAllPostProcessingChains,0x005cea50,0x1cea50,58,-1,?execRemoveAllPostProcessingChains@ULocalPlayer@@QAEXAAUFFrame@@QAX@Z
ULocalPlayer,GetPostProcessChain,0x005cea90,0x1cea90,101,-1,?execGetPostProcessChain@ULocalPlayer@@QAEXAAUFFrame@@QAX@Z
ULocalPlayer,DeProject,0x005ceb00,0x1ceb00,259,-1,?execDeProject@ULocalPlayer@@QAEXAAUFFrame@@QAX@Z
UMaterialInterface,GetFontParameterValue,0x005cec90,0x1cec90,276,-1,?execGetFontParameterValue@UMaterialInterface@@QAEXAAUFFrame@@QAX@Z
UMaterialInterface,GetScalarParameterValue,0x005cedb0,0x1cedb0,210,-1,?execGetScalarParameterValue@UMaterialInterface@@QAEXAAUFFrame@@QAX@Z
UMaterialInterface,GetTextureParameterValue,0x005ceeb0,0x1ceeb0,196,-1,?execGetTextureParameterValue@UMaterialInterface@@QAEXAAUFFrame@@QAX@Z
UMaterialInterface,GetVectorParameterValue,0x005cefa0,0x1cefa0,202,-1,?execGetVectorParameterValue@UMaterialInterface@@QAEXAAUFFrame@@QAX@Z
UMaterialInterface,SetForceMipLevelsToBeResident,0x005cf090,0x1cf090,245,-1,?execSetForceMipLevelsToBeResident@UMaterialInterface@@QAEXAAUFFrame@@QAX@Z
UMaterialInstance,SetVectorParameterValue,0x005cf1b0,0x1cf1b0,197,-1,?execSetVectorParameterValue@UMaterialInstance@@QAEXAAUFFrame@@QAX@Z
UMaterialInstance,SetScalarParameterValue,0x005cf280,0x1cf280,151,-1,?execSetScalarParameterValue@UMaterialInstance@@QAEXAAUFFrame@@QAX@Z
UMaterialInstance,SetTextureParameterValue,0x005cf320,0x1cf320,147,-1,?execSetTextureParameterValue@UMaterialInstance@@QAEXAAUFFrame@@QAX@Z
UMaterialInstance,SetFontParameterValue,0x005cf3c0,0x1cf3c0,172,-1,?execSetFontParameterValue@UMaterialInstance@@QAEXAAUFFrame@@QAX@Z
UMaterialInstance,IsInMapOrTransientPackage,0x005cf470,0x1cf470,58,-1,?execIsInMapOrTransientPackage@UMaterialInstance@@QAEXAAUFFrame@@QAX@Z
UTranslationContext,RegisterTranslatorTag,0x005cf4b0,0x1cf4b0,101,-1,?execRegisterTranslatorTag@UTranslationContext@@QAEXAAUFFrame@@QAX@Z
UMaterialInstanceTimeVarying,SetScalarStartTime,0x005cf520,0x1cf520,151,-1,?execSetScalarStartTime@UMaterialInstanceTimeVarying@@QAEXAAUFFrame@@QAX@Z
UMaterialInstanceTimeVarying,SetDuration,0x005cf5c0,0x1cf5c0,100,-1,?execSetDuration@UMaterialInstanceTimeVarying@@QAEXAAUFFrame@@QAX@Z
UUIManager,CanUnpauseInternalUI,0x005cf630,0x1cf630,53,-1,?execCanUnpauseInternalUI@UUIManager@@QAEXAAUFFrame@@QAX@Z
UMaterialInstanceTimeVarying,SetVectorStartTime,0x005cf670,0x1cf670,151,-1,?execSetVectorStartTime@UMaterialInstanceTimeVarying@@QAEXAAUFFrame@@QAX@Z
UMaterialInstanceTimeVarying,GetMaxDurationFromAllParameters,0x005cf710,0x1cf710,58,-1,?execGetMaxDurationFromAllParameters@UMaterialInstanceTimeVarying@@QAEXAAUFFrame@@QAX@Z
UTexture2D,SetForceMipLevelsToBeResident,0x005cf750,0x1cf750,140,-1,?execSetForceMipLevelsToBeResident@UTexture2D@@QAEXAAUFFrame@@QAX@Z
UTextureFlipBook,SetCurrentFrame,0x005cf7e0,0x1cf7e0,134,-1,?execSetCurrentFrame@UTextureFlipBook@@QAEXAAUFFrame@@QAX@Z
UTexture2DComposite,SourceTexturesFullyStreamedIn,0x005cf870,0x1cf870,53,-1,?execSourceTexturesFullyStreamedIn@UTexture2DComposite@@QAEXAAUFFrame@@QAX@Z
UTexture2DComposite,UpdateCompositeTexture,0x005cf8b0,0x1cf8b0,91,-1,?execUpdateCompositeTexture@UTexture2DComposite@@QAEXAAUFFrame@@QAX@Z
UTexture2DComposite,ResetSourceRegions,0x005cf910,0x1cf910,48,-1,?execResetSourceRegions@UTexture2DComposite@@QAEXAAUFFrame@@QAX@Z
UTexture2DDynamic,Init,0x005cf940,0x1cf940,229,-1,?execInit@UTexture2DDynamic@@QAEXAAUFFrame@@QAX@Z
UTextureFlipBook,Pause,0x005cfa30,0x1cfa30,53,-1,?execPause@UTextureFlipBook@@QAEXAAUFFrame@@QAX@Z
UTextureFlipBook,Stop,0x005cfa70,0x1cfa70,53,-1,?execStop@UTextureFlipBook@@QAEXAAUFFrame@@QAX@Z
AKActor,GetKActorPhysMaterial,0x005cfab0,0x1cfab0,53,-1,?execGetKActorPhysMaterial@AKActor@@QAEXAAUFFrame@@QAX@Z
AKActor,ResolveRBState,0x005cfaf0,0x1cfaf0,48,-1,?execResolveRBState@AKActor@@QAEXAAUFFrame@@QAX@Z
AKActor,ApplyImpulse,0x005cfb20,0x1cfb20,385,-1,?execApplyImpulse@AKActor@@QAEXAAUFFrame@@QAX@Z
AKActorFromStatic,DisablePrecomputedLighting,0x005cfcb0,0x1cfcb0,48,-1,?execDisablePrecomputedLighting@AKActorFromStatic@@QAEXAAUFFrame@@QAX@Z
AKActorFromStatic,MakeStatic,0x005cfce0,0x1cfce0,48,-1,?execMakeStatic@AKActorFromStatic@@QAEXAAUFFrame@@QAX@Z
AKActorFromStatic,MakeDynamic,0x005cfd10,0x1cfd10,96,-1,?execMakeDynamic@AKActorFromStatic@@QAEXAAUFFrame@@QAX@Z
AKActorSpawnable,ResetComponents,0x005cfd70,0x1cfd70,48,-1,?execResetComponents@AKActorSpawnable@@QAEXAAUFFrame@@QAX@Z
ACamera,ApplyCameraModifiers,0x005cfda0,0x1cfda0,183,-1,?execApplyCameraModifiers@ACamera@@QAEXAAUFFrame@@QAX@Z
ACamera,GetFOVAngle,0x005cfe60,0x1cfe60,85,-1,?execGetFOVAngle@ACamera@@QAEXAAUFFrame@@QAX@Z
ACamera,GetCameraViewPoint,0x005cfec0,0x1cfec0,261,-1,?execGetCameraViewPoint@ACamera@@QAEXAAUFFrame@@QAX@Z
ACamera,UpdateCamera,0x005cffd0,0x1cffd0,100,-1,?execUpdateCamera@ACamera@@QAEXAAUFFrame@@QAX@Z
ACamera,CheckViewTarget,0x005d0040,0x1d0040,141,-1,?execCheckViewTarget@ACamera@@QAEXAAUFFrame@@QAX@Z
ARB_ConstraintActor,SetDisableCollision,0x005d00d0,0x1d00d0,102,-1,?execSetDisableCollision@ARB_ConstraintActor@@QAEXAAUFFrame@@QAX@Z
ARB_ConstraintActor,InitConstraint,0x005d0140,0x1d0140,271,-1,?execInitConstraint@ARB_ConstraintActor@@QAEXAAUFFrame@@QAX@Z
ACamera,FindCameraLensEffect,0x005d0250,0x1d0250,101,-1,?execFindCameraLensEffect@ACamera@@QAEXAAUFFrame@@QAX@Z
ACamera,AddCameraLensEffect,0x005d02c0,0x1d02c0,101,-1,?execAddCameraLensEffect@ACamera@@QAEXAAUFFrame@@QAX@Z
ARB_ConstraintActor,TermConstraint,0x005d0330,0x1d0330,48,-1,?execTermConstraint@ARB_ConstraintActor@@QAEXAAUFFrame@@QAX@Z
ACamera,RemoveCameraLensEffect,0x005d0360,0x1d0360,96,-1,?execRemoveCameraLensEffect@ACamera@@QAEXAAUFFrame@@QAX@Z
ACamera,ClearCameraLensEffects,0x005d03c0,0x1d03c0,53,-1,?execClearCameraLensEffects@ACamera@@QAEXAAUFFrame@@QAX@Z
ARB_LineImpulseActor,FireLineImpulse,0x005d0440,0x1d0440,48,-1,?execFireLineImpulse@ARB_LineImpulseActor@@QAEXAAUFFrame@@QAX@Z
UCameraModifier,ModifyCamera,0x005d04d0,0x1d04d0,233,-1,?execModifyCamera@UCameraModifier@@QAEXAAUFFrame@@QAX@Z
URB_RadialImpulseComponent,FireImpulse,0x005d05c0,0x1d05c0,121,-1,?execFireImpulse@URB_RadialImpulseComponent@@QAEXAAUFFrame@@QAX@Z
UGameViewportClient,GetNumCustomInteractions,0x005d0640,0x1d0640,58,-1,?execGetNumCustomInteractions@UGameViewportClient@@QAEXAAUFFrame@@QAX@Z
UDisGlobalMusicManager,TickCallback_RatAttack,0x005d0680,0x1d0680,138,-1,?execTickCallback_RatAttack@UDisGlobalMusicManager@@QAEXAAUFFrame@@QAX@Z
URB_Handle,GrabComponent,0x005d07c0,0x1d07c0,244,-1,?execGrabComponent@URB_Handle@@QAEXAAUFFrame@@QAX@Z
AActor,SetHUDLocation,0x005d08c0,0x1d08c0,121,-1,?execSetHUDLocation@AActor@@QAEXAAUFFrame@@QAX@Z
URB_Handle,SetSmoothLocation,0x005d0970,0x1d0970,163,-1,?execSetSmoothLocation@URB_Handle@@QAEXAAUFFrame@@QAX@Z
URB_Handle,UpdateSmoothLocation,0x005d0a20,0x1d0a20,141,-1,?execUpdateSmoothLocation@URB_Handle@@QAEXAAUFFrame@@QAX@Z
URB_Handle,SetOrientation,0x005d0ab0,0x1d0ab0,170,-1,?execSetOrientation@URB_Handle@@QAEXAAUFFrame@@QAX@Z
URB_Handle,GetOrientation,0x005d0b60,0x1d0b60,109,-1,?execGetOrientation@URB_Handle@@QAEXAAUFFrame@@QAX@Z
URB_Spring,SetComponents,0x005d0bd0,0x1d0bd0,335,-1,?execSetComponents@URB_Spring@@QAEXAAUFFrame@@QAX@Z
AController,IsLocalPlayerController,0x005d0d20,0x1d0d20,58,-1,?execIsLocalPlayerController@AController@@QAEXAAUFFrame@@QAX@Z
AController,RouteCache_InsertItem,0x005d0d60,0x1d0d60,141,-1,?execRouteCache_InsertItem@AController@@QAEXAAUFFrame@@QAX@Z
AController,RouteCache_RemoveIndex,0x005d0df0,0x1d0df0,141,-1,?execRouteCache_RemoveIndex@AController@@QAEXAAUFFrame@@QAX@Z
AController,SetFocalPoint,0x005d0e80,0x1d0e80,199,-1,?execSetFocalPoint@AController@@QAEXAAUFFrame@@QAX@Z
UPhysicalMaterial,FindPhysEffectInfo,0x005d0f50,0x1d0f50,118,-1,?execFindPhysEffectInfo@UPhysicalMaterial@@QAEXAAUFFrame@@QAX@Z
AController,GetFocalPoint,0x005d0fd0,0x1d0fd0,81,-1,?execGetFocalPoint@AController@@QAEXAAUFFrame@@QAX@Z
AController,SetAdjustLocation,0x005d1030,0x1d1030,226,-1,?execSetAdjustLocation@AController@@QAEXAAUFFrame@@QAX@Z
AController,GetAdjustLocation,0x005d1120,0x1d1120,81,-1,?execGetAdjustLocation@AController@@QAEXAAUFFrame@@QAX@Z
AController,BeyondFogDistance,0x005d1180,0x1d1180,123,-1,?execBeyondFogDistance@AController@@QAEXAAUFFrame@@QAX@Z
AController,CanSee,0x005d1200,0x1d1200,103,533,?execCanSee@AController@@QAEXAAUFFrame@@QAX@Z
UPhysicsAsset,FindBodyIndex,0x005d1270,0x1d1270,109,-1,?execFindBodyIndex@UPhysicsAsset@@QAEXAAUFFrame@@QAX@Z
AController,PickTarget,0x005d12e0,0x1d12e0,336,531,?execPickTarget@AController@@QAEXAAUFFrame@@QAX@Z
AController,GetPlayerViewPoint,0x005d1430,0x1d1430,223,-1,?execGetPlayerViewPoint@AController@@QAEXAAUFFrame@@QAX@Z
UPhysicsAssetInstance,SetLinearDriveScale,0x005d1510,0x1d1510,183,-1,?execSetLinearDriveScale@UPhysicsAssetInstance@@QAEXAAUFFrame@@QAX@Z
AController,InLatentExecution,0x005d15d0,0x1d15d0,100,-1,?execInLatentExecution@AController@@QAEXAAUFFrame@@QAX@Z
UPhysicsAssetInstance,SetAngularDriveScale,0x005d1640,0x1d1640,183,-1,?execSetAngularDriveScale@UPhysicsAssetInstance@@QAEXAAUFFrame@@QAX@Z_0
AController,StopLatentExecution,0x005d1700,0x1d1700,66,-1,?execStopLatentExecution@AController@@QAEXAAUFFrame@@QAX@Z
UPhysicsAssetInstance,GetTotalMassBelowBone,0x005d1750,0x1d1750,172,-1,?execGetTotalMassBelowBone@UPhysicsAssetInstance@@QAEXAAUFFrame@@QAX@Z
UPhysicsAssetInstance,SetAllBodiesFixed,0x005d1800,0x1d1800,102,-1,?execSetAllBodiesFixed@UPhysicsAssetInstance@@QAEXAAUFFrame@@QAX@Z
UPhysicsAssetInstance,ForceAllBodiesBelowUnfixed,0x005d1870,0x1d1870,254,-1,?execForceAllBodiesBelowUnfixed@UPhysicsAssetInstance@@QAEXAAUFFrame@@QAX@Z
UPhysicsAssetInstance,SetAllMotorsAngularPositionDrive,0x005d1970,0x1d1970,241,-1,?execSetAllMotorsAngularPositionDrive@UPhysicsAssetInstance@@QAEXAAUFFrame@@QAX@Z
UPhysicsAssetInstance,SetAllMotorsAngularVelocityDrive,0x005d1a70,0x1d1a70,234,-1,?execSetAllMotorsAngularVelocityDrive@UPhysicsAssetInstance@@QAEXAAUFFrame@@QAX@Z
UPhysicsAssetInstance,SetAllMotorsAngularDriveParams,0x005d1b60,0x1d1b60,284,-1,?execSetAllMotorsAngularDriveParams@UPhysicsAssetInstance@@QAEXAAUFFrame@@QAX@Z
UPhysicsAssetInstance,SetFullAnimWeightBlockRigidBody,0x005d1d20,0x1d1d20,140,-1,?execSetFullAnimWeightBlockRigidBody@UPhysicsAssetInstance@@QAEXAAUFFrame@@QAX@Z
UPhysicsAssetInstance,SetFullAnimWeightBonesFixed,0x005d1db0,0x1d1db0,140,-1,?execSetFullAnimWeightBonesFixed@UPhysicsAssetInstance@@QAEXAAUFFrame@@QAX@Z
UPhysicsAssetInstance,FindBodyInstance,0x005d1e40,0x1d1e40,147,-1,?execFindBodyInstance@UPhysicsAssetInstance@@QAEXAAUFFrame@@QAX@Z
UPhysicsAssetInstance,FindConstraintInstance,0x005d1ee0,0x1d1ee0,147,-1,?execFindConstraintInstance@UPhysicsAssetInstance@@QAEXAAUFFrame@@QAX@Z
URB_BodyInstance,GetBodyMass,0x005d1f80,0x1d1f80,53,-1,?execGetBodyMass@URB_BodyInstance@@QAEXAAUFFrame@@QAX@Z
URB_BodyInstance,SetFixed,0x005d1fc0,0x1d1fc0,102,-1,?execSetFixed@URB_BodyInstance@@QAEXAAUFFrame@@QAX@Z
URB_BodyInstance,IsFixed,0x005d2030,0x1d2030,53,-1,?execIsFixed@URB_BodyInstance@@QAEXAAUFFrame@@QAX@Z
URB_BodyInstance,IsValidBodyInstance,0x005d2070,0x1d2070,53,-1,?execIsValidBodyInstance@URB_BodyInstance@@QAEXAAUFFrame@@QAX@Z
URB_BodyInstance,GetPhysicsAssetInstance,0x005d20b0,0x1d20b0,53,-1,?execGetPhysicsAssetInstance@URB_BodyInstance@@QAEXAAUFFrame@@QAX@Z_0
URB_BodyInstance,GetUnrealWorldTM,0x005d20f0,0x1d20f0,93,-1,?execGetUnrealWorldTM@URB_BodyInstance@@QAEXAAUFFrame@@QAX@Z
URB_BodyInstance,GetUnrealWorldVelocity,0x005d2150,0x1d2150,76,-1,?execGetUnrealWorldVelocity@URB_BodyInstance@@QAEXAAUFFrame@@QAX@Z
URB_BodyInstance,GetUnrealWorldAngularVelocity,0x005d21a0,0x1d21a0,76,-1,?execGetUnrealWorldAngularVelocity@URB_BodyInstance@@QAEXAAUFFrame@@QAX@Z
URB_BodyInstance,GetUnrealWorldVelocityAtPoint,0x005d21f0,0x1d21f0,139,-1,?execGetUnrealWorldVelocityAtPoint@URB_BodyInstance@@QAEXAAUFFrame@@QAX@Z
URB_BodyInstance,EnableBoneSpring,0x005d2280,0x1d2280,263,-1,?execEnableBoneSpring@URB_BodyInstance@@QAEXAAUFFrame@@QAX@Z
URB_BodyInstance,SetBoneSpringParams,0x005d2390,0x1d2390,225,-1,?execSetBoneSpringParams@URB_BodyInstance@@QAEXAAUFFrame@@QAX@Z
URB_BodyInstance,SetBoneSpringTarget,0x005d2480,0x1d2480,214,-1,?execSetBoneSpringTarget@URB_BodyInstance@@QAEXAAUFFrame@@QAX@Z
URB_BodyInstance,SetBlockRigidBody,0x005d2560,0x1d2560,102,-1,?execSetBlockRigidBody@URB_BodyInstance@@QAEXAAUFFrame@@QAX@Z
URB_BodyInstance,SetPhysMaterialOverride,0x005d25d0,0x1d25d0,91,-1,?execSetPhysMaterialOverride@URB_BodyInstance@@QAEXAAUFFrame@@QAX@Z
URB_BodyInstance,EnableCollisionResponse,0x005d2630,0x1d2630,102,-1,?execEnableCollisionResponse@URB_BodyInstance@@QAEXAAUFFrame@@QAX@Z
URB_BodyInstance,SetContactReportForceThreshold,0x005d26a0,0x1d26a0,95,-1,?execSetContactReportForceThreshold@URB_BodyInstance@@QAEXAAUFFrame@@QAX@Z
URB_BodyInstance,UpdateMassProperties,0x005d2700,0x1d2700,91,-1,?execUpdateMassProperties@URB_BodyInstance@@QAEXAAUFFrame@@QAX@Z
URB_BodyInstance,UpdateDampingProperties,0x005d2760,0x1d2760,48,-1,?execUpdateDampingProperties@URB_BodyInstance@@QAEXAAUFFrame@@QAX@Z
URB_ConstraintInstance,InitConstraint,0x005d2790,0x1d2790,315,-1,?execInitConstraint@URB_ConstraintInstance@@QAEXAAUFFrame@@QAX@Z
URB_ConstraintInstance,GetPhysicsAssetInstance,0x005d28d0,0x1d28d0,53,-1,?execGetPhysicsAssetInstance@URB_ConstraintInstance@@QAEXAAUFFrame@@QAX@Z_0
URB_ConstraintInstance,GetConstraintLocation,0x005d2910,0x1d2910,76,-1,?execGetConstraintLocation@URB_ConstraintInstance@@QAEXAAUFFrame@@QAX@Z
URB_ConstraintInstance,SetLinearPositionDrive,0x005d2960,0x1d2960,202,-1,?execSetLinearPositionDrive@URB_ConstraintInstance@@QAEXAAUFFrame@@QAX@Z
URB_ConstraintInstance,SetLinearVelocityDrive,0x005d2a30,0x1d2a30,202,-1,?execSetLinearVelocityDrive@URB_ConstraintInstance@@QAEXAAUFFrame@@QAX@Z
URB_ConstraintInstance,SetAngularPositionDrive,0x005d2b00,0x1d2b00,151,-1,?execSetAngularPositionDrive@URB_ConstraintInstance@@QAEXAAUFFrame@@QAX@Z
URB_ConstraintInstance,SetAngularVelocityDrive,0x005d2ba0,0x1d2ba0,151,-1,?execSetAngularVelocityDrive@URB_ConstraintInstance@@QAEXAAUFFrame@@QAX@Z
URB_ConstraintInstance,SetLinearPositionTarget,0x005d2c40,0x1d2c40,116,-1,?execSetLinearPositionTarget@URB_ConstraintInstance@@QAEXAAUFFrame@@QAX@Z
URB_ConstraintInstance,SetLinearVelocityTarget,0x005d2cc0,0x1d2cc0,116,-1,?execSetLinearVelocityTarget@URB_ConstraintInstance@@QAEXAAUFFrame@@QAX@Z
URB_ConstraintInstance,SetLinearDriveParams,0x005d2d40,0x1d2d40,183,-1,?execSetLinearDriveParams@URB_ConstraintInstance@@QAEXAAUFFrame@@QAX@Z
URB_ConstraintInstance,SetAngularPositionTarget,0x005d2e00,0x1d2e00,158,-1,?execSetAngularPositionTarget@URB_ConstraintInstance@@QAEXAAUFFrame@@QAX@Z
URB_ConstraintInstance,SetAngularVelocityTarget,0x005d2ea0,0x1d2ea0,116,-1,?execSetAngularVelocityTarget@URB_ConstraintInstance@@QAEXAAUFFrame@@QAX@Z
URB_ConstraintInstance,SetAngularDriveParams,0x005d2f20,0x1d2f20,183,-1,?execSetAngularDriveParams@URB_ConstraintInstance@@QAEXAAUFFrame@@QAX@Z
URB_ConstraintInstance,SetAngularDOFLimitScale,0x005d2fe0,0x1d2fe0,221,-1,?execSetAngularDOFLimitScale@URB_ConstraintInstance@@QAEXAAUFFrame@@QAX@Z
URB_ConstraintInstance,SetLinearLimitSize,0x005d30c0,0x1d30c0,95,-1,?execSetLinearLimitSize@URB_ConstraintInstance@@QAEXAAUFFrame@@QAX@Z
URB_ConstraintInstance,MoveKinActorTransform,0x005d3120,0x1d3120,158,-1,?execMoveKinActorTransform@URB_ConstraintInstance@@QAEXAAUFFrame@@QAX@Z
APlayerController,SetAllowMatureLanguage,0x005d31c0,0x1d31c0,107,-1,?execSetAllowMatureLanguage@APlayerController@@QAEXAAUFFrame@@QAX@Z
APlayerController,CheckSpeedHack,0x005d3230,0x1d3230,100,-1,?execCheckSpeedHack@APlayerController@@QAEXAAUFFrame@@QAX@Z
APlayerController,CleanUpAudioComponents,0x005d32a0,0x1d32a0,53,-1,?execCleanUpAudioComponents@APlayerController@@QAEXAAUFFrame@@QAX@Z
APlayerController,ResetTimeMargin,0x005d32e0,0x1d32e0,48,-1,?execResetTimeMargin@APlayerController@@QAEXAAUFFrame@@QAX@Z
APlayerController,CleanOutSavedMoves,0x005d3310,0x1d3310,48,-1,?execCleanOutSavedMoves@APlayerController@@QAEXAAUFFrame@@QAX@Z
APlayerController,IsControllerTiltActive,0x005d3340,0x1d3340,58,-1,?execIsControllerTiltActive@APlayerController@@QAEXAAUFFrame@@QAX@Z
APlayerController,SetControllerTiltDesiredIfAvailable,0x005d3380,0x1d3380,107,-1,?execSetControllerTiltDesiredIfAvailable@APlayerController@@QAEXAAUFFrame@@QAX@Z
APlayerController,SetControllerTiltActive,0x005d33f0,0x1d33f0,107,-1,?execSetControllerTiltActive@APlayerController@@QAEXAAUFFrame@@QAX@Z
APlayerController,SetOnlyUseControllerTiltInput,0x005d3460,0x1d3460,107,-1,?execSetOnlyUseControllerTiltInput@APlayerController@@QAEXAAUFFrame@@QAX@Z
APlayerController,SetUseTiltForwardAndBack,0x005d34d0,0x1d34d0,107,-1,?execSetUseTiltForwardAndBack@APlayerController@@QAEXAAUFFrame@@QAX@Z
APlayerController,IsKeyboardAvailable,0x005d3540,0x1d3540,58,-1,?execIsKeyboardAvailable@APlayerController@@QAEXAAUFFrame@@QAX@Z
APlayerController,IsMouseAvailable,0x005d3580,0x1d3580,58,-1,?execIsMouseAvailable@APlayerController@@QAEXAAUFFrame@@QAX@Z
APlayerController,HandleWalking,0x005d35c0,0x1d35c0,100,-1,?execHandleWalking@APlayerController@@QAEXAAUFFrame@@QAX@Z
APlayerController,HasClientLoadedCurrentWorld,0x005d3630,0x1d3630,59,-1,?execHasClientLoadedCurrentWorld@APlayerController@@QAEXAAUFFrame@@QAX@Z
APlayerController,GetFOVAngle,0x005d3670,0x1d3670,53,-1,?execGetFOVAngle@APlayerController@@QAEXAAUFFrame@@QAX@Z
APlayerController,SetViewTarget,0x005d36b0,0x1d36b0,225,-1,?execSetViewTarget@APlayerController@@QAEXAAUFFrame@@QAX@Z
APlayerController,GetViewTarget,0x005d37a0,0x1d37a0,58,-1,?execGetViewTarget@APlayerController@@QAEXAAUFFrame@@QAX@Z
APlayerController,UpdateRotation,0x005d37e0,0x1d37e0,95,-1,?execUpdateRotation@APlayerController@@QAEXAAUFFrame@@QAX@Z
APlayerController,ProcessViewRotation,0x005d3840,0x1d3840,232,-1,?execProcessViewRotation@APlayerController@@QAEXAAUFFrame@@QAX@Z
APlayerController,LimitViewRotation,0x005d3930,0x1d3930,203,-1,?execLimitViewRotation@APlayerController@@QAEXAAUFFrame@@QAX@Z
APlayerController,PlayerMove_Walking,0x005d3a00,0x1d3a00,100,-1,?execPlayerMove_Walking@APlayerController@@QAEXAAUFFrame@@QAX@Z
APlayerController,IsMoveInputIgnored,0x005d3a70,0x1d3a70,58,-1,?execIsMoveInputIgnored@APlayerController@@QAEXAAUFFrame@@QAX@Z
APlayerController,IsLookInputIgnored,0x005d3ab0,0x1d3ab0,58,-1,?execIsLookInputIgnored@APlayerController@@QAEXAAUFFrame@@QAX@Z
APlayerController,CleanUpBeforeLevelTransition,0x005d3af0,0x1d3af0,53,-1,?execCleanUpBeforeLevelTransition@APlayerController@@QAEXAAUFFrame@@QAX@Z
APlayerController,ClientUpdateLevelStreamingStatus,0x005d3b30,0x1d3b30,239,-1,?execClientUpdateLevelStreamingStatus@APlayerController@@QAEXAAUFFrame@@QAX@Z
APlayerController,GetPlayerControllerFromNetId,0x005d3c20,0x1d3c20,96,-1,?execGetPlayerControllerFromNetId@APlayerController@@QAEXAAUFFrame@@QAX@Z
APlayerController,SetShowSubtitles,0x005d3c80,0x1d3c80,107,-1,?execSetShowSubtitles@APlayerController@@QAEXAAUFFrame@@QAX@Z
APlayerController,IsShowingSubtitles,0x005d3cf0,0x1d3cf0,58,-1,?execIsShowingSubtitles@APlayerController@@QAEXAAUFFrame@@QAX@Z
APlayerController,Sentinel_TakeScreenshotEnabled,0x005d3d30,0x1d3d30,58,-1,?execSentinel_TakeScreenshotEnabled@APlayerController@@QAEXAAUFFrame@@QAX@Z
ADebugCameraController,PrimarySelect,0x005d3dd0,0x1d3dd0,248,-1,?execPrimarySelect@ADebugCameraController@@QAEXAAUFFrame@@QAX@Z
ADebugCameraController,SecondarySelect,0x005d3ed0,0x1d3ed0,248,-1,?execSecondarySelect@ADebugCameraController@@QAEXAAUFFrame@@QAX@Z
UDownloadableContentEnumerator,CleanLaunchedDLC,0x005d3fd0,0x1d3fd0,93,-1,?execCleanLaunchedDLC@UDownloadableContentEnumerator@@QAEXAAUFFrame@@QAX@Z
UDownloadableContentManager,UpdateObjectLists,0x005d4030,0x1d4030,53,-1,?execUpdateObjectLists@UDownloadableContentManager@@QAEXAAUFFrame@@QAX@Z
UDownloadableContentManager,BackupDLCList,0x005d4070,0x1d4070,53,-1,?execBackupDLCList@UDownloadableContentManager@@QAEXAAUFFrame@@QAX@Z
ADecalManager,AreDynamicDecalsEnabled,0x005d40b0,0x1d40b0,53,-1,?execAreDynamicDecalsEnabled@ADecalManager@@QAEXAAUFFrame@@QAX@Z
ADecalManager,SetDecalParameters,0x005d40f0,0x1d40f0,793,-1,?execSetDecalParameters@ADecalManager@@QAEXAAUFFrame@@QAX@Z
ADecalManager,GetPooledComponent,0x005d4410,0x1d4410,58,-1,?execGetPooledComponent@ADecalManager@@QAEXAAUFFrame@@QAX@Z
ADecalManager,SpawnDecal,0x005d4450,0x1d4450,872,-1,?execSpawnDecal@ADecalManager@@QAEXAAUFFrame@@QAX@Z
UEngine,OnControllerDisconnected,0x005d47c0,0x1d47c0,96,-1,?execOnControllerDisconnected@UEngine@@QAEXAAUFFrame@@QAX@Z
UDownloadableContentEnumerator,TriggerFindDLCDelegates,0x005d4820,0x1d4820,53,-1,?execTriggerFindDLCDelegates@UDownloadableContentEnumerator@@QAEXAAUFFrame@@QAX@Z
UDecalComponent,ResetToDefaults,0x005d4860,0x1d4860,48,-1,?execResetToDefaults@UDecalComponent@@QAEXAAUFFrame@@QAX@Z
UEngine,StopMovie,0x005d4890,0x1d4890,107,-1,?execStopMovie@UEngine@@QAEXAAUFFrame@@QAX@Z
UDecalComponent,SetDecalMaterial,0x005d4900,0x1d4900,91,-1,?execSetDecalMaterial@UDecalComponent@@QAEXAAUFFrame@@QAX@Z
UDecalComponent,GetDecalMaterial,0x005d4960,0x1d4960,53,-1,?execGetDecalMaterial@UDecalComponent@@QAEXAAUFFrame@@QAX@Z
USpeedTreeComponent,GetMaterial,0x005d49d0,0x1d49d0,98,-1,?execGetMaterial@USpeedTreeComponent@@QAEXAAUFFrame@@QAX@Z
USpeedTreeComponent,SetMaterial,0x005d4a40,0x1d4a40,131,-1,?execSetMaterial@USpeedTreeComponent@@QAEXAAUFFrame@@QAX@Z
ASplineActor,GetWorldSpaceTangent,0x005d4ad0,0x1d4ad0,81,-1,?execGetWorldSpaceTangent@ASplineActor@@QAEXAAUFFrame@@QAX@Z
ASplineActor,UpdateConnectedSplineComponents,0x005d4b30,0x1d4b30,107,-1,?execUpdateConnectedSplineComponents@ASplineActor@@QAEXAAUFFrame@@QAX@Z
ASplineActor,IsConnectedTo,0x005d4ba0,0x1d4ba0,150,-1,?execIsConnectedTo@ASplineActor@@QAEXAAUFFrame@@QAX@Z
APawn,IsValidTargetFor,0x005d4c40,0x1d4c40,101,-1,?execIsValidTargetFor@APawn@@QAEXAAUFFrame@@QAX@Z
ASplineActor,FindTargetForComponent,0x005d4cb0,0x1d4cb0,101,-1,?execFindTargetForComponent@ASplineActor@@QAEXAAUFFrame@@QAX@Z
AController,UnPossess,0x005d4d20,0x1d4d20,53,-1,?execUnPossess@AController@@QAEXAAUFFrame@@QAX@Z
ASplineActor,GetRandomConnection,0x005d4d60,0x1d4d60,119,-1,?execGetRandomConnection@ASplineActor@@QAEXAAUFFrame@@QAX@Z
ASplineActor,GetBestConnectionInDirection,0x005d4de0,0x1d4de0,182,-1,?execGetBestConnectionInDirection@ASplineActor@@QAEXAAUFFrame@@QAX@Z
ASplineLoftActor,ClearLoftMesh,0x005d4ea0,0x1d4ea0,53,-1,?execClearLoftMesh@ASplineLoftActor@@QAEXAAUFFrame@@QAX@Z
ASplineLoftActor,UpdateSplineParams,0x005d4ee0,0x1d4ee0,53,-1,?execUpdateSplineParams@ASplineLoftActor@@QAEXAAUFFrame@@QAX@Z
USplineComponent,GetSplineLength,0x005d4f20,0x1d4f20,58,-1,?execGetSplineLength@USplineComponent@@QAEXAAUFFrame@@QAX@Z
USplineComponent,GetLocationAtDistanceAlongSpline,0x005d4f60,0x1d4f60,125,-1,?execGetLocationAtDistanceAlongSpline@USplineComponent@@QAEXAAUFFrame@@QAX@Z
USplineComponent,GetTangentAtDistanceAlongSpline,0x005d4fe0,0x1d4fe0,125,-1,?execGetTangentAtDistanceAlongSpline@USplineComponent@@QAEXAAUFFrame@@QAX@Z
ALensFlareSource,SetTemplate,0x005d5060,0x1d5060,91,-1,?execSetTemplate@ALensFlareSource@@QAEXAAUFFrame@@QAX@Z
ULensFlareComponent,SetTemplate,0x005d50c0,0x1d50c0,147,-1,?execSetTemplate@ULensFlareComponent@@QAEXAAUFFrame@@QAX@Z
ULensFlareComponent,SetSourceColor,0x005d5160,0x1d5160,115,-1,?execSetSourceColor@ULensFlareComponent@@QAEXAAUFFrame@@QAX@Z
ULensFlareComponent,SetIsActive,0x005d51e0,0x1d51e0,107,-1,?execSetIsActive@ULensFlareComponent@@QAEXAAUFFrame@@QAX@Z
UPointLightComponent,SetTranslation,0x005d5270,0x1d5270,116,-1,?execSetTranslation@UPointLightComponent@@QAEXAAUFFrame@@QAX@Z
USpotLightComponent,SetRotation,0x005d52f0,0x1d52f0,104,-1,?execSetRotation@USpotLightComponent@@QAEXAAUFFrame@@QAX@Z
ULightEnvironmentComponent,SetEnabled,0x005d5360,0x1d5360,102,-1,?execSetEnabled@ULightEnvironmentComponent@@QAEXAAUFFrame@@QAX@Z
ULightEnvironmentComponent,IsEnabled,0x005d53d0,0x1d53d0,53,-1,?execIsEnabled@ULightEnvironmentComponent@@QAEXAAUFFrame@@QAX@Z
UDynamicLightEnvironmentComponent,ResetEnvironment,0x005d5410,0x1d5410,48,-1,?execResetEnvironment@UDynamicLightEnvironmentComponent@@QAEXAAUFFrame@@QAX@Z
AGameReplicationInfo,OnSameTeam,0x005d98f0,0x1d98f0,139,-1,?execOnSameTeam@AGameReplicationInfo@@QAEXAAUFFrame@@QAX@Z
AWorldInfo,GetWorldInfo,0x005d9980,0x1d9980,53,-1,?execGetWorldInfo@AWorldInfo@@QAEXAAUFFrame@@QAX@Z
USequenceOp,HasLinkedOps,0x005d99c0,0x1d99c0,114,-1,?execHasLinkedOps@USequenceOp@@QAEXAAUFFrame@@QAX@Z
USequenceOp,ActivateOutputLink,0x005d9a40,0x1d9a40,96,-1,?execActivateOutputLink@USequenceOp@@QAEXAAUFFrame@@QAX@Z
USequenceOp,ForceActivateInput,0x005d9aa0,0x1d9aa0,91,-1,?execForceActivateInput@USequenceOp@@QAEXAAUFFrame@@QAX@Z
USequenceOp,ForceActivateOutput,0x005d9b00,0x1d9b00,91,-1,?execForceActivateOutput@USequenceOp@@QAEXAAUFFrame@@QAX@Z
USequence,SetEnabled,0x005d9b60,0x1d9b60,102,-1,?execSetEnabled@USequence@@QAEXAAUFFrame@@QAX@Z
UPrefabSequence,SetOwnerPrefab,0x005d9bd0,0x1d9bd0,91,-1,?execSetOwnerPrefab@UPrefabSequence@@QAEXAAUFFrame@@QAX@Z
UPrefabSequence,GetOwnerPrefab,0x005d9c30,0x1d9c30,53,-1,?execGetOwnerPrefab@UPrefabSequence@@QAEXAAUFFrame@@QAX@Z
USeqAct_Latent,AbortFor,0x005d9c70,0x1d9c70,96,-1,?execAbortFor@USeqAct_Latent@@QAEXAAUFFrame@@QAX@Z
USeqAct_Interp,SetPosition,0x005d9cd0,0x1d9cd0,151,-1,?execSetPosition@USeqAct_Interp@@QAEXAAUFFrame@@QAX@Z
USeqAct_Interp,Stop,0x005d9d70,0x1d9d70,48,-1,?execStop@USeqAct_Interp@@QAEXAAUFFrame@@QAX@Z
USeqAct_Interp,AddPlayerToDirectorTracks,0x005d9da0,0x1d9da0,91,-1,?execAddPlayerToDirectorTracks@USeqAct_Interp@@QAEXAAUFFrame@@QAX@Z
USeqEvent_TakeDamage,IsValidDamageType,0x005d9e00,0x1d9e00,96,-1,?execIsValidDamageType@USeqEvent_TakeDamage@@QAEXAAUFFrame@@QAX@Z
USeqEvent_TakeDamage,HandleDamage,0x005d9e60,0x1d9e60,194,-1,?execHandleDamage@USeqEvent_TakeDamage@@QAEXAAUFFrame@@QAX@Z
USeqVar_Player,UpdatePlayersList,0x005d9f30,0x1d9f30,48,-1,?execUpdatePlayersList@USeqVar_Player@@QAEXAAUFFrame@@QAX@Z
APawn,SetDesiredRotation,0x005d9f90,0x1d9f90,336,-1,?execSetDesiredRotation@APawn@@QAEXAAUFFrame@@QAX@Z
APawn,LockDesiredRotation,0x005da0e0,0x1da0e0,158,-1,?execLockDesiredRotation@APawn@@QAEXAAUFFrame@@QAX@Z
APawn,ResetDesiredRotation,0x005da180,0x1da180,48,-1,?execResetDesiredRotation@APawn@@QAEXAAUFFrame@@QAX@Z
APawn,CheckDesiredRotation,0x005da1b0,0x1da1b0,48,-1,?execCheckDesiredRotation@APawn@@QAEXAAUFFrame@@QAX@Z
APawn,IsDesiredRotationInUse,0x005da1e0,0x1da1e0,53,-1,?execIsDesiredRotationInUse@APawn@@QAEXAAUFFrame@@QAX@Z
APawn,IsDesiredRotationLocked,0x005da220,0x1da220,53,-1,?execIsDesiredRotationLocked@APawn@@QAEXAAUFFrame@@QAX@Z
APawn,UpdateAnimSetList,0x005da260,0x1da260,48,-1,?execUpdateAnimSetList@APawn@@QAEXAAUFFrame@@QAX@Z
APawn,IsAliveAndWell,0x005da290,0x1da290,58,-1,?execIsAliveAndWell@APawn@@QAEXAAUFFrame@@QAX@Z
APawn,AdjustDestination,0x005da2d0,0x1da2d0,234,-1,?execAdjustDestination@APawn@@QAEXAAUFFrame@@QAX@Z
APawn,ValidAnchor,0x005da3c0,0x1da3c0,53,-1,?execValidAnchor@APawn@@QAEXAAUFFrame@@QAX@Z
APawn,SuggestJumpVelocity,0x005da400,0x1da400,331,-1,?execSuggestJumpVelocity@APawn@@QAEXAAUFFrame@@QAX@Z
APawn,GetFallDuration,0x005da550,0x1da550,58,-1,?execGetFallDuration@APawn@@QAEXAAUFFrame@@QAX@Z
APawn,IsInvisible,0x005da590,0x1da590,58,-1,?execIsInvisible@APawn@@QAEXAAUFFrame@@QAX@Z
APawn,SetRemoteViewPitch,0x005da5d0,0x1da5d0,91,-1,?execSetRemoteViewPitch@APawn@@QAEXAAUFFrame@@QAX@Z
AController,Possess,0x005da630,0x1da630,96,-1,?execPossess@AController@@QAEXAAUFFrame@@QAX@Z
APawn,GetBestAnchor,0x005da690,0x1da690,345,-1,?execGetBestAnchor@APawn@@QAEXAAUFFrame@@QAX@Z
APawn,ReachedPoint,0x005da7f0,0x1da7f0,164,-1,?execReachedPoint@APawn@@QAEXAAUFFrame@@QAX@Z
APawn,ForceCrouch,0x005da8a0,0x1da8a0,53,-1,?execForceCrouch@APawn@@QAEXAAUFFrame@@QAX@Z
APawn,SetPushesRigidBodies,0x005da8e0,0x1da8e0,107,-1,?execSetPushesRigidBodies@APawn@@QAEXAAUFFrame@@QAX@Z
APawn,ReachedDesiredRotation,0x005da950,0x1da950,58,-1,?execReachedDesiredRotation@APawn@@QAEXAAUFFrame@@QAX@Z
APawn,GetNavigationHandle,0x005da990,0x1da990,58,-1,?execGetNavigationHandle@APawn@@QAEXAAUFFrame@@QAX@Z
APawn,InitRagdoll,0x005da9d0,0x1da9d0,112,-1,?execInitRagdoll@APawn@@QAEXAAUFFrame@@QAX@Z
APawn,TermRagdoll,0x005daa40,0x1daa40,58,-1,?execTermRagdoll@APawn@@QAEXAAUFFrame@@QAX@Z
APawn,IsRagdoll,0x005daa80,0x1daa80,58,-1,?execIsRagdoll@APawn@@QAEXAAUFFrame@@QAX@Z
APawn,UnPossessed,0x005daac0,0x1daac0,48,-1,?execUnPossessed@APawn@@QAEXAAUFFrame@@QAX@Z
APawn,IsHumanControlled,0x005daaf0,0x1daaf0,103,-1,?execIsHumanControlled@APawn@@QAEXAAUFFrame@@QAX@Z
APawn,IsLocallyControlled,0x005dab60,0x1dab60,103,-1,?execIsLocallyControlled@APawn@@QAEXAAUFFrame@@QAX@Z
APawn,GetViewRotation,0x005dabd0,0x1dabd0,81,-1,?execGetViewRotation@APawn@@QAEXAAUFFrame@@QAX@Z
APawn,GetPawnViewLocation,0x005dac30,0x1dac30,81,-1,?execGetPawnViewLocation@APawn@@QAEXAAUFFrame@@QAX@Z
APawn,HandleMomentum,0x005dac90,0x1dac90,331,-1,?execHandleMomentum@APawn@@QAEXAAUFFrame@@QAX@Z
APawn,AddVelocity,0x005dade0,0x1dade0,331,-1,?execAddVelocity@APawn@@QAEXAAUFFrame@@QAX@Z
APawn,FaceRotation,0x005daf30,0x1daf30,151,-1,?execFaceRotation@APawn@@QAEXAAUFFrame@@QAX@Z
APawn,Died,0x005dafd0,0x1dafd0,197,-1,?execDied@APawn@@QAEXAAUFFrame@@QAX@Z
APawn,PlayHit,0x005db0a0,0x1db0a0,353,-1,?execPlayHit@APawn@@QAEXAAUFFrame@@QAX@Z
APawn,IncrementPathStep,0x005db210,0x1db210,134,-1,?execIncrementPathStep@APawn@@QAEXAAUFFrame@@QAX@Z
APawn,IncrementPathChild,0x005db2a0,0x1db2a0,134,-1,?execIncrementPathChild@APawn@@QAEXAAUFFrame@@QAX@Z
APawn,DrawPathStep,0x005db330,0x1db330,96,-1,?execDrawPathStep@APawn@@QAEXAAUFFrame@@QAX@Z
APawn,ClearPathStep,0x005db390,0x1db390,53,-1,?execClearPathStep@APawn@@QAEXAAUFFrame@@QAX@Z
APawn,SetRootMotionInterpCurrentTime,0x005db3d0,0x1db3d0,209,-1,?execSetRootMotionInterpCurrentTime@APawn@@QAEXAAUFFrame@@QAX@Z
APawn,SetScalarParameterInterp,0x005db4b0,0x1db4b0,136,-1,?execSetScalarParameterInterp@APawn@@QAEXAAUFFrame@@QAX@Z
ASkeletalMeshActorMAT,ClearAnimNodes,0x005db540,0x1db540,48,-1,?execClearAnimNodes@ASkeletalMeshActorMAT@@QAEXAAUFFrame@@QAX@Z
UAnimSequence,GetNotifyTimeByClass,0x005db570,0x1db570,423,-1,?execGetNotifyTimeByClass@UAnimSequence@@QAEXAAUFFrame@@QAX@Z
UAnimNode,FindAnimNode,0x005db720,0x1db720,109,-1,?execFindAnimNode@UAnimNode@@QAEXAAUFFrame@@QAX@Z
UAnimNode,PlayAnim,0x005db790,0x1db790,221,-1,?execPlayAnim@UAnimNode@@QAEXAAUFFrame@@QAX@Z
UAnimNode_MultiBlendPerBone,SetMaskWeight,0x005db870,0x1db870,179,-1,?execSetMaskWeight@UAnimNode_MultiBlendPerBone@@QAEXAAUFFrame@@QAX@Z
UAnimNodeAimOffset,SetActiveProfileByName,0x005db930,0x1db930,109,-1,?execSetActiveProfileByName@UAnimNodeAimOffset@@QAEXAAUFFrame@@QAX@Z
UAnimNodeBlend,SetBlendTarget,0x005db9a0,0x1db9a0,144,-1,?execSetBlendTarget@UAnimNodeBlend@@QAEXAAUFFrame@@QAX@Z
UAnimNodeCrossfader,GetAnimName,0x005dba30,0x1dba30,70,-1,?execGetAnimName@UAnimNodeCrossfader@@QAEXAAUFFrame@@QAX@Z
UAnimNodeCrossfader,GetActiveChild,0x005dba80,0x1dba80,53,-1,?execGetActiveChild@UAnimNodeCrossfader@@QAEXAAUFFrame@@QAX@Z
UAnimNodeSequence,SetAnim,0x005dbac0,0x1dbac0,109,-1,?execSetAnim@UAnimNodeSequence@@QAEXAAUFFrame@@QAX@Z
UAnimNodeSequence,SetPosition,0x005dbb30,0x1dbb30,149,-1,?execSetPosition@UAnimNodeSequence@@QAEXAAUFFrame@@QAX@Z
UAnimNodeSequence,GetNormalizedPosition,0x005dbbd0,0x1dbbd0,58,-1,?execGetNormalizedPosition@UAnimNodeSequence@@QAEXAAUFFrame@@QAX@Z
UAnimNodeSequence,FindGroupRelativePosition,0x005dbc10,0x1dbc10,105,-1,?execFindGroupRelativePosition@UAnimNodeSequence@@QAEXAAUFFrame@@QAX@Z
UAnimNodeSequence,FindGroupPosition,0x005dbc80,0x1dbc80,105,-1,?execFindGroupPosition@UAnimNodeSequence@@QAEXAAUFFrame@@QAX@Z
UAnimNodeSequence,GetGroupRelativePosition,0x005dbcf0,0x1dbcf0,58,-1,?execGetGroupRelativePosition@UAnimNodeSequence@@QAEXAAUFFrame@@QAX@Z
UAnimNodeSequence,GetGlobalPlayRate,0x005dbd30,0x1dbd30,53,-1,?execGetGlobalPlayRate@UAnimNodeSequence@@QAEXAAUFFrame@@QAX@Z
UAnimNodeSequence,GetAnimPlaybackLength,0x005dbd70,0x1dbd70,58,-1,?execGetAnimPlaybackLength@UAnimNodeSequence@@QAEXAAUFFrame@@QAX@Z
UAnimNodeSequence,GetTimeLeft,0x005dbdb0,0x1dbdb0,53,-1,?execGetTimeLeft@UAnimNodeSequence@@QAEXAAUFFrame@@QAX@Z
UAnimNodeSequence,SetRootBoneAxisOption,0x005dbdf0,0x1dbdf0,181,-1,?execSetRootBoneAxisOption@UAnimNodeSequence@@QAEXAAUFFrame@@QAX@Z
UAnimNodeSequence,SetRootBoneRotationOption,0x005dbeb0,0x1dbeb0,181,-1,?execSetRootBoneRotationOption@UAnimNodeSequence@@QAEXAAUFFrame@@QAX@Z
UAnimNodePlayCustomAnim,PlayCustomAnim,0x005dbf70,0x1dbf70,350,-1,?execPlayCustomAnim@UAnimNodePlayCustomAnim@@QAEXAAUFFrame@@QAX@Z
UAnimNodePlayCustomAnim,PlayCustomAnimByDuration,0x005dc0d0,0x1dc0d0,345,-1,?execPlayCustomAnimByDuration@UAnimNodePlayCustomAnim@@QAEXAAUFFrame@@QAX@Z
UAnimNodePlayCustomAnim,StopCustomAnim,0x005dc230,0x1dc230,95,-1,?execStopCustomAnim@UAnimNodePlayCustomAnim@@QAEXAAUFFrame@@QAX@Z
UAnimNodeBlendList,SetActiveChild,0x005dc290,0x1dc290,138,-1,?execSetActiveChild@UAnimNodeBlendList@@QAEXAAUFFrame@@QAX@Z
UAnimNodeSlot,PlayCustomAnim,0x005dc320,0x1dc320,399,-1,?execPlayCustomAnim@UAnimNodeSlot@@QAEXAAUFFrame@@QAX@Z
UAnimNodeSlot,PlayCustomAnimByDuration,0x005dc4b0,0x1dc4b0,363,-1,?execPlayCustomAnimByDuration@UAnimNodeSlot@@QAEXAAUFFrame@@QAX@Z
UAnimNodeSlot,GetPlayedAnimation,0x005dc620,0x1dc620,70,-1,?execGetPlayedAnimation@UAnimNodeSlot@@QAEXAAUFFrame@@QAX@Z
UAnimNodeSlot,StopCustomAnim,0x005dc670,0x1dc670,95,-1,?execStopCustomAnim@UAnimNodeSlot@@QAEXAAUFFrame@@QAX@Z
UAnimNodeSlot,SetCustomAnim,0x005dc6d0,0x1dc6d0,104,-1,?execSetCustomAnim@UAnimNodeSlot@@QAEXAAUFFrame@@QAX@Z
UAnimNodeSlot,SetActorAnimEndNotification,0x005dc740,0x1dc740,102,-1,?execSetActorAnimEndNotification@UAnimNodeSlot@@QAEXAAUFFrame@@QAX@Z
UAnimNodeSlot,GetCustomAnimNodeSeq,0x005dc7b0,0x1dc7b0,53,-1,?execGetCustomAnimNodeSeq@UAnimNodeSlot@@QAEXAAUFFrame@@QAX@Z
UAnimNodeSlot,SetRootBoneAxisOption,0x005dc7f0,0x1dc7f0,181,-1,?execSetRootBoneAxisOption@UAnimNodeSlot@@QAEXAAUFFrame@@QAX@Z
UAnimNodeSlot,SetRootBoneRotationOption,0x005dc8b0,0x1dc8b0,181,-1,?execSetRootBoneRotationOption@UAnimNodeSlot@@QAEXAAUFFrame@@QAX@Z
UAnimNodeSlot,AddToSynchGroup,0x005dc970,0x1dc970,104,-1,?execAddToSynchGroup@UAnimNodeSlot@@QAEXAAUFFrame@@QAX@Z
UAnimNodeSynch,AddNodeToGroup,0x005dc9e0,0x1dc9e0,142,-1,?execAddNodeToGroup@UAnimNodeSynch@@QAEXAAUFFrame@@QAX@Z
UAnimNodeSynch,RemoveNodeFromGroup,0x005dca70,0x1dca70,142,-1,?execRemoveNodeFromGroup@UAnimNodeSynch@@QAEXAAUFFrame@@QAX@Z
UAnimNodeSynch,GetMasterNodeOfGroup,0x005dcb00,0x1dcb00,109,-1,?execGetMasterNodeOfGroup@UAnimNodeSynch@@QAEXAAUFFrame@@QAX@Z
UAnimNodeSynch,ForceRelativePosition,0x005dcb70,0x1dcb70,146,-1,?execForceRelativePosition@UAnimNodeSynch@@QAEXAAUFFrame@@QAX@Z
UAnimNodeSynch,GetRelativePosition,0x005dcc10,0x1dcc10,109,-1,?execGetRelativePosition@UAnimNodeSynch@@QAEXAAUFFrame@@QAX@Z
UAnimNodeSynch,SetGroupRateScale,0x005dcc80,0x1dcc80,146,-1,?execSetGroupRateScale@UAnimNodeSynch@@QAEXAAUFFrame@@QAX@Z
UAnimTree,FindSkelControl,0x005dcd20,0x1dcd20,109,-1,?execFindSkelControl@UAnimTree@@QAEXAAUFFrame@@QAX@Z
UAnimTree,SetAnimGroupForNode,0x005dcd90,0x1dcd90,190,-1,?execSetAnimGroupForNode@UAnimTree@@QAEXAAUFFrame@@QAX@Z
UAnimTree,GetGroupSynchMaster,0x005dce50,0x1dce50,109,-1,?execGetGroupSynchMaster@UAnimTree@@QAEXAAUFFrame@@QAX@Z
UAnimTree,GetGroupNotifyMaster,0x005dcec0,0x1dcec0,109,-1,?execGetGroupNotifyMaster@UAnimTree@@QAEXAAUFFrame@@QAX@Z
UAnimTree,ForceGroupRelativePosition,0x005dcf30,0x1dcf30,146,-1,?execForceGroupRelativePosition@UAnimTree@@QAEXAAUFFrame@@QAX@Z
UAnimTree,GetGroupRelativePosition,0x005dcfd0,0x1dcfd0,109,-1,?execGetGroupRelativePosition@UAnimTree@@QAEXAAUFFrame@@QAX@Z
UAnimTree,SetGroupRateScale,0x005dd040,0x1dd040,146,-1,?execSetGroupRateScale@UAnimTree@@QAEXAAUFFrame@@QAX@Z
UAnimTree,GetGroupRateScale,0x005dd0e0,0x1dd0e0,109,-1,?execGetGroupRateScale@UAnimTree@@QAEXAAUFFrame@@QAX@Z
UAnimTree,GetGroupIndex,0x005dd150,0x1dd150,109,-1,?execGetGroupIndex@UAnimTree@@QAEXAAUFFrame@@QAX@Z
USkelControlBase,SetSkelControlActive,0x005dd1c0,0x1dd1c0,102,-1,?execSetSkelControlActive@USkelControlBase@@QAEXAAUFFrame@@QAX@Z
USkelControlBase,SetSkelControlStrength,0x005dd230,0x1dd230,139,-1,?execSetSkelControlStrength@USkelControlBase@@QAEXAAUFFrame@@QAX@Z
USkelControlLookAt,SetTargetLocation,0x005dd2c0,0x1dd2c0,121,-1,?execSetTargetLocation@USkelControlLookAt@@QAEXAAUFFrame@@QAX@Z
USkelControlLookAt,InterpolateTargetLocation,0x005dd340,0x1dd340,95,-1,?execInterpolateTargetLocation@USkelControlLookAt@@QAEXAAUFFrame@@QAX@Z
USkelControlLookAt,SetLookAtAlpha,0x005dd3a0,0x1dd3a0,139,-1,?execSetLookAtAlpha@USkelControlLookAt@@QAEXAAUFFrame@@QAX@Z
USkelControlLookAt,CanLookAtPoint,0x005dd430,0x1dd430,289,-1,?execCanLookAtPoint@USkelControlLookAt@@QAEXAAUFFrame@@QAX@Z
AActor,BP2Vect,0x005de310,0x1de310,231,-1,?execBP2Vect@AActor@@QAEXAAUFFrame@@QAX@Z
AActor,GetBasedPosition,0x005de560,0x1de560,231,-1,?execGetBasedPosition@AActor@@QAEXAAUFFrame@@QAX@Z
AActor,DoKismetAttachment,0x005df6c0,0x1df6c0,139,-1,?execDoKismetAttachment@AActor@@QAEXAAUFFrame@@QAX@Z
UUIScreenObject,GetZDepth,0x005dfd70,0x1dfd70,62,-1,?execGetZDepth@UUIScreenObject@@QAEXAAUFFrame@@QAX@Z
UUIScreenObject,IsRuntimeInstance,0x005dfdb0,0x1dfdb0,67,-1,?execIsRuntimeInstance@UUIScreenObject@@QAEXAAUFFrame@@QAX@Z
UUIScreenObject,CanvasToScreen,0x005dfe00,0x1dfe00,198,-1,?execCanvasToScreen@UUIScreenObject@@QAEXAAUFFrame@@QAX@Z
UUIScreenObject,PixelToScreen,0x005dfed0,0x1dfed0,198,-1,?execPixelToScreen@UUIScreenObject@@QAEXAAUFFrame@@QAX@Z
UCheatManager,ShowActor,0x005dffa0,0x1dffa0,85,-1,?execShowActor@UCheatManager@@QAEXAAUFFrame@@QAX@Z
AController,CanSeeByPoints,0x005e22a0,0x1e22a0,231,537,?execCanSeeByPoints@AController@@QAEXAAUFFrame@@QAX@Z
APlayerController,FindStairRotation,0x005e2390,0x1e2390,100,524,?execFindStairRotation@APlayerController@@QAEXAAUFFrame@@QAX@Z
UEngine,IsEditor,0x005e2400,0x1e2400,62,-1,?execIsEditor@UEngine@@QAEXAAUFFrame@@QAX@Z
UEngine,IsGame,0x005e2440,0x1e2440,62,-1,?execIsGame@UEngine@@QAEXAAUFFrame@@QAX@Z
UEngine,GetCurrentWorldInfo,0x005e2480,0x1e2480,53,-1,?execGetCurrentWorldInfo@UEngine@@QAEXAAUFFrame@@QAX@Z
UEngine,GetTinyFont,0x005e24c0,0x1e24c0,50,-1,?execGetTinyFont@UEngine@@QAEXAAUFFrame@@QAX@Z
UEngine,GetSmallFont,0x005e2500,0x1e2500,50,-1,?execGetSmallFont@UEngine@@QAEXAAUFFrame@@QAX@Z
UEngine,GetMediumFont,0x005e2540,0x1e2540,50,-1,?execGetMediumFont@UEngine@@QAEXAAUFFrame@@QAX@Z
UEngine,GetLargeFont,0x005e2580,0x1e2580,50,-1,?execGetLargeFont@UEngine@@QAEXAAUFFrame@@QAX@Z
UEngine,GetSubtitleFont,0x005e25c0,0x1e25c0,53,-1,?execGetSubtitleFont@UEngine@@QAEXAAUFFrame@@QAX@Z
UEngine,WaitMovie,0x005e2600,0x1e2600,50,-1,?execWaitMovie@UEngine@@QAEXAAUFFrame@@QAX@Z
UEngine,RemoveAllOverlays,0x005e2640,0x1e2640,50,-1,?execRemoveAllOverlays@UEngine@@QAEXAAUFFrame@@QAX@Z
UEngine,GetEngine,0x005e2680,0x1e2680,62,-1,?execGetEngine@UEngine@@QAEXAAUFFrame@@QAX@Z
AActor,ConsoleCommand,0x005e72f0,0x1e72f0,247,-1,?execConsoleCommand@AActor@@QAEXAAUFFrame@@QAX@Z
AActor,DrawDebugString,0x005e73f0,0x1e73f0,367,-1,?execDrawDebugString@AActor@@QAEXAAUFFrame@@QAX@Z
AActor,ChartData,0x005e7560,0x1e7560,200,-1,?execChartData@AActor@@QAEXAAUFFrame@@QAX@Z
AActor,GetURLMap,0x005e7630,0x1e7630,130,547,?execGetURLMap@AActor@@QAEXAAUFFrame@@QAX@Z
AActor,PlayActorFaceFXAnim,0x005e76c0,0x1e76c0,291,-1,?execPlayActorFaceFXAnim@AActor@@QAEXAAUFFrame@@QAX@Z
AActor,SupportsKismetModification,0x005e77f0,0x1e77f0,255,-1,?execSupportsKismetModification@AActor@@QAEXAAUFFrame@@QAX@Z
AAutoTestManager,BeginSentinelRun,0x005e89f0,0x1e89f0,274,-1,?execBeginSentinelRun@AAutoTestManager@@QAEXAAUFFrame@@QAX@Z
AFileWriter,OpenFile,0x005e8b10,0x1e8b10,374,-1,?execOpenFile@AFileWriter@@QAEXAAUFFrame@@QAX@Z
AFileWriter,Logf,0x005e8c90,0x1e8c90,158,-1,?execLogf@AFileWriter@@QAEXAAUFFrame@@QAX@Z
USettings,SetSettingsDataString,0x005e8d30,0x1e8d30,257,-1,?execSetSettingsDataString@USettings@@QAEXAAUFFrame@@QAX@Z
USettings,GetSettingsDataString,0x005e8e40,0x1e8e40,236,-1,?execGetSettingsDataString@USettings@@QAEXAAUFFrame@@QAX@Z
USettings,GetStringSettingColumnHeader,0x005e8f30,0x1e8f30,175,-1,?execGetStringSettingColumnHeader@USettings@@QAEXAAUFFrame@@QAX@Z
USettings,SetStringSettingValueFromStringByName,0x005e8fe0,0x1e8fe0,262,-1,?execSetStringSettingValueFromStringByName@USettings@@QAEXAAUFFrame@@QAX@Z
USettings,GetPropertyColumnHeader,0x005e90f0,0x1e90f0,175,-1,?execGetPropertyColumnHeader@USettings@@QAEXAAUFFrame@@QAX@Z
USettings,GetPropertyAsString,0x005e91a0,0x1e91a0,175,-1,?execGetPropertyAsString@USettings@@QAEXAAUFFrame@@QAX@Z
USettings,GetPropertyAsStringByName,0x005e9250,0x1e9250,186,-1,?execGetPropertyAsStringByName@USettings@@QAEXAAUFFrame@@QAX@Z
USettings,SetPropertyFromStringByName,0x005e9310,0x1e9310,262,-1,?execSetPropertyFromStringByName@USettings@@QAEXAAUFFrame@@QAX@Z
USettings,SetStringProperty,0x005e9420,0x1e9420,197,-1,?execSetStringProperty@USettings@@QAEXAAUFFrame@@QAX@Z
USettings,GetStringProperty,0x005e94f0,0x1e94f0,255,-1,?execGetStringProperty@USettings@@QAEXAAUFFrame@@QAX@Z
USettings,AppendDataBindingsToURL,0x005e95f0,0x1e95f0,216,-1,?execAppendDataBindingsToURL@USettings@@QAEXAAUFFrame@@QAX@Z
USettings,AppendPropertiesToURL,0x005e96d0,0x1e96d0,216,-1,?execAppendPropertiesToURL@USettings@@QAEXAAUFFrame@@QAX@Z
USettings,AppendContextsToURL,0x005e97b0,0x1e97b0,216,-1,?execAppendContextsToURL@USettings@@QAEXAAUFFrame@@QAX@Z
USettings,BuildURL,0x005e9890,0x1e9890,216,-1,?execBuildURL@USettings@@QAEXAAUFFrame@@QAX@Z
USettings,UpdateFromURL,0x005e9970,0x1e9970,250,-1,?execUpdateFromURL@USettings@@QAEXAAUFFrame@@QAX@Z
UOnlineSubsystem,UniqueNetIdToString,0x005e9a70,0x1e9a70,210,-1,?execUniqueNetIdToString@UOnlineSubsystem@@QAEXAAUFFrame@@QAX@Z
UOnlineSubsystem,StringToUniqueNetId,0x005e9b50,0x1e9b50,237,-1,?execStringToUniqueNetId@UOnlineSubsystem@@QAEXAAUFFrame@@QAX@Z
UInput,GetBind,0x005e9c40,0x1e9c40,226,-1,?execGetBind@UInput@@QAEXAAUFFrame@@QAX@Z
AGameInfo,GetMapCommonPackageName,0x005e9d30,0x1e9d30,322,-1,?execGetMapCommonPackageName@AGameInfo@@QAEXAAUFFrame@@QAX@Z
AGameInfo,GetNetworkNumber,0x005e9e80,0x1e9e80,135,-1,?execGetNetworkNumber@AGameInfo@@QAEXAAUFFrame@@QAX@Z
UUIDataProvider,GetProviderFieldType,0x005e9f10,0x1e9f10,250,-1,?execGetProviderFieldType@UUIDataProvider@@QAEXAAUFFrame@@QAX@Z
UUIDataProvider,ParseArrayDelimiter,0x005ea010,0x1ea010,221,-1,?execParseArrayDelimiter@UUIDataProvider@@QAEXAAUFFrame@@QAX@Z
AWorldInfo,AddOnScreenDebugMessage,0x005ea0f0,0x1ea0f0,265,-1,?execAddOnScreenDebugMessage@AWorldInfo@@QAEXAAUFFrame@@QAX@Z
AWorldInfo,GetLocalURL,0x005ea200,0x1ea200,135,-1,?execGetLocalURL@AWorldInfo@@QAEXAAUFFrame@@QAX@Z
AWorldInfo,GetAddressURL,0x005ea290,0x1ea290,135,-1,?execGetAddressURL@AWorldInfo@@QAEXAAUFFrame@@QAX@Z
AWorldInfo,GetMapName,0x005ea320,0x1ea320,188,-1,?execGetMapName@AWorldInfo@@QAEXAAUFFrame@@QAX@Z
UUIDataStore_InputAlias,GetAliasFontMarkup,0x005ea3e0,0x1ea3e0,223,-1,?execGetAliasFontMarkup@UUIDataStore_InputAlias@@QAEXAAUFFrame@@QAX@Z
UUIDataStore_InputAlias,GetAliasFontMarkupByIndex,0x005ea4c0,0x1ea4c0,212,-1,?execGetAliasFontMarkupByIndex@UUIDataStore_InputAlias@@QAEXAAUFFrame@@QAX@Z
UUIDataStore_StringAliasMap,FindMappingWithFieldName,0x005ea5a0,0x1ea5a0,242,-1,?execFindMappingWithFieldName@UUIDataStore_StringAliasMap@@QAEXAAUFFrame@@QAX@Z
UUIDataStore_StringAliasMap,GetStringWithFieldName,0x005ea6a0,0x1ea6a0,276,-1,?execGetStringWithFieldName@UUIDataStore_StringAliasMap@@QAEXAAUFFrame@@QAX@Z
UUIDynamicFieldProvider,InsertCollectionValue,0x005ea7c0,0x1ea7c0,459,-1,?execInsertCollectionValue@UUIDynamicFieldProvider@@QAEXAAUFFrame@@QAX@Z
UUIDynamicFieldProvider,RemoveCollectionValue,0x005ea990,0x1ea990,362,-1,?execRemoveCollectionValue@UUIDynamicFieldProvider@@QAEXAAUFFrame@@QAX@Z
UUIDynamicFieldProvider,ReplaceCollectionValue,0x005eab00,0x1eab00,470,-1,?execReplaceCollectionValue@UUIDynamicFieldProvider@@QAEXAAUFFrame@@QAX@Z
UUIDynamicFieldProvider,ReplaceCollectionValueByIndex,0x005eace0,0x1eace0,396,-1,?execReplaceCollectionValueByIndex@UUIDynamicFieldProvider@@QAEXAAUFFrame@@QAX@Z
UUIDynamicFieldProvider,GetCollectionValue,0x005eae70,0x1eae70,396,-1,?execGetCollectionValue@UUIDynamicFieldProvider@@QAEXAAUFFrame@@QAX@Z
UUIDynamicFieldProvider,FindCollectionValueIndex,0x005eb000,0x1eb000,362,-1,?execFindCollectionValueIndex@UUIDynamicFieldProvider@@QAEXAAUFFrame@@QAX@Z
UCheatManager,DrawUnsupportingEdges,0x005eb170,0x1eb170,163,-1,?execDrawUnsupportingEdges@UCheatManager@@QAEXAAUFFrame@@QAX@Z
UFont,GetStringHeightAndWidth,0x005eb530,0x1eb530,382,-1,?execGetStringHeightAndWidth@UFont@@QAEXAAUFFrame@@QAX@Z
UGameViewportClient,ConsoleCommand,0x005eb6b0,0x1eb6b0,191,-1,?execConsoleCommand@UGameViewportClient@@QAEXAAUFFrame@@QAX@Z
UOnlinePlayerStorage,GetProfileSettingColumnHeader,0x005ec450,0x1ec450,175,-1,?execGetProfileSettingColumnHeader@UOnlinePlayerStorage@@QAEXAAUFFrame@@QAX@Z
UOnlinePlayerStorage,GetProfileSettingValue,0x005ec710,0x1ec710,300,-1,?execGetProfileSettingValue@UOnlinePlayerStorage@@QAEXAAUFFrame@@QAX@Z
UOnlinePlayerStorage,GetProfileSettingValueByName,0x005eca50,0x1eca50,262,-1,?execGetProfileSettingValueByName@UOnlinePlayerStorage@@QAEXAAUFFrame@@QAX@Z
UOnlinePlayerStorage,SetProfileSettingValueByName,0x005ecb60,0x1ecb60,262,-1,?execSetProfileSettingValueByName@UOnlinePlayerStorage@@QAEXAAUFFrame@@QAX@Z
UOnlinePlayerStorage,SetProfileSettingValue,0x005ecc70,0x1ecc70,255,-1,?execSetProfileSettingValue@UOnlinePlayerStorage@@QAEXAAUFFrame@@QAX@Z
UOnlineStatsRead,AddPlayer,0x005ed9f0,0x1ed9f0,209,-1,?execAddPlayer@UOnlineStatsRead@@QAEXAAUFFrame@@QAX@Z
ULocalPlayer,SpawnPlayActor,0x005ee0a0,0x1ee0a0,271,-1,?execSpawnPlayActor@ULocalPlayer@@QAEXAAUFFrame@@QAX@Z
UTranslatorTag,Translate,0x005ee1b0,0x1ee1b0,186,-1,?execTranslate@UTranslatorTag@@QAEXAAUFFrame@@QAX@Z
ACamera,SetViewTarget,0x005ee270,0x1ee270,220,-1,?execSetViewTarget@ACamera@@QAEXAAUFFrame@@QAX@Z
APlayerController,ClientTravel,0x005ee350,0x1ee350,336,-1,?execClientTravel@APlayerController@@QAEXAAUFFrame@@QAX@Z
APlayerController,CopyToClipboard,0x005ee4a0,0x1ee4a0,163,-1,?execCopyToClipboard@APlayerController@@QAEXAAUFFrame@@QAX@Z
APlayerController,PasteFromClipboard,0x005ee550,0x1ee550,135,-1,?execPasteFromClipboard@APlayerController@@QAEXAAUFFrame@@QAX@Z
APlayerController,ServerProcessConvolve,0x005ee5e0,0x1ee5e0,192,-1,?execServerProcessConvolve@APlayerController@@QAEXAAUFFrame@@QAX@Z
APlayerController,Sentinel_TakeScreenshot,0x005ee6a0,0x1ee6a0,163,-1,?execSentinel_TakeScreenshot@APlayerController@@QAEXAAUFFrame@@QAX@Z
APlayerController,LogOutBugItGoToLogFile,0x005ee750,0x1ee750,274,-1,?execLogOutBugItGoToLogFile@APlayerController@@QAEXAAUFFrame@@QAX@Z
APlayerController,LogOutBugItAIGoToLogFile,0x005ee870,0x1ee870,274,-1,?execLogOutBugItAIGoToLogFile@APlayerController@@QAEXAAUFFrame@@QAX@Z
UDownloadableContentEnumerator,DeleteDLC,0x005ee990,0x1ee990,163,-1,?execDeleteDLC@UDownloadableContentEnumerator@@QAEXAAUFFrame@@QAX@Z
UDownloadableContentEnumerator,UninstallDLC,0x005eea40,0x1eea40,208,-1,?execUninstallDLC@UDownloadableContentEnumerator@@QAEXAAUFFrame@@QAX@Z
UDownloadableContentManager,GetDLCNonPackageFilePath,0x005eeb10,0x1eeb10,262,-1,?execGetDLCNonPackageFilePath@UDownloadableContentManager@@QAEXAAUFFrame@@QAX@Z
UDownloadableContentManager,AddSectionToObjectList,0x005eec20,0x1eec20,163,-1,?execAddSectionToObjectList@UDownloadableContentManager@@QAEXAAUFFrame@@QAX@Z
UDownloadableContentManager,MarkPerObjectConfigPendingKill,0x005eecd0,0x1eecd0,163,-1,?execMarkPerObjectConfigPendingKill@UDownloadableContentManager@@QAEXAAUFFrame@@QAX@Z
UDownloadableContentManager,AddPackagesToFullyLoad,0x005eed80,0x1eed80,163,-1,?execAddPackagesToFullyLoad@UDownloadableContentManager@@QAEXAAUFFrame@@QAX@Z
UEngine,IsSplitScreen,0x005eee30,0x1eee30,60,-1,?execIsSplitScreen@UEngine@@QAEXAAUFFrame@@QAX@Z
UEngine,PlayLoadMapMovie,0x005eee70,0x1eee70,223,-1,?execPlayLoadMapMovie@UEngine@@QAEXAAUFFrame@@QAX@Z
UEngine,AddOverlay,0x005eef50,0x1eef50,416,-1,?execAddOverlay@UEngine@@QAEXAAUFFrame@@QAX@Z
UEngine,AddOverlayWrapped,0x005ef0f0,0x1ef0f0,409,-1,?execAddOverlayWrapped@UEngine@@QAEXAAUFFrame@@QAX@Z
UEngine,GetWorldPostProcessChain,0x005ef290,0x1ef290,53,-1,?execGetWorldPostProcessChain@UEngine@@QAEXAAUFFrame@@QAX@Z
UEngine,AddTextureStreamingSlaveLoc,0x005ef2d0,0x1ef2d0,158,-1,?execAddTextureStreamingSlaveLoc@UEngine@@QAEXAAUFFrame@@QAX@Z
UEngine,BasicSaveObject,0x005ef370,0x1ef370,276,-1,?execBasicSaveObject@UEngine@@QAEXAAUFFrame@@QAX@Z
UEngine,BasicLoadObject,0x005ef490,0x1ef490,276,-1,?execBasicLoadObject@UEngine@@QAEXAAUFFrame@@QAX@Z
USequenceObject,ScriptLog,0x005f2bb0,0x1f2bb0,214,-1,?execScriptLog@USequenceObject@@QAEXAAUFFrame@@QAX@Z
USequenceOp,ActivateNamedOutputLink,0x005f2c90,0x1f2c90,163,-1,?execActivateNamedOutputLink@USequenceOp@@QAEXAAUFFrame@@QAX@Z
AAutoTestManager,GetTravelLocations,0x005f4480,0x1f4480,291,-1,?execGetTravelLocations@AAutoTestManager@@QAEXAAUFFrame@@QAX@Z
USettings,SetSettingsDataBlob,0x005f45b0,0x1f45b0,303,-1,?execSetSettingsDataBlob@USettings@@QAEXAAUFFrame@@QAX@Z
USettings,GetSettingsDataBlob,0x005f46e0,0x1f46e0,303,-1,?execGetSettingsDataBlob@USettings@@QAEXAAUFFrame@@QAX@Z
USettings,UpdateStringSettings,0x005f4810,0x1f4810,272,-1,?execUpdateStringSettings@USettings@@QAEXAAUFFrame@@QAX@Z
USettings,UpdateProperties,0x005f4920,0x1f4920,272,-1,?execUpdateProperties@USettings@@QAEXAAUFFrame@@QAX@Z
USettings,GetQoSAdvertisedProperties,0x005f4a30,0x1f4a30,216,-1,?execGetQoSAdvertisedProperties@USettings@@QAEXAAUFFrame@@QAX@Z
USettings,GetQoSAdvertisedStringSettings,0x005f4b10,0x1f4b10,216,-1,?execGetQoSAdvertisedStringSettings@USettings@@QAEXAAUFFrame@@QAX@Z
UUIDataStore_DynamicResource,GetProviderFieldValue,0x005f4c60,0x1f4c60,338,-1,?execGetProviderFieldValue@UUIDataStore_DynamicResource@@QAEXAAUFFrame@@QAX@Z
UUIDataStore_DynamicResource,FindProviderIndexByFieldValue,0x005f4dc0,0x1f4dc0,304,-1,?execFindProviderIndexByFieldValue@UUIDataStore_DynamicResource@@QAEXAAUFFrame@@QAX@Z
UUIDataStore_GameResource,GetProviderFieldValue,0x005f4ef0,0x1f4ef0,338,-1,?execGetProviderFieldValue@UUIDataStore_GameResource@@QAEXAAUFFrame@@QAX@Z
UUIDataStore_GameResource,FindProviderIndexByFieldValue,0x005f5050,0x1f5050,304,-1,?execFindProviderIndexByFieldValue@UUIDataStore_GameResource@@QAEXAAUFFrame@@QAX@Z
UIniLocPatcher,ProcessIniLocFile,0x005f5650,0x1f5650,271,-1,?execProcessIniLocFile@UIniLocPatcher@@QAEXAAUFFrame@@QAX@Z
UOnlinePlayerStorage,GetProfileSettingMappingIds,0x005f5b30,0x1f5b30,250,-1,?execGetProfileSettingMappingIds@UOnlinePlayerStorage@@QAEXAAUFFrame@@QAX@Z
UEngine,GetBuildDate,0x005f5e70,0x1f5e70,130,-1,?execGetBuildDate@UEngine@@QAEXAAUFFrame@@QAX@Z
UEngine,GetAdditionalFont,0x005f5f00,0x1f5f00,96,-1,?execGetAdditionalFont@UEngine@@QAEXAAUFFrame@@QAX@Z
UEngine,GetLastMovieName,0x005f5f60,0x1f5f60,130,-1,?execGetLastMovieName@UEngine@@QAEXAAUFFrame@@QAX@Z
USequenceOp,GetLinkedObjects,0x005f87b0,0x1f87b0,304,-1,?execGetLinkedObjects@USequenceOp@@QAEXAAUFFrame@@QAX@Z
UCanvas,DrawTris,0x005f98c0,0x1f98c0,192,-1,?execDrawTris@UCanvas@@QAEXAAUFFrame@@QAX@Z
USettings,GetStringSettingValueNames,0x005f9980,0x1f9980,255,-1,?execGetStringSettingValueNames@USettings@@QAEXAAUFFrame@@QAX@Z
UUIRoot,SetDataStoreFieldValue,0x005f9a80,0x1f9a80,318,-1,?execSetDataStoreFieldValue@UUIRoot@@QAEXAAUFFrame@@QAX@Z
UUIRoot,GetDataStoreFieldValue,0x005f9bc0,0x1f9bc0,318,-1,?execGetDataStoreFieldValue@UUIRoot@@QAEXAAUFFrame@@QAX@Z
UUIState,RemoveSequenceObjects,0x005f9d00,0x1f9d00,211,-1,?execRemoveSequenceObjects@UUIState@@QAEXAAUFFrame@@QAX@Z
AWorldInfo,PrepareMapChange,0x005f9de0,0x1f9de0,211,-1,?execPrepareMapChange@AWorldInfo@@QAEXAAUFFrame@@QAX@Z
ANavigationPoint,GetAllNavInRadius,0x005f9ec0,0x1f9ec0,529,-1,?execGetAllNavInRadius@ANavigationPoint@@QAEXAAUFFrame@@QAX@Z
UUIDataStore_DynamicResource,GetResourceProviders,0x005fa0e0,0x1fa0e0,257,-1,?execGetResourceProviders@UUIDataStore_DynamicResource@@QAEXAAUFFrame@@QAX@Z
UUIDataStore_DynamicResource,GetResourceProviderFields,0x005fa1f0,0x1fa1f0,257,-1,?execGetResourceProviderFields@UUIDataStore_DynamicResource@@QAEXAAUFFrame@@QAX@Z
UUIDataStore_GameResource,GetResourceProviders,0x005fa300,0x1fa300,257,-1,?execGetResourceProviders@UUIDataStore_GameResource@@QAEXAAUFFrame@@QAX@Z
UUIDataStore_GameResource,GetResourceProviderFields,0x005fa410,0x1fa410,257,-1,?execGetResourceProviderFields@UUIDataStore_GameResource@@QAEXAAUFFrame@@QAX@Z
UUIDataStore_MenuItems,GetSet,0x005fa520,0x1fa520,257,-1,?execGetSet@UUIDataStore_MenuItems@@QAEXAAUFFrame@@QAX@Z
UUIDynamicFieldProvider,GetCollectionValueSchema,0x005fa630,0x1fa630,314,-1,?execGetCollectionValueSchema@UUIDynamicFieldProvider@@QAEXAAUFFrame@@QAX@Z
UOnlinePlayerStorage,GetProfileSettingValues,0x005fab90,0x1fab90,255,-1,?execGetProfileSettingValues@UOnlinePlayerStorage@@QAEXAAUFFrame@@QAX@Z
UPhysicsAssetInstance,SetNamedBodiesFixed,0x005fad10,0x1fad10,341,-1,?execSetNamedBodiesFixed@UPhysicsAssetInstance@@QAEXAAUFFrame@@QAX@Z
UPhysicsAssetInstance,SetNamedMotorsAngularPositionDrive,0x005fae70,0x1fae70,334,-1,?execSetNamedMotorsAngularPositionDrive@UPhysicsAssetInstance@@QAEXAAUFFrame@@QAX@Z
UPhysicsAssetInstance,SetNamedMotorsAngularVelocityDrive,0x005fafc0,0x1fafc0,334,-1,?execSetNamedMotorsAngularVelocityDrive@UPhysicsAssetInstance@@QAEXAAUFFrame@@QAX@Z
UPhysicsAssetInstance,SetNamedRBBoneSprings,0x005fb110,0x1fb110,323,-1,?execSetNamedRBBoneSprings@UPhysicsAssetInstance@@QAEXAAUFFrame@@QAX@Z
UPhysicsAssetInstance,SetNamedBodiesBlockRigidBody,0x005fb260,0x1fb260,237,-1,?execSetNamedBodiesBlockRigidBody@UPhysicsAssetInstance@@QAEXAAUFFrame@@QAX@Z
APlayerController,UpdateURL,0x005fb350,0x1fb350,258,546,?execUpdateURL@APlayerController@@QAEXAAUFFrame@@QAX@Z
APlayerController,ClientFlushLevelStreaming,0x005fb460,0x1fb460,110,-1,?execClientFlushLevelStreaming@APlayerController@@QAEXAAUFFrame@@QAX@Z
ASplineActor,FindSplinePathTo,0x005fb4d0,0x1fb4d0,255,-1,?execFindSplinePathTo@ASplineActor@@QAEXAAUFFrame@@QAX@Z
ASplineActor,GetAllConnectedSplineActors,0x005fb5d0,0x1fb5d0,216,-1,?execGetAllConnectedSplineActors@ASplineActor@@QAEXAAUFFrame@@QAX@Z
AActor,FindEventsOfClass,0x005fcc40,0x1fcc40,361,-1,?execFindEventsOfClass@AActor@@QAEXAAUFFrame@@QAX@Z
AWorldInfo,GetAllRootSequences,0x005fd890,0x1fd890,130,-1,?execGetAllRootSequences@AWorldInfo@@QAEXAAUFFrame@@QAX@Z
UUIDynamicFieldProvider,GetCollectionValueArray,0x005fd920,0x1fd920,362,-1,?execGetCollectionValueArray@UUIDynamicFieldProvider@@QAEXAAUFFrame@@QAX@Z
UUIDynamicFieldProvider,SetCollectionValueArray,0x005fda90,0x1fda90,463,-1,?execSetCollectionValueArray@UUIDynamicFieldProvider@@QAEXAAUFFrame@@QAX@Z
UMaterialInterface,GetScalarCurveParameterValue,0x005fdff0,0x1fdff0,267,-1,?execGetScalarCurveParameterValue@UMaterialInterface@@QAEXAAUFFrame@@QAX@Z
UMaterialInterface,GetVectorCurveParameterValue,0x005fe100,0x1fe100,267,-1,?execGetVectorCurveParameterValue@UMaterialInterface@@QAEXAAUFFrame@@QAX@Z
UMaterialInstance,SetScalarCurveParameterValue,0x005fe210,0x1fe210,262,-1,?execSetScalarCurveParameterValue@UMaterialInstance@@QAEXAAUFFrame@@QAX@Z
UMaterialInstanceTimeVarying,SetVectorCurveParameterValue,0x005fe320,0x1fe320,262,-1,?execSetVectorCurveParameterValue@UMaterialInstanceTimeVarying@@QAEXAAUFFrame@@QAX@Z
APlayerController,GetDefaultURL,0x005fe460,0x1fe460,186,-1,?execGetDefaultURL@APlayerController@@QAEXAAUFFrame@@QAX@Z
UDownloadableContentManager,InstallDLC,0x005fe520,0x1fe520,233,-1,?execInstallDLC@UDownloadableContentManager@@QAEXAAUFFrame@@QAX@Z
UDownloadableContentManager,UninstallDLC,0x005fe610,0x1fe610,282,-1,?execUninstallDLC@UDownloadableContentManager@@QAEXAAUFFrame@@QAX@Z
UDownloadableContentManager,InstallPackages,0x005fe730,0x1fe730,228,-1,?execInstallPackages@UDownloadableContentManager@@QAEXAAUFFrame@@QAX@Z
UDownloadableContentManager,InstallNonPackageFiles,0x005fe820,0x1fe820,228,-1,?execInstallNonPackageFiles@UDownloadableContentManager@@QAEXAAUFFrame@@QAX@Z
AGameInfo,GetSupportedGameTypes,0x00601cb0,0x201cb0,380,-1,?execGetSupportedGameTypes@AGameInfo@@QAEXAAUFFrame@@QAX@Z
UDownloadableContentManager,InstallDLCs,0x006059c0,0x2059c0,216,-1,?execInstallDLCs@UDownloadableContentManager@@QAEXAAUFFrame@@QAX@Z
UDownloadableContentManager,UninstallDLCs,0x00605aa0,0x205aa0,216,-1,?execUninstallDLCs@UDownloadableContentManager@@QAEXAAUFFrame@@QAX@Z
UGameEngine,GetOnlineSubsystem,0x006140a0,0x2140a0,80,-1,?execGetOnlineSubsystem@UGameEngine@@QAEXAAUFFrame@@QAX@Z
UGameEngine,GetDLCManagementBridge,0x006140f0,0x2140f0,80,-1,?execGetDLCManagementBridge@UGameEngine@@QAEXAAUFFrame@@QAX@Z
UGameEngine,GetDLCManager,0x00614140,0x214140,80,-1,?execGetDLCManager@UGameEngine@@QAEXAAUFFrame@@QAX@Z
UGameEngine,GetDLCEnumerator,0x00614190,0x214190,80,-1,?execGetDLCEnumerator@UGameEngine@@QAEXAAUFFrame@@QAX@Z
AActor,SetPhysics,0x006a1500,0x2a1500,145,3970,?execSetPhysics@AActor@@QAEXAAUFFrame@@QAX@Z
AActor,MoveSmooth,0x006ab580,0x2ab580,101,3969,?execMoveSmooth@AActor@@QAEXAAUFFrame@@QAX@Z
USceneCapture2DHitMaskComponent,SetCaptureTargetTexture,0x006cba40,0x2cba40,98,-1,?execSetCaptureTargetTexture@USceneCapture2DHitMaskComponent@@QAEXAAUFFrame@@QAX@Z
AActor,PollSleep,0x006cc1d0,0x2cc1d0,56,384,?execPollSleep@AActor@@QAEXAAUFFrame@@QAX@Z
AActor,SetCollision,0x006cc210,0x2cc210,244,262,?execSetCollision@AActor@@QAEXAAUFFrame@@QAX@Z
AActor,SetBase,0x006cc310,0x2cc310,309,298,?execSetBase@AActor@@QAEXAAUFFrame@@QAX@Z
AActor,SetZone,0x006ccf00,0x2ccf00,109,-1,?execSetZone@AActor@@QAEXAAUFFrame@@QAX@Z
AActor,PointCheckComponent,0x006cd130,0x2cd130,268,-1,?execPointCheckComponent@AActor@@QAEXAAUFFrame@@QAX@Z
AActor,FastTrace,0x006cd240,0x2cd240,421,548,?execFastTrace@AActor@@QAEXAAUFFrame@@QAX@Z
AActor,Spawn,0x006cd450,0x2cd450,508,-1,?execSpawn@AActor@@QAEXAAUFFrame@@QAX@Z
AActor,Destroy,0x006cd680,0x2cd680,62,279,?execDestroy@AActor@@QAEXAAUFFrame@@QAX@Z
AActor,IsOverlapping,0x006cd6c0,0x2cd6c0,107,-1,?execIsOverlapping@AActor@@QAEXAAUFFrame@@QAX@Z
AVolume,Encompasses,0x006cd870,0x2cd870,125,-1,?execEncompasses@AVolume@@QAEXAAUFFrame@@QAX@Z
AVolume,EncompassesPoint,0x006cd8f0,0x2cd8f0,121,-1,?execEncompassesPoint@AVolume@@QAEXAAUFFrame@@QAX@Z
AActor,IsBasedOn,0x006cee70,0x2cee70,126,-1,?execIsBasedOn@AActor@@QAEXAAUFFrame@@QAX@Z
AActor,IsOwnedBy,0x006ceef0,0x2ceef0,126,-1,?execIsOwnedBy@AActor@@QAEXAAUFFrame@@QAX@Z
AActor,SetHardAttach,0x006cef70,0x2cef70,122,-1,?execSetHardAttach@AActor@@QAEXAAUFFrame@@QAX@Z
USeqEvent_Touch,CheckTouchActivate,0x006cf4d0,0x2cf4d0,197,-1,?execCheckTouchActivate@USeqEvent_Touch@@QAEXAAUFFrame@@QAX@Z
USeqEvent_Touch,CheckUnTouchActivate,0x006cf5a0,0x2cf5a0,197,-1,?execCheckUnTouchActivate@USeqEvent_Touch@@QAEXAAUFFrame@@QAX@Z
AActor,Trace,0x006d0ed0,0x2d0ed0,1089,277,?execTrace@AActor@@QAEXAAUFFrame@@QAX@Z
USceneCapture2DComponent,SetCaptureParameters,0x006d43c0,0x2d43c0,460,-1,?execSetCaptureParameters@USceneCapture2DComponent@@QAEXAAUFFrame@@QAX@Z
USceneCapture2DHitMaskComponent,SetFadingStartTimeSinceHit,0x006d46e0,0x2d46e0,95,-1,?execSetFadingStartTimeSinceHit@USceneCapture2DHitMaskComponent@@QAEXAAUFFrame@@QAX@Z
USceneCapturePortalComponent,SetCaptureParameters,0x006d47a0,0x2d47a0,249,-1,?execSetCaptureParameters@USceneCapturePortalComponent@@QAEXAAUFFrame@@QAX@Z
AWorldInfo,AllNavigationPoints,0x006d4bc0,0x2d4bc0,724,-1,?execAllNavigationPoints@AWorldInfo@@QAEXAAUFFrame@@QAX@Z
AWorldInfo,AllControllers,0x006d4ea0,0x2d4ea0,708,-1,?execAllControllers@AWorldInfo@@QAEXAAUFFrame@@QAX@Z
AWorldInfo,AllPawns,0x006d5170,0x2d5170,972,-1,?execAllPawns@AWorldInfo@@QAEXAAUFFrame@@QAX@Z
AActor,ChildActors,0x006d62a0,0x2d62a0,554,305,?execChildActors@AActor@@QAEXAAUFFrame@@QAX@Z
AActor,BasedActors,0x006d64d0,0x2d64d0,559,306,?execBasedActors@AActor@@QAEXAAUFFrame@@QAX@Z
AActor,ComponentList,0x006d6700,0x2d6700,506,-1,?execComponentList@AActor@@QAEXAAUFFrame@@QAX@Z
AActor,AllOwnedComponents,0x006d6900,0x2d6900,492,-1,?execAllOwnedComponents@AActor@@QAEXAAUFFrame@@QAX@Z
AActor,TouchingActors,0x006d6af0,0x2d6af0,559,307,?execTouchingActors@AActor@@QAEXAAUFFrame@@QAX@Z
AActor,TraceActors,0x006d6d20,0x2d6d20,1577,309,?execTraceActors@AActor@@QAEXAAUFFrame@@QAX@Z
AActor,VisibleActors,0x006d7350,0x2d7350,1010,311,?execVisibleActors@AActor@@QAEXAAUFFrame@@QAX@Z
AActor,OverlappingActors,0x006d7750,0x2d7750,890,-1,?execOverlappingActors@AActor@@QAEXAAUFFrame@@QAX@Z
AActor,LocalPlayerControllers,0x006d7ad0,0x2d7ad0,845,-1,?execLocalPlayerControllers@AActor@@QAEXAAUFFrame@@QAX@Z
USequenceOp,LinkedVariables,0x006d8a80,0x2d8a80,1008,-1,?execLinkedVariables@USequenceOp@@QAEXAAUFFrame@@QAX@Z
USequenceEvent,CheckActivate,0x006da080,0x2da080,389,-1,?execCheckActivate@USequenceEvent@@QAEXAAUFFrame@@QAX@Z
AWorldInfo,RadiusNavigationPoints,0x006e08c0,0x2e08c0,1110,-1,?execRadiusNavigationPoints@AWorldInfo@@QAEXAAUFFrame@@QAX@Z
AActor,TraceAllPhysicsAssetInteractions,0x006e0d20,0x2e0d20,1324,-1,?execTraceAllPhysicsAssetInteractions@AActor@@QAEXAAUFFrame@@QAX@Z
AActor,AllActors,0x006e1250,0x2e1250,586,304,?execAllActors@AActor@@QAEXAAUFFrame@@QAX@Z
AActor,DynamicActors,0x006e14a0,0x2e14a0,554,313,?execDynamicActors@AActor@@QAEXAAUFFrame@@QAX@Z
AActor,VisibleCollidingActors,0x006e16d0,0x2e16d0,1795,312,?execVisibleCollidingActors@AActor@@QAEXAAUFFrame@@QAX@Z
AActor,CollidingActors,0x006e1de0,0x2e1de0,1239,321,?execCollidingActors@AActor@@QAEXAAUFFrame@@QAX@Z
USceneCapture2DHitMaskComponent,SetCaptureParameters,0x006e7fb0,0x2e7fb0,208,-1,?execSetCaptureParameters@USceneCapture2DHitMaskComponent@@QAEXAAUFFrame@@QAX@Z
USequenceOp,GetInterpDataVars,0x006ea600,0x2ea600,428,-1,?execGetInterpDataVars@USequenceOp@@QAEXAAUFFrame@@QAX@Z
USequenceOp,GetObjectVars,0x006f2e00,0x2f2e00,602,-1,?execGetObjectVars@USequenceOp@@QAEXAAUFFrame@@QAX@Z
USequenceOp,GetBoolVars,0x006f3060,0x2f3060,589,-1,?execGetBoolVars@USequenceOp@@QAEXAAUFFrame@@QAX@Z
USequence,FindSeqObjectsByClass,0x006f5b30,0x2f5b30,290,-1,?execFindSeqObjectsByClass@USequence@@QAEXAAUFFrame@@QAX@Z
USequence,FindSeqObjectsByName,0x006f5c60,0x2f5c60,357,-1,?execFindSeqObjectsByName@USequence@@QAEXAAUFFrame@@QAX@Z
USkeletalMeshComponent,SetForceRefPose,0x0070e2a0,0x30e2a0,109,-1,?execSetForceRefPose@USkeletalMeshComponent@@QAEXAAUFFrame@@QAX@Z
USkeletalMeshComponent,FindAnimNode,0x0070e310,0x30e310,126,,?execFindAnimNode@USkeletalMeshComponent@@QAEXAAUFFrame@@QAX@Z
USkeletalMeshComponent,FindConstraintIndex,0x0070e390,0x30e390,131,-1,?execFindConstraintIndex@USkeletalMeshComponent@@QAEXAAUFFrame@@QAX@Z
USkeletalMeshComponent,FindConstraintBoneName,0x0070e420,0x30e420,154,-1,?execFindConstraintBoneName@USkeletalMeshComponent@@QAEXAAUFFrame@@QAX@Z
USkeletalMeshComponent,StopFaceFXAnim,0x0070e4c0,0x30e4c0,56,-1,?execStopFaceFXAnim@USkeletalMeshComponent@@QAEXAAUFFrame@@QAX@Z
USkeletalMeshComponent,IsPlayingFaceFXAnim,0x0070e500,0x30e500,73,-1,?execIsPlayingFaceFXAnim@USkeletalMeshComponent@@QAEXAAUFFrame@@QAX@Z
USkeletalMeshComponent,HideBone,0x0070e550,0x30e550,127,-1,?execHideBone@USkeletalMeshComponent@@QAEXAAUFFrame@@QAX@Z
USkeletalMeshComponent,UnHideBone,0x0070e5d0,0x30e5d0,91,-1,?execUnHideBone@USkeletalMeshComponent@@QAEXAAUFFrame@@QAX@Z
USkeletalMeshComponent,HideBoneByName,0x0070e630,0x30e630,140,-1,?execHideBoneByName@USkeletalMeshComponent@@QAEXAAUFFrame@@QAX@Z
USkeletalMeshComponent,UnHideBoneByName,0x0070e6c0,0x30e6c0,104,-1,?execUnHideBoneByName@USkeletalMeshComponent@@QAEXAAUFFrame@@QAX@Z
USkeletalMeshComponent,GetBoneName,0x00712f40,0x312f40,199,,?execGetBoneName@USkeletalMeshComponent@@QAEXAAUFFrame@@QAX@Z
USkeletalMeshComponent,GetRefPosePosition,0x00713010,0x313010,238,,?execGetRefPosePosition@USkeletalMeshComponent@@QAEXAAUFFrame@@QAX@Z
USkeletalMeshComponent,FindClosestBone,0x007136a0,0x3136a0,260,,?execFindClosestBone@USkeletalMeshComponent@@QAEXAAUFFrame@@QAX@Z
USkeletalMeshComponent,FindSkelControl,0x007137b0,0x3137b0,139,,?execFindSkelControl@USkeletalMeshComponent@@QAEXAAUFFrame@@QAX@Z
USkeletalMeshComponent,GetBoneMatrixLocal,0x00718810,0x318810,131,,?execGetBoneMatrixLocal@USkeletalMeshComponent@@QAEXAAUFFrame@@QAX@Z
USkeletalMeshComponent,GetBoneMatrix,0x007188a0,0x3188a0,131,,?execGetBoneMatrix@USkeletalMeshComponent@@QAEXAAUFFrame@@QAX@Z
USkeletalMeshComponent,FindComponentAttachedToBone,0x00718da0,0x318da0,297,-1,?execFindComponentAttachedToBone@USkeletalMeshComponent@@QAEXAAUFFrame@@QAX@Z
USkeletalMeshComponent,IsComponentAttached,0x00718ed0,0x318ed0,349,-1,?execIsComponentAttached@USkeletalMeshComponent@@QAEXAAUFFrame@@QAX@Z
USkeletalMeshComponent,AttachedComponents,0x00719030,0x319030,604,,?execAttachedComponents@USkeletalMeshComponent@@QAEXAAUFFrame@@QAX@Z
USkeletalMeshComponent,DeclareFaceFXRegister,0x00719eb0,0x319eb0,158,-1,?execDeclareFaceFXRegister@USkeletalMeshComponent@@QAEXAAUFFrame@@QAX@Z
USkeletalMeshComponent,GetFaceFXRegister,0x00719f50,0x319f50,163,-1,?execGetFaceFXRegister@USkeletalMeshComponent@@QAEXAAUFFrame@@QAX@Z
USkeletalMeshComponent,SetFaceFXRegister,0x0071a000,0x31a000,283,-1,?execSetFaceFXRegister@USkeletalMeshComponent@@QAEXAAUFFrame@@QAX@Z
USkeletalMeshComponent,SetFaceFXRegisterEx,0x0071a120,0x31a120,362,-1,?execSetFaceFXRegisterEx@USkeletalMeshComponent@@QAEXAAUFFrame@@QAX@Z
USkeletalMeshComponent,FindInstanceVertexweightBonePair,0x0071a350,0x31a350,141,-1,?execFindInstanceVertexweightBonePair@USkeletalMeshComponent@@QAEXAAUFFrame@@QAX@Z
USkeletalMeshComponent,DetachComponent,0x007217c0,0x3217c0,95,-1,?execDetachComponent@USkeletalMeshComponent@@QAEXAAUFFrame@@QAX@Z
USkeletalMeshComponent,GetSocketByName,0x00721820,0x321820,130,-1,?execGetSocketByName@USkeletalMeshComponent@@QAEXAAUFFrame@@QAX@Z
USkeletalMeshComponent,GetTransformMatrix,0x007218b0,0x3218b0,93,-1,?execGetTransformMatrix@USkeletalMeshComponent@@QAEXAAUFFrame@@QAX@Z
USkeletalMeshComponent,FindBodyInstanceNamed,0x00721910,0x321910,109,-1,?execFindBodyInstanceNamed@USkeletalMeshComponent@@QAEXAAUFFrame@@QAX@Z
USkeletalMeshComponent,ToggleInstanceVertexWeights,0x00721a50,0x321a50,140,-1,?execToggleInstanceVertexWeights@USkeletalMeshComponent@@QAEXAAUFFrame@@QAX@Z
USkeletalMeshComponent,GetBoneNames,0x00727410,0x327410,458,,?execGetBoneNames@USkeletalMeshComponent@@QAEXAAUFFrame@@QAX@Z
USkeletalMeshComponent,GetBonesWithinRadius,0x007275e0,0x3275e0,323,-1,?execGetBonesWithinRadius@USkeletalMeshComponent@@QAEXAAUFFrame@@QAX@Z
USkeletalMeshComponent,UpdateInstanceVertexWeightBones,0x0072db00,0x32db00,211,-1,?execUpdateInstanceVertexWeightBones@USkeletalMeshComponent@@QAEXAAUFFrame@@QAX@Z
USkeletalMeshComponent,MatchRefBone,0x00731d10,0x331d10,154,,?execMatchRefBone@USkeletalMeshComponent@@QAEXAAUFFrame@@QAX@Z
USkeletalMeshComponent,GetParentBone,0x00731eb0,0x331eb0,121,,?execGetParentBone@USkeletalMeshComponent@@QAEXAAUFFrame@@QAX@Z
USkeletalMeshComponent,BoneIsChildOf,0x00731f30,0x331f30,188,,?execBoneIsChildOf@USkeletalMeshComponent@@QAEXAAUFFrame@@QAX@Z
USkeletalMeshComponent,GetSocketWorldLocationAndRotation,0x007328a0,0x3328a0,298,-1,?execGetSocketWorldLocationAndRotation@USkeletalMeshComponent@@QAEXAAUFFrame@@QAX@Z
USkeletalMeshComponent,GetSocketBoneName,0x00732a60,0x332a60,121,,?execGetSocketBoneName@USkeletalMeshComponent@@QAEXAAUFFrame@@QAX@Z
USkeletalMeshComponent,TransformToBoneSpace,0x00733290,0x333290,329,-1,?execTransformToBoneSpace@USkeletalMeshComponent@@QAEXAAUFFrame@@QAX@Z
USkeletalMeshComponent,TransformFromBoneSpace,0x007335d0,0x3335d0,329,-1,?execTransformFromBoneSpace@USkeletalMeshComponent@@QAEXAAUFFrame@@QAX@Z
USkeletalMeshComponent,GetClosestCollidingBoneLocation,0x00733720,0x333720,698,,?execGetClosestCollidingBoneLocation@USkeletalMeshComponent@@QAEXAAUFFrame@@QAX@Z
USkeletalMeshComponent,UpdateParentBoneMap,0x007339e0,0x3339e0,48,-1,?execUpdateParentBoneMap@USkeletalMeshComponent@@QAEXAAUFFrame@@QAX@Z
USkeletalMeshComponent,InitSkelControls,0x00733a10,0x333a10,48,-1,?execInitSkelControls@USkeletalMeshComponent@@QAEXAAUFFrame@@QAX@Z
USkeletalMeshComponent,AddInstanceVertexWeightBoneParented,0x00734790,0x334790,154,-1,?execAddInstanceVertexWeightBoneParented@USkeletalMeshComponent@@QAEXAAUFFrame@@QAX@Z
USkeletalMeshComponent,RemoveInstanceVertexWeightBoneParented,0x007348e0,0x3348e0,104,-1,?execRemoveInstanceVertexWeightBoneParented@USkeletalMeshComponent@@QAEXAAUFFrame@@QAX@Z
USkeletalMeshComponent,AttachComponent,0x007481c0,0x3481c0,459,-1,?execAttachComponent@USkeletalMeshComponent@@QAEXAAUFFrame@@QAX@Z
USkeletalMeshComponent,AttachComponentToSocket,0x00748390,0x348390,146,-1,?execAttachComponentToSocket@USkeletalMeshComponent@@QAEXAAUFFrame@@QAX@Z
USkeletalMeshComponent,SetParentAnimComponent,0x00748430,0x348430,91,-1,?execSetParentAnimComponent@USkeletalMeshComponent@@QAEXAAUFFrame@@QAX@Z
USkeletalMeshComponent,GetBoneQuaternion,0x00748490,0x348490,200,-1,?execGetBoneQuaternion@USkeletalMeshComponent@@QAEXAAUFFrame@@QAX@Z
USkeletalMeshComponent,GetBoneLocation,0x00748560,0x348560,172,-1,?execGetBoneLocation@USkeletalMeshComponent@@QAEXAAUFFrame@@QAX@Z
USkeletalMeshComponent,GetBoneAxis,0x00748610,0x348610,162,-1,?execGetBoneAxis@USkeletalMeshComponent@@QAEXAAUFFrame@@QAX@Z
USkeletalMeshComponent,UpdateAnimations,0x007487a0,0x3487a0,48,-1,?execUpdateAnimations@USkeletalMeshComponent@@QAEXAAUFFrame@@QAX@Z
USkeletalMeshComponent,PlayParticleEffect,0x00748d50,0x348d50,91,-1,?execPlayParticleEffect@USkeletalMeshComponent@@QAEXAAUFFrame@@QAX@Z
USkeletalMeshComponent,SetSkeletalMesh,0x0074d910,0x34d910,147,-1,?execSetSkeletalMesh@USkeletalMeshComponent@@QAEXAAUFFrame@@QAX@Z
USkeletalMeshComponent,SetAnimTreeTemplate,0x0074d9b0,0x34d9b0,91,-1,?execSetAnimTreeTemplate@USkeletalMeshComponent@@QAEXAAUFFrame@@QAX@Z
USkeletalMeshComponent,FindAnimSequence,0x00752790,0x352790,109,-1,?execFindAnimSequence@USkeletalMeshComponent@@QAEXAAUFFrame@@QAX@Z
USkeletalMeshComponent,ShowMaterialSection,0x00752800,0x352800,180,-1,?execShowMaterialSection@USkeletalMeshComponent@@QAEXAAUFFrame@@QAX@Z
USkeletalMeshComponent,SetPhysicsAsset,0x00755120,0x355120,147,-1,?execSetPhysicsAsset@USkeletalMeshComponent@@QAEXAAUFFrame@@QAX@Z
USkeletalMeshComponent,ForceSkelUpdate,0x00755230,0x355230,48,-1,?execForceSkelUpdate@USkeletalMeshComponent@@QAEXAAUFFrame@@QAX@Z
USkeletalMeshComponent,PlayFaceFXAnim,0x00757440,0x357440,564,-1,?execPlayFaceFXAnim@USkeletalMeshComponent@@QAEXAAUFFrame@@QAX@Z
UStaticMeshComponent,SetStaticMesh,0x007591b0,0x3591b0,159,,?execSetStaticMesh@UStaticMeshComponent@@QAEXAAUFFrame@@QAX@Z
UStaticMeshComponent,SetForceStaticDecals,0x007592a0,0x3592a0,107,,?execSetForceStaticDecals@UStaticMeshComponent@@QAEXAAUFFrame@@QAX@Z
UStaticMeshComponent,CanBecomeDynamic,0x00759350,0x359350,58,,?execCanBecomeDynamic@UStaticMeshComponent@@QAEXAAUFFrame@@QAX@Z
AWorldInfo,IsMenuLevel,0x0078d4f0,0x38d4f0,194,-1,?execIsMenuLevel@AWorldInfo@@QAEXAAUFFrame@@QAX@Z
UPrimitiveComponent,WakeRigidBody,0x007a26d0,0x3a26d0,116,-1,?execWakeRigidBody@UPrimitiveComponent@@QAEXAAUFFrame@@QAX@Z
UPrimitiveComponent,PutRigidBodyToSleep_Debug,0x007a27e0,0x3a27e0,116,-1,?execPutRigidBodyToSleep_Debug@UPrimitiveComponent@@QAEXAAUFFrame@@QAX@Z
UPrimitiveComponent,SetBlockRigidBody,0x007a28e0,0x3a28e0,107,-1,?execSetBlockRigidBody@UPrimitiveComponent@@QAEXAAUFFrame@@QAX@Z
UPrimitiveComponent,SetNotifyRigidBodyCollision,0x007a29a0,0x3a29a0,107,-1,?execSetNotifyRigidBodyCollision@UPrimitiveComponent@@QAEXAAUFFrame@@QAX@Z
UPrimitiveComponent,InitRBPhys,0x007a2a10,0x3a2a10,94,,?execInitRBPhys@UPrimitiveComponent@@QAEXAAUFFrame@@QAX@Z
UPrimitiveComponent,SetPhysMaterialOverride,0x007a2a70,0x3a2a70,96,-1,?execSetPhysMaterialOverride@UPrimitiveComponent@@QAEXAAUFFrame@@QAX@Z
UPrimitiveComponent,GetRootBodyInstance,0x007a2ad0,0x3a2ad0,58,-1,?execGetRootBodyInstance@UPrimitiveComponent@@QAEXAAUFFrame@@QAX@Z_0
UPrimitiveComponent,SetRBLinearVelocity,0x007a2c60,0x3a2c60,147,-1,?execSetRBLinearVelocity@UPrimitiveComponent@@QAEXAAUFFrame@@QAX@Z
UPrimitiveComponent,SetRBAngularVelocity,0x007a2e60,0x3a2e60,147,-1,?execSetRBAngularVelocity@UPrimitiveComponent@@QAEXAAUFFrame@@QAX@Z
UPrimitiveComponent,RetardRBLinearVelocity,0x007a2f00,0x3a2f00,133,-1,?execRetardRBLinearVelocity@UPrimitiveComponent@@QAEXAAUFFrame@@QAX@Z
UPrimitiveComponent,SetRBPosition,0x007a3140,0x3a3140,91,-1,?execSetRBPosition@UPrimitiveComponent@@QAEXAAUFFrame@@QAX@Z
UPrimitiveComponent,SetRBPosition_Debug,0x007a31a0,0x3a31a0,147,-1,?execSetRBPosition_Debug@UPrimitiveComponent@@QAEXAAUFFrame@@QAX@Z
UPrimitiveComponent,SetRBRotation,0x007a3240,0x3a3240,91,-1,?execSetRBRotation@UPrimitiveComponent@@QAEXAAUFFrame@@QAX@Z
UPrimitiveComponent,SetRBRotation_Debug,0x007a32a0,0x3a32a0,147,-1,?execSetRBRotation_Debug@UPrimitiveComponent@@QAEXAAUFFrame@@QAX@Z
UPrimitiveComponent,RigidBodyIsAwake,0x007a33e0,0x3a33e0,58,-1,?execRigidBodyIsAwake@UPrimitiveComponent@@QAEXAAUFFrame@@QAX@Z
UPrimitiveComponent,RigidBodyIsAwake_Debug,0x007a3460,0x3a3460,121,-1,?execRigidBodyIsAwake_Debug@UPrimitiveComponent@@QAEXAAUFFrame@@QAX@Z
UPrimitiveComponent,AddImpulse,0x007a34e0,0x3a34e0,346,-1,?execAddImpulse@UPrimitiveComponent@@QAEXAAUFFrame@@QAX@Z
UPrimitiveComponent,AddRadialImpulse,0x007a3640,0x3a3640,268,-1,?execAddRadialImpulse@UPrimitiveComponent@@QAEXAAUFFrame@@QAX@Z
UPrimitiveComponent,AddRadialForce,0x007a3750,0x3a3750,212,,?execAddRadialForce@UPrimitiveComponent@@QAEXAAUFFrame@@QAX@Z
UPrimitiveComponent,SetRBCollidesWithChannel,0x007a3970,0x3a3970,154,,?execSetRBCollidesWithChannel@UPrimitiveComponent@@QAEXAAUFFrame@@QAX@Z
UPrimitiveComponent,SetRBCollisionChannels,0x007a3a10,0x3a3a10,110,,?execSetRBCollisionChannels@UPrimitiveComponent@@QAEXAAUFFrame@@QAX@Z
UPrimitiveComponent,SetRBChannel,0x007a3a80,0x3a3a80,98,,?execSetRBChannel@UPrimitiveComponent@@QAEXAAUFFrame@@QAX@Z
USkeletalMeshComponent,SetHasPhysicsAssetInstance,0x007a3c40,0x3a3c40,102,-1,?execSetHasPhysicsAssetInstance@USkeletalMeshComponent@@QAEXAAUFFrame@@QAX@Z
UStaticMeshComponent,DisableRBCollisionWithSMC,0x007a3d70,0x3a3d70,140,,?execDisableRBCollisionWithSMC@UStaticMeshComponent@@QAEXAAUFFrame@@QAX@Z
UPrimitiveComponent,AddForce,0x007b15e0,0x3b15e0,285,-1,?execAddForce@UPrimitiveComponent@@QAEXAAUFFrame@@QAX@Z
UPrimitiveComponent,AddTorque,0x007b1890,0x3b1890,172,-1,?execAddTorque@UPrimitiveComponent@@QAEXAAUFFrame@@QAX@Z
URB_ConstraintInstance,TermConstraint,0x007b5da0,0x3b5da0,52,-1,?execTermConstraint@URB_ConstraintInstance@@QAEXAAUFFrame@@QAX@Z
USkeletalMeshComponent,UpdateRBBonesFromSpaceBases,0x007b7920,0x3b7920,171,-1,?execUpdateRBBonesFromSpaceBases@USkeletalMeshComponent@@QAEXAAUFFrame@@QAX@Z
USkeletalMeshComponent,UpdateMeshForBrokenConstraints,0x007c0a00,0x3c0a00,48,-1,?execUpdateMeshForBrokenConstraints@USkeletalMeshComponent@@QAEXAAUFFrame@@QAX@Z
USkeletalMeshComponent,RestoreSavedAnimSets,0x007c5bb0,0x3c5bb0,48,,?execRestoreSavedAnimSets@USkeletalMeshComponent@@QAEXAAUFFrame@@QAX@Z
USkeletalMeshComponent,SaveAnimSets,0x007c8f00,0x3c8f00,48,,?execSaveAnimSets@USkeletalMeshComponent@@QAEXAAUFFrame@@QAX@Z
UCanvas,Project,0x007cd9b0,0x3cd9b0,252,-1,?execProject@UCanvas@@QAEXAAUFFrame@@QAX@Z
UCanvas,DeProject,0x007cdab0,0x3cdab0,262,-1,?execDeProject@UCanvas@@QAEXAAUFFrame@@QAX@Z
UUIDynamicFieldProvider,AddField,0x007cf0e0,0x3cf0e0,289,-1,?execAddField@UUIDynamicFieldProvider@@QAEXAAUFFrame@@QAX@Z
UCanvas,PushTranslationMatrix,0x007d6a00,0x3d6a00,219,-1,?execPushTranslationMatrix@UCanvas@@QAEXAAUFFrame@@QAX@Z
UCanvas,PopTransform,0x007def60,0x3def60,90,-1,?execPopTransform@UCanvas@@QAEXAAUFFrame@@QAX@Z
UUIDynamicFieldProvider,GetField,0x007e04d0,0x3e04d0,428,-1,?execGetField@UUIDynamicFieldProvider@@QAEXAAUFFrame@@QAX@Z
UUIDynamicFieldProvider,SetField,0x007e5500,0x3e5500,413,-1,?execSetField@UUIDynamicFieldProvider@@QAEXAAUFFrame@@QAX@Z
UCanvas,TextSize,0x007f25c0,0x3f25c0,363,-1,?execTextSize@UCanvas@@QAEXAAUFFrame@@QAX@Z
UCanvas,DrawMaterialTile,0x007f6720,0x3f6720,786,-1,?execDrawMaterialTile@UCanvas@@QAEXAAUFFrame@@QAX@Z
UCanvas,DrawTile,0x00809a00,0x409a00,881,-1,?execDrawTile@UCanvas@@QAEXAAUFFrame@@QAX@Z
UCanvas,PreOptimizeDrawTiles,0x00809d80,0x409d80,340,-1,?execPreOptimizeDrawTiles@UCanvas@@QAEXAAUFFrame@@QAX@Z
UCanvas,Draw2DLine,0x0080a9f0,0x40a9f0,347,-1,?execDraw2DLine@UCanvas@@QAEXAAUFFrame@@QAX@Z
UCanvas,DrawText,0x0080d230,0x40d230,501,-1,?execDrawText@UCanvas@@QAEXAAUFFrame@@QAX@Z
UCanvas,DrawTileStretched,0x0080d570,0x40d570,641,-1,?execDrawTileStretched@UCanvas@@QAEXAAUFFrame@@QAX@Z
UCanvas,StrLen,0x0080e9e0,0x40e9e0,368,-1,?execStrLen@UCanvas@@QAEXAAUFFrame@@QAX@Z
UUIRoot,GetCurrentUIController,0x00812fa0,0x412fa0,88,-1,?execGetCurrentUIController@UUIRoot@@QAEXAAUFFrame@@QAX@Z
UUIRoot,GetSceneClient,0x00813000,0x413000,98,-1,?execGetSceneClient@UUIRoot@@QAEXAAUFFrame@@QAX@Z
UUIRoot,GetInputPlatformType,0x00813070,0x413070,151,-1,?execGetInputPlatformType@UUIRoot@@QAEXAAUFFrame@@QAX@Z
UUIScreenObject,IsInitialized,0x00813110,0x413110,54,-1,?execIsInitialized@UUIScreenObject@@QAEXAAUFFrame@@QAX@Z
UUIScreenObject,RequestSceneUpdate,0x00813150,0x413150,254,-1,?execRequestSceneUpdate@UUIScreenObject@@QAEXAAUFFrame@@QAX@Z
UUIScreenObject,RequestFormattingUpdate,0x00813250,0x413250,53,-1,?execRequestFormattingUpdate@UUIScreenObject@@QAEXAAUFFrame@@QAX@Z
UUIScreenObject,RequestPrimitiveReview,0x00813290,0x413290,156,-1,?execRequestPrimitiveReview@UUIScreenObject@@QAEXAAUFFrame@@QAX@Z
UUIManager,GetUIManager,0x00813950,0x413950,95,-1,?execGetUIManager@UUIManager@@QAEXAAUFFrame@@QAX@Z
UUIScreenObject,GetWidgetPathName,0x008191f0,0x4191f0,135,-1,?execGetWidgetPathName@UUIScreenObject@@QAEXAAUFFrame@@QAX@Z
UUIScreenObject,HasActiveStateOfClass,0x00819740,0x419740,214,-1,?execHasActiveStateOfClass@UUIScreenObject@@QAEXAAUFFrame@@QAX@Z
UUIScreenObject,ActivateStateByClass,0x00819a20,0x419a20,214,-1,?execActivateStateByClass@UUIScreenObject@@QAEXAAUFFrame@@QAX@Z
UUIScreenObject,DeactivateStateByClass,0x00819c80,0x419c80,214,-1,?execDeactivateStateByClass@UUIScreenObject@@QAEXAAUFFrame@@QAX@Z
UUIScreenObject,IsEnabled,0x008234b0,0x4234b0,161,-1,?execIsEnabled@UUIScreenObject@@QAEXAAUFFrame@@QAX@Z
UUIScreenObject,IsDisabled,0x00823560,0x423560,161,-1,?execIsDisabled@UUIScreenObject@@QAEXAAUFFrame@@QAX@Z
UUIScreenObject,IsFocused,0x00823610,0x423610,125,-1,?execIsFocused@UUIScreenObject@@QAEXAAUFFrame@@QAX@Z
UUIScreenObject,IsActive,0x00823690,0x423690,125,-1,?execIsActive@UUIScreenObject@@QAEXAAUFFrame@@QAX@Z
UUIScreenObject,IsPressed,0x00823710,0x423710,125,-1,?execIsPressed@UUIScreenObject@@QAEXAAUFFrame@@QAX@Z
AEmitter,SetTemplate,0x008be570,0x4be570,147,-1,?execSetTemplate@AEmitter@@QAEXAAUFFrame@@QAX@Z
AGameCrowdAgent,PlayDeath,0x009576b0,0x5576b0,235,-1,?execPlayDeath@AGameCrowdAgent@@QAEXAAUFFrame@@QAX@Z
AGameCrowdAgent,InitializeAgent,0x009577a0,0x5577a0,263,-1,?execInitializeAgent@AGameCrowdAgent@@QAEXAAUFFrame@@QAX@Z
AController,RouteCache_AddItem,0x009578b0,0x5578b0,96,-1,?execRouteCache_AddItem@AController@@QAEXAAUFFrame@@QAX@Z
AGameCrowdAgentSkeletal,OnAnimEnd,0x00957910,0x557910,184,-1,?execOnAnimEnd@AGameCrowdAgentSkeletal@@QAEXAAUFFrame@@QAX@Z
AGameCrowdInteractionPoint,SetEnabled,0x009579d0,0x5579d0,107,-1,?execSetEnabled@AGameCrowdInteractionPoint@@QAEXAAUFFrame@@QAX@Z
AGameCrowdDestination,ReachedDestination,0x00957a40,0x557a40,96,-1,?execReachedDestination@AGameCrowdDestination@@QAEXAAUFFrame@@QAX@Z
AGameCrowdDestination,PickNewDestinationFor,0x00957aa0,0x557aa0,145,-1,?execPickNewDestinationFor@AGameCrowdDestination@@QAEXAAUFFrame@@QAX@Z
AController,RouteCache_RemoveItem,0x00957b40,0x557b40,96,-1,?execRouteCache_RemoveItem@AController@@QAEXAAUFFrame@@QAX@Z
AGamePlayerController,GetUIPlayerIndex,0x00957ba0,0x557ba0,58,-1,?execGetUIPlayerIndex@AGamePlayerController@@QAEXAAUFFrame@@QAX@Z
UNavMeshGoal_At,RecycleNative,0x00957c30,0x557c30,53,-1,?execRecycleNative@UNavMeshGoal_At@@QAEXAAUFFrame@@QAX@Z
UGameThirdPersonCamera,PlayerUpdateCamera,0x009580a0,0x5580a0,266,-1,?execPlayerUpdateCamera@UGameThirdPersonCamera@@QAEXAAUFFrame@@QAX@Z
UGameThirdPersonCamera,EndTurn,0x009581b0,0x5581b0,53,-1,?execEndTurn@UGameThirdPersonCamera@@QAEXAAUFFrame@@QAX@Z
ADisWhaleBoneCharm,OnSetBoneCharmEffect,0x009581f0,0x5581f0,96,-1,?execOnSetBoneCharmEffect@ADisWhaleBoneCharm@@QAEXAAUFFrame@@QAX@Z
AGameCrowdAgent,OnDestroyedByKismet,0x0095a790,0x55a790,53,-1,?execOnDestroyedByKismet@AGameCrowdAgent@@QAEXAAUFFrame@@QAX@Z
AGamePlayerController,KeepPlayingLoadingMovie,0x0095a930,0x55a930,65,-1,?execKeepPlayingLoadingMovie@AGamePlayerController@@QAEXAAUFFrame@@QAX@Z
AGamePlayerController,ClientStopMovie,0x0095a980,0x55a980,286,-1,?execClientStopMovie@AGamePlayerController@@QAEXAAUFFrame@@QAX@Z
UGameThirdPersonCameraMode,SetViewOffset,0x0095ac90,0x55ac90,141,-1,?execSetViewOffset@UGameThirdPersonCameraMode@@QAEXAAUFFrame@@QAX@Z
AGameCrowdDestination,ReachedByAgent,0x0095efd0,0x55efd0,208,-1,?execReachedByAgent@AGameCrowdDestination@@QAEXAAUFFrame@@QAX@Z
AGamePlayerCamera,AdjustFOVForViewport,0x0095f480,0x55f480,138,-1,?execAdjustFOVForViewport@AGamePlayerCamera@@QAEXAAUFFrame@@QAX@Z
AGamePlayerController,GetCurrentMovie,0x009648f0,0x5648f0,211,-1,?execGetCurrentMovie@AGamePlayerController@@QAEXAAUFFrame@@QAX@Z
AGamePlayerController,ShowLoadingMovie,0x00969610,0x569610,316,-1,?execShowLoadingMovie@AGamePlayerController@@QAEXAAUFFrame@@QAX@Z
AGamePlayerController,ClientPlayMovie,0x00969750,0x569750,248,-1,?execClientPlayMovie@AGamePlayerController@@QAEXAAUFFrame@@QAX@Z
AGameDecalManager,IsTooCloseToActiveDecal,0x0096ba50,0x56ba50,183,-1,?execIsTooCloseToActiveDecal@AGameDecalManager@@QAEXAAUFFrame@@QAX@Z
UOnlineSubsystemCommonImpl,IsPlayerInSession,0x0096de80,0x56de80,157,-1,?execIsPlayerInSession@UOnlineSubsystemCommonImpl@@QAEXAAUFFrame@@QAX@Z
UGFxInteraction,GetFocusMovie,0x00970f50,0x570f50,101,-1,?execGetFocusMovie@UGFxInteraction@@QAEXAAUFFrame@@QAX@Z
UAnimNode,ReplayAnim,0x00970fc0,0x570fc0,53,-1,?execReplayAnim@UAnimNode@@QAEXAAUFFrame@@QAX@Z
UGFxInteraction,NotifyPlayerAdded,0x00971000,0x571000,134,-1,?execNotifyPlayerAdded@UGFxInteraction@@QAEXAAUFFrame@@QAX@Z
UGFxInteraction,NotifyPlayerRemoved,0x00971090,0x571090,134,-1,?execNotifyPlayerRemoved@UGFxInteraction@@QAEXAAUFFrame@@QAX@Z
UGFxMoviePlayer,Start,0x00971120,0x571120,119,-1,?execStart@UGFxMoviePlayer@@QAEXAAUFFrame@@QAX@Z
UGFxMoviePlayer,Advance,0x009711a0,0x5711a0,100,-1,?execAdvance@UGFxMoviePlayer@@QAEXAAUFFrame@@QAX@Z
UGFxMoviePlayer,PostAdvance,0x00971210,0x571210,100,-1,?execPostAdvance@UGFxMoviePlayer@@QAEXAAUFFrame@@QAX@Z
UGFxMoviePlayer,SetPause,0x00971280,0x571280,114,-1,?execSetPause@UGFxMoviePlayer@@QAEXAAUFFrame@@QAX@Z
UGFxMoviePlayer,Close,0x00971300,0x571300,114,-1,?execClose@UGFxMoviePlayer@@QAEXAAUFFrame@@QAX@Z
UGFxMoviePlayer,SetTimingMode,0x00971380,0x571380,93,-1,?execSetTimingMode@UGFxMoviePlayer@@QAEXAAUFFrame@@QAX@Z
UGFxInteraction,CloseAllMoviePlayers,0x009713e0,0x5713e0,53,-1,?execCloseAllMoviePlayers@UGFxInteraction@@QAEXAAUFFrame@@QAX@Z
UGFxMoviePlayer,SetPriority,0x00971420,0x571420,93,-1,?execSetPriority@UGFxMoviePlayer@@QAEXAAUFFrame@@QAX@Z
UGFxMoviePlayer,CreateArray,0x00971480,0x571480,58,-1,?execCreateArray@UGFxMoviePlayer@@QAEXAAUFFrame@@QAX@Z
UGFxDataStoreSubscriber,RefreshSubscriberValue,0x009715a0,0x5715a0,107,-1,?execRefreshSubscriberValue@UGFxDataStoreSubscriber@@QAEXAAUFFrame@@QAX@Z
UGFxDataStoreSubscriber,NotifyDataStoreValueUpdated,0x00971610,0x571610,250,-1,?execNotifyDataStoreValueUpdated@UGFxDataStoreSubscriber@@QAEXAAUFFrame@@QAX@Z
UGFxDataStoreSubscriber,ClearBoundDataStores,0x00971710,0x571710,52,-1,?execClearBoundDataStores@UGFxDataStoreSubscriber@@QAEXAAUFFrame@@QAX@Z
UGFxObject,SetDisplayMatrix,0x00972b70,0x572b70,190,-1,?execSetDisplayMatrix@UGFxObject@@QAEXAAUFFrame@@QAX@Z
UGFxMoviePlayer,GetGameViewportClient,0x00974440,0x574440,68,-1,?execGetGameViewportClient@UGFxMoviePlayer@@QAEXAAUFFrame@@QAX@Z
UGFxMoviePlayer,SetMovieCanReceiveFocus,0x00974490,0x574490,104,-1,?execSetMovieCanReceiveFocus@UGFxMoviePlayer@@QAEXAAUFFrame@@QAX@Z
UGFxMoviePlayer,SetMovieCanReceiveInput,0x00974500,0x574500,104,-1,?execSetMovieCanReceiveInput@UGFxMoviePlayer@@QAEXAAUFFrame@@QAX@Z
UGFxObject,GetDisplayInfo,0x00974570,0x574570,71,-1,?execGetDisplayInfo@UGFxObject@@QAEXAAUFFrame@@QAX@Z
UGFxObject,GetPosition,0x009745c0,0x5745c0,245,-1,?execGetPosition@UGFxObject@@QAEXAAUFFrame@@QAX@Z
UGFxObject,GetColorTransform,0x009746c0,0x5746c0,174,-1,?execGetColorTransform@UGFxObject@@QAEXAAUFFrame@@QAX@Z
UGFxObject,GetDisplayMatrix,0x00974770,0x574770,93,-1,?execGetDisplayMatrix@UGFxObject@@QAEXAAUFFrame@@QAX@Z
UGFxObject,SetDisplayInfo,0x009747d0,0x5747d0,99,-1,?execSetDisplayInfo@UGFxObject@@QAEXAAUFFrame@@QAX@Z
UGFxObject,SetColorTransform,0x00974840,0x574840,203,-1,?execSetColorTransform@UGFxObject@@QAEXAAUFFrame@@QAX@Z
UGFxObject,GotoAndPlayI,0x00974910,0x574910,107,-1,?execGotoAndPlayI@UGFxObject@@QAEXAAUFFrame@@QAX@Z
UGFxObject,GotoAndStopI,0x00974980,0x574980,107,-1,?execGotoAndStopI@UGFxObject@@QAEXAAUFFrame@@QAX@Z
UGFxObject,SetDisplayMatrix3D,0x00975600,0x575600,150,-1,?execSetDisplayMatrix3D@UGFxObject@@QAEXAAUFFrame@@QAX@Z
UGFxObject,SetElementDisplayMatrix,0x00976160,0x576160,146,-1,?execSetElementDisplayMatrix@UGFxObject@@QAEXAAUFFrame@@QAX@Z
UGFxMoviePlayer,SetExternalTexture,0x00979310,0x579310,202,-1,?execSetExternalTexture@UGFxMoviePlayer@@QAEXAAUFFrame@@QAX@Z
UGFxMoviePlayer,SetViewport,0x009793e0,0x5793e0,194,-1,?execSetViewport@UGFxMoviePlayer@@QAEXAAUFFrame@@QAX@Z
UGFxMoviePlayer,SetViewScaleMode,0x009794b0,0x5794b0,101,-1,?execSetViewScaleMode@UGFxMoviePlayer@@QAEXAAUFFrame@@QAX@Z
UGFxMoviePlayer,SetAlignment,0x00979520,0x579520,101,-1,?execSetAlignment@UGFxMoviePlayer@@QAEXAAUFFrame@@QAX@Z
UGFxMoviePlayer,GetVisibleFrameRect,0x00979590,0x579590,466,-1,?execGetVisibleFrameRect@UGFxMoviePlayer@@QAEXAAUFFrame@@QAX@Z
UGFxMoviePlayer,SetView3D,0x00979770,0x579770,200,-1,?execSetView3D@UGFxMoviePlayer@@QAEXAAUFFrame@@QAX@Z
UGFxMoviePlayer,SetPerspective3D,0x00979840,0x579840,200,-1,?execSetPerspective3D@UGFxMoviePlayer@@QAEXAAUFFrame@@QAX@Z
UGFxMoviePlayer,GetVariableBool,0x00979910,0x579910,168,-1,?execGetVariableBool@UGFxMoviePlayer@@QAEXAAUFFrame@@QAX@Z
UGFxMoviePlayer,GetVariableNumber,0x009799c0,0x5799c0,168,-1,?execGetVariableNumber@UGFxMoviePlayer@@QAEXAAUFFrame@@QAX@Z
UGFxMoviePlayer,GetVariableString,0x00979a70,0x579a70,191,-1,?execGetVariableString@UGFxMoviePlayer@@QAEXAAUFFrame@@QAX@Z
UGFxMoviePlayer,GetVariableObject,0x00979b30,0x579b30,209,-1,?execGetVariableObject@UGFxMoviePlayer@@QAEXAAUFFrame@@QAX@Z
UGFxMoviePlayer,SetVariableBool,0x00979c10,0x579c10,208,-1,?execSetVariableBool@UGFxMoviePlayer@@QAEXAAUFFrame@@QAX@Z
UGFxMoviePlayer,SetVariableNumber,0x00979ce0,0x579ce0,205,-1,?execSetVariableNumber@UGFxMoviePlayer@@QAEXAAUFFrame@@QAX@Z
UGFxMoviePlayer,SetVariableString,0x00979db0,0x579db0,218,-1,?execSetVariableString@UGFxMoviePlayer@@QAEXAAUFFrame@@QAX@Z
UGFxMoviePlayer,SetVariableObject,0x00979e90,0x579e90,197,-1,?execSetVariableObject@UGFxMoviePlayer@@QAEXAAUFFrame@@QAX@Z
UGFxMoviePlayer,CreateObject,0x00979f60,0x579f60,209,-1,?execCreateObject@UGFxMoviePlayer@@QAEXAAUFFrame@@QAX@Z
UGFxObject,SetPosition,0x0097a0a0,0x57a0a0,139,-1,?execSetPosition@UGFxObject@@QAEXAAUFFrame@@QAX@Z
UGFxObject,SetVisible,0x0097a130,0x57a130,102,-1,?execSetVisible@UGFxObject@@QAEXAAUFFrame@@QAX@Z
UGFxObject,GetElementBool,0x0097a1a0,0x57a1a0,96,-1,?execGetElementBool@UGFxObject@@QAEXAAUFFrame@@QAX@Z
UGFxObject,GetElementFloat,0x0097a200,0x57a200,96,-1,?execGetElementFloat@UGFxObject@@QAEXAAUFFrame@@QAX@Z
UGFxObject,SetElementObject,0x0097a260,0x57a260,129,-1,?execSetElementObject@UGFxObject@@QAEXAAUFFrame@@QAX@Z
UGFxObject,SetElementFloat,0x0097a2f0,0x57a2f0,133,-1,?execSetElementFloat@UGFxObject@@QAEXAAUFFrame@@QAX@Z
UGFxObject,SetElementString,0x0097a380,0x57a380,192,-1,?execSetElementString@UGFxObject@@QAEXAAUFFrame@@QAX@Z
UGFxObject,GetElementDisplayInfo,0x0097a440,0x57a440,109,-1,?execGetElementDisplayInfo@UGFxObject@@QAEXAAUFFrame@@QAX@Z
UGFxObject,GetElementDisplayMatrix,0x0097a4b0,0x57a4b0,131,-1,?execGetElementDisplayMatrix@UGFxObject@@QAEXAAUFFrame@@QAX@Z
UGFxObject,SetElementDisplayInfo,0x0097a540,0x57a540,137,-1,?execSetElementDisplayInfo@UGFxObject@@QAEXAAUFFrame@@QAX@Z
UGFxObject,SetElementVisible,0x0097a5d0,0x57a5d0,140,-1,?execSetElementVisible@UGFxObject@@QAEXAAUFFrame@@QAX@Z
UGFxObject,SetElementPosition,0x0097a660,0x57a660,179,-1,?execSetElementPosition@UGFxObject@@QAEXAAUFFrame@@QAX@Z
UGFxObject,SetElementColorTransform,0x0097a720,0x57a720,137,-1,?execSetElementColorTransform@UGFxObject@@QAEXAAUFFrame@@QAX@Z
UGFxFSCmdHandler_Kismet,FSCommand,0x0097a7b0,0x57a7b0,291,-1,?execFSCommand@UGFxFSCmdHandler_Kismet@@QAEXAAUFFrame@@QAX@Z
UGFxDataStoreSubscriber,SetDataStoreBinding,0x0097a930,0x57a930,207,-1,?execSetDataStoreBinding@UGFxDataStoreSubscriber@@QAEXAAUFFrame@@QAX@Z
UGFxDataStoreSubscriber,GetDataStoreBinding,0x0097aa00,0x57aa00,181,-1,?execGetDataStoreBinding@UGFxDataStoreSubscriber@@QAEXAAUFFrame@@QAX@Z
UGFxMoviePlayer,GetVariable,0x009823f0,0x5823f0,219,-1,?execGetVariable@UGFxMoviePlayer@@QAEXAAUFFrame@@QAX@Z
UGFxMoviePlayer,SetVariable,0x009824d0,0x5824d0,300,-1,?execSetVariable@UGFxMoviePlayer@@QAEXAAUFFrame@@QAX@Z
UGFxMoviePlayer,GetVariableIntArray,0x00982600,0x582600,310,-1,?execGetVariableIntArray@UGFxMoviePlayer@@QAEXAAUFFrame@@QAX@Z
UGFxMoviePlayer,GetVariableFloatArray,0x00982740,0x582740,310,-1,?execGetVariableFloatArray@UGFxMoviePlayer@@QAEXAAUFFrame@@QAX@Z
UGFxMoviePlayer,SetVariableIntArray,0x00982880,0x582880,257,-1,?execSetVariableIntArray@UGFxMoviePlayer@@QAEXAAUFFrame@@QAX@Z
UGFxMoviePlayer,SetVariableFloatArray,0x00982990,0x582990,257,-1,?execSetVariableFloatArray@UGFxMoviePlayer@@QAEXAAUFFrame@@QAX@Z
UGFxObject,Get,0x00982aa0,0x582aa0,214,-1,?execGet@UGFxObject@@QAEXAAUFFrame@@QAX@Z
UGFxObject,GetBool,0x00982b80,0x582b80,163,-1,?execGetBool@UGFxObject@@QAEXAAUFFrame@@QAX@Z
UGFxObject,GetFloat,0x00982c30,0x582c30,163,-1,?execGetFloat@UGFxObject@@QAEXAAUFFrame@@QAX@Z
UGFxObject,GetString,0x00982ce0,0x582ce0,186,-1,?execGetString@UGFxObject@@QAEXAAUFFrame@@QAX@Z
UGFxObject,Set,0x00982da0,0x582da0,295,-1,?execSet@UGFxObject@@QAEXAAUFFrame@@QAX@Z
UGFxObject,SetBool,0x00982ed0,0x582ed0,203,-1,?execSetBool@UGFxObject@@QAEXAAUFFrame@@QAX@Z
UGFxObject,SetFloat,0x00982fa0,0x582fa0,200,-1,?execSetFloat@UGFxObject@@QAEXAAUFFrame@@QAX@Z
UGFxObject,SetObject,0x00983070,0x583070,192,-1,?execSetObject@UGFxObject@@QAEXAAUFFrame@@QAX@Z
UGFxObject,GetText,0x00983130,0x583130,130,-1,?execGetText@UGFxObject@@QAEXAAUFFrame@@QAX@Z
UGFxObject,GetElement,0x009831c0,0x5831c0,198,-1,?execGetElement@UGFxObject@@QAEXAAUFFrame@@QAX@Z
UGFxObject,GetElementString,0x00983290,0x583290,170,-1,?execGetElementString@UGFxObject@@QAEXAAUFFrame@@QAX@Z
UGFxObject,SetElement,0x00983340,0x583340,279,-1,?execSetElement@UGFxObject@@QAEXAAUFFrame@@QAX@Z
UGFxObject,SetElementBool,0x00983460,0x583460,140,-1,?execSetElementBool@UGFxObject@@QAEXAAUFFrame@@QAX@Z
UGFxObject,GetElementMember,0x009834f0,0x5834f0,250,-1,?execGetElementMember@UGFxObject@@QAEXAAUFFrame@@QAX@Z
UGFxObject,GetElementMemberBool,0x009835f0,0x5835f0,197,-1,?execGetElementMemberBool@UGFxObject@@QAEXAAUFFrame@@QAX@Z
UGFxObject,GetElementMemberFloat,0x009836c0,0x5836c0,197,-1,?execGetElementMemberFloat@UGFxObject@@QAEXAAUFFrame@@QAX@Z
UGFxObject,GetElementMemberString,0x00983790,0x583790,220,-1,?execGetElementMemberString@UGFxObject@@QAEXAAUFFrame@@QAX@Z
UGFxObject,SetElementMember,0x00983870,0x583870,329,-1,?execSetElementMember@UGFxObject@@QAEXAAUFFrame@@QAX@Z
UGFxObject,SetElementMemberObject,0x009839c0,0x5839c0,226,-1,?execSetElementMemberObject@UGFxObject@@QAEXAAUFFrame@@QAX@Z
UGFxObject,SetElementMemberBool,0x00983ab0,0x583ab0,237,-1,?execSetElementMemberBool@UGFxObject@@QAEXAAUFFrame@@QAX@Z
UGFxObject,SetElementMemberFloat,0x00983ba0,0x583ba0,234,-1,?execSetElementMemberFloat@UGFxObject@@QAEXAAUFFrame@@QAX@Z
UGFxObject,SetElementMemberString,0x00983c90,0x583c90,247,-1,?execSetElementMemberString@UGFxObject@@QAEXAAUFFrame@@QAX@Z
UGFxObject,GotoAndPlay,0x00983d90,0x583d90,158,-1,?execGotoAndPlay@UGFxObject@@QAEXAAUFFrame@@QAX@Z
UGFxObject,GotoAndStop,0x00983e30,0x583e30,158,-1,?execGotoAndStop@UGFxObject@@QAEXAAUFFrame@@QAX@Z
UGFxDataStoreSubscriber,GetBoundDataStores,0x00983f60,0x583f60,215,-1,?execGetBoundDataStores@UGFxDataStoreSubscriber@@QAEXAAUFFrame@@QAX@Z
UGFxDataStoreSubscriber,SaveSubscriberValue,0x00984040,0x584040,267,-1,?execSaveSubscriberValue@UGFxDataStoreSubscriber@@QAEXAAUFFrame@@QAX@Z
UGFxObject,ActionScriptSetFunction,0x00989c60,0x589c60,464,-1,?execActionScriptSetFunction@UGFxObject@@QAEXAAUFFrame@@QAX@Z
UGFxObject,ActionScriptSetFunctionOn,0x00989e30,0x589e30,494,-1,?execActionScriptSetFunctionOn@UGFxObject@@QAEXAAUFFrame@@QAX@Z
UGFxMoviePlayer,ActionScriptSetFunction,0x0098a020,0x58a020,506,-1,?execActionScriptSetFunction@UGFxMoviePlayer@@QAEXAAUFFrame@@QAX@Z
UGFxObject,GetObject,0x0098bba0,0x58bba0,222,-1,?execGetObject@UGFxObject@@QAEXAAUFFrame@@QAX@Z
UGFxObject,SetFunction,0x0098bc80,0x58bc80,233,-1,?execSetFunction@UGFxObject@@QAEXAAUFFrame@@QAX@Z
UGFxObject,GetElementObject,0x0098bd70,0x58bd70,156,-1,?execGetElementObject@UGFxObject@@QAEXAAUFFrame@@QAX@Z
UGFxObject,GetElementMemberObject,0x0098be10,0x58be10,256,-1,?execGetElementMemberObject@UGFxObject@@QAEXAAUFFrame@@QAX@Z
UGFxObject,CreateEmptyMovieClip,0x0098bf10,0x58bf10,267,-1,?execCreateEmptyMovieClip@UGFxObject@@QAEXAAUFFrame@@QAX@Z
UGFxObject,AttachMovie,0x0098c020,0x58c020,322,-1,?execAttachMovie@UGFxObject@@QAEXAAUFFrame@@QAX@Z
UGFxMoviePlayer,ActionScriptVoid,0x0098eb40,0x58eb40,152,-1,?execActionScriptVoid@UGFxMoviePlayer@@QAEXAAUFFrame@@QAX@Z
UGFxMoviePlayer,ActionScriptInt,0x0098ebe0,0x58ebe0,160,-1,?execActionScriptInt@UGFxMoviePlayer@@QAEXAAUFFrame@@QAX@Z
UGFxMoviePlayer,ActionScriptString,0x0098ec80,0x58ec80,160,-1,?execActionScriptString@UGFxMoviePlayer@@QAEXAAUFFrame@@QAX@Z
UGFxMoviePlayer,ActionScriptObject,0x0098ed20,0x58ed20,153,-1,?execActionScriptObject@UGFxMoviePlayer@@QAEXAAUFFrame@@QAX@Z
UGFxObject,ActionScriptVoid,0x0098edc0,0x58edc0,141,-1,?execActionScriptVoid@UGFxObject@@QAEXAAUFFrame@@QAX@Z
UGFxObject,ActionScriptFloat,0x0098ee50,0x58ee50,149,-1,?execActionScriptFloat@UGFxObject@@QAEXAAUFFrame@@QAX@Z
UGFxObject,ActionScriptString,0x0098eef0,0x58eef0,149,-1,?execActionScriptString@UGFxObject@@QAEXAAUFFrame@@QAX@Z
UGFxObject,ActionScriptObject,0x0098ef90,0x58ef90,142,-1,?execActionScriptObject@UGFxObject@@QAEXAAUFFrame@@QAX@Z
UGFxObject,ActionScriptArray,0x0098f020,0x58f020,9,-1,?execActionScriptArray@UGFxObject@@QAEXAAUFFrame@@QAX@Z
UGFxMoviePlayer,GetVariableArray,0x009903e0,0x5903e0,310,-1,?execGetVariableArray@UGFxMoviePlayer@@QAEXAAUFFrame@@QAX@Z
UGFxMoviePlayer,GetVariableStringArray,0x00990520,0x590520,310,-1,?execGetVariableStringArray@UGFxMoviePlayer@@QAEXAAUFFrame@@QAX@Z
UGFxMoviePlayer,SetVariableArray,0x00990660,0x590660,257,-1,?execSetVariableArray@UGFxMoviePlayer@@QAEXAAUFFrame@@QAX@Z
UGFxMoviePlayer,SetVariableStringArray,0x00990770,0x590770,257,-1,?execSetVariableStringArray@UGFxMoviePlayer@@QAEXAAUFFrame@@QAX@Z
UGFxMoviePlayer,Invoke,0x00990880,0x590880,277,-1,?execInvoke@UGFxMoviePlayer@@QAEXAAUFFrame@@QAX@Z
UGFxObject,Invoke,0x009909a0,0x5909a0,272,-1,?execInvoke@UGFxObject@@QAEXAAUFFrame@@QAX@Z
UGFxObject,SetString,0x009975b0,0x5975b0,254,-1,?execSetString@UGFxObject@@QAEXAAUFFrame@@QAX@Z
UGFxObject,SetText,0x009976b0,0x5976b0,199,-1,?execSetText@UGFxObject@@QAEXAAUFFrame@@QAX@Z
UGFxMoviePlayer,AddCaptureKey,0x0099cfe0,0x59cfe0,104,-1,?execAddCaptureKey@UGFxMoviePlayer@@QAEXAAUFFrame@@QAX@Z
UGFxMoviePlayer,ClearCaptureKeys,0x0099d050,0x59d050,73,-1,?execClearCaptureKeys@UGFxMoviePlayer@@QAEXAAUFFrame@@QAX@Z
UGFxMoviePlayer,AddFocusIgnoreKey,0x0099d0a0,0x59d0a0,104,-1,?execAddFocusIgnoreKey@UGFxMoviePlayer@@QAEXAAUFFrame@@QAX@Z
UGFxMoviePlayer,ClearFocusIgnoreKeys,0x0099d110,0x59d110,73,-1,?execClearFocusIgnoreKeys@UGFxMoviePlayer@@QAEXAAUFFrame@@QAX@Z
UGFxMoviePlayer,FlushPlayerInput,0x0099d160,0x59d160,135,-1,?execFlushPlayerInput@UGFxMoviePlayer@@QAEXAAUFFrame@@QAX@Z
UGFxMoviePlayer,SetWidgetPathBinding,0x0099d1f0,0x59d1f0,195,-1,?execSetWidgetPathBinding@UGFxMoviePlayer@@QAEXAAUFFrame@@QAX@Z
UOnlineSubsystemSteamworks,ShowLoginUI,0x009a4140,0x5a4140,119,-1,?execShowLoginUI@UOnlineSubsystemSteamworks@@QAEXAAUFFrame@@QAX@Z
UOnlineSubsystemSteamworks,AutoLogin,0x009a41c0,0x5a41c0,58,-1,?execAutoLogin@UOnlineSubsystemSteamworks@@QAEXAAUFFrame@@QAX@Z
UOnlineSubsystemSteamworks,Logout,0x009a4200,0x5a4200,98,-1,?execLogout@UOnlineSubsystemSteamworks@@QAEXAAUFFrame@@QAX@Z
UOnlineSubsystemSteamworks,GetLoginStatus,0x009a4270,0x5a4270,98,-1,?execGetLoginStatus@UOnlineSubsystemSteamworks@@QAEXAAUFFrame@@QAX@Z
UOnlineSubsystemSteamworks,IsFriend,0x009a42e0,0x5a42e0,143,-1,?execIsFriend@UOnlineSubsystemSteamworks@@QAEXAAUFFrame@@QAX@Z
UOnlineSubsystemSteamworks,ReadProfileSettings,0x009a4370,0x5a4370,187,-1,?execReadProfileSettings@UOnlineSubsystemSteamworks@@QAEXAAUFFrame@@QAX@Z
UOnlineSubsystemSteamworks,WriteProfileSettings,0x009a4430,0x5a4430,136,-1,?execWriteProfileSettings@UOnlineSubsystemSteamworks@@QAEXAAUFFrame@@QAX@Z
UOnlineSubsystemSteamworks,WriteProfileSettingsCompleted,0x009a44c0,0x5a44c0,142,-1,?execWriteProfileSettingsCompleted@UOnlineSubsystemSteamworks@@QAEXAAUFFrame@@QAX@Z
UOnlineSubsystemSteamworks,ReadFriendsList,0x009a4550,0x5a4550,190,-1,?execReadFriendsList@UOnlineSubsystemSteamworks@@QAEXAAUFFrame@@QAX@Z
UOnlineSubsystemSteamworks,SetNetworkNotificationPosition,0x009a4610,0x5a4610,93,-1,?execSetNetworkNotificationPosition@UOnlineSubsystemSteamworks@@QAEXAAUFFrame@@QAX@Z
UOnlineSubsystemSteamworks,IsControllerConnected,0x009a4670,0x5a4670,101,-1,?execIsControllerConnected@UOnlineSubsystemSteamworks@@QAEXAAUFFrame@@QAX@Z
UOnlineSubsystemSteamworks,GetNATType,0x009a46e0,0x5a46e0,58,-1,?execGetNATType@UOnlineSubsystemSteamworks@@QAEXAAUFFrame@@QAX@Z
UOnlineSubsystemSteamworks,ShowFeedbackUI,0x009a4720,0x5a4720,143,-1,?execShowFeedbackUI@UOnlineSubsystemSteamworks@@QAEXAAUFFrame@@QAX@Z
UOnlineSubsystemSteamworks,ShowGamerCardUI,0x009a47b0,0x5a47b0,143,-1,?execShowGamerCardUI@UOnlineSubsystemSteamworks@@QAEXAAUFFrame@@QAX@Z
UOnlineSubsystemSteamworks,ShowMessagesUI,0x009a4840,0x5a4840,98,-1,?execShowMessagesUI@UOnlineSubsystemSteamworks@@QAEXAAUFFrame@@QAX@Z
UOnlineSubsystemSteamworks,ShowAchievementsUI,0x009a48b0,0x5a48b0,98,-1,?execShowAchievementsUI@UOnlineSubsystemSteamworks@@QAEXAAUFFrame@@QAX@Z
UOnlineSubsystemSteamworks,ShowContentMarketplaceUI,0x009a4920,0x5a4920,190,-1,?execShowContentMarketplaceUI@UOnlineSubsystemSteamworks@@QAEXAAUFFrame@@QAX@Z
UOnlineSubsystemSteamworks,ShowMembershipMarketplaceUI,0x009a49e0,0x5a49e0,98,-1,?execShowMembershipMarketplaceUI@UOnlineSubsystemSteamworks@@QAEXAAUFFrame@@QAX@Z
UOnlineSubsystemSteamworks,ShowDeviceSelectionUI,0x009a4a50,0x5a4a50,194,-1,?execShowDeviceSelectionUI@UOnlineSubsystemSteamworks@@QAEXAAUFFrame@@QAX@Z
UOnlineSubsystemSteamworks,IsDeviceValid,0x009a4b20,0x5a4b20,146,-1,?execIsDeviceValid@UOnlineSubsystemSteamworks@@QAEXAAUFFrame@@QAX@Z
UOnlineSubsystemSteamworks,UnlockAchievement,0x009a4bc0,0x5a4bc0,136,-1,?execUnlockAchievement@UOnlineSubsystemSteamworks@@QAEXAAUFFrame@@QAX@Z
UOnlineSubsystemSteamworks,UnlockGamerPicture,0x009a4c50,0x5a4c50,136,-1,?execUnlockGamerPicture@UOnlineSubsystemSteamworks@@QAEXAAUFFrame@@QAX@Z
UOnlineSubsystemSteamworks,ShowFriendsUI,0x009a4ce0,0x5a4ce0,98,-1,?execShowFriendsUI@UOnlineSubsystemSteamworks@@QAEXAAUFFrame@@QAX@Z
UOnlineSubsystemSteamworks,ShowFriendsInviteUI,0x009a4d50,0x5a4d50,143,-1,?execShowFriendsInviteUI@UOnlineSubsystemSteamworks@@QAEXAAUFFrame@@QAX@Z
UOnlineSubsystemSteamworks,ShowPlayersUI,0x009a4de0,0x5a4de0,98,-1,?execShowPlayersUI@UOnlineSubsystemSteamworks@@QAEXAAUFFrame@@QAX@Z
UOnlineSubsystemSteamworks,ReadAchievements,0x009a4e50,0x5a4e50,257,-1,?execReadAchievements@UOnlineSubsystemSteamworks@@QAEXAAUFFrame@@QAX@Z
UOnlineSubsystemSteamworks,ReadOnlineAvatar,0x009a4f60,0x5a4f60,198,-1,?execReadOnlineAvatar@UOnlineSubsystemSteamworks@@QAEXAAUFFrame@@QAX@Z
UOnlineSubsystemSteamworks,DisplayAchievementProgress,0x009a5030,0x5a5030,179,-1,?execDisplayAchievementProgress@UOnlineSubsystemSteamworks@@QAEXAAUFFrame@@QAX@Z
UOnlineSubsystemSteamworks,Login,0x009a6280,0x5a6280,309,-1,?execLogin@UOnlineSubsystemSteamworks@@QAEXAAUFFrame@@QAX@Z
UOnlineSubsystemSteamworks,ReadTitleFile,0x009a63c0,0x5a63c0,168,-1,?execReadTitleFile@UOnlineSubsystemSteamworks@@QAEXAAUFFrame@@QAX@Z
UOnlineSubsystemSteamworks,CreateOnlineAccount,0x009a6470,0x5a6470,346,-1,?execCreateOnlineAccount@UOnlineSubsystemSteamworks@@QAEXAAUFFrame@@QAX@Z
UOnlineSubsystemSteamworks,ShowKeyboardUI,0x009a65d0,0x5a65d0,477,-1,?execShowKeyboardUI@UOnlineSubsystemSteamworks@@QAEXAAUFFrame@@QAX@Z
UOnlineSubsystemSteamworks,ShowInviteUI,0x009a67b0,0x5a67b0,215,-1,?execShowInviteUI@UOnlineSubsystemSteamworks@@QAEXAAUFFrame@@QAX@Z
UOnlineSubsystemSteamworks,GetDeviceSelectionResults,0x009a6890,0x5a6890,255,-1,?execGetDeviceSelectionResults@UOnlineSubsystemSteamworks@@QAEXAAUFFrame@@QAX@Z
UOnlineSubsystemSteamworks,WriteStringToRemoteStorage,0x009a6990,0x5a6990,223,-1,?execWriteStringToRemoteStorage@UOnlineSubsystemSteamworks@@QAEXAAUFFrame@@QAX@Z
UOnlineSubsystemSteamworks,ReadStringFromRemoteStorage,0x009a6a70,0x5a6a70,276,-1,?execReadStringFromRemoteStorage@UOnlineSubsystemSteamworks@@QAEXAAUFFrame@@QAX@Z
UOnlineSubsystemSteamworks,DeleteFileFromRemoteStorage,0x009a6b90,0x5a6b90,168,-1,?execDeleteFileFromRemoteStorage@UOnlineSubsystemSteamworks@@QAEXAAUFFrame@@QAX@Z
UOnlineSubsystemSteamworks,UniqueNetIdToPlayerName,0x009a6c40,0x5a6c40,217,-1,?execUniqueNetIdToPlayerName@UOnlineSubsystemSteamworks@@QAEXAAUFFrame@@QAX@Z
UOnlineSubsystemSteamworks,ShowProfileUI,0x009a6d20,0x5a6d20,281,-1,?execShowProfileUI@UOnlineSubsystemSteamworks@@QAEXAAUFFrame@@QAX@Z
UOnlineSubsystemSteamworks,UniqueNetIdToInt64,0x009a6e40,0x5a6e40,217,-1,?execUniqueNetIdToInt64@UOnlineSubsystemSteamworks@@QAEXAAUFFrame@@QAX@Z
UOnlineSubsystemSteamworks,Int64ToUniqueNetId,0x009a6f20,0x5a6f20,252,-1,?execInt64ToUniqueNetId@UOnlineSubsystemSteamworks@@QAEXAAUFFrame@@QAX@Z
UOnlineSubsystemSteamworks,AreAnyFriends,0x009a7fa0,0x5a7fa0,255,-1,?execAreAnyFriends@UOnlineSubsystemSteamworks@@QAEXAAUFFrame@@QAX@Z
UOnlineSubsystemSteamworks,ReadProfileSettingsCompleted,0x009a80a0,0x5a80a0,242,-1,?execReadProfileSettingsCompleted@UOnlineSubsystemSteamworks@@QAEXAAUFFrame@@QAX@Z
UOnlineSubsystemSteamworks,GetTitleFileContents,0x009a81a0,0x5a81a0,276,-1,?execGetTitleFileContents@UOnlineSubsystemSteamworks@@QAEXAAUFFrame@@QAX@Z
UOnlineSubsystemSteamworks,SetOnlineStatus,0x009a82c0,0x5a82c0,392,-1,?execSetOnlineStatus@UOnlineSubsystemSteamworks@@QAEXAAUFFrame@@QAX@Z
UOnlineSubsystemSteamworks,WriteBytesToRemoteStorage,0x009a8450,0x5a8450,223,-1,?execWriteBytesToRemoteStorage@UOnlineSubsystemSteamworks@@QAEXAAUFFrame@@QAX@Z
UOnlineSubsystemSteamworks,ReadBytesFromRemoteStorage,0x009a8530,0x5a8530,276,-1,?execReadBytesFromRemoteStorage@UOnlineSubsystemSteamworks@@QAEXAAUFFrame@@QAX@Z
UOnlineSubsystemSteamworks,ShowCustomPlayersUI,0x009aa730,0x5aa730,366,-1,?execShowCustomPlayersUI@UOnlineSubsystemSteamworks@@QAEXAAUFFrame@@QAX@Z
UOnlineSubsystemSteamworks,GetFriendsList,0x009acaa0,0x5acaa0,337,-1,?execGetFriendsList@UOnlineSubsystemSteamworks@@QAEXAAUFFrame@@QAX@Z
UOnlineSubsystemSteamworks,GetAchievements,0x009acc00,0x5acc00,296,-1,?execGetAchievements@UOnlineSubsystemSteamworks@@QAEXAAUFFrame@@QAX@Z
UOnlineSubsystemSteamworks,GetSteamClanData,0x009acd30,0x5acd30,216,-1,?execGetSteamClanData@UOnlineSubsystemSteamworks@@QAEXAAUFFrame@@QAX@Z
UOnlineSubsystemSteamworks,EnumerateFilesOnRemoteStorage,0x009ace10,0x5ace10,135,-1,?execEnumerateFilesOnRemoteStorage@UOnlineSubsystemSteamworks@@QAEXAAUFFrame@@QAX@Z
UDisBehaviorCombatMelee,RefreshCallback_MeleeEngage,0x009e4680,0x5e4680,138,-1,?execRefreshCallback_MeleeEngage@UDisBehaviorCombatMelee@@QAEXAAUFFrame@@QAX@Z
UDisBehaviorCombatWolfhound,RefreshCallback_WolfhoundCombatLongDistance,0x009e4710,0x5e4710,138,-1,?execRefreshCallback_WolfhoundCombatLongDistance@UDisBehaviorCombatWolfhound@@QAEXAAUFFrame@@QAX@Z
UDishonoredCheatManager,HealthAdd,0x009e47a0,0x5e47a0,96,-1,?execHealthAdd@UDishonoredCheatManager@@QAEXAAUFFrame@@QAX@Z
ADisGameCrowdAgentSkeletalRat,PlayParticleEffect,0x009e4800,0x5e4800,101,-1,?execPlayParticleEffect@ADisGameCrowdAgentSkeletalRat@@QAEXAAUFFrame@@QAX@Z
UDisGlobalMusicManager,TickCallback_Exploration,0x009e4870,0x5e4870,138,-1,?execTickCallback_Exploration@UDisGlobalMusicManager@@QAEXAAUFFrame@@QAX@Z
UDisGlobalMusicManager,TickCallback_Suspense,0x009e4900,0x5e4900,138,-1,?execTickCallback_Suspense@UDisGlobalMusicManager@@QAEXAAUFFrame@@QAX@Z
UDisGlobalMusicManager,TickCallback_Combat,0x009e4990,0x5e4990,138,-1,?execTickCallback_Combat@UDisGlobalMusicManager@@QAEXAAUFFrame@@QAX@Z
UDisBehaviorInteract,RequestStateExitCallback_TakePosition,0x009e4a20,0x5e4a20,96,-1,?execRequestStateExitCallback_TakePosition@UDisBehaviorInteract@@QAEXAAUFFrame@@QAX@Z
UDisBehaviorGoHome,OnEnterCallback_GenericAction,0x009e4a80,0x5e4a80,134,-1,?execOnEnterCallback_GenericAction@UDisBehaviorGoHome@@QAEXAAUFFrame@@QAX@Z
UDisBehaviorSearch,OnEnterCallback_GenericAction,0x009e4b10,0x5e4b10,134,-1,?execOnEnterCallback_GenericAction@UDisBehaviorSearch@@QAEXAAUFFrame@@QAX@Z
UDisBehaviorSearch,OnExitCallback_GenericAction,0x009e4ba0,0x5e4ba0,134,-1,?execOnExitCallback_GenericAction@UDisBehaviorSearch@@QAEXAAUFFrame@@QAX@Z
UDisBehaviorSearch,OnEnterCallback_Stand,0x009e4c30,0x5e4c30,134,-1,?execOnEnterCallback_Stand@UDisBehaviorSearch@@QAEXAAUFFrame@@QAX@Z
UDisBehaviorSearch,OnExitCallback_Stand,0x009e4cc0,0x5e4cc0,134,-1,?execOnExitCallback_Stand@UDisBehaviorSearch@@QAEXAAUFFrame@@QAX@Z
UDisBehaviorSearch,OnEnterCallback_StareAtUnreachable,0x009e4d50,0x5e4d50,134,-1,?execOnEnterCallback_StareAtUnreachable@UDisBehaviorSearch@@QAEXAAUFFrame@@QAX@Z
UDisBehaviorPatrol,OnEnterCallback_Stand,0x009e4de0,0x5e4de0,134,-1,?execOnEnterCallback_Stand@UDisBehaviorPatrol@@QAEXAAUFFrame@@QAX@Z
UDisBehaviorPanic,RefreshCallback_Flee,0x009e4e70,0x5e4e70,138,-1,?execRefreshCallback_Flee@UDisBehaviorPanic@@QAEXAAUFFrame@@QAX@Z
UDisBehaviorTriggerAlarm,OnExitCallback_GenericAction,0x009e4f00,0x5e4f00,134,-1,?execOnExitCallback_GenericAction@UDisBehaviorTriggerAlarm@@QAEXAAUFFrame@@QAX@Z
ADisRiverKrust,OnAnimEnd,0x009e4f90,0x5e4f90,184,-1,?execOnAnimEnd@ADisRiverKrust@@QAEXAAUFFrame@@QAX@Z
UDisDLC06CheatManager,I_AM_DAUD,0x009e5080,0x5e5080,53,-1,?execI_AM_DAUD@UDisDLC06CheatManager@@QAEXAAUFFrame@@QAX@Z
UDisDLC06CheatManager,UnlockMasterAssassin,0x009e50c0,0x5e50c0,53,-1,?execUnlockMasterAssassin@UDisDLC06CheatManager@@QAEXAAUFFrame@@QAX@Z
ADishonoredPlayerController,Dis_CancelPossession,0x009e5100,0x5e5100,53,-1,?execDis_CancelPossession@ADishonoredPlayerController@@QAEXAAUFFrame@@QAX@Z
USplineComponent,UpdateSplineReparamTable,0x009e5140,0x5e5140,53,-1,?execUpdateSplineReparamTable@USplineComponent@@QAEXAAUFFrame@@QAX@Z
UDisDLC06MoviePlayerMainMenu,GetLastDifficultyModeLockState,0x009e5180,0x5e5180,58,-1,?execGetLastDifficultyModeLockState@UDisDLC06MoviePlayerMainMenu@@QAEXAAUFFrame@@QAX@Z
UParticleSystemComponent,RewindEmitterInstances,0x009e51c0,0x5e51c0,53,-1,?execRewindEmitterInstances@UParticleSystemComponent@@QAEXAAUFFrame@@QAX@Z
UDisDLC07MoviePlayerMainMenu,DLC07_Credits,0x009e5200,0x5e5200,53,-1,?execDLC07_Credits@UDisDLC07MoviePlayerMainMenu@@QAEXAAUFFrame@@QAX@Z
AController,RouteCache_Empty,0x009e5240,0x5e5240,53,-1,?execRouteCache_Empty@AController@@QAEXAAUFFrame@@QAX@Z
UDisDLC07CheatManager,PrintHighClassUniques,0x009e5300,0x5e5300,161,-1,?execPrintHighClassUniques@UDisDLC07CheatManager@@QAEXAAUFFrame@@QAX@Z
UDisDLC07CheatManager,SaveEndgameDaud,0x009e53b0,0x5e53b0,107,-1,?execSaveEndgameDaud@UDisDLC07CheatManager@@QAEXAAUFFrame@@QAX@Z
UDisDLC07CheatManager,LoadEndgameDaud,0x009e5420,0x5e5420,107,-1,?execLoadEndgameDaud@UDisDLC07CheatManager@@QAEXAAUFFrame@@QAX@Z
UDisDLC07CheatManager,GiveCrackedBoneCharm,0x009e5490,0x5e5490,53,-1,?execGiveCrackedBoneCharm@UDisDLC07CheatManager@@QAEXAAUFFrame@@QAX@Z
ADisDLC07PlayerPawn,OnEndDLC07,0x009e54d0,0x5e54d0,96,-1,?execOnEndDLC07@ADisDLC07PlayerPawn@@QAEXAAUFFrame@@QAX@Z
ADisDLC07PlayerPawn,OnToggleSaving,0x009e5530,0x5e5530,96,-1,?execOnToggleSaving@ADisDLC07PlayerPawn@@QAEXAAUFFrame@@QAX@Z
ADisDLC07PlayerPawn,OnClearTutorials,0x009e5590,0x5e5590,96,-1,?execOnClearTutorials@ADisDLC07PlayerPawn@@QAEXAAUFFrame@@QAX@Z
UDisTweaks_Faction,OnSetDisposition,0x009ec020,0x5ec020,96,-1,?execOnSetDisposition@UDisTweaks_Faction@@QAEXAAUFFrame@@QAX@Z
ANavigationPoint,IsUsableAnchorFor,0x009ec090,0x5ec090,101,-1,?execIsUsableAnchorFor@ANavigationPoint@@QAEXAAUFFrame@@QAX@Z
ADishonoredPawn,DisplayDebug_Native,0x009ec2c0,0x5ec2c0,283,-1,?execDisplayDebug_Native@ADishonoredPawn@@QAEXAAUFFrame@@QAX@Z
ADishonoredPawn,TakeDamage_Native,0x009ec3e0,0x5ec3e0,521,-1,?execTakeDamage_Native@ADishonoredPawn@@QAEXAAUFFrame@@QAX@Z
ADishonoredPawn,TakeFallingDamage_Native,0x009ec5f0,0x5ec5f0,164,-1,?execTakeFallingDamage_Native@ADishonoredPawn@@QAEXAAUFFrame@@QAX@Z
ADishonoredPawn,PlayDying_Native,0x009ec6a0,0x5ec6a0,197,-1,?execPlayDying_Native@ADishonoredPawn@@QAEXAAUFFrame@@QAX@Z
ADishonoredPawn,ChooseAndTriggerDeathEvent_Native,0x009ec770,0x5ec770,101,-1,?execChooseAndTriggerDeathEvent_Native@ADishonoredPawn@@QAEXAAUFFrame@@QAX@Z
ADishonoredPawn,Landed_Native,0x009ec7e0,0x5ec7e0,159,-1,?execLanded_Native@ADishonoredPawn@@QAEXAAUFFrame@@QAX@Z
ADishonoredPawn,OnTeleport_Native,0x009ec880,0x5ec880,101,-1,?execOnTeleport_Native@ADishonoredPawn@@QAEXAAUFFrame@@QAX@Z
ADishonoredPawn,OnSetDisposition,0x009ec8f0,0x5ec8f0,96,-1,?execOnSetDisposition@ADishonoredPawn@@QAEXAAUFFrame@@QAX@Z
ADishonoredPawn,OnAddInventoryItem,0x009ec950,0x5ec950,96,-1,?execOnAddInventoryItem@ADishonoredPawn@@QAEXAAUFFrame@@QAX@Z
ADishonoredPawn,OnEquipItemType,0x009ec9b0,0x5ec9b0,96,-1,?execOnEquipItemType@ADishonoredPawn@@QAEXAAUFFrame@@QAX@Z
ADishonoredPawn,OnModifyAmmo,0x009eca10,0x5eca10,96,-1,?execOnModifyAmmo@ADishonoredPawn@@QAEXAAUFFrame@@QAX@Z
ADishonoredPawn,OnAddAbstractItem,0x009eca70,0x5eca70,96,-1,?execOnAddAbstractItem@ADishonoredPawn@@QAEXAAUFFrame@@QAX@Z
ADishonoredPawn,OnRemoveAbstractItem,0x009ecad0,0x5ecad0,96,-1,?execOnRemoveAbstractItem@ADishonoredPawn@@QAEXAAUFFrame@@QAX@Z
ADishonoredPawn,OnGetAbstractItemQuantity,0x009ecb30,0x5ecb30,96,-1,?execOnGetAbstractItemQuantity@ADishonoredPawn@@QAEXAAUFFrame@@QAX@Z
ADishonoredPawn,CrushedBy_Native,0x009ecb90,0x5ecb90,96,-1,?execCrushedBy_Native@ADishonoredPawn@@QAEXAAUFFrame@@QAX@Z
ADishonoredPawn,JumpOffPawn,0x009ecbf0,0x5ecbf0,53,-1,?execJumpOffPawn@ADishonoredPawn@@QAEXAAUFFrame@@QAX@Z
ADishonoredPawn,OnDLC05SetStoryGroup,0x009ecc30,0x5ecc30,96,-1,?execOnDLC05SetStoryGroup@ADishonoredPawn@@QAEXAAUFFrame@@QAX@Z
UDishonoredEngine,Dis_Save,0x009ecd10,0x5ecd10,96,-1,?execDis_Save@UDishonoredEngine@@QAEXAAUFFrame@@QAX@Z
UDishonoredEngine,Dis_Load,0x009ecd70,0x5ecd70,96,-1,?execDis_Load@UDishonoredEngine@@QAEXAAUFFrame@@QAX@Z
UDishonoredEngine,PushDisableSave,0x009ecdd0,0x5ecdd0,93,-1,?execPushDisableSave@UDishonoredEngine@@QAEXAAUFFrame@@QAX@Z
UDishonoredEngine,PopDisableSave,0x009ece30,0x5ece30,142,-1,?execPopDisableSave@UDishonoredEngine@@QAEXAAUFFrame@@QAX@Z
UDishonoredEngine,PopIgnoreAutosave,0x009ecec0,0x5ecec0,93,-1,?execPopIgnoreAutosave@UDishonoredEngine@@QAEXAAUFFrame@@QAX@Z
UDishonoredEngine,OnControllerChanged,0x009ecf20,0x5ecf20,107,-1,?execOnControllerChanged@UDishonoredEngine@@QAEXAAUFFrame@@QAX@Z
UDishonoredEngine,PublishRichPresence,0x009ecf90,0x5ecf90,77,-1,?execPublishRichPresence@UDishonoredEngine@@QAEXAAUFFrame@@QAX@Z
ADishonoredGameInfo,GameEnding,0x009ecfe0,0x5ecfe0,53,-1,?execGameEnding@ADishonoredGameInfo@@QAEXAAUFFrame@@QAX@Z
ADishonoredGameInfo,CanStartMatch,0x009ed020,0x5ed020,58,-1,?execCanStartMatch@ADishonoredGameInfo@@QAEXAAUFFrame@@QAX@Z
ADishonoredGameInfo,SpawnPlayer,0x009ed060,0x5ed060,213,-1,?execSpawnPlayer@ADishonoredGameInfo@@QAEXAAUFFrame@@QAX@Z
ADishonoredGameInfo,PreventDeath_Native,0x009ed140,0x5ed140,240,-1,?execPreventDeath_Native@ADishonoredGameInfo@@QAEXAAUFFrame@@QAX@Z
ADishonoredKActor,TakeDamage_Native,0x009ed230,0x5ed230,445,-1,?execTakeDamage_Native@ADishonoredKActor@@QAEXAAUFFrame@@QAX@Z_0
ADishonoredNote,NativeNotePostRender,0x009ed3f0,0x5ed3f0,258,-1,?execNativeNotePostRender@ADishonoredNote@@QAEXAAUFFrame@@QAX@Z
UDishonoredViewportClient,PostRender_Native,0x009ed500,0x5ed500,96,-1,?execPostRender_Native@UDishonoredViewportClient@@QAEXAAUFFrame@@QAX@Z
ADisSkeletalBreakable,TakeDamage_Native,0x009ed600,0x5ed600,445,-1,?execTakeDamage_Native@ADisSkeletalBreakable@@QAEXAAUFFrame@@QAX@Z
AAutoTestManager,DoSentinelActionBeforeExit_Native,0x009ed7c0,0x5ed7c0,53,-1,?execDoSentinelActionBeforeExit_Native@AAutoTestManager@@QAEXAAUFFrame@@QAX@Z
ADisProjectileLauncher,OnToggle_Native,0x009ed800,0x5ed800,96,-1,?execOnToggle_Native@ADisProjectileLauncher@@QAEXAAUFFrame@@QAX@Z
ADisWatchTower,TakeDamage_Native,0x009ed890,0x5ed890,521,-1,?execTakeDamage_Native@ADisWatchTower@@QAEXAAUFFrame@@QAX@Z
ADisPlayerControllerBase,SetPlaytestFlag,0x009edaa0,0x5edaa0,107,-1,?execSetPlaytestFlag@ADisPlayerControllerBase@@QAEXAAUFFrame@@QAX@Z
ADisPlayerControllerBase,Playtest_native,0x009edb10,0x5edb10,107,-1,?execPlaytest_native@ADisPlayerControllerBase@@QAEXAAUFFrame@@QAX@Z
ADishonoredPlayerController,HandleHeldButtons,0x009edb80,0x5edb80,100,-1,?execHandleHeldButtons@ADishonoredPlayerController@@QAEXAAUFFrame@@QAX@Z
ADisDebugNPCController,Dis_StartPower,0x009edbf0,0x5edbf0,53,-1,?execDis_StartPower@ADisDebugNPCController@@QAEXAAUFFrame@@QAX@Z
ADishonoredPlayerController,OnTeleport_Native,0x009edc30,0x5edc30,96,-1,?execOnTeleport_Native@ADishonoredPlayerController@@QAEXAAUFFrame@@QAX@Z
ADishonoredPlayerController,Dis_Wheel_Open,0x009edc90,0x5edc90,107,-1,?execDis_Wheel_Open@ADishonoredPlayerController@@QAEXAAUFFrame@@QAX@Z
ADishonoredPlayerController,Dis_Wheel_Close,0x009edd00,0x5edd00,107,-1,?execDis_Wheel_Close@ADishonoredPlayerController@@QAEXAAUFFrame@@QAX@Z
ADishonoredPlayerController,Dis_WheelShortcuts_GamepadSelect,0x009edd70,0x5edd70,96,-1,?execDis_WheelShortcuts_GamepadSelect@ADishonoredPlayerController@@QAEXAAUFFrame@@QAX@Z
ADishonoredPlayerController,Dis_WheelShortcuts_GamepadUse,0x009eddd0,0x5eddd0,96,-1,?execDis_WheelShortcuts_GamepadUse@ADishonoredPlayerController@@QAEXAAUFFrame@@QAX@Z
ADishonoredPlayerController,Dis_WheelShortcuts_KeyboardSelect,0x009ede30,0x5ede30,96,-1,?execDis_WheelShortcuts_KeyboardSelect@ADishonoredPlayerController@@QAEXAAUFFrame@@QAX@Z
ADishonoredPlayerController,Dis_WheelShortcuts_KeyboardUse,0x009ede90,0x5ede90,96,-1,?execDis_WheelShortcuts_KeyboardUse@ADishonoredPlayerController@@QAEXAAUFFrame@@QAX@Z
ADishonoredPlayerController,Dis_WheelShortcuts_MousePrevious,0x009edef0,0x5edef0,53,-1,?execDis_WheelShortcuts_MousePrevious@ADishonoredPlayerController@@QAEXAAUFFrame@@QAX@Z
ADishonoredPlayerController,Dis_NextEquippedItem,0x009edf30,0x5edf30,107,-1,?execDis_NextEquippedItem@ADishonoredPlayerController@@QAEXAAUFFrame@@QAX@Z
ADishonoredPlayerController,Dis_PrevEquippedItem,0x009edfa0,0x5edfa0,107,-1,?execDis_PrevEquippedItem@ADishonoredPlayerController@@QAEXAAUFFrame@@QAX@Z
ADishonoredPlayerController,Dis_EquipItemByType,0x009ee010,0x5ee010,131,-1,?execDis_EquipItemByType@ADishonoredPlayerController@@QAEXAAUFFrame@@QAX@Z
ADishonoredPlayerController,Dis_UsePrimaryItemOrAdrenaline_Multi,0x009ee0a0,0x5ee0a0,145,-1,?execDis_UsePrimaryItemOrAdrenaline_Multi@ADishonoredPlayerController@@QAEXAAUFFrame@@QAX@Z
ADishonoredPlayerController,Dis_UsePrimaryItem,0x009ee140,0x5ee140,53,-1,?execDis_UsePrimaryItem@ADishonoredPlayerController@@QAEXAAUFFrame@@QAX@Z
UDishonoredCheatManager,AttentionClearExclusiveType,0x009ee180,0x5ee180,53,-1,?execAttentionClearExclusiveType@UDishonoredCheatManager@@QAEXAAUFFrame@@QAX@Z
ADishonoredPlayerController,Dis_NextItemOption,0x009ee1c0,0x5ee1c0,93,-1,?execDis_NextItemOption@ADishonoredPlayerController@@QAEXAAUFFrame@@QAX@Z
ADishonoredPlayerController,Dis_PrevItemOption,0x009ee220,0x5ee220,93,-1,?execDis_PrevItemOption@ADishonoredPlayerController@@QAEXAAUFFrame@@QAX@Z
ADishonoredPlayerController,Dis_ConsumeElixir,0x009ee280,0x5ee280,98,-1,?execDis_ConsumeElixir@ADishonoredPlayerController@@QAEXAAUFFrame@@QAX@Z
ADishonoredPlayerController,Dis_UseAdrenaline,0x009ee2f0,0x5ee2f0,168,-1,?execDis_UseAdrenaline@ADishonoredPlayerController@@QAEXAAUFFrame@@QAX@Z
ADishonoredPlayerController,Dis_UseAdrenaline_Multi,0x009ee3a0,0x5ee3a0,201,-1,?execDis_UseAdrenaline_Multi@ADishonoredPlayerController@@QAEXAAUFFrame@@QAX@Z
ADishonoredPlayerController,Dis_LeanOrAdrenaline_Multi,0x009ee470,0x5ee470,145,-1,?execDis_LeanOrAdrenaline_Multi@ADishonoredPlayerController@@QAEXAAUFFrame@@QAX@Z
ADishonoredPlayerController,Dis_ExitKeyhole,0x009ee510,0x5ee510,53,-1,?execDis_ExitKeyhole@ADishonoredPlayerController@@QAEXAAUFFrame@@QAX@Z
ADishonoredPlayerController,Dis_ToggleJournal,0x009ee550,0x5ee550,53,-1,?execDis_ToggleJournal@ADishonoredPlayerController@@QAEXAAUFFrame@@QAX@Z
ADishonoredPawn,OnModifyElixirCount,0x009ee590,0x5ee590,96,-1,?execOnModifyElixirCount@ADishonoredPawn@@QAEXAAUFFrame@@QAX@Z
ADishonoredPlayerController,Dis_OpenPauseMenu,0x009ee5f0,0x5ee5f0,53,-1,?execDis_OpenPauseMenu@ADishonoredPlayerController@@QAEXAAUFFrame@@QAX@Z
ADishonoredPlayerController,Dis_SelectPower,0x009ee630,0x5ee630,96,-1,?execDis_SelectPower@ADishonoredPlayerController@@QAEXAAUFFrame@@QAX@Z
ADishonoredPlayerController,DisToggleSprint,0x009ee690,0x5ee690,107,-1,?execDisToggleSprint@ADishonoredPlayerController@@QAEXAAUFFrame@@QAX@Z
ADishonoredPlayerController,Dis_LeanWithAnalogStick_End,0x009ee700,0x5ee700,53,-1,?execDis_LeanWithAnalogStick_End@ADishonoredPlayerController@@QAEXAAUFFrame@@QAX@Z
ADishonoredPlayerController,Dis_Lean_Toggle,0x009ee740,0x5ee740,288,-1,?execDis_Lean_Toggle@ADishonoredPlayerController@@QAEXAAUFFrame@@QAX@Z
ADishonoredPlayerController,Dis_VersusAlt,0x009ee860,0x5ee860,53,-1,?execDis_VersusAlt@ADishonoredPlayerController@@QAEXAAUFFrame@@QAX@Z
ADishonoredPlayerController,Dis_Zoom,0x009ee8a0,0x5ee8a0,53,-1,?execDis_Zoom@ADishonoredPlayerController@@QAEXAAUFFrame@@QAX@Z
ADishonoredPlayerController,ShowScreenConfig,0x009ee8e0,0x5ee8e0,53,-1,?execShowScreenConfig@ADishonoredPlayerController@@QAEXAAUFFrame@@QAX@Z
ADishonoredPlayerController,ToggleScreenConfig,0x009ee920,0x5ee920,53,-1,?execToggleScreenConfig@ADishonoredPlayerController@@QAEXAAUFFrame@@QAX@Z
ADishonoredPlayerController,PreSetCinematicMode_Native,0x009ee960,0x5ee960,156,-1,?execPreSetCinematicMode_Native@ADishonoredPlayerController@@QAEXAAUFFrame@@QAX@Z
ADishonoredPlayerController,SetCinematicMode_Native,0x009eea00,0x5eea00,468,-1,?execSetCinematicMode_Native@ADishonoredPlayerController@@QAEXAAUFFrame@@QAX@Z
ADishonoredPlayerController,OnObjectiveAction,0x009eebe0,0x5eebe0,96,-1,?execOnObjectiveAction@ADishonoredPlayerController@@QAEXAAUFFrame@@QAX@Z
ADishonoredPlayerController,OnShowPowerMenu,0x009eec40,0x5eec40,96,-1,?execOnShowPowerMenu@ADishonoredPlayerController@@QAEXAAUFFrame@@QAX@Z
ADishonoredPlayerController,GetProfileSettings,0x009eeca0,0x5eeca0,58,-1,?execGetProfileSettings@ADishonoredPlayerController@@QAEXAAUFFrame@@QAX@Z
ADishonoredPlayerController,CalcPlayerSwimAccelRate,0x009eece0,0x5eece0,58,-1,?execCalcPlayerSwimAccelRate@ADishonoredPlayerController@@QAEXAAUFFrame@@QAX@Z
ADishonoredPlayerController,OnControllerChanged_Native,0x009eed20,0x5eed20,107,-1,?execOnControllerChanged_Native@ADishonoredPlayerController@@QAEXAAUFFrame@@QAX@Z
ADishonoredPlayerPawn,StartCrouch,0x009eed90,0x5eed90,100,-1,?execStartCrouch@ADishonoredPlayerPawn@@QAEXAAUFFrame@@QAX@Z
ADishonoredPlayerPawn,EndCrouch,0x009eee00,0x5eee00,100,-1,?execEndCrouch@ADishonoredPlayerPawn@@QAEXAAUFFrame@@QAX@Z
ADishonoredPlayerPawn,DoJump,0x009eee70,0x5eee70,112,-1,?execDoJump@ADishonoredPlayerPawn@@QAEXAAUFFrame@@QAX@Z
ADishonoredPlayerPawn,DisplayDebug_Cheats,0x009eeee0,0x5eeee0,288,-1,?execDisplayDebug_Cheats@ADishonoredPlayerPawn@@QAEXAAUFFrame@@QAX@Z
ADishonoredPlayerPawn,CheatWalk_Native,0x009ef000,0x5ef000,53,-1,?execCheatWalk_Native@ADishonoredPlayerPawn@@QAEXAAUFFrame@@QAX@Z
ADishonoredPlayerPawn,CheatGhost_Native,0x009ef040,0x5ef040,53,-1,?execCheatGhost_Native@ADishonoredPlayerPawn@@QAEXAAUFFrame@@QAX@Z
ADishonoredPlayerPawn,CheatFly_Native,0x009ef080,0x5ef080,53,-1,?execCheatFly_Native@ADishonoredPlayerPawn@@QAEXAAUFFrame@@QAX@Z
ADishonoredPlayerPawn,OnAddPower,0x009ef0c0,0x5ef0c0,96,-1,?execOnAddPower@ADishonoredPlayerPawn@@QAEXAAUFFrame@@QAX@Z
ADishonoredPlayerPawn,OnRemovePower,0x009ef120,0x5ef120,96,-1,?execOnRemovePower@ADishonoredPlayerPawn@@QAEXAAUFFrame@@QAX@Z
ADishonoredPlayerPawn,OnMaxPowers,0x009ef180,0x5ef180,96,-1,?execOnMaxPowers@ADishonoredPlayerPawn@@QAEXAAUFFrame@@QAX@Z
ADishonoredPlayerPawn,OnMinPowers,0x009ef1e0,0x5ef1e0,96,-1,?execOnMinPowers@ADishonoredPlayerPawn@@QAEXAAUFFrame@@QAX@Z
ADishonoredPlayerPawn,OnAddKey,0x009ef240,0x5ef240,96,-1,?execOnAddKey@ADishonoredPlayerPawn@@QAEXAAUFFrame@@QAX@Z
ADishonoredPlayerPawn,OnRemoveKey,0x009ef2a0,0x5ef2a0,96,-1,?execOnRemoveKey@ADishonoredPlayerPawn@@QAEXAAUFFrame@@QAX@Z
ADishonoredPlayerPawn,OnGiveUpgrade,0x009ef300,0x5ef300,96,-1,?execOnGiveUpgrade@ADishonoredPlayerPawn@@QAEXAAUFFrame@@QAX@Z
ADishonoredPlayerPawn,OnEvalAchievement,0x009ef360,0x5ef360,96,-1,?execOnEvalAchievement@ADishonoredPlayerPawn@@QAEXAAUFFrame@@QAX@Z
ADishonoredPlayerPawn,OnGetPlayerStat,0x009ef3c0,0x5ef3c0,96,-1,?execOnGetPlayerStat@ADishonoredPlayerPawn@@QAEXAAUFFrame@@QAX@Z
ADishonoredPlayerPawn,OnToggleAchievementEval,0x009ef420,0x5ef420,96,-1,?execOnToggleAchievementEval@ADishonoredPlayerPawn@@QAEXAAUFFrame@@QAX@Z
ADishonoredPlayerPawn,OnTogglePowerWheel,0x009ef480,0x5ef480,96,-1,?execOnTogglePowerWheel@ADishonoredPlayerPawn@@QAEXAAUFFrame@@QAX@Z
ADishonoredPlayerPawn,OnToggleJournal,0x009ef4e0,0x5ef4e0,96,-1,?execOnToggleJournal@ADishonoredPlayerPawn@@QAEXAAUFFrame@@QAX@Z
ADishonoredPlayerPawn,OnTogglePlayerLeftHand,0x009ef540,0x5ef540,96,-1,?execOnTogglePlayerLeftHand@ADishonoredPlayerPawn@@QAEXAAUFFrame@@QAX@Z
ADishonoredPlayerPawn,OnApplyPlayerLoadout,0x009ef5a0,0x5ef5a0,96,-1,?execOnApplyPlayerLoadout@ADishonoredPlayerPawn@@QAEXAAUFFrame@@QAX@Z
ADishonoredPlayerPawn,OnGivePickup,0x009ef600,0x5ef600,96,-1,?execOnGivePickup@ADishonoredPlayerPawn@@QAEXAAUFFrame@@QAX@Z
ADishonoredPlayerPawn,OnAdrenalineToggle,0x009ef660,0x5ef660,96,-1,?execOnAdrenalineToggle@ADishonoredPlayerPawn@@QAEXAAUFFrame@@QAX@Z
ADishonoredPlayerPawn,OnSetPlayerHealth,0x009ef6c0,0x5ef6c0,96,-1,?execOnSetPlayerHealth@ADishonoredPlayerPawn@@QAEXAAUFFrame@@QAX@Z
ADishonoredPlayerPawn,OnSetPlayerMana,0x009ef720,0x5ef720,96,-1,?execOnSetPlayerMana@ADishonoredPlayerPawn@@QAEXAAUFFrame@@QAX@Z
ADishonoredPlayerPawn,OnOverrideAwarenessDisplay,0x009ef780,0x5ef780,96,-1,?execOnOverrideAwarenessDisplay@ADishonoredPlayerPawn@@QAEXAAUFFrame@@QAX@Z
ADishonoredPlayerPawn,OnToggleChoke,0x009ef7e0,0x5ef7e0,96,-1,?execOnToggleChoke@ADishonoredPlayerPawn@@QAEXAAUFFrame@@QAX@Z
ADishonoredPlayerPawn,OnToggleTutorial,0x009ef840,0x5ef840,96,-1,?execOnToggleTutorial@ADishonoredPlayerPawn@@QAEXAAUFFrame@@QAX@Z
ADishonoredPlayerPawn,OnCancelPlayerActivePower,0x009ef8a0,0x5ef8a0,96,-1,?execOnCancelPlayerActivePower@ADishonoredPlayerPawn@@QAEXAAUFFrame@@QAX@Z
ADishonoredPlayerPawn,OnPlayerResurrect,0x009ef900,0x5ef900,96,-1,?execOnPlayerResurrect@ADishonoredPlayerPawn@@QAEXAAUFFrame@@QAX@Z
ADishonoredPlayerPawn,OnDestroy_Native,0x009ef960,0x5ef960,109,-1,?execOnDestroy_Native@ADishonoredPlayerPawn@@QAEXAAUFFrame@@QAX@Z
UDishonoredCheatManager,SetCameraBob_Native,0x009efa70,0x5efa70,184,-1,?execSetCameraBob_Native@UDishonoredCheatManager@@QAEXAAUFFrame@@QAX@Z
UDishonoredCheatManager,PlayerArmsEnable,0x009efb30,0x5efb30,107,-1,?execPlayerArmsEnable@UDishonoredCheatManager@@QAEXAAUFFrame@@QAX@Z
UDishonoredCheatManager,TogglePlayerBodyMode_Native,0x009efba0,0x5efba0,96,-1,?execTogglePlayerBodyMode_Native@UDishonoredCheatManager@@QAEXAAUFFrame@@QAX@Z
UOnlineSubsystemSteamworks,Exit,0x009efc00,0x5efc00,53,-1,?execExit@UOnlineSubsystemSteamworks@@QAEXAAUFFrame@@QAX@Z
UDownloadableContentManager,RemoveUnavailableDLC,0x009efc40,0x5efc40,53,-1,?execRemoveUnavailableDLC@UDownloadableContentManager@@QAEXAAUFFrame@@QAX@Z
UUIDataProvider_OnlinePlayerStorage,OnReadStorageComplete_Native,0x009efc80,0x5efc80,53,-1,?execOnReadStorageComplete_Native@UUIDataProvider_OnlinePlayerStorage@@QAEXAAUFFrame@@QAX@Z
UDishonoredCheatManager,PlayerForceVisible,0x009efcc0,0x5efcc0,53,-1,?execPlayerForceVisible@UDishonoredCheatManager@@QAEXAAUFFrame@@QAX@Z
USequenceOp,PopulateLinkedVariableValues,0x009efd00,0x5efd00,53,-1,?execPopulateLinkedVariableValues@USequenceOp@@QAEXAAUFFrame@@QAX@Z
UDishonoredCheatManager,PlayerDisableAssassinate,0x009efd40,0x5efd40,53,-1,?execPlayerDisableAssassinate@UDishonoredCheatManager@@QAEXAAUFFrame@@QAX@Z
UDishonoredCheatManager,PlayerForceFastFinishers,0x009efd80,0x5efd80,53,-1,?execPlayerForceFastFinishers@UDishonoredCheatManager@@QAEXAAUFFrame@@QAX@Z
UTextureFlipBook,Play,0x009efdc0,0x5efdc0,53,-1,?execPlay@UTextureFlipBook@@QAEXAAUFFrame@@QAX@Z
UDishonoredCheatManager,ManaAdd,0x009efe00,0x5efe00,96,-1,?execManaAdd@UDishonoredCheatManager@@QAEXAAUFFrame@@QAX@Z
UDishonoredCheatManager,ManaEnable,0x009efe60,0x5efe60,107,-1,?execManaEnable@UDishonoredCheatManager@@QAEXAAUFFrame@@QAX@Z
UDishonoredCheatManager,ManaToggle,0x009efed0,0x5efed0,53,-1,?execManaToggle@UDishonoredCheatManager@@QAEXAAUFFrame@@QAX@Z
UDishonoredCheatManager,Buddha,0x009eff10,0x5eff10,53,-1,?execBuddha@UDishonoredCheatManager@@QAEXAAUFFrame@@QAX@Z
UDishonoredCheatManager,PlayerDamage,0x009eff50,0x5eff50,205,-1,?execPlayerDamage@UDishonoredCheatManager@@QAEXAAUFFrame@@QAX@Z
UDishonoredCheatManager,PlayerDamageBash,0x009f0020,0x5f0020,205,-1,?execPlayerDamageBash@UDishonoredCheatManager@@QAEXAAUFFrame@@QAX@Z
UDishonoredCheatManager,PlayerDamageBullet,0x009f00f0,0x5f00f0,205,-1,?execPlayerDamageBullet@UDishonoredCheatManager@@QAEXAAUFFrame@@QAX@Z
UDishonoredCheatManager,PlayerDamageElectricity,0x009f01c0,0x5f01c0,205,-1,?execPlayerDamageElectricity@UDishonoredCheatManager@@QAEXAAUFFrame@@QAX@Z
UDishonoredCheatManager,PlayerDamageFastHit,0x009f0290,0x5f0290,205,-1,?execPlayerDamageFastHit@UDishonoredCheatManager@@QAEXAAUFFrame@@QAX@Z
UDishonoredCheatManager,PlayerDamageImpact,0x009f0360,0x5f0360,205,-1,?execPlayerDamageImpact@UDishonoredCheatManager@@QAEXAAUFFrame@@QAX@Z
UDishonoredCheatManager,PlayerDamageKnockdown,0x009f0430,0x5f0430,205,-1,?execPlayerDamageKnockdown@UDishonoredCheatManager@@QAEXAAUFFrame@@QAX@Z
UDishonoredCheatManager,PlayerDamageProjectile,0x009f0500,0x5f0500,205,-1,?execPlayerDamageProjectile@UDishonoredCheatManager@@QAEXAAUFFrame@@QAX@Z
UDishonoredCheatManager,PlayerDamageProjectile_Stealth,0x009f05d0,0x5f05d0,205,-1,?execPlayerDamageProjectile_Stealth@UDishonoredCheatManager@@QAEXAAUFFrame@@QAX@Z
UPrimitiveComponent,PutRigidBodyToSleep,0x009f06a0,0x5f06a0,53,-1,?execPutRigidBodyToSleep@UPrimitiveComponent@@QAEXAAUFFrame@@QAX@Z
UDishonoredCheatManager,PlayerDisableTakeDamage,0x009f06e0,0x5f06e0,53,-1,?execPlayerDisableTakeDamage@UDishonoredCheatManager@@QAEXAAUFFrame@@QAX@Z
UMaterialInstance,ClearParameterValues,0x009f0720,0x5f0720,53,-1,?execClearParameterValues@UMaterialInstance@@QAEXAAUFFrame@@QAX@Z
UDishonoredCheatManager,PlayerDisableStrongHitReaction,0x009f0760,0x5f0760,53,-1,?execPlayerDisableStrongHitReaction@UDishonoredCheatManager@@QAEXAAUFFrame@@QAX@Z
UDishonoredCheatManager,PlayerEnableKnockdown,0x009f07a0,0x5f07a0,53,-1,?execPlayerEnableKnockdown@UDishonoredCheatManager@@QAEXAAUFFrame@@QAX@Z
UDishonoredCheatManager,PlayerDisableKnockdown,0x009f07e0,0x5f07e0,53,-1,?execPlayerDisableKnockdown@UDishonoredCheatManager@@QAEXAAUFFrame@@QAX@Z
UDishonoredCheatManager,PlayerInfiniteAmmo,0x009f0820,0x5f0820,53,-1,?execPlayerInfiniteAmmo@UDishonoredCheatManager@@QAEXAAUFFrame@@QAX@Z
UDishonoredCheatManager,AbstractInventoryList,0x009f0860,0x5f0860,53,-1,?execAbstractInventoryList@UDishonoredCheatManager@@QAEXAAUFFrame@@QAX@Z
UDishonoredCheatManager,PlayerShowNavMeshStatus,0x009f08a0,0x5f08a0,114,-1,?execPlayerShowNavMeshStatus@UDishonoredCheatManager@@QAEXAAUFFrame@@QAX@Z
UDisDLC05MoviePlayerLeaderboard,Req_DLC05_CancelLeaderboardLoading,0x009f0920,0x5f0920,53,-1,?execReq_DLC05_CancelLeaderboardLoading@UDisDLC05MoviePlayerLeaderboard@@QAEXAAUFFrame@@QAX@Z
UDishonoredCheatManager,DoLineCheckStressTest,0x009f0960,0x5f0960,148,-1,?execDoLineCheckStressTest@UDishonoredCheatManager@@QAEXAAUFFrame@@QAX@Z
UDishonoredCheatManager,PlayerTestCamRumble,0x009f0a00,0x5f0a00,188,-1,?execPlayerTestCamRumble@UDishonoredCheatManager@@QAEXAAUFFrame@@QAX@Z
UDishonoredCheatManager,PlayerGhostChestView,0x009f0ac0,0x5f0ac0,107,-1,?execPlayerGhostChestView@UDishonoredCheatManager@@QAEXAAUFFrame@@QAX@Z
UDishonoredCheatManager,DisplayDebug_Native,0x009f0b30,0x5f0b30,288,-1,?execDisplayDebug_Native@UDishonoredCheatManager@@QAEXAAUFFrame@@QAX@Z
UDisGFxMoviePlayerJournal,Req_Logs_All,0x009f0c50,0x5f0c50,53,-1,?execReq_Logs_All@UDisGFxMoviePlayerJournal@@QAEXAAUFFrame@@QAX@Z
UDishonoredCheatManager,AIDeaf,0x009f0c90,0x5f0c90,114,-1,?execAIDeaf@UDishonoredCheatManager@@QAEXAAUFFrame@@QAX@Z
UDishonoredCheatManager,AIBlind,0x009f0d10,0x5f0d10,114,-1,?execAIBlind@UDishonoredCheatManager@@QAEXAAUFFrame@@QAX@Z
UDishonoredCheatManager,AINumb,0x009f0d90,0x5f0d90,114,-1,?execAINumb@UDishonoredCheatManager@@QAEXAAUFFrame@@QAX@Z
UDishonoredCheatManager,AIDumb,0x009f0e10,0x5f0e10,114,-1,?execAIDumb@UDishonoredCheatManager@@QAEXAAUFFrame@@QAX@Z
UDisGFxMoviePlayerMainMenu,OnLoginCancelled,0x009f0e90,0x5f0e90,53,-1,?execOnLoginCancelled@UDisGFxMoviePlayerMainMenu@@QAEXAAUFFrame@@QAX@Z
UDisGFxMoviePlayerJournal,Req_CharmsTabContent,0x009f0ed0,0x5f0ed0,53,-1,?execReq_CharmsTabContent@UDisGFxMoviePlayerJournal@@QAEXAAUFFrame@@QAX@Z
UPrimitiveComponent,SetOwnerNoSee,0x009f0f10,0x5f0f10,107,-1,?execSetOwnerNoSee@UPrimitiveComponent@@QAEXAAUFFrame@@QAX@Z
UDisGFxMoviePlayerMainMenu,OnCampaignTabSelected,0x009f0f80,0x5f0f80,53,-1,?execOnCampaignTabSelected@UDisGFxMoviePlayerMainMenu@@QAEXAAUFFrame@@QAX@Z
UDishonoredCheatManager,AIForceTransitSpeed,0x009f0fc0,0x5f0fc0,103,-1,?execAIForceTransitSpeed@UDishonoredCheatManager@@QAEXAAUFFrame@@QAX@Z
UDisDLC05MoviePlayerPauseMenu,OnLevelLoadingOpened,0x009f1030,0x5f1030,53,-1,?execOnLevelLoadingOpened@UDisDLC05MoviePlayerPauseMenu@@QAEXAAUFFrame@@QAX@Z
UDisDLC05MoviePlayerPauseMenu,EndChallenge,0x009f1070,0x5f1070,53,-1,?execEndChallenge@UDisDLC05MoviePlayerPauseMenu@@QAEXAAUFFrame@@QAX@Z
UDishonoredCheatManager,AISetBeepWhenSeePlayer,0x009f10b0,0x5f10b0,107,-1,?execAISetBeepWhenSeePlayer@UDishonoredCheatManager@@QAEXAAUFFrame@@QAX@Z
UDishonoredCheatManager,AIVerbosePathDebug,0x009f1120,0x5f1120,53,-1,?execAIVerbosePathDebug@UDishonoredCheatManager@@QAEXAAUFFrame@@QAX@Z
UDisGFxMoviePlayerMainMenu,Req_DLConHDD,0x009f1160,0x5f1160,53,-1,?execReq_DLConHDD@UDisGFxMoviePlayerMainMenu@@QAEXAAUFFrame@@QAX@Z
UDishonoredCheatManager,AIGoToReset,0x009f11a0,0x5f11a0,53,-1,?execAIGoToReset@UDishonoredCheatManager@@QAEXAAUFFrame@@QAX@Z
UDisGFxMoviePlayerMainMenu,OnQuitGameConfirm,0x009f11e0,0x5f11e0,53,-1,?execOnQuitGameConfirm@UDisGFxMoviePlayerMainMenu@@QAEXAAUFFrame@@QAX@Z
UDishonoredCheatManager,AIForcePanic,0x009f1220,0x5f1220,53,-1,?execAIForcePanic@UDishonoredCheatManager@@QAEXAAUFFrame@@QAX@Z
UDishonoredCheatManager,AIForcePanicNow,0x009f1260,0x5f1260,53,-1,?execAIForcePanicNow@UDishonoredCheatManager@@QAEXAAUFFrame@@QAX@Z
USplineComponent,UpdateSplineCurviness,0x009f12a0,0x5f12a0,53,-1,?execUpdateSplineCurviness@USplineComponent@@QAEXAAUFFrame@@QAX@Z
UDishonoredCheatManager,AIForceAttentionLevel,0x009f12e0,0x5f12e0,100,-1,?execAIForceAttentionLevel@UDishonoredCheatManager@@QAEXAAUFFrame@@QAX@Z
UDishonoredCheatManager,AIForceAttentionLevelOff,0x009f1350,0x5f1350,53,-1,?execAIForceAttentionLevelOff@UDishonoredCheatManager@@QAEXAAUFFrame@@QAX@Z
UDishonoredCheatManager,AISetDumbToPlayer,0x009f1390,0x5f1390,107,-1,?execAISetDumbToPlayer@UDishonoredCheatManager@@QAEXAAUFFrame@@QAX@Z
UDishonoredCheatManager,AIBlindToPlayer,0x009f1400,0x5f1400,53,-1,?execAIBlindToPlayer@UDishonoredCheatManager@@QAEXAAUFFrame@@QAX@Z
UDishonoredCheatManager,AISetBlindToPlayer,0x009f1440,0x5f1440,107,-1,?execAISetBlindToPlayer@UDishonoredCheatManager@@QAEXAAUFFrame@@QAX@Z
UDishonoredCheatManager,AIDeafToPlayer,0x009f14b0,0x5f14b0,53,-1,?execAIDeafToPlayer@UDishonoredCheatManager@@QAEXAAUFFrame@@QAX@Z
UDishonoredCheatManager,AISetDeafToPlayer,0x009f14f0,0x5f14f0,107,-1,?execAISetDeafToPlayer@UDishonoredCheatManager@@QAEXAAUFFrame@@QAX@Z
UDishonoredCheatManager,AINumbToPlayer,0x009f1560,0x5f1560,53,-1,?execAINumbToPlayer@UDishonoredCheatManager@@QAEXAAUFFrame@@QAX@Z
UDishonoredCheatManager,AISetNumbToPlayer,0x009f15a0,0x5f15a0,107,-1,?execAISetNumbToPlayer@UDishonoredCheatManager@@QAEXAAUFFrame@@QAX@Z
UDishonoredCheatManager,AIDumbToAIs,0x009f1610,0x5f1610,53,-1,?execAIDumbToAIs@UDishonoredCheatManager@@QAEXAAUFFrame@@QAX@Z
UDishonoredCheatManager,AISetDumbToAIs,0x009f1650,0x5f1650,107,-1,?execAISetDumbToAIs@UDishonoredCheatManager@@QAEXAAUFFrame@@QAX@Z
UDishonoredCheatManager,AIBlindToAIs,0x009f16c0,0x5f16c0,53,-1,?execAIBlindToAIs@UDishonoredCheatManager@@QAEXAAUFFrame@@QAX@Z
UDishonoredCheatManager,AISetBlindToAIs,0x009f1700,0x5f1700,107,-1,?execAISetBlindToAIs@UDishonoredCheatManager@@QAEXAAUFFrame@@QAX@Z
UDishonoredCheatManager,AIDeafToAIs,0x009f1770,0x5f1770,53,-1,?execAIDeafToAIs@UDishonoredCheatManager@@QAEXAAUFFrame@@QAX@Z
UDishonoredCheatManager,AISetDeafToAIs,0x009f17b0,0x5f17b0,107,-1,?execAISetDeafToAIs@UDishonoredCheatManager@@QAEXAAUFFrame@@QAX@Z
UDishonoredCheatManager,AINumbToAIs,0x009f1820,0x5f1820,53,-1,?execAINumbToAIs@UDishonoredCheatManager@@QAEXAAUFFrame@@QAX@Z
UDishonoredCheatManager,AISetNumbToAIs,0x009f1860,0x5f1860,107,-1,?execAISetNumbToAIs@UDishonoredCheatManager@@QAEXAAUFFrame@@QAX@Z
UDishonoredCheatManager,AIShowThoughts,0x009f18d0,0x5f18d0,107,-1,?execAIShowThoughts@UDishonoredCheatManager@@QAEXAAUFFrame@@QAX@Z
UDishonoredCheatManager,AIEnableAllBehaviors,0x009f1940,0x5f1940,53,-1,?execAIEnableAllBehaviors@UDishonoredCheatManager@@QAEXAAUFFrame@@QAX@Z
UDishonoredCheatManager,AIEnableAllSubStates,0x009f1980,0x5f1980,53,-1,?execAIEnableAllSubStates@UDishonoredCheatManager@@QAEXAAUFFrame@@QAX@Z
UDishonoredCheatManager,AIUseSimpleAttentionForPlayer,0x009f19c0,0x5f19c0,53,-1,?execAIUseSimpleAttentionForPlayer@UDishonoredCheatManager@@QAEXAAUFFrame@@QAX@Z
UDisParticleSystemComponent,InitializeForPool,0x009f1a00,0x5f1a00,53,-1,?execInitializeForPool@UDisParticleSystemComponent@@QAEXAAUFFrame@@QAX@Z
UDishonoredCheatManager,LocoDontRotate,0x009f1a40,0x5f1a40,53,-1,?execLocoDontRotate@UDishonoredCheatManager@@QAEXAAUFFrame@@QAX@Z
UDishonoredCheatManager,LocoForceIdleAnim,0x009f1a80,0x5f1a80,53,-1,?execLocoForceIdleAnim@UDishonoredCheatManager@@QAEXAAUFFrame@@QAX@Z
UDishonoredCheatManager,LocoForceLookAtMode,0x009f1ac0,0x5f1ac0,96,-1,?execLocoForceLookAtMode@UDishonoredCheatManager@@QAEXAAUFFrame@@QAX@Z
UDishonoredCheatManager,LocoForceModifier,0x009f1b20,0x5f1b20,96,-1,?execLocoForceModifier@UDishonoredCheatManager@@QAEXAAUFFrame@@QAX@Z
UDishonoredCheatManager,LocoForceUnaccuracy,0x009f1b80,0x5f1b80,53,-1,?execLocoForceUnaccuracy@UDishonoredCheatManager@@QAEXAAUFFrame@@QAX@Z
UDishonoredCheatManager,LocoNewAvoidance,0x009f1bc0,0x5f1bc0,53,-1,?execLocoNewAvoidance@UDishonoredCheatManager@@QAEXAAUFFrame@@QAX@Z
UDishonoredCheatManager,LocoNewIK,0x009f1c00,0x5f1c00,53,-1,?execLocoNewIK@UDishonoredCheatManager@@QAEXAAUFFrame@@QAX@Z
UDishonoredCheatManager,LocoNewPhysWalking,0x009f1c40,0x5f1c40,53,-1,?execLocoNewPhysWalking@UDishonoredCheatManager@@QAEXAAUFFrame@@QAX@Z
UDishonoredCheatManager,LocoShowAvoidance,0x009f1c80,0x5f1c80,53,-1,?execLocoShowAvoidance@UDishonoredCheatManager@@QAEXAAUFFrame@@QAX@Z
UDishonoredCheatManager,LocoShowPathAndStraightPath,0x009f1cc0,0x5f1cc0,53,-1,?execLocoShowPathAndStraightPath@UDishonoredCheatManager@@QAEXAAUFFrame@@QAX@Z
UDishonoredCheatManager,LocoTeleport,0x009f1d00,0x5f1d00,53,-1,?execLocoTeleport@UDishonoredCheatManager@@QAEXAAUFFrame@@QAX@Z
UDishonoredCheatManager,MatGoForward,0x009f1d40,0x5f1d40,53,-1,?execMatGoForward@UDishonoredCheatManager@@QAEXAAUFFrame@@QAX@Z
UDishonoredCheatManager,MatGoBackward,0x009f1d80,0x5f1d80,53,-1,?execMatGoBackward@UDishonoredCheatManager@@QAEXAAUFFrame@@QAX@Z
UDishonoredCheatManager,NavMeshCheck,0x009f1dc0,0x5f1dc0,53,-1,?execNavMeshCheck@UDishonoredCheatManager@@QAEXAAUFFrame@@QAX@Z
UDishonoredCheatManager,GodNPC,0x009f1e00,0x5f1e00,53,-1,?execGodNPC@UDishonoredCheatManager@@QAEXAAUFFrame@@QAX@Z
UDishonoredCheatManager,NPCDestroy,0x009f1e40,0x5f1e40,53,-1,?execNPCDestroy@UDishonoredCheatManager@@QAEXAAUFFrame@@QAX@Z
UDishonoredCheatManager,NPCDestroyNonSelected,0x009f1e80,0x5f1e80,53,-1,?execNPCDestroyNonSelected@UDishonoredCheatManager@@QAEXAAUFFrame@@QAX@Z
UDishonoredCheatManager,NPCDestroyNonVisible,0x009f1ec0,0x5f1ec0,53,-1,?execNPCDestroyNonVisible@UDishonoredCheatManager@@QAEXAAUFFrame@@QAX@Z
UDishonoredCheatManager,NPCDodgeEverything,0x009f1f00,0x5f1f00,53,-1,?execNPCDodgeEverything@UDishonoredCheatManager@@QAEXAAUFFrame@@QAX@Z
UDishonoredCheatManager,NPCDodgeNothing,0x009f1f40,0x5f1f40,53,-1,?execNPCDodgeNothing@UDishonoredCheatManager@@QAEXAAUFFrame@@QAX@Z
UDishonoredCheatManager,NPCTestParry,0x009f1f80,0x5f1f80,53,-1,?execNPCTestParry@UDishonoredCheatManager@@QAEXAAUFFrame@@QAX@Z
UDishonoredCheatManager,NPCTestVersus,0x009f1fc0,0x5f1fc0,53,-1,?execNPCTestVersus@UDishonoredCheatManager@@QAEXAAUFFrame@@QAX@Z
UDishonoredCheatManager,NPCForceFatality,0x009f2000,0x5f2000,53,-1,?execNPCForceFatality@UDishonoredCheatManager@@QAEXAAUFFrame@@QAX@Z
UDishonoredCheatManager,NPCEasyDismemberment,0x009f2040,0x5f2040,53,-1,?execNPCEasyDismemberment@UDishonoredCheatManager@@QAEXAAUFFrame@@QAX@Z
UDishonoredCheatManager,NPCSetDamage,0x009f2080,0x5f2080,100,-1,?execNPCSetDamage@UDishonoredCheatManager@@QAEXAAUFFrame@@QAX@Z
UDishonoredCheatManager,NPCBreakLinkedAction,0x009f20f0,0x5f20f0,53,-1,?execNPCBreakLinkedAction@UDishonoredCheatManager@@QAEXAAUFFrame@@QAX@Z
UDishonoredCheatManager,NPCKnockdown,0x009f2130,0x5f2130,53,-1,?execNPCKnockdown@UDishonoredCheatManager@@QAEXAAUFFrame@@QAX@Z
UDishonoredCheatManager,NPCImpulse,0x009f2170,0x5f2170,151,-1,?execNPCImpulse@UDishonoredCheatManager@@QAEXAAUFFrame@@QAX@Z
UDishonoredCheatManager,NPCSlap,0x009f2210,0x5f2210,100,-1,?execNPCSlap@UDishonoredCheatManager@@QAEXAAUFFrame@@QAX@Z
UDishonoredCheatManager,NPCToggleSlopeOffset,0x009f2280,0x5f2280,53,-1,?execNPCToggleSlopeOffset@UDishonoredCheatManager@@QAEXAAUFFrame@@QAX@Z
UDishonoredCheatManager,NPCSlowDeath,0x009f22c0,0x5f22c0,53,-1,?execNPCSlowDeath@UDishonoredCheatManager@@QAEXAAUFFrame@@QAX@Z
UDishonoredCheatManager,NPCForceSkelMeshLOD,0x009f2300,0x5f2300,96,-1,?execNPCForceSkelMeshLOD@UDishonoredCheatManager@@QAEXAAUFFrame@@QAX@Z
UDishonoredCheatManager,NPCFreeze,0x009f2360,0x5f2360,53,-1,?execNPCFreeze@UDishonoredCheatManager@@QAEXAAUFFrame@@QAX@Z
UDishonoredCheatManager,NPCSetFreeze,0x009f23a0,0x5f23a0,107,-1,?execNPCSetFreeze@UDishonoredCheatManager@@QAEXAAUFFrame@@QAX@Z
UDishonoredCheatManager,NPCTogglePrediction,0x009f2410,0x5f2410,53,-1,?execNPCTogglePrediction@UDishonoredCheatManager@@QAEXAAUFFrame@@QAX@Z
UDishonoredCheatManager,NPCForceLOD,0x009f2450,0x5f2450,185,-1,?execNPCForceLOD@UDishonoredCheatManager@@QAEXAAUFFrame@@QAX@Z
UDishonoredCheatManager,NPCForceLODForAll,0x009f2510,0x5f2510,185,-1,?execNPCForceLODForAll@UDishonoredCheatManager@@QAEXAAUFFrame@@QAX@Z
AHUD,DisplayConsoleMessages,0x009f25d0,0x5f25d0,53,-1,?execDisplayConsoleMessages@AHUD@@QAEXAAUFFrame@@QAX@Z_0
UDishonoredCheatManager,NPCSpawn,0x009f2610,0x5f2610,109,-1,?execNPCSpawn@UDishonoredCheatManager@@QAEXAAUFFrame@@QAX@Z
UDishonoredCheatManager,NPCDelayTravel,0x009f2680,0x5f2680,107,-1,?execNPCDelayTravel@UDishonoredCheatManager@@QAEXAAUFFrame@@QAX@Z
ASplineActor,BreakAllConnectionsFrom,0x009f26f0,0x5f26f0,53,-1,?execBreakAllConnectionsFrom@ASplineActor@@QAEXAAUFFrame@@QAX@Z
UDishonoredCheatManager,NPCToggleSteeringEnemyPush,0x009f2730,0x5f2730,53,-1,?execNPCToggleSteeringEnemyPush@UDishonoredCheatManager@@QAEXAAUFFrame@@QAX@Z
UDishonoredCheatManager,NPCToggleSteeringWall,0x009f2770,0x5f2770,53,-1,?execNPCToggleSteeringWall@UDishonoredCheatManager@@QAEXAAUFFrame@@QAX@Z
APawn,InitNavigationHandle,0x009f27b0,0x5f27b0,53,-1,?execInitNavigationHandle@APawn@@QAEXAAUFFrame@@QAX@Z
UDishonoredCheatManager,DisNoteShow,0x009f27f0,0x5f27f0,107,-1,?execDisNoteShow@UDishonoredCheatManager@@QAEXAAUFFrame@@QAX@Z
UDishonoredCheatManager,DestroyActor,0x009f2860,0x5f2860,53,-1,?execDestroyActor@UDishonoredCheatManager@@QAEXAAUFFrame@@QAX@Z
UDishonoredCheatManager,DormantDebugToggle,0x009f28a0,0x5f28a0,53,-1,?execDormantDebugToggle@UDishonoredCheatManager@@QAEXAAUFFrame@@QAX@Z
UDishonoredCheatManager,DormantDebugEnable,0x009f28e0,0x5f28e0,107,-1,?execDormantDebugEnable@UDishonoredCheatManager@@QAEXAAUFFrame@@QAX@Z
UDishonoredCheatManager,DoorPoltergeistMode,0x009f2950,0x5f2950,103,-1,?execDoorPoltergeistMode@UDishonoredCheatManager@@QAEXAAUFFrame@@QAX@Z
UDishonoredCheatManager,ShowPowerMenu,0x009f29c0,0x5f29c0,53,-1,?execShowPowerMenu@UDishonoredCheatManager@@QAEXAAUFFrame@@QAX@Z
UDishonoredCheatManager,GiveRunes,0x009f2a00,0x5f2a00,96,-1,?execGiveRunes@UDishonoredCheatManager@@QAEXAAUFFrame@@QAX@Z
UDishonoredCheatManager,GoreEnable,0x009f2a60,0x5f2a60,107,-1,?execGoreEnable@UDishonoredCheatManager@@QAEXAAUFFrame@@QAX@Z
UDishonoredCheatManager,SwitchDLCLock,0x009f2ad0,0x5f2ad0,96,-1,?execSwitchDLCLock@UDishonoredCheatManager@@QAEXAAUFFrame@@QAX@Z
UDishonoredCheatManager,Slack,0x009f2b30,0x5f2b30,53,-1,?execSlack@UDishonoredCheatManager@@QAEXAAUFFrame@@QAX@Z
UDishonoredCheatManager,DLC05ShowChallenge,0x009f2b70,0x5f2b70,53,-1,?execDLC05ShowChallenge@UDishonoredCheatManager@@QAEXAAUFFrame@@QAX@Z
UDishonoredCheatManager,DLC05AddScore,0x009f2bb0,0x5f2bb0,96,-1,?execDLC05AddScore@UDishonoredCheatManager@@QAEXAAUFFrame@@QAX@Z
UDishonoredCheatManager,DeleteAllSteamSaveGames,0x009f2c10,0x5f2c10,53,-1,?execDeleteAllSteamSaveGames@UDishonoredCheatManager@@QAEXAAUFFrame@@QAX@Z
UDishonoredCheatManager,ResetAllSteamAchievements,0x009f2c50,0x5f2c50,53,-1,?execResetAllSteamAchievements@UDishonoredCheatManager@@QAEXAAUFFrame@@QAX@Z
UDishonoredCheatManager,GetLeaderboardsInfo_ID,0x009f2c90,0x5f2c90,269,-1,?execGetLeaderboardsInfo_ID@UDishonoredCheatManager@@QAEXAAUFFrame@@QAX@Z
UDishonoredCheatManager,WriteScoreToLeaderboard_ID,0x009f2da0,0x5f2da0,134,-1,?execWriteScoreToLeaderboard_ID@UDishonoredCheatManager@@QAEXAAUFFrame@@QAX@Z
UDishonoredCheatManager,CreateLiveSession,0x009f2e30,0x5f2e30,53,-1,?execCreateLiveSession@UDishonoredCheatManager@@QAEXAAUFFrame@@QAX@Z
UDishonoredCheatManager,EndLiveSession,0x009f2e70,0x5f2e70,53,-1,?execEndLiveSession@UDishonoredCheatManager@@QAEXAAUFFrame@@QAX@Z
UDishonoredCheatManager,DebugMenuEnter,0x009f2eb0,0x5f2eb0,53,-1,?execDebugMenuEnter@UDishonoredCheatManager@@QAEXAAUFFrame@@QAX@Z
UDishonoredCheatManager,DebugMenuUp,0x009f2ef0,0x5f2ef0,53,-1,?execDebugMenuUp@UDishonoredCheatManager@@QAEXAAUFFrame@@QAX@Z
UDishonoredCheatManager,DebugMenuDown,0x009f2f30,0x5f2f30,53,-1,?execDebugMenuDown@UDishonoredCheatManager@@QAEXAAUFFrame@@QAX@Z
UDishonoredCheatManager,DebugMenuLeft,0x009f2f70,0x5f2f70,53,-1,?execDebugMenuLeft@UDishonoredCheatManager@@QAEXAAUFFrame@@QAX@Z
UDishonoredCheatManager,DebugMenuRight,0x009f2fb0,0x5f2fb0,53,-1,?execDebugMenuRight@UDishonoredCheatManager@@QAEXAAUFFrame@@QAX@Z
UDishonoredCheatManager,DebugToggleVerbose,0x009f2ff0,0x5f2ff0,53,-1,?execDebugToggleVerbose@UDishonoredCheatManager@@QAEXAAUFFrame@@QAX@Z
UDishonoredCheatManager,DebugDialog,0x009f3030,0x5f3030,53,-1,?execDebugDialog@UDishonoredCheatManager@@QAEXAAUFFrame@@QAX@Z
UDishonoredCheatManager,DialogSkipGlobalRules,0x009f3070,0x5f3070,53,-1,?execDialogSkipGlobalRules@UDishonoredCheatManager@@QAEXAAUFFrame@@QAX@Z
UDishonoredCheatManager,SingleStep_Native,0x009f30b0,0x5f30b0,53,-1,?execSingleStep_Native@UDishonoredCheatManager@@QAEXAAUFFrame@@QAX@Z
UDishonoredCheatManager,AddMod,0x009f30f0,0x5f30f0,277,-1,?execAddMod@UDishonoredCheatManager@@QAEXAAUFFrame@@QAX@Z
UDishonoredCheatManager,RemoveMod,0x009f3210,0x5f3210,145,-1,?execRemoveMod@UDishonoredCheatManager@@QAEXAAUFFrame@@QAX@Z
UDishonoredCheatManager,AddPower,0x009f32b0,0x5f32b0,147,-1,?execAddPower@UDishonoredCheatManager@@QAEXAAUFFrame@@QAX@Z
UDishonoredCheatManager,AddAttribute,0x009f3350,0x5f3350,151,-1,?execAddAttribute@UDishonoredCheatManager@@QAEXAAUFFrame@@QAX@Z
UDishonoredCheatManager,RemovePower,0x009f33f0,0x5f33f0,109,-1,?execRemovePower@UDishonoredCheatManager@@QAEXAAUFFrame@@QAX@Z
UDishonoredCheatManager,MaxPowers,0x009f3460,0x5f3460,53,-1,?execMaxPowers@UDishonoredCheatManager@@QAEXAAUFFrame@@QAX@Z
UDishonoredCheatManager,MinPowers,0x009f34a0,0x5f34a0,53,-1,?execMinPowers@UDishonoredCheatManager@@QAEXAAUFFrame@@QAX@Z
UDishonoredCheatManager,BendTimeReport,0x009f34e0,0x5f34e0,53,-1,?execBendTimeReport@UDishonoredCheatManager@@QAEXAAUFFrame@@QAX@Z
UDishonoredCheatManager,BendTimeDisplay,0x009f3520,0x5f3520,53,-1,?execBendTimeDisplay@UDishonoredCheatManager@@QAEXAAUFFrame@@QAX@Z
UDishonoredCheatManager,TestNailing,0x009f3560,0x5f3560,53,-1,?execTestNailing@UDishonoredCheatManager@@QAEXAAUFFrame@@QAX@Z
UDishonoredCheatManager,ListComponents,0x009f35a0,0x5f35a0,53,-1,?execListComponents@UDishonoredCheatManager@@QAEXAAUFFrame@@QAX@Z
UDishonoredCheatManager,ListTickableActors,0x009f35e0,0x5f35e0,53,-1,?execListTickableActors@UDishonoredCheatManager@@QAEXAAUFFrame@@QAX@Z
UDishonoredCheatManager,ListActorTickTime,0x009f3620,0x5f3620,53,-1,?execListActorTickTime@UDishonoredCheatManager@@QAEXAAUFFrame@@QAX@Z
UDishonoredCheatManager,DebugRat,0x009f3660,0x5f3660,53,-1,?execDebugRat@UDishonoredCheatManager@@QAEXAAUFFrame@@QAX@Z
UDishonoredCheatManager,DebugRats,0x009f36a0,0x5f36a0,53,-1,?execDebugRats@UDishonoredCheatManager@@QAEXAAUFFrame@@QAX@Z
UDishonoredCheatManager,KillAllRats,0x009f36e0,0x5f36e0,53,-1,?execKillAllRats@UDishonoredCheatManager@@QAEXAAUFFrame@@QAX@Z
UDishonoredCheatManager,SpawnRandomRatSwarm,0x009f3720,0x5f3720,53,-1,?execSpawnRandomRatSwarm@UDishonoredCheatManager@@QAEXAAUFFrame@@QAX@Z
UDishonoredCheatManager,LogAnimSequences,0x009f3760,0x5f3760,53,-1,?execLogAnimSequences@UDishonoredCheatManager@@QAEXAAUFFrame@@QAX@Z
UDishonoredCheatManager,LogDuplicateAnimSequences,0x009f37a0,0x5f37a0,53,-1,?execLogDuplicateAnimSequences@UDishonoredCheatManager@@QAEXAAUFFrame@@QAX@Z
UDishonoredCheatManager,ToggleActorLightEnvironment,0x009f37e0,0x5f37e0,53,-1,?execToggleActorLightEnvironment@UDishonoredCheatManager@@QAEXAAUFFrame@@QAX@Z
UDishonoredCheatManager,ToggleUsableHighlight,0x009f3820,0x5f3820,53,-1,?execToggleUsableHighlight@UDishonoredCheatManager@@QAEXAAUFFrame@@QAX@Z
UDishonoredCheatManager,AddDarkness,0x009f3860,0x5f3860,96,-1,?execAddDarkness@UDishonoredCheatManager@@QAEXAAUFFrame@@QAX@Z
UDishonoredCheatManager,DebugDarkness,0x009f38c0,0x5f38c0,53,-1,?execDebugDarkness@UDishonoredCheatManager@@QAEXAAUFFrame@@QAX@Z
UDishonoredCheatManager,SetDifficulty,0x009f3900,0x5f3900,96,-1,?execSetDifficulty@UDishonoredCheatManager@@QAEXAAUFFrame@@QAX@Z
UDishonoredCheatManager,GetDifficulty,0x009f3960,0x5f3960,53,-1,?execGetDifficulty@UDishonoredCheatManager@@QAEXAAUFFrame@@QAX@Z
UDishonoredCheatManager,ReportDanglingPointers,0x009f39a0,0x5f39a0,228,-1,?execReportDanglingPointers@UDishonoredCheatManager@@QAEXAAUFFrame@@QAX@Z
UDishonoredCheatManager,MaxUpgrades,0x009f3a90,0x5f3a90,53,-1,?execMaxUpgrades@UDishonoredCheatManager@@QAEXAAUFFrame@@QAX@Z
UDishonoredCheatManager,MinUpgrades,0x009f3ad0,0x5f3ad0,53,-1,?execMinUpgrades@UDishonoredCheatManager@@QAEXAAUFFrame@@QAX@Z
UDishonoredCheatManager,GiveBoneCharm,0x009f3b10,0x5f3b10,53,-1,?execGiveBoneCharm@UDishonoredCheatManager@@QAEXAAUFFrame@@QAX@Z
UDishonoredCheatManager,GiveMoney,0x009f3b50,0x5f3b50,96,-1,?execGiveMoney@UDishonoredCheatManager@@QAEXAAUFFrame@@QAX@Z
UDishonoredCheatManager,StartVisSettingsMode,0x009f3bb0,0x5f3bb0,53,-1,?execStartVisSettingsMode@UDishonoredCheatManager@@QAEXAAUFFrame@@QAX@Z
AGamePlayerController,CrowdFocus,0x009f3bf0,0x5f3bf0,53,-1,?execCrowdFocus@AGamePlayerController@@QAEXAAUFFrame@@QAX@Z
ADebugCameraController,Unselect,0x009f3c30,0x5f3c30,53,-1,?execUnselect@ADebugCameraController@@QAEXAAUFFrame@@QAX@Z
UDishonoredCheatManager,SetVisSettingsLowVis,0x009f3c70,0x5f3c70,53,-1,?execSetVisSettingsLowVis@UDishonoredCheatManager@@QAEXAAUFFrame@@QAX@Z
UDishonoredCheatManager,SingleStepMantleEdgeFinder,0x009f3cb0,0x5f3cb0,53,-1,?execSingleStepMantleEdgeFinder@UDishonoredCheatManager@@QAEXAAUFFrame@@QAX@Z
UDishonoredCheatManager,NormalStepMantleEdgeFinder,0x009f3cf0,0x5f3cf0,53,-1,?execNormalStepMantleEdgeFinder@UDishonoredCheatManager@@QAEXAAUFFrame@@QAX@Z
UDishonoredCheatManager,SetDebugMantleCheckTime,0x009f3d30,0x5f3d30,100,-1,?execSetDebugMantleCheckTime@UDishonoredCheatManager@@QAEXAAUFFrame@@QAX@Z
UDishonoredCheatManager,SetDebugMantleStepSize,0x009f3da0,0x5f3da0,100,-1,?execSetDebugMantleStepSize@UDishonoredCheatManager@@QAEXAAUFFrame@@QAX@Z
UDishonoredCheatManager,ForceCorpseDropType,0x009f3e10,0x5f3e10,93,-1,?execForceCorpseDropType@UDishonoredCheatManager@@QAEXAAUFFrame@@QAX@Z
UDishonoredCheatManager,ForceCorpseDropTypeOff,0x009f3e70,0x5f3e70,53,-1,?execForceCorpseDropTypeOff@UDishonoredCheatManager@@QAEXAAUFFrame@@QAX@Z
UDishonoredCheatManager,DisSlomo,0x009f3eb0,0x5f3eb0,100,-1,?execDisSlomo@UDishonoredCheatManager@@QAEXAAUFFrame@@QAX@Z
UDishonoredCheatManager,DisSlomoFull,0x009f3f20,0x5f3f20,144,-1,?execDisSlomoFull@UDishonoredCheatManager@@QAEXAAUFFrame@@QAX@Z
UDishonoredCheatManager,DisSlomoCommand,0x009f3fb0,0x5f3fb0,109,-1,?execDisSlomoCommand@UDishonoredCheatManager@@QAEXAAUFFrame@@QAX@Z
UDishonoredCheatManager,BlinkShowRange,0x009f4020,0x5f4020,100,-1,?execBlinkShowRange@UDishonoredCheatManager@@QAEXAAUFFrame@@QAX@Z
UDishonoredCheatManager,BlinkShowRangeFull,0x009f4090,0x5f4090,100,-1,?execBlinkShowRangeFull@UDishonoredCheatManager@@QAEXAAUFFrame@@QAX@Z
UDishonoredCheatManager,GiveAllUsableRequiredItems,0x009f4100,0x5f4100,53,-1,?execGiveAllUsableRequiredItems@UDishonoredCheatManager@@QAEXAAUFFrame@@QAX@Z
UDishonoredCheatManager,AttentionAddIgnoreType,0x009f4140,0x5f4140,261,-1,?execAttentionAddIgnoreType@UDishonoredCheatManager@@QAEXAAUFFrame@@QAX@Z
UDishonoredCheatManager,AttentionSetIgnoreType,0x009f4250,0x5f4250,261,-1,?execAttentionSetIgnoreType@UDishonoredCheatManager@@QAEXAAUFFrame@@QAX@Z
UDishonoredCheatManager,AttentionClearIgnoreType,0x009f4360,0x5f4360,53,-1,?execAttentionClearIgnoreType@UDishonoredCheatManager@@QAEXAAUFFrame@@QAX@Z
UDishonoredCheatManager,AttentionAddExclusiveType,0x009f43a0,0x5f43a0,261,-1,?execAttentionAddExclusiveType@UDishonoredCheatManager@@QAEXAAUFFrame@@QAX@Z
UDishonoredCheatManager,AttentionSetExclusiveType,0x009f44b0,0x5f44b0,261,-1,?execAttentionSetExclusiveType@UDishonoredCheatManager@@QAEXAAUFFrame@@QAX@Z
UDishonoredCheatManager,IsAttentionTypeAllowed,0x009f45c0,0x5f45c0,98,-1,?execIsAttentionTypeAllowed@UDishonoredCheatManager@@QAEXAAUFFrame@@QAX@Z
UDishonoredCheatManager,DLC05ToggleTimer,0x009f4630,0x5f4630,53,-1,?execDLC05ToggleTimer@UDishonoredCheatManager@@QAEXAAUFFrame@@QAX@Z
UDishonoredCheatManager,DLC05UnlockExpertMode,0x009f4670,0x5f4670,53,-1,?execDLC05UnlockExpertMode@UDishonoredCheatManager@@QAEXAAUFFrame@@QAX@Z
UDishonoredCheatManager,DLC05StartChallenge,0x009f46b0,0x5f46b0,149,-1,?execDLC05StartChallenge@UDishonoredCheatManager@@QAEXAAUFFrame@@QAX@Z
UDishonoredPlayerInput,Dis_SneakOrSlide,0x009f4750,0x5f4750,107,-1,?execDis_SneakOrSlide@UDishonoredPlayerInput@@QAEXAAUFFrame@@QAX@Z
USequenceOp,PublishLinkedVariableValues,0x009f47c0,0x5f47c0,53,-1,?execPublishLinkedVariableValues@USequenceOp@@QAEXAAUFFrame@@QAX@Z
UDishonoredCheatManager,PlayerDisableFatality,0x009f4800,0x5f4800,53,-1,?execPlayerDisableFatality@UDishonoredCheatManager@@QAEXAAUFFrame@@QAX@Z
UDishonoredPlayerInput,GetFOVScale,0x009f4840,0x5f4840,112,-1,?execGetFOVScale@UDishonoredPlayerInput@@QAEXAAUFFrame@@QAX@Z
ADishonoredPlayerCamera,ApplyDebugCam_Native,0x009f48b0,0x5f48b0,228,-1,?execApplyDebugCam_Native@ADishonoredPlayerCamera@@QAEXAAUFFrame@@QAX@Z
ADishonoredNPCPawn,NPCTouchedDeepWater,0x009f4a10,0x5f4a10,53,-1,?execNPCTouchedDeepWater@ADishonoredNPCPawn@@QAEXAAUFFrame@@QAX@Z
ADishonoredNPCPawn,OnSeverLimb,0x009f4a50,0x5f4a50,96,-1,?execOnSeverLimb@ADishonoredNPCPawn@@QAEXAAUFFrame@@QAX@Z
ADishonoredNPCPawn,OnNPCMarkForVanish,0x009f4ab0,0x5f4ab0,96,-1,?execOnNPCMarkForVanish@ADishonoredNPCPawn@@QAEXAAUFFrame@@QAX@Z
ADishonoredNPCPawn,OnNPCDoTeleportSpell,0x009f4b10,0x5f4b10,96,-1,?execOnNPCDoTeleportSpell@ADishonoredNPCPawn@@QAEXAAUFFrame@@QAX@Z
ADishonoredNPCPawn,OnSpawnStealable,0x009f4b70,0x5f4b70,96,-1,?execOnSpawnStealable@ADishonoredNPCPawn@@QAEXAAUFFrame@@QAX@Z
ADishonoredPlayerPawn,OnAddAttributeModifier,0x009f4bd0,0x5f4bd0,96,-1,?execOnAddAttributeModifier@ADishonoredPlayerPawn@@QAEXAAUFFrame@@QAX@Z
ADishonoredPlayerPawn,OnRemoveAttributeModifier,0x009f4c30,0x5f4c30,96,-1,?execOnRemoveAttributeModifier@ADishonoredPlayerPawn@@QAEXAAUFFrame@@QAX@Z
ADishonoredNPCController,GetMoveTargetLocation,0x009f4cb0,0x5f4cb0,81,-1,?execGetMoveTargetLocation@ADishonoredNPCController@@QAEXAAUFFrame@@QAX@Z
ADishonoredNPCController,OnAIAmbush,0x009f4d10,0x5f4d10,96,-1,?execOnAIAmbush@ADishonoredNPCController@@QAEXAAUFFrame@@QAX@Z
ADishonoredNPCController,OnAIDoSearch,0x009f4d70,0x5f4d70,96,-1,?execOnAIDoSearch@ADishonoredNPCController@@QAEXAAUFFrame@@QAX@Z
ADishonoredNPCController,OnAIGoToActor,0x009f4dd0,0x5f4dd0,96,-1,?execOnAIGoToActor@ADishonoredNPCController@@QAEXAAUFFrame@@QAX@Z
ADishonoredNPCController,OnAIGuard,0x009f4e30,0x5f4e30,96,-1,?execOnAIGuard@ADishonoredNPCController@@QAEXAAUFFrame@@QAX@Z
ADishonoredNPCController,OnAISetPatrol,0x009f4e90,0x5f4e90,96,-1,?execOnAISetPatrol@ADishonoredNPCController@@QAEXAAUFFrame@@QAX@Z
ADishonoredNPCController,OnAISetSenses,0x009f4ef0,0x5f4ef0,96,-1,?execOnAISetSenses@ADishonoredNPCController@@QAEXAAUFFrame@@QAX@Z
ADishonoredNPCController,OnAIShoot,0x009f4f50,0x5f4f50,96,-1,?execOnAIShoot@ADishonoredNPCController@@QAEXAAUFFrame@@QAX@Z
ADishonoredNPCController,OnAIProtectNeutralsOverride,0x009f4fb0,0x5f4fb0,96,-1,?execOnAIProtectNeutralsOverride@ADishonoredNPCController@@QAEXAAUFFrame@@QAX@Z
ADishonoredNPCController,OnAISetSuspicionLevel,0x009f5010,0x5f5010,96,-1,?execOnAISetSuspicionLevel@ADishonoredNPCController@@QAEXAAUFFrame@@QAX@Z
ADishonoredNPCController,OnAIClearAttention,0x009f5070,0x5f5070,96,-1,?execOnAIClearAttention@ADishonoredNPCController@@QAEXAAUFFrame@@QAX@Z
ADishonoredNPCController,OnAIPsychicAttention,0x009f50d0,0x5f50d0,96,-1,?execOnAIPsychicAttention@ADishonoredNPCController@@QAEXAAUFFrame@@QAX@Z
ADishonoredNPCController,OnAISetBrainFlags,0x009f5130,0x5f5130,96,-1,?execOnAISetBrainFlags@ADishonoredNPCController@@QAEXAAUFFrame@@QAX@Z
ADishonoredNPCController,OnAIGetBrainFlags,0x009f5190,0x5f5190,96,-1,?execOnAIGetBrainFlags@ADishonoredNPCController@@QAEXAAUFFrame@@QAX@Z
ADishonoredNPCController,OnAIStartDistraction,0x009f51f0,0x5f51f0,96,-1,?execOnAIStartDistraction@ADishonoredNPCController@@QAEXAAUFFrame@@QAX@Z
ADishonoredNPCController,OnAIRingAlarm,0x009f5250,0x5f5250,96,-1,?execOnAIRingAlarm@ADishonoredNPCController@@QAEXAAUFFrame@@QAX@Z
ADishonoredNPCController,DisplayDebug_Native,0x009f52b0,0x5f52b0,283,-1,?execDisplayDebug_Native@ADishonoredNPCController@@QAEXAAUFFrame@@QAX@Z
ASplineActor,AddConnectionTo,0x009f53f0,0x5f53f0,96,-1,?execAddConnectionTo@ASplineActor@@QAEXAAUFFrame@@QAX@Z
AEmitterPool,OnParticleSystemFinished,0x009f5450,0x5f5450,96,-1,?execOnParticleSystemFinished@AEmitterPool@@QAEXAAUFFrame@@QAX@Z
UDisBehaviorNotice,OnExitCallback_Init,0x009f54b0,0x5f54b0,134,-1,?execOnExitCallback_Init@UDisBehaviorNotice@@QAEXAAUFFrame@@QAX@Z
UDisBehaviorNotice,RequestStateExitCallback_GenericAction,0x009f5540,0x5f5540,96,-1,?execRequestStateExitCallback_GenericAction@UDisBehaviorNotice@@QAEXAAUFFrame@@QAX@Z
UDisBehaviorGoHome,RefreshCallback_Menace,0x009f55a0,0x5f55a0,138,-1,?execRefreshCallback_Menace@UDisBehaviorGoHome@@QAEXAAUFFrame@@QAX@Z
UDisBehaviorGuard,OnExitCallback_Stand,0x009f5630,0x5f5630,134,-1,?execOnExitCallback_Stand@UDisBehaviorGuard@@QAEXAAUFFrame@@QAX@Z
UDisBehaviorNotice,OnEnterCallback_Init,0x009f56c0,0x5f56c0,134,-1,?execOnEnterCallback_Init@UDisBehaviorNotice@@QAEXAAUFFrame@@QAX@Z
UDisGFxMoviePlayerBase,OnFocusGained,0x009f5750,0x5f5750,96,-1,?execOnFocusGained@UDisGFxMoviePlayerBase@@QAEXAAUFFrame@@QAX@Z
UDisBehaviorPanic,RefreshCallback_Cower,0x009f57b0,0x5f57b0,138,-1,?execRefreshCallback_Cower@UDisBehaviorPanic@@QAEXAAUFFrame@@QAX@Z
UDisBehaviorPatrol,TickCallback_TakeActorPosition,0x009f5840,0x5f5840,138,-1,?execTickCallback_TakeActorPosition@UDisBehaviorPatrol@@QAEXAAUFFrame@@QAX@Z
UDisBehaviorEscapeExplosion,RefreshCallback_Flee,0x009f58d0,0x5f58d0,138,-1,?execRefreshCallback_Flee@UDisBehaviorEscapeExplosion@@QAEXAAUFFrame@@QAX@Z
UDisBehaviorWeep,OnEnterCallback_Stand,0x009f5960,0x5f5960,134,-1,?execOnEnterCallback_Stand@UDisBehaviorWeep@@QAEXAAUFFrame@@QAX@Z
UDisBehaviorWeep,RequestStateExitCallback_DoWeaponManoeuver,0x009f59f0,0x5f59f0,96,-1,?execRequestStateExitCallback_DoWeaponManoeuver@UDisBehaviorWeep@@QAEXAAUFFrame@@QAX@Z
UDisBehaviorFollow,NoMoreTargetCallback_Follow,0x009f5a50,0x5f5a50,53,-1,?execNoMoreTargetCallback_Follow@UDisBehaviorFollow@@QAEXAAUFFrame@@QAX@Z
UDisBehaviorCombatMelee,OnEnterCallback_Stand,0x009f5a90,0x5f5a90,134,-1,?execOnEnterCallback_Stand@UDisBehaviorCombatMelee@@QAEXAAUFFrame@@QAX@Z
UDisBehaviorCombatMelee,RefreshCallback_Stand,0x009f5b20,0x5f5b20,138,-1,?execRefreshCallback_Stand@UDisBehaviorCombatMelee@@QAEXAAUFFrame@@QAX@Z
UDisBehaviorCombatMelee,RequestStateExitCallback_FindShootingPosition,0x009f5bb0,0x5f5bb0,96,-1,?execRequestStateExitCallback_FindShootingPosition@UDisBehaviorCombatMelee@@QAEXAAUFFrame@@QAX@Z
UAnimNodeAimOffset,SetActiveProfileByIndex,0x009f5c10,0x5f5c10,96,-1,?execSetActiveProfileByIndex@UAnimNodeAimOffset@@QAEXAAUFFrame@@QAX@Z
UDisBehaviorAssassinCombat,RequestStateExitCallback_DoPullSpell,0x009f5c70,0x5f5c70,96,-1,?execRequestStateExitCallback_DoPullSpell@UDisBehaviorAssassinCombat@@QAEXAAUFFrame@@QAX@Z
UDisBehaviorCombatEliteGuard,RefreshCallback_FindShootingPosition,0x009f5cd0,0x5f5cd0,138,-1,?execRefreshCallback_FindShootingPosition@UDisBehaviorCombatEliteGuard@@QAEXAAUFFrame@@QAX@Z
UDisBehaviorCombatEliteGuard,OnEnterCallback_FirePistol,0x009f5d60,0x5f5d60,134,-1,?execOnEnterCallback_FirePistol@UDisBehaviorCombatEliteGuard@@QAEXAAUFFrame@@QAX@Z
UDisBehaviorCombatEliteGuard,RequestStateExitCallback_FirePistol,0x009f5df0,0x5f5df0,96,-1,?execRequestStateExitCallback_FirePistol@UDisBehaviorCombatEliteGuard@@QAEXAAUFFrame@@QAX@Z
UDisBehaviorOverseerCombat,OnEnterCallback_GenericAction,0x009f5e50,0x5f5e50,134,-1,?execOnEnterCallback_GenericAction@UDisBehaviorOverseerCombat@@QAEXAAUFFrame@@QAX@Z
UDisBehaviorOverseerCombat,OnExitCallback_Stand,0x009f5ee0,0x5f5ee0,134,-1,?execOnExitCallback_Stand@UDisBehaviorOverseerCombat@@QAEXAAUFFrame@@QAX@Z
UDisBehaviorCombatMelee,RefreshCallback_MeleeChase,0x009f5f70,0x5f5f70,138,-1,?execRefreshCallback_MeleeChase@UDisBehaviorCombatMelee@@QAEXAAUFFrame@@QAX@Z
UDisBehaviorMusicalCombat,RequestStateExitCallback_DoWeaponManoeuver,0x009f6000,0x5f6000,96,-1,?execRequestStateExitCallback_DoWeaponManoeuver@UDisBehaviorMusicalCombat@@QAEXAAUFFrame@@QAX@Z
UDisBehaviorWeep,RequestStateExitCallback_Stand,0x009f6060,0x5f6060,96,-1,?execRequestStateExitCallback_Stand@UDisBehaviorWeep@@QAEXAAUFFrame@@QAX@Z
UDisBehaviorGuard,RefreshCallback_Stand,0x009f60c0,0x5f60c0,138,-1,?execRefreshCallback_Stand@UDisBehaviorGuard@@QAEXAAUFFrame@@QAX@Z
UDisBehaviorEscapeExplosion,RequestStateExitCallback_GenericAction,0x009f6150,0x5f6150,96,-1,?execRequestStateExitCallback_GenericAction@UDisBehaviorEscapeExplosion@@QAEXAAUFFrame@@QAX@Z
UMaterialInstance,SetParent,0x009f61b0,0x5f61b0,96,-1,?execSetParent@UMaterialInstance@@QAEXAAUFFrame@@QAX@Z
UDisBehaviorEscapeExplosion,ThreatTerminatedCallback_Flee,0x009f6210,0x5f6210,96,-1,?execThreatTerminatedCallback_Flee@UDisBehaviorEscapeExplosion@@QAEXAAUFFrame@@QAX@Z
UOnlineSubsystemSteamworks,HasLinkConnection,0x009f6270,0x5f6270,58,-1,?execHasLinkConnection@UOnlineSubsystemSteamworks@@QAEXAAUFFrame@@QAX@Z
AAutoTestManager,DoSentinelActionPerLoadedLevel_Native,0x009f6340,0x5f6340,53,-1,?execDoSentinelActionPerLoadedLevel_Native@AAutoTestManager@@QAEXAAUFFrame@@QAX@Z
ADisWallOfLight,TakeDamage_Native,0x009f63a0,0x5f63a0,445,-1,?execTakeDamage_Native@ADisWallOfLight@@QAEXAAUFFrame@@QAX@Z
UDisGFxMoviePlayerBase,CaptureAnalogInput,0x009f69a0,0x5f69a0,107,-1,?execCaptureAnalogInput@UDisGFxMoviePlayerBase@@QAEXAAUFFrame@@QAX@Z
UDisGFxMoviePlayerBase,HasFinishedAsyncLoading,0x009f6a10,0x5f6a10,58,-1,?execHasFinishedAsyncLoading@UDisGFxMoviePlayerBase@@QAEXAAUFFrame@@QAX@Z
UDisGFxMoviePlayerBase,WidgetInitialized_Native,0x009f6a50,0x5f6a50,184,-1,?execWidgetInitialized_Native@UDisGFxMoviePlayerBase@@QAEXAAUFFrame@@QAX@Z
UDisGFxMoviePlayerBase,AddMessageBoxTimer,0x009f6b10,0x5f6b10,95,-1,?execAddMessageBoxTimer@UDisGFxMoviePlayerBase@@QAEXAAUFFrame@@QAX@Z
UDisGFxMoviePlayerBase,HideMessageBox,0x009f6b70,0x5f6b70,48,-1,?execHideMessageBox@UDisGFxMoviePlayerBase@@QAEXAAUFFrame@@QAX@Z
UDisDLC05MoviePlayerBrief,OnBriefScreenClosed,0x009f6ba0,0x5f6ba0,53,-1,?execOnBriefScreenClosed@UDisDLC05MoviePlayerBrief@@QAEXAAUFFrame@@QAX@Z
UPrimitiveComponent,SetRBDominanceGroup,0x009f6be0,0x5f6be0,93,-1,?execSetRBDominanceGroup@UPrimitiveComponent@@QAEXAAUFFrame@@QAX@Z
UDisGFxMoviePlayerGlobal,OnControllerDisconnected,0x009f6c40,0x5f6c40,93,-1,?execOnControllerDisconnected@UDisGFxMoviePlayerGlobal@@QAEXAAUFFrame@@QAX@Z
UDisGFxMoviePlayerGlobal,OnStorageDeviceDisconnected,0x009f6ca0,0x5f6ca0,93,-1,?execOnStorageDeviceDisconnected@UDisGFxMoviePlayerGlobal@@QAEXAAUFFrame@@QAX@Z
UDisGFxMoviePlayerGlobal,OnStorageDeviceNotSelected,0x009f6d00,0x5f6d00,93,-1,?execOnStorageDeviceNotSelected@UDisGFxMoviePlayerGlobal@@QAEXAAUFFrame@@QAX@Z
UDisGFxMoviePlayerGlobal,OnStorageSpaceMissing,0x009f6d60,0x5f6d60,130,-1,?execOnStorageSpaceMissing@UDisGFxMoviePlayerGlobal@@QAEXAAUFFrame@@QAX@Z
UDisGFxMoviePlayerGlobal,OnSaveGameOwnerFailure,0x009f6df0,0x5f6df0,142,-1,?execOnSaveGameOwnerFailure@UDisGFxMoviePlayerGlobal@@QAEXAAUFFrame@@QAX@Z
UDisGFxMoviePlayerGlobal,OnSaveGameLoadCorrupt,0x009f6e80,0x5f6e80,142,-1,?execOnSaveGameLoadCorrupt@UDisGFxMoviePlayerGlobal@@QAEXAAUFFrame@@QAX@Z
UDisGFxMoviePlayerGlobal,OnSaveWriteCorrupt,0x009f6f10,0x5f6f10,93,-1,?execOnSaveWriteCorrupt@UDisGFxMoviePlayerGlobal@@QAEXAAUFFrame@@QAX@Z
UDishonoredEngine,PushIgnoreAutosave,0x009f6f70,0x5f6f70,93,-1,?execPushIgnoreAutosave@UDishonoredEngine@@QAEXAAUFFrame@@QAX@Z
UDisGFxMoviePlayerGlobal,OnGenericLoadFailure,0x009f6fd0,0x5f6fd0,142,-1,?execOnGenericLoadFailure@UDisGFxMoviePlayerGlobal@@QAEXAAUFFrame@@QAX@Z
UDisGFxMoviePlayerGlobal,OnGenericDeleteFailure,0x009f7060,0x5f7060,93,-1,?execOnGenericDeleteFailure@UDisGFxMoviePlayerGlobal@@QAEXAAUFFrame@@QAX@Z
UDisGFxMoviePlayerGlobal,OnSaveDataUpdateMissing,0x009f70c0,0x5f70c0,93,-1,?execOnSaveDataUpdateMissing@UDisGFxMoviePlayerGlobal@@QAEXAAUFFrame@@QAX@Z
UDisGFxMoviePlayerGlobal,OnSaveDataDLCMissing,0x009f7120,0x5f7120,93,-1,?execOnSaveDataDLCMissing@UDisGFxMoviePlayerGlobal@@QAEXAAUFFrame@@QAX@Z
UDisGFxMoviePlayerGlobal,OnOnlineFeatureDisabled,0x009f7180,0x5f7180,93,-1,?execOnOnlineFeatureDisabled@UDisGFxMoviePlayerGlobal@@QAEXAAUFFrame@@QAX@Z
UDisGFxMoviePlayerGlobal,OnMainMenuMissionSelected,0x009f71e0,0x5f71e0,93,-1,?execOnMainMenuMissionSelected@UDisGFxMoviePlayerGlobal@@QAEXAAUFFrame@@QAX@Z
UDisGFxMoviePlayerGlobal,OnAutoSaveDisabled,0x009f7240,0x5f7240,93,-1,?execOnAutoSaveDisabled@UDisGFxMoviePlayerGlobal@@QAEXAAUFFrame@@QAX@Z
UDisGFxMoviePlayerGlobal,OnDLCInaccessbible,0x009f72a0,0x5f72a0,93,-1,?execOnDLCInaccessbible@UDisGFxMoviePlayerGlobal@@QAEXAAUFFrame@@QAX@Z
UDisGFxMoviePlayerGlobal,OnMessageBoxConfirm,0x009f7300,0x5f7300,96,-1,?execOnMessageBoxConfirm@UDisGFxMoviePlayerGlobal@@QAEXAAUFFrame@@QAX@Z
UDisGFxMoviePlayerJournal,Req_FlashingTabsBitfield,0x009f7360,0x5f7360,58,-1,?execReq_FlashingTabsBitfield@UDisGFxMoviePlayerJournal@@QAEXAAUFFrame@@QAX@Z
UAnimNodeSequenceBlendByAim,CheckAnimsUpToDate,0x009f73a0,0x5f73a0,53,-1,?execCheckAnimsUpToDate@UAnimNodeSequenceBlendByAim@@QAEXAAUFFrame@@QAX@Z
UDisGFxMoviePlayerJournal,Req_MissionItems,0x009f73e0,0x5f73e0,53,-1,?execReq_MissionItems@UDisGFxMoviePlayerJournal@@QAEXAAUFFrame@@QAX@Z
UDisGFxMoviePlayerJournal,Req_MissionItemInfo,0x009f7420,0x5f7420,96,-1,?execReq_MissionItemInfo@UDisGFxMoviePlayerJournal@@QAEXAAUFFrame@@QAX@Z
UDisDLC05MoviePlayerChallengeMenu,Req_DLC05_GalleryList,0x009f7480,0x5f7480,53,-1,?execReq_DLC05_GalleryList@UDisDLC05MoviePlayerChallengeMenu@@QAEXAAUFFrame@@QAX@Z
UDisGFxMoviePlayerJournal,Req_Inventory_Key_Ring,0x009f74c0,0x5f74c0,53,-1,?execReq_Inventory_Key_Ring@UDisGFxMoviePlayerJournal@@QAEXAAUFFrame@@QAX@Z
UDisGFxMoviePlayerJournal,Req_Inventory_Resources,0x009f7500,0x5f7500,53,-1,?execReq_Inventory_Resources@UDisGFxMoviePlayerJournal@@QAEXAAUFFrame@@QAX@Z
UDisDLC05MoviePlayerChallengeMenu,OnGalleryViewportClosed,0x009f7540,0x5f7540,53,-1,?execOnGalleryViewportClosed@UDisDLC05MoviePlayerChallengeMenu@@QAEXAAUFFrame@@QAX@Z
UDisDLC05MoviePlayerChallengeMenu,DLC05_Credits,0x009f7580,0x5f7580,53,-1,?execDLC05_Credits@UDisDLC05MoviePlayerChallengeMenu@@QAEXAAUFFrame@@QAX@Z
UDisGFxMoviePlayerJournal,Req_Logs_Audio,0x009f75c0,0x5f75c0,53,-1,?execReq_Logs_Audio@UDisGFxMoviePlayerJournal@@QAEXAAUFFrame@@QAX@Z
UDisGFxMoviePlayerJournal,Req_Logs_Notes,0x009f7600,0x5f7600,53,-1,?execReq_Logs_Notes@UDisGFxMoviePlayerJournal@@QAEXAAUFFrame@@QAX@Z
UDisGFxMoviePlayerJournal,Req_Logs_Books,0x009f7640,0x5f7640,53,-1,?execReq_Logs_Books@UDisGFxMoviePlayerJournal@@QAEXAAUFFrame@@QAX@Z
UDisGFxMoviePlayerJournal,Req_LogInfo,0x009f7680,0x5f7680,96,-1,?execReq_LogInfo@UDisGFxMoviePlayerJournal@@QAEXAAUFFrame@@QAX@Z
UDisGFxMoviePlayerJournal,PlayAudioLog,0x009f76e0,0x5f76e0,96,-1,?execPlayAudioLog@UDisGFxMoviePlayerJournal@@QAEXAAUFFrame@@QAX@Z
UDisGFxMoviePlayerJournal,StopAudioLog,0x009f7740,0x5f7740,96,-1,?execStopAudioLog@UDisGFxMoviePlayerJournal@@QAEXAAUFFrame@@QAX@Z
UDisGFxMoviePlayerJournal,ReadNote,0x009f77a0,0x5f77a0,96,-1,?execReadNote@UDisGFxMoviePlayerJournal@@QAEXAAUFFrame@@QAX@Z
UDisGFxMoviePlayerJournal,Req_CharmsListDetails,0x009f7800,0x5f7800,96,-1,?execReq_CharmsListDetails@UDisGFxMoviePlayerJournal@@QAEXAAUFFrame@@QAX@Z
UDisGFxMoviePlayerJournal,EquipBoneCharm,0x009f7860,0x5f7860,96,-1,?execEquipBoneCharm@UDisGFxMoviePlayerJournal@@QAEXAAUFFrame@@QAX@Z
UDisGFxMoviePlayerJournal,RemoveBoneCharm,0x009f78c0,0x5f78c0,96,-1,?execRemoveBoneCharm@UDisGFxMoviePlayerJournal@@QAEXAAUFFrame@@QAX@Z
UDisGFxMoviePlayerMenuBase,Req_IsSaveLoadEnabled,0x009f7920,0x5f7920,58,-1,?execReq_IsSaveLoadEnabled@UDisGFxMoviePlayerMenuBase@@QAEXAAUFFrame@@QAX@Z
UDisGFxMoviePlayerMenuBase,Req_CanLoadGame,0x009f7960,0x5f7960,58,-1,?execReq_CanLoadGame@UDisGFxMoviePlayerMenuBase@@QAEXAAUFFrame@@QAX@Z
UDisGFxMoviePlayerMenuBase,OnLoadGameConfirm,0x009f79a0,0x5f79a0,96,-1,?execOnLoadGameConfirm@UDisGFxMoviePlayerMenuBase@@QAEXAAUFFrame@@QAX@Z
UDisGFxMoviePlayerMenuBase,OnDeleteSaveConfirm,0x009f7a00,0x5f7a00,145,-1,?execOnDeleteSaveConfirm@UDisGFxMoviePlayerMenuBase@@QAEXAAUFFrame@@QAX@Z
UDisGFxMoviePlayerMenuBase,OnSaveGameListClosed,0x009f7aa0,0x5f7aa0,53,-1,?execOnSaveGameListClosed@UDisGFxMoviePlayerMenuBase@@QAEXAAUFFrame@@QAX@Z
UDisDLC05MoviePlayerChallengeMenu,Req_GalleryLargeImage,0x009f7ae0,0x5f7ae0,96,-1,?execReq_GalleryLargeImage@UDisDLC05MoviePlayerChallengeMenu@@QAEXAAUFFrame@@QAX@Z
UDisDLC05MoviePlayerChallengeMenu,OnQuitDLC05Confirm,0x009f7b40,0x5f7b40,53,-1,?execOnQuitDLC05Confirm@UDisDLC05MoviePlayerChallengeMenu@@QAEXAAUFFrame@@QAX@Z
UDisGFxMoviePlayerMenuBase,OnSettingChange,0x009f7b80,0x5f7b80,138,-1,?execOnSettingChange@UDisGFxMoviePlayerMenuBase@@QAEXAAUFFrame@@QAX@Z
UDisGFxMoviePlayerMenuBase,OnResetOptions,0x009f7c10,0x5f7c10,134,-1,?execOnResetOptions@UDisGFxMoviePlayerMenuBase@@QAEXAAUFFrame@@QAX@Z
UDisGFxMoviePlayerMainMenu,OnLoginChange,0x009f7ca0,0x5f7ca0,93,-1,?execOnLoginChange@UDisGFxMoviePlayerMainMenu@@QAEXAAUFFrame@@QAX@Z
UDisGFxMoviePlayerMainMenu,OnDeviceSelectionComplete,0x009f7d00,0x5f7d00,107,-1,?execOnDeviceSelectionComplete@UDisGFxMoviePlayerMainMenu@@QAEXAAUFFrame@@QAX@Z
UDisGFxMoviePlayerMainMenu,OnNewGameConfirm,0x009f7d70,0x5f7d70,96,-1,?execOnNewGameConfirm@UDisGFxMoviePlayerMainMenu@@QAEXAAUFFrame@@QAX@Z
UDisGFxMoviePlayerMainMenu,OnMissionsClicked,0x009f7dd0,0x5f7dd0,53,-1,?execOnMissionsClicked@UDisGFxMoviePlayerMainMenu@@QAEXAAUFFrame@@QAX@Z
UDisGFxMoviePlayerJournal,CloseJournal,0x009f7e10,0x5f7e10,53,-1,?execCloseJournal@UDisGFxMoviePlayerJournal@@QAEXAAUFFrame@@QAX@Z
UDisGFxMoviePlayerMainMenu,OnMissionSelected,0x009f7e50,0x5f7e50,96,-1,?execOnMissionSelected@UDisGFxMoviePlayerMainMenu@@QAEXAAUFFrame@@QAX@Z
UDisGFxMoviePlayerMainMenu,OpenMissionStats,0x009f7eb0,0x5f7eb0,96,-1,?execOpenMissionStats@UDisGFxMoviePlayerMainMenu@@QAEXAAUFFrame@@QAX@Z
UDisDLC05MoviePlayerPauseMenu,BackToDLC05MainMenu,0x009f7f10,0x5f7f10,53,-1,?execBackToDLC05MainMenu@UDisDLC05MoviePlayerPauseMenu@@QAEXAAUFFrame@@QAX@Z
UDisGFxMoviePlayerMainMenu,Req_PSStoreEnabled,0x009f7f50,0x5f7f50,58,-1,?execReq_PSStoreEnabled@UDisGFxMoviePlayerMainMenu@@QAEXAAUFFrame@@QAX@Z
UDisGFxMoviePlayerMainMenu,OnDLCClicked,0x009f7f90,0x5f7f90,53,-1,?execOnDLCClicked@UDisGFxMoviePlayerMainMenu@@QAEXAAUFFrame@@QAX@Z
UDisGFxMoviePlayerMainMenu,DeleteDLC,0x009f7fd0,0x5f7fd0,96,-1,?execDeleteDLC@UDisGFxMoviePlayerMainMenu@@QAEXAAUFFrame@@QAX@Z
UDisGFxMoviePlayerMainMenu,OnDLCListClosed,0x009f8030,0x5f8030,53,-1,?execOnDLCListClosed@UDisGFxMoviePlayerMainMenu@@QAEXAAUFFrame@@QAX@Z
UDisGFxMoviePlayerMainMenu,BackToStartScreen,0x009f8070,0x5f8070,53,-1,?execBackToStartScreen@UDisGFxMoviePlayerMainMenu@@QAEXAAUFFrame@@QAX@Z
UDisGFxMoviePlayerMainMenu,UseDLC06Progression,0x009f80b0,0x5f80b0,96,-1,?execUseDLC06Progression@UDisGFxMoviePlayerMainMenu@@QAEXAAUFFrame@@QAX@Z
UDisGFxMoviePlayerPauseMenu,HasFinishedSaveLoad,0x009f8110,0x5f8110,58,-1,?execHasFinishedSaveLoad@UDisGFxMoviePlayerPauseMenu@@QAEXAAUFFrame@@QAX@Z
UDisGFxMoviePlayerPauseMenu,OnOptionsClicked,0x009f8150,0x5f8150,53,-1,?execOnOptionsClicked@UDisGFxMoviePlayerPauseMenu@@QAEXAAUFFrame@@QAX@Z
UDisGFxMoviePlayerMainMenu,OnNewGameClicked,0x009f8190,0x5f8190,53,-1,?execOnNewGameClicked@UDisGFxMoviePlayerMainMenu@@QAEXAAUFFrame@@QAX@Z
UDisGFxMoviePlayerMainMenu,OnContinueClicked,0x009f81d0,0x5f81d0,53,-1,?execOnContinueClicked@UDisGFxMoviePlayerMainMenu@@QAEXAAUFFrame@@QAX@Z
UDisGFxMoviePlayerPauseMenu,OnMenuClosed,0x009f8210,0x5f8210,53,-1,?execOnMenuClosed@UDisGFxMoviePlayerPauseMenu@@QAEXAAUFFrame@@QAX@Z
UDisGFxMoviePlayerJournal,OnToggleObjectivesListHistory,0x009f8250,0x5f8250,53,-1,?execOnToggleObjectivesListHistory@UDisGFxMoviePlayerJournal@@QAEXAAUFFrame@@QAX@Z
UDisDLC05MoviePlayerLeaderboard,Req_DLC05_Leaderboards_ChallengesList,0x009f8290,0x5f8290,96,-1,?execReq_DLC05_Leaderboards_ChallengesList@UDisDLC05MoviePlayerLeaderboard@@QAEXAAUFFrame@@QAX@Z
UDisGFxMoviePlayerMissionStats,OnClosed,0x009f82f0,0x5f82f0,53,-1,?execOnClosed@UDisGFxMoviePlayerMissionStats@@QAEXAAUFFrame@@QAX@Z
UDisGFxMoviePlayerJournal,OnToggleHUDMarker,0x009f8330,0x5f8330,96,-1,?execOnToggleHUDMarker@UDisGFxMoviePlayerJournal@@QAEXAAUFFrame@@QAX@Z
ADishonoredHUD,RenderNonHUD_Native,0x009f8390,0x5f8390,98,-1,?execRenderNonHUD_Native@ADishonoredHUD@@QAEXAAUFFrame@@QAX@Z
ADishonoredHUD,PlayerDisplayDebug_Native,0x009f8400,0x5f8400,239,-1,?execPlayerDisplayDebug_Native@ADishonoredHUD@@QAEXAAUFFrame@@QAX@Z
ADishonoredHUD,ShowDebugInfo_Native,0x009f84f0,0x5f84f0,239,-1,?execShowDebugInfo_Native@ADishonoredHUD@@QAEXAAUFFrame@@QAX@Z
ADishonoredHUD,DebugEnable,0x009f85e0,0x5f85e0,116,-1,?execDebugEnable@ADishonoredHUD@@QAEXAAUFFrame@@QAX@Z
ADishonoredHUD,DebugDisable,0x009f8660,0x5f8660,116,-1,?execDebugDisable@ADishonoredHUD@@QAEXAAUFFrame@@QAX@Z
ADishonoredHUD,DebugOnly,0x009f86e0,0x5f86e0,303,-1,?execDebugOnly@ADishonoredHUD@@QAEXAAUFFrame@@QAX@Z
UDisDLC05MoviePlayerLeaderboard,Req_DLC05_Leaderboards,0x009f90d0,0x5f90d0,134,-1,?execReq_DLC05_Leaderboards@UDisDLC05MoviePlayerLeaderboard@@QAEXAAUFFrame@@QAX@Z
UDisDLC05MoviePlayerLeaderboard,Req_DLC05_PrevLeaderboardPage,0x009f9160,0x5f9160,134,-1,?execReq_DLC05_PrevLeaderboardPage@UDisDLC05MoviePlayerLeaderboard@@QAEXAAUFFrame@@QAX@Z
UDisDLC05MoviePlayerLeaderboard,Req_DLC05_NextLeaderboardPage,0x009f91f0,0x5f91f0,134,-1,?execReq_DLC05_NextLeaderboardPage@UDisDLC05MoviePlayerLeaderboard@@QAEXAAUFFrame@@QAX@Z
UDisDLC05MoviePlayerChallengeMenu,Req_DLC05_ChallengeDetails,0x009f9280,0x5f9280,96,-1,?execReq_DLC05_ChallengeDetails@UDisDLC05MoviePlayerChallengeMenu@@QAEXAAUFFrame@@QAX@Z
UDisDLC05MoviePlayerChallengeMenu,StartDLC05Challenge,0x009f92e0,0x5f92e0,96,-1,?execStartDLC05Challenge@UDisDLC05MoviePlayerChallengeMenu@@QAEXAAUFFrame@@QAX@Z
UDisDLC05MoviePlayerChallengeMenu,Req_DLC05_GalleryUnlockDetails,0x009f9340,0x5f9340,96,-1,?execReq_DLC05_GalleryUnlockDetails@UDisDLC05MoviePlayerChallengeMenu@@QAEXAAUFFrame@@QAX@Z
UDisDLC05MoviePlayerChallengeMenu,OnGalleryClosed,0x009f93a0,0x5f93a0,53,-1,?execOnGalleryClosed@UDisDLC05MoviePlayerChallengeMenu@@QAEXAAUFFrame@@QAX@Z
UDisDLC05MoviePlayerResultsMenu,CanUnpauseToReplay,0x009f93e0,0x5f93e0,58,-1,?execCanUnpauseToReplay@UDisDLC05MoviePlayerResultsMenu@@QAEXAAUFFrame@@QAX@Z
UDisDLC05MoviePlayerChallengeMenu,Req_DLC05_ExpertChallengesList,0x009f9420,0x5f9420,53,-1,?execReq_DLC05_ExpertChallengesList@UDisDLC05MoviePlayerChallengeMenu@@QAEXAAUFFrame@@QAX@Z
UDisDLC05MoviePlayerResultsMenu,OnQuitDLC05Confirm,0x009f9460,0x5f9460,53,-1,?execOnQuitDLC05Confirm@UDisDLC05MoviePlayerResultsMenu@@QAEXAAUFFrame@@QAX@Z
UDisDLC05MoviePlayerChallengeMenu,OnWelcomeDisclaimerClosed,0x009f94a0,0x5f94a0,53,-1,?execOnWelcomeDisclaimerClosed@UDisDLC05MoviePlayerChallengeMenu@@QAEXAAUFFrame@@QAX@Z
UDisDLC05MoviePlayerChallengeMenu,Req_DLC05_NormalChallengesList,0x009f94e0,0x5f94e0,53,-1,?execReq_DLC05_NormalChallengesList@UDisDLC05MoviePlayerChallengeMenu@@QAEXAAUFFrame@@QAX@Z
UDisDLC05MoviePlayerPauseMenu,ReplayChallenge,0x009f9520,0x5f9520,53,-1,?execReplayChallenge@UDisDLC05MoviePlayerPauseMenu@@QAEXAAUFFrame@@QAX@Z
ADisDLC05GameInfo,PostLogin_Native,0x009f9560,0x5f9560,96,-1,?execPostLogin_Native@ADisDLC05GameInfo@@QAEXAAUFFrame@@QAX@Z
ADisGameCrowdAgentSkeletalRat,TakeDamage_Native,0x009f97a0,0x5f97a0,445,-1,?execTakeDamage_Native@ADisGameCrowdAgentSkeletalRat@@QAEXAAUFFrame@@QAX@Z
ADisRiverKrust,TakeDamage_Native,0x009f99c0,0x5f99c0,498,-1,?execTakeDamage_Native@ADisRiverKrust@@QAEXAAUFFrame@@QAX@Z
ADisFish,TakeDamage_Native,0x009f9bc0,0x5f9bc0,521,-1,?execTakeDamage_Native@ADisFish@@QAEXAAUFFrame@@QAX@Z
UDishonoredEngine,UpdateRichPresenceChapter,0x009fb1b0,0x5fb1b0,121,-1,?execUpdateRichPresenceChapter@UDishonoredEngine@@QAEXAAUFFrame@@QAX@Z
UDishonoredEngine,UpdateRichPresenceChaos,0x009fb230,0x5fb230,133,-1,?execUpdateRichPresenceChaos@UDishonoredEngine@@QAEXAAUFFrame@@QAX@Z
UDownloadableContentEnumerator,InstallDLC,0x009ffd30,0x5ffd30,163,-1,?execInstallDLC@UDownloadableContentEnumerator@@QAEXAAUFFrame@@QAX@Z
UDishonoredCheatManager,GivePlayerItem,0x009ffde0,0x5ffde0,163,-1,?execGivePlayerItem@UDishonoredCheatManager@@QAEXAAUFFrame@@QAX@Z
UDishonoredCheatManager,PlayerTestAnim,0x009ffe90,0x5ffe90,231,-1,?execPlayerTestAnim@UDishonoredCheatManager@@QAEXAAUFFrame@@QAX@Z
UDishonoredCheatManager,AddObjective,0x009fff80,0x5fff80,163,-1,?execAddObjective@UDishonoredCheatManager@@QAEXAAUFFrame@@QAX@Z
UDishonoredCheatManager,RemoveObjective,0x00a00030,0x600030,163,-1,?execRemoveObjective@UDishonoredCheatManager@@QAEXAAUFFrame@@QAX@Z
UDishonoredCheatManager,AIEnableBehavior,0x00a000e0,0x6000e0,163,-1,?execAIEnableBehavior@UDishonoredCheatManager@@QAEXAAUFFrame@@QAX@Z
UDishonoredCheatManager,AIDisableBehavior,0x00a00190,0x600190,163,-1,?execAIDisableBehavior@UDishonoredCheatManager@@QAEXAAUFFrame@@QAX@Z
UDishonoredCheatManager,AIEnableSubState,0x00a00240,0x600240,163,-1,?execAIEnableSubState@UDishonoredCheatManager@@QAEXAAUFFrame@@QAX@Z
UDishonoredCheatManager,AIDisableSubState,0x00a002f0,0x6002f0,163,-1,?execAIDisableSubState@UDishonoredCheatManager@@QAEXAAUFFrame@@QAX@Z
UDishonoredCheatManager,ShowStorePage,0x00a003a0,0x6003a0,163,-1,?execShowStorePage@UDishonoredCheatManager@@QAEXAAUFFrame@@QAX@Z
UDishonoredCheatManager,GetLeaderboardsInfo_Name,0x00a00450,0x600450,335,-1,?execGetLeaderboardsInfo_Name@UDishonoredCheatManager@@QAEXAAUFFrame@@QAX@Z
UDishonoredCheatManager,WriteScoreToLeaderboard_Name,0x00a005a0,0x6005a0,197,-1,?execWriteScoreToLeaderboard_Name@UDishonoredCheatManager@@QAEXAAUFFrame@@QAX@Z
UDishonoredCheatManager,AddUpgrade,0x00a00670,0x600670,163,-1,?execAddUpgrade@UDishonoredCheatManager@@QAEXAAUFFrame@@QAX@Z
UDishonoredCheatManager,RemoveUpgrade,0x00a00720,0x600720,163,-1,?execRemoveUpgrade@UDishonoredCheatManager@@QAEXAAUFFrame@@QAX@Z
UDisGFxMoviePlayerBase,FormatText,0x00a00aa0,0x600aa0,158,-1,?execFormatText@UDisGFxMoviePlayerBase@@QAEXAAUFFrame@@QAX@Z
UDisGFxMoviePlayerBase,ShowMessageBox,0x00a00b40,0x600b40,325,-1,?execShowMessageBox@UDisGFxMoviePlayerBase@@QAEXAAUFFrame@@QAX@Z
UDisGFxMoviePlayerBase,Req_EquipmentIconImage,0x00a00c90,0x600c90,170,-1,?execReq_EquipmentIconImage@UDisGFxMoviePlayerBase@@QAEXAAUFFrame@@QAX@Z
UDisGFxMoviePlayerJournal,Req_PowerDetails,0x00a00d40,0x600d40,163,-1,?execReq_PowerDetails@UDisGFxMoviePlayerJournal@@QAEXAAUFFrame@@QAX@Z
UDisGFxMoviePlayerJournal,OnPowerInfosRequest,0x00a00df0,0x600df0,208,-1,?execOnPowerInfosRequest@UDisGFxMoviePlayerJournal@@QAEXAAUFFrame@@QAX@Z
UDisGFxMoviePlayerJournal,PowerBuy,0x00a00ec0,0x600ec0,197,-1,?execPowerBuy@UDisGFxMoviePlayerJournal@@QAEXAAUFFrame@@QAX@Z
