class,func,va,rva,size,native_index,mangled
UObject,DebugInfo,0x000050a0,0x50a0,97,,?execDebugInfo@UObject@@QAEXAAUFFrame@@QAX@Z
UObject,LocalVariable,0x00005110,0x5110,75,,?execLocalVariable@UObject@@QAEXAAUFFrame@@QAX@Z
UObject,InstanceVariable,0x00005160,0x5160,72,,?execInstanceVariable@UObject@@QAEXAAUFFrame@@QAX@Z
UObject,LocalOutVariable,0x000051b0,0x51b0,86,,?execLocalOutVariable@UObject@@QAEXAAUFFrame@@QAX@Z
UObject,DefaultParmValue,0x00005210,0x5210,112,,?execDefaultParmValue@UObject@@QAEXAAUFFrame@@QAX@Z
UObject,InterfaceContext,0x00005280,0x5280,67,,?execInterfaceContext@UObject@@QAEXAAUFFrame@@QAX@Z
UObject,DynArrayLength,0x000052d0,0x52d0,86,,?execDynArrayLength@UObject@@QAEXAAUFFrame@@QAX@Z
UObject,DynArrayFind,0x00005330,0x5330,375,,?execDynArrayFind@UObject@@QAEXAAUFFrame@@QAX@Z
UObject,BoolVariable,0x000054b0,0x54b0,97,,?execBoolVariable@UObject@@QAEXAAUFFrame@@QAX@Z
UObject,EmptyParmValue,0x00005520,0x5520,27,,?execEmptyParmValue@UObject@@QAEXAAUFFrame@@QAX@Z
UObject,NativeParm,0x00005540,0x5540,112,,?execNativeParm@UObject@@QAEXAAUFFrame@@QAX@Z
UObject,EndFunctionParms,0x000055b0,0x55b0,23,,?execEndFunctionParms@UObject@@QAEXAAUFFrame@@QAX@Z
UObject,Stop,0x000055d0,0x55d0,17,,?execStop@UObject@@QAEXAAUFFrame@@QAX@Z
UObject,Case,0x000055f0,0x55f0,107,,?execCase@UObject@@QAEXAAUFFrame@@QAX@Z
UObject,Conditional,0x00005660,0x5660,123,,?execConditional@UObject@@QAEXAAUFFrame@@QAX@Z
UObject,Self,0x000056e0,0x56e0,12,,?execSelf@UObject@@QAEXAAUFFrame@@QAX@Z
UObject,DelegateProperty,0x000056f0,0x56f0,183,,?execDelegateProperty@UObject@@QAEXAAUFFrame@@QAX@Z
UObject,LetDelegate,0x000057b0,0x57b0,128,,?execLetDelegate@UObject@@QAEXAAUFFrame@@QAX@Z
UObject,NotEqual_DelegateDelegate,0x00005830,0x5830,205,,?execNotEqual_DelegateDelegate@UObject@@QAEXAAUFFrame@@QAX@Z
UObject,EqualEqual_DelegateFunction,0x00005900,0x5900,205,,?execEqualEqual_DelegateFunction@UObject@@QAEXAAUFFrame@@QAX@Z
UObject,IntConst,0x000059d0,0x59d0,26,,?execIntConst@UObject@@QAEXAAUFFrame@@QAX@Z
UObject,FloatConst,0x000059f0,0x59f0,30,,?execFloatConst@UObject@@QAEXAAUFFrame@@QAX@Z
UObject,ObjectConst,0x00005a10,0x5a10,26,,?execObjectConst@UObject@@QAEXAAUFFrame@@QAX@Z
UObject,InstanceDelegate,0x00005a30,0x5a30,39,,?execInstanceDelegate@UObject@@QAEXAAUFFrame@@QAX@Z
UObject,NameConst,0x00005a60,0x5a60,34,,?execNameConst@UObject@@QAEXAAUFFrame@@QAX@Z
UObject,ByteConst,0x00005a90,0x5a90,23,,?execByteConst@UObject@@QAEXAAUFFrame@@QAX@Z
UObject,True,0x00005ab0,0x5ab0,16,,?execTrue@UObject@@QAEXAAUFFrame@@QAX@Z
UObject,False,0x00005ac0,0x5ac0,16,,?execFalse@UObject@@QAEXAAUFFrame@@QAX@Z
UObject,EmptyDelegate,0x00005ad0,0x5ad0,26,,?execEmptyDelegate@UObject@@QAEXAAUFFrame@@QAX@Z
UObject,IntConstByte,0x00005af0,0x5af0,24,,?execIntConstByte@UObject@@QAEXAAUFFrame@@QAX@Z
UObject,PrimitiveCast,0x00005b10,0x5b10,37,,?execPrimitiveCast@UObject@@QAEXAAUFFrame@@QAX@Z
UObject,InterfaceCast,0x00005b40,0x5b40,24,,?execInterfaceCast@UObject@@QAEXAAUFFrame@@QAX@Z
UObject,ByteToInt,0x00005b60,0x5b60,53,,?execByteToInt@UObject@@QAEXAAUFFrame@@QAX@Z
UObject,ByteToBool,0x00005ba0,0x5ba0,57,,?execByteToBool@UObject@@QAEXAAUFFrame@@QAX@Z
UObject,ByteToFloat,0x00005be0,0x5be0,59,,?execByteToFloat@UObject@@QAEXAAUFFrame@@QAX@Z
UObject,IntToByte,0x00005c20,0x5c20,55,,?execIntToByte@UObject@@QAEXAAUFFrame@@QAX@Z
UObject,IntToBool,0x00005c60,0x5c60,60,,?execIntToBool@UObject@@QAEXAAUFFrame@@QAX@Z
UObject,IntToFloat,0x00005ca0,0x5ca0,59,,?execIntToFloat@UObject@@QAEXAAUFFrame@@QAX@Z
UObject,BoolToByte,0x00005ce0,0x5ce0,57,,?execBoolToByte@UObject@@QAEXAAUFFrame@@QAX@Z
UObject,BoolToInt,0x00005d20,0x5d20,58,,?execBoolToInt@UObject@@QAEXAAUFFrame@@QAX@Z
UObject,BoolToFloat,0x00005d60,0x5d60,74,,?execBoolToFloat@UObject@@QAEXAAUFFrame@@QAX@Z
UObject,FloatToByte,0x00005db0,0x5db0,95,,?execFloatToByte@UObject@@QAEXAAUFFrame@@QAX@Z
UObject,FloatToInt,0x00005e10,0x5e10,95,,?execFloatToInt@UObject@@QAEXAAUFFrame@@QAX@Z
UObject,FloatToBool,0x00005e70,0x5e70,89,,?execFloatToBool@UObject@@QAEXAAUFFrame@@QAX@Z
UObject,InterfaceToBool,0x00005ed0,0x5ed0,78,,?execInterfaceToBool@UObject@@QAEXAAUFFrame@@QAX@Z
UObject,InterfaceToObject,0x00005f20,0x5f20,58,,?execInterfaceToObject@UObject@@QAEXAAUFFrame@@QAX@Z
UObject,NameToBool,0x00005f60,0x5f60,105,,?execNameToBool@UObject@@QAEXAAUFFrame@@QAX@Z
UObject,Not_PreBool,0x00005fd0,0x5fd0,100,,?execNot_PreBool@UObject@@QAEXAAUFFrame@@QAX@Z
UObject,EqualEqual_BoolBool,0x00006040,0x6040,160,,?execEqualEqual_BoolBool@UObject@@QAEXAAUFFrame@@QAX@Z
UObject,NotEqual_BoolBool,0x000060e0,0x60e0,160,,?execNotEqual_BoolBool@UObject@@QAEXAAUFFrame@@QAX@Z
UObject,AndAnd_BoolBool,0x00006180,0x6180,181,,?execAndAnd_BoolBool@UObject@@QAEXAAUFFrame@@QAX@Z
UObject,XorXor_BoolBool,0x00006240,0x6240,155,,?execXorXor_BoolBool@UObject@@QAEXAAUFFrame@@QAX@Z
UObject,OrOr_BoolBool,0x000062e0,0x62e0,175,,?execOrOr_BoolBool@UObject@@QAEXAAUFFrame@@QAX@Z
UObject,MultiplyEqual_ByteByte,0x00006390,0x6390,169,,?execMultiplyEqual_ByteByte@UObject@@QAEXAAUFFrame@@QAX@Z
UObject,MultiplyEqual_ByteFloat,0x00006440,0x6440,216,,?execMultiplyEqual_ByteFloat@UObject@@QAEXAAUFFrame@@QAX@Z
UObject,DivideEqual_ByteByte,0x00006520,0x6520,197,,?execDivideEqual_ByteByte@UObject@@QAEXAAUFFrame@@QAX@Z
UObject,AddEqual_ByteByte,0x000065f0,0x65f0,169,,?execAddEqual_ByteByte@UObject@@QAEXAAUFFrame@@QAX@Z
UObject,SubtractEqual_ByteByte,0x000066a0,0x66a0,169,,?execSubtractEqual_ByteByte@UObject@@QAEXAAUFFrame@@QAX@Z
UObject,AddAdd_PreByte,0x00006750,0x6750,134,,?execAddAdd_PreByte@UObject@@QAEXAAUFFrame@@QAX@Z
UObject,SubtractSubtract_PreByte,0x000067e0,0x67e0,134,,?execSubtractSubtract_PreByte@UObject@@QAEXAAUFFrame@@QAX@Z
UObject,AddAdd_Byte,0x00006870,0x6870,134,,?execAddAdd_Byte@UObject@@QAEXAAUFFrame@@QAX@Z
UObject,SubtractSubtract_Byte,0x00006900,0x6900,135,,?execSubtractSubtract_Byte@UObject@@QAEXAAUFFrame@@QAX@Z
UObject,Complement_PreInt,0x00006990,0x6990,86,,?execComplement_PreInt@UObject@@QAEXAAUFFrame@@QAX@Z
UObject,GreaterGreaterGreater_IntInt,0x000069f0,0x69f0,123,,?execGreaterGreaterGreater_IntInt@UObject@@QAEXAAUFFrame@@QAX@Z
UObject,Subtract_PreInt,0x00006a70,0x6a70,86,,?execSubtract_PreInt@UObject@@QAEXAAUFFrame@@QAX@Z
UObject,Multiply_IntInt,0x00006ad0,0x6ad0,122,,?execMultiply_IntInt@UObject@@QAEXAAUFFrame@@QAX@Z
UObject,Add_IntInt,0x00006b50,0x6b50,123,,?execAdd_IntInt@UObject@@QAEXAAUFFrame@@QAX@Z
UObject,Subtract_IntInt,0x00006bd0,0x6bd0,121,,?execSubtract_IntInt@UObject@@QAEXAAUFFrame@@QAX@Z
UObject,LessLess_IntInt,0x00006c50,0x6c50,123,,?execLessLess_IntInt@UObject@@QAEXAAUFFrame@@QAX@Z
UObject,GreaterGreater_IntInt,0x00006cd0,0x6cd0,123,,?execGreaterGreater_IntInt@UObject@@QAEXAAUFFrame@@QAX@Z
UObject,Less_IntInt,0x00006d50,0x6d50,126,,?execLess_IntInt@UObject@@QAEXAAUFFrame@@QAX@Z
UObject,Greater_IntInt,0x00006dd0,0x6dd0,126,,?execGreater_IntInt@UObject@@QAEXAAUFFrame@@QAX@Z
UObject,LessEqual_IntInt,0x00006e50,0x6e50,126,,?execLessEqual_IntInt@UObject@@QAEXAAUFFrame@@QAX@Z
UObject,GreaterEqual_IntInt,0x00006ed0,0x6ed0,126,,?execGreaterEqual_IntInt@UObject@@QAEXAAUFFrame@@QAX@Z
UObject,EqualEqual_IntInt,0x00006f50,0x6f50,126,,?execEqualEqual_IntInt@UObject@@QAEXAAUFFrame@@QAX@Z
UObject,NotEqual_ObjectObject,0x00006fd0,0x6fd0,126,,?execNotEqual_ObjectObject@UObject@@QAEXAAUFFrame@@QAX@Z
UObject,And_IntInt,0x00007050,0x7050,121,,?execAnd_IntInt@UObject@@QAEXAAUFFrame@@QAX@Z
UObject,Xor_IntInt,0x000070d0,0x70d0,121,,?execXor_IntInt@UObject@@QAEXAAUFFrame@@QAX@Z
UObject,Or_IntInt,0x00007150,0x7150,121,,?execOr_IntInt@UObject@@QAEXAAUFFrame@@QAX@Z
UObject,MultiplyEqual_IntFloat,0x000071d0,0x71d0,215,,?execMultiplyEqual_IntFloat@UObject@@QAEXAAUFFrame@@QAX@Z
UObject,DivideEqual_IntFloat,0x000072b0,0x72b0,231,,?execDivideEqual_IntFloat@UObject@@QAEXAAUFFrame@@QAX@Z
UObject,AddEqual_IntInt,0x000073a0,0x73a0,179,,?execAddEqual_IntInt@UObject@@QAEXAAUFFrame@@QAX@Z
UObject,SubtractEqual_IntInt,0x00007460,0x7460,174,,?execSubtractEqual_IntInt@UObject@@QAEXAAUFFrame@@QAX@Z
UObject,AddAdd_PreInt,0x00007510,0x7510,137,,?execAddAdd_PreInt@UObject@@QAEXAAUFFrame@@QAX@Z
UObject,SubtractSubtract_PreInt,0x000075a0,0x75a0,137,,?execSubtractSubtract_PreInt@UObject@@QAEXAAUFFrame@@QAX@Z
UObject,AddAdd_Int,0x00007630,0x7630,137,,?execAddAdd_Int@UObject@@QAEXAAUFFrame@@QAX@Z
UObject,SubtractSubtract_Int,0x000076c0,0x76c0,138,,?execSubtractSubtract_Int@UObject@@QAEXAAUFFrame@@QAX@Z
UObject,Rand,0x00007750,0x7750,168,,?execRand@UObject@@QAEXAAUFFrame@@QAX@Z
UObject,Subtract_PreFloat,0x00007800,0x7800,96,,?execSubtract_PreFloat@UObject@@QAEXAAUFFrame@@QAX@Z
UObject,MultiplyMultiply_FloatFloat,0x00007860,0x7860,128,,?execMultiplyMultiply_FloatFloat@UObject@@QAEXAAUFFrame@@QAX@Z
UObject,Multiply_FloatFloat,0x000078e0,0x78e0,129,,?execMultiply_FloatFloat@UObject@@QAEXAAUFFrame@@QAX@Z
UObject,Add_FloatFloat,0x00007970,0x7970,129,,?execAdd_FloatFloat@UObject@@QAEXAAUFFrame@@QAX@Z
UObject,Subtract_FloatFloat,0x00007a00,0x7a00,129,,?execSubtract_FloatFloat@UObject@@QAEXAAUFFrame@@QAX@Z
UObject,Less_FloatFloat,0x00007a90,0x7a90,146,,?execLess_FloatFloat@UObject@@QAEXAAUFFrame@@QAX@Z
UObject,Greater_FloatFloat,0x00007b30,0x7b30,146,,?execGreater_FloatFloat@UObject@@QAEXAAUFFrame@@QAX@Z
UObject,LessEqual_FloatFloat,0x00007bd0,0x7bd0,146,,?execLessEqual_FloatFloat@UObject@@QAEXAAUFFrame@@QAX@Z
UObject,GreaterEqual_FloatFloat,0x00007c70,0x7c70,146,,?execGreaterEqual_FloatFloat@UObject@@QAEXAAUFFrame@@QAX@Z
UObject,EqualEqual_FloatFloat,0x00007d10,0x7d10,150,,?execEqualEqual_FloatFloat@UObject@@QAEXAAUFFrame@@QAX@Z
UObject,NotEqual_FloatFloat,0x00007db0,0x7db0,150,,?execNotEqual_FloatFloat@UObject@@QAEXAAUFFrame@@QAX@Z
UObject,ComplementEqual_FloatFloat,0x00007e50,0x7e50,155,,?execComplementEqual_FloatFloat@UObject@@QAEXAAUFFrame@@QAX@Z
UObject,MultiplyEqual_FloatFloat,0x00007ef0,0x7ef0,185,,?execMultiplyEqual_FloatFloat@UObject@@QAEXAAUFFrame@@QAX@Z
UObject,AddEqual_FloatFloat,0x00007fb0,0x7fb0,185,,?execAddEqual_FloatFloat@UObject@@QAEXAAUFFrame@@QAX@Z
UObject,SubtractEqual_FloatFloat,0x00008070,0x8070,185,,?execSubtractEqual_FloatFloat@UObject@@QAEXAAUFFrame@@QAX@Z
UObject,Abs,0x00008130,0x8130,87,,?execAbs@UObject@@QAEXAAUFFrame@@QAX@Z
UObject,Sin,0x00008190,0x8190,87,,?execSin@UObject@@QAEXAAUFFrame@@QAX@Z
UObject,Asin,0x000081f0,0x81f0,150,,?execAsin@UObject@@QAEXAAUFFrame@@QAX@Z
UObject,Cos,0x00008290,0x8290,87,,?execCos@UObject@@QAEXAAUFFrame@@QAX@Z
UObject,Acos,0x000082f0,0x82f0,150,,?execAcos@UObject@@QAEXAAUFFrame@@QAX@Z
UObject,Tan,0x00008390,0x8390,89,,?execTan@UObject@@QAEXAAUFFrame@@QAX@Z
UObject,Atan,0x000083f0,0x83f0,89,,?execAtan@UObject@@QAEXAAUFFrame@@QAX@Z
UObject,Atan2,0x00008450,0x8450,125,,?execAtan2@UObject@@QAEXAAUFFrame@@QAX@Z
UObject,Exp,0x000084d0,0x84d0,107,,?execExp@UObject@@QAEXAAUFFrame@@QAX@Z
UObject,Loge,0x00008540,0x8540,91,,?execLoge@UObject@@QAEXAAUFFrame@@QAX@Z
UObject,Round,0x000085a0,0x85a0,142,,?execRound@UObject@@QAEXAAUFFrame@@QAX@Z
UObject,FFloor,0x00008630,0x8630,142,,?execFFloor@UObject@@QAEXAAUFFrame@@QAX@Z
UObject,FCeil,0x000086c0,0x86c0,148,,?execFCeil@UObject@@QAEXAAUFFrame@@QAX@Z
UObject,FRand,0x00008760,0x8760,62,,?execFRand@UObject@@QAEXAAUFFrame@@QAX@Z
UObject,Lerp,0x000087a0,0x87a0,179,,?execLerp@UObject@@QAEXAAUFFrame@@QAX@Z
UObject,RotationConst,0x00008860,0x8860,56,,?execRotationConst@UObject@@QAEXAAUFFrame@@QAX@Z
UObject,VectorConst,0x000088a0,0x88a0,50,,?execVectorConst@UObject@@QAEXAAUFFrame@@QAX@Z
UObject,PointProjectToPlane,0x000088e0,0x88e0,199,,?execPointProjectToPlane@UObject@@QAEXAAUFFrame@@QAX@Z
UObject,VectorToBool,0x000089b0,0x89b0,142,,?execVectorToBool@UObject@@QAEXAAUFFrame@@QAX@Z
UObject,RotatorToBool,0x00008a40,0x8a40,120,,?execRotatorToBool@UObject@@QAEXAAUFFrame@@QAX@Z
UObject,Subtract_PreVector,0x00008ac0,0x8ac0,138,,?execSubtract_PreVector@UObject@@QAEXAAUFFrame@@QAX@Z
UObject,Multiply_VectorFloat,0x00008b50,0x8b50,173,,?execMultiply_VectorFloat@UObject@@QAEXAAUFFrame@@QAX@Z
UObject,Multiply_FloatVector,0x00008c00,0x8c00,173,,?execMultiply_FloatVector@UObject@@QAEXAAUFFrame@@QAX@Z
UObject,Multiply_VectorVector,0x00008cb0,0x8cb0,163,,?execMultiply_VectorVector@UObject@@QAEXAAUFFrame@@QAX@Z
UObject,Add_VectorVector,0x00008d60,0x8d60,163,,?execAdd_VectorVector@UObject@@QAEXAAUFFrame@@QAX@Z
UObject,Subtract_VectorVector,0x00008e10,0x8e10,163,,?execSubtract_VectorVector@UObject@@QAEXAAUFFrame@@QAX@Z
UObject,LessLess_VectorRotator,0x00008ec0,0x8ec0,320,,?execLessLess_VectorRotator@UObject@@QAEXAAUFFrame@@QAX@Z
UObject,GreaterGreater_VectorRotator,0x00009000,0x9000,334,,?execGreaterGreater_VectorRotator@UObject@@QAEXAAUFFrame@@QAX@Z
UObject,EqualEqual_VectorVector,0x00009150,0x9150,166,,?execEqualEqual_VectorVector@UObject@@QAEXAAUFFrame@@QAX@Z
UObject,NotEqual_VectorVector,0x00009200,0x9200,166,,?execNotEqual_VectorVector@UObject@@QAEXAAUFFrame@@QAX@Z
UObject,Dot_VectorVector,0x000092b0,0x92b0,143,,?execDot_VectorVector@UObject@@QAEXAAUFFrame@@QAX@Z
UObject,Cross_VectorVector,0x00009340,0x9340,211,,?execCross_VectorVector@UObject@@QAEXAAUFFrame@@QAX@Z
UObject,MultiplyEqual_VectorFloat,0x00009420,0x9420,242,,?execMultiplyEqual_VectorFloat@UObject@@QAEXAAUFFrame@@QAX@Z
UObject,MultiplyEqual_VectorVector,0x00009520,0x9520,237,,?execMultiplyEqual_VectorVector@UObject@@QAEXAAUFFrame@@QAX@Z
UObject,AddEqual_VectorVector,0x00009610,0x9610,237,,?execAddEqual_VectorVector@UObject@@QAEXAAUFFrame@@QAX@Z
UObject,SubtractEqual_VectorVector,0x00009700,0x9700,237,,?execSubtractEqual_VectorVector@UObject@@QAEXAAUFFrame@@QAX@Z
UObject,VSize,0x000097f0,0x97f0,97,,?execVSize@UObject@@QAEXAAUFFrame@@QAX@Z
UObject,VSize2D,0x00009860,0x9860,90,,?execVSize2D@UObject@@QAEXAAUFFrame@@QAX@Z
UObject,VSizeSq,0x000098c0,0x98c0,122,,?execVSizeSq@UObject@@QAEXAAUFFrame@@QAX@Z
UObject,VSizeSq2D,0x00009940,0x9940,106,,?execVSizeSq2D@UObject@@QAEXAAUFFrame@@QAX@Z
UObject,Normal,0x000099b0,0x99b0,391,,?execNormal@UObject@@QAEXAAUFFrame@@QAX@Z
UObject,VLerp,0x00009b40,0x9b40,239,,?execVLerp@UObject@@QAEXAAUFFrame@@QAX@Z
UObject,VSmerp,0x00009c30,0x9c30,267,,?execVSmerp@UObject@@QAEXAAUFFrame@@QAX@Z
UObject,NoZDot,0x00009d40,0x9d40,129,,?execNoZDot@UObject@@QAEXAAUFFrame@@QAX@Z
UObject,VRand,0x00009dd0,0x9dd0,73,,?execVRand@UObject@@QAEXAAUFFrame@@QAX@Z
UObject,RotRand,0x00009e20,0x9e20,234,,?execRotRand@UObject@@QAEXAAUFFrame@@QAX@Z
UObject,MirrorVectorByNormal,0x00009f10,0x9f10,495,,?execMirrorVectorByNormal@UObject@@QAEXAAUFFrame@@QAX@Z
UObject,ProjectOnTo,0x0000a100,0xa100,230,,?execProjectOnTo@UObject@@QAEXAAUFFrame@@QAX@Z
UObject,IsZero,0x0000a1f0,0xa1f0,139,,?execIsZero@UObject@@QAEXAAUFFrame@@QAX@Z
UObject,EqualEqual_RotatorRotator,0x0000a280,0xa280,145,,?execEqualEqual_RotatorRotator@UObject@@QAEXAAUFFrame@@QAX@Z
UObject,NotEqual_RotatorRotator,0x0000a320,0xa320,145,,?execNotEqual_RotatorRotator@UObject@@QAEXAAUFFrame@@QAX@Z
UObject,Multiply_RotatorFloat,0x0000a3c0,0xa3c0,212,,?execMultiply_RotatorFloat@UObject@@QAEXAAUFFrame@@QAX@Z
UObject,Multiply_FloatRotator,0x0000a4a0,0xa4a0,212,,?execMultiply_FloatRotator@UObject@@QAEXAAUFFrame@@QAX@Z
UObject,MultiplyEqual_RotatorFloat,0x0000a580,0xa580,196,,?execMultiplyEqual_RotatorFloat@UObject@@QAEXAAUFFrame@@QAX@Z
UObject,Add_RotatorRotator,0x0000a650,0xa650,133,,?execAdd_RotatorRotator@UObject@@QAEXAAUFFrame@@QAX@Z
UObject,Subtract_RotatorRotator,0x0000a6e0,0xa6e0,127,,?execSubtract_RotatorRotator@UObject@@QAEXAAUFFrame@@QAX@Z
UObject,AddEqual_RotatorRotator,0x0000a760,0xa760,186,,?execAddEqual_RotatorRotator@UObject@@QAEXAAUFFrame@@QAX@Z
UObject,SubtractEqual_RotatorRotator,0x0000a820,0xa820,186,,?execSubtractEqual_RotatorRotator@UObject@@QAEXAAUFFrame@@QAX@Z
UObject,GetAxes,0x0000a8e0,0xa8e0,510,,?execGetAxes@UObject@@QAEXAAUFFrame@@QAX@Z
UObject,GetUnAxes,0x0000aae0,0xaae0,510,,?execGetUnAxes@UObject@@QAEXAAUFFrame@@QAX@Z
UObject,Normalize,0x0000ace0,0xace0,102,,?execNormalize@UObject@@QAEXAAUFFrame@@QAX@Z
UObject,RLerp,0x0000ad50,0xad50,355,,?execRLerp@UObject@@QAEXAAUFFrame@@QAX@Z
UObject,RSmerp,0x0000aec0,0xaec0,386,,?execRSmerp@UObject@@QAEXAAUFFrame@@QAX@Z
UObject,NormalizeRotAxis,0x0000b050,0xb050,112,,?execNormalizeRotAxis@UObject@@QAEXAAUFFrame@@QAX@Z
UObject,RSize,0x0000b0c0,0xb0c0,129,,?execRSize@UObject@@QAEXAAUFFrame@@QAX@Z
UObject,Multiply_MatrixMatrix,0x0000b150,0xb150,382,,?execMultiply_MatrixMatrix@UObject@@QAEXAAUFFrame@@QAX@Z
UObject,TransformVector,0x0000b2d0,0xb2d0,290,,?execTransformVector@UObject@@QAEXAAUFFrame@@QAX@Z
UObject,TransformNormal,0x0000b400,0xb400,317,,?execTransformNormal@UObject@@QAEXAAUFFrame@@QAX@Z
UObject,MakeRotationTranslationMatrix,0x0000b540,0xb540,150,,?execMakeRotationTranslationMatrix@UObject@@QAEXAAUFFrame@@QAX@Z
UObject,MakeRotationMatrix,0x0000b5e0,0xb5e0,125,,?execMakeRotationMatrix@UObject@@QAEXAAUFFrame@@QAX@Z
UObject,MatrixGetOrigin,0x0000b660,0xb660,143,,?execMatrixGetOrigin@UObject@@QAEXAAUFFrame@@QAX@Z
UObject,MatrixGetAxis,0x0000b6f0,0xb6f0,291,,?execMatrixGetAxis@UObject@@QAEXAAUFFrame@@QAX@Z
UObject,QuatProduct,0x0000b820,0xb820,233,,?execQuatProduct@UObject@@QAEXAAUFFrame@@QAX@Z
UObject,QuatDot,0x0000b910,0xb910,179,,?execQuatDot@UObject@@QAEXAAUFFrame@@QAX@Z
UObject,QuatInvert,0x0000b9d0,0xb9d0,176,,?execQuatInvert@UObject@@QAEXAAUFFrame@@QAX@Z
UObject,QuatRotateVector,0x0000ba80,0xba80,433,,?execQuatRotateVector@UObject@@QAEXAAUFFrame@@QAX@Z
UObject,QuatFromAxisAndAngle,0x0000bc40,0xbc40,461,,?execQuatFromAxisAndAngle@UObject@@QAEXAAUFFrame@@QAX@Z
UObject,QuatFromRotator,0x0000be10,0xbe10,941,,?execQuatFromRotator@UObject@@QAEXAAUFFrame@@QAX@Z
UObject,Add_QuatQuat,0x0000c1c0,0xc1c0,206,,?execAdd_QuatQuat@UObject@@QAEXAAUFFrame@@QAX@Z
UObject,Subtract_QuatQuat,0x0000c290,0xc290,206,,?execSubtract_QuatQuat@UObject@@QAEXAAUFFrame@@QAX@Z
UObject,EatReturnValue,0x0000c360,0xc360,140,,?execEatReturnValue@UObject@@QAEXAAUFFrame@@QAX@Z
UObject,Add_Vector2DVector2D,0x0000c3f0,0xc3f0,142,,?execAdd_Vector2DVector2D@UObject@@QAEXAAUFFrame@@QAX@Z
UObject,Subtract_Vector2DVector2D,0x0000c480,0xc480,142,,?execSubtract_Vector2DVector2D@UObject@@QAEXAAUFFrame@@QAX@Z
UObject,Multiply_Vector2DFloat,0x0000c510,0xc510,153,,?execMultiply_Vector2DFloat@UObject@@QAEXAAUFFrame@@QAX@Z
UObject,Divide_Vector2DFloat,0x0000c5b0,0xc5b0,157,,?execDivide_Vector2DFloat@UObject@@QAEXAAUFFrame@@QAX@Z
UObject,MultiplyEqual_Vector2DFloat,0x0000c650,0xc650,153,,?execMultiplyEqual_Vector2DFloat@UObject@@QAEXAAUFFrame@@QAX@Z
UObject,DivideEqual_Vector2DFloat,0x0000c6f0,0xc6f0,157,,?execDivideEqual_Vector2DFloat@UObject@@QAEXAAUFFrame@@QAX@Z
UObject,AddEqual_Vector2DVector2D,0x0000c790,0xc790,142,,?execAddEqual_Vector2DVector2D@UObject@@QAEXAAUFFrame@@QAX@Z
UObject,SubtractEqual_Vector2DVector2D,0x0000c820,0xc820,142,,?execSubtractEqual_Vector2DVector2D@UObject@@QAEXAAUFFrame@@QAX@Z
UObject,EqualEqual_NameName,0x0000c8b0,0xc8b0,152,,?execEqualEqual_NameName@UObject@@QAEXAAUFFrame@@QAX@Z
UObject,NotEqual_NameName,0x0000c950,0xc950,152,,?execNotEqual_NameName@UObject@@QAEXAAUFFrame@@QAX@Z
UObject,EqualEqual_InterfaceInterface,0x0000c9f0,0xc9f0,168,,?execEqualEqual_InterfaceInterface@UObject@@QAEXAAUFFrame@@QAX@Z
UObject,NotEqual_InterfaceInterface,0x0000caa0,0xcaa0,168,,?execNotEqual_InterfaceInterface@UObject@@QAEXAAUFFrame@@QAX@Z
UObject,HighNative0,0x0000cb50,0xcb50,42,,?execHighNative0@UObject@@QAEXAAUFFrame@@QAX@Z
UObject,HighNative1,0x0000cb80,0xcb80,42,,?execHighNative1@UObject@@QAEXAAUFFrame@@QAX@Z
UObject,HighNative2,0x0000cbb0,0xcbb0,42,,?execHighNative2@UObject@@QAEXAAUFFrame@@QAX@Z
UObject,HighNative3,0x0000cbe0,0xcbe0,42,,?execHighNative3@UObject@@QAEXAAUFFrame@@QAX@Z
UObject,HighNative4,0x0000cc10,0xcc10,42,,?execHighNative4@UObject@@QAEXAAUFFrame@@QAX@Z
UObject,HighNative5,0x0000cc40,0xcc40,42,,?execHighNative5@UObject@@QAEXAAUFFrame@@QAX@Z
UObject,HighNative6,0x0000cc70,0xcc70,42,,?execHighNative6@UObject@@QAEXAAUFFrame@@QAX@Z
UObject,HighNative7,0x0000cca0,0xcca0,42,,?execHighNative7@UObject@@QAEXAAUFFrame@@QAX@Z
UObject,HighNative8,0x0000ccd0,0xccd0,42,,?execHighNative8@UObject@@QAEXAAUFFrame@@QAX@Z
UObject,HighNative9,0x0000cd00,0xcd00,42,,?execHighNative9@UObject@@QAEXAAUFFrame@@QAX@Z
UObject,HighNative10,0x0000cd30,0xcd30,42,,?execHighNative10@UObject@@QAEXAAUFFrame@@QAX@Z
UObject,HighNative11,0x0000cd60,0xcd60,42,,?execHighNative11@UObject@@QAEXAAUFFrame@@QAX@Z
UObject,HighNative12,0x0000cd90,0xcd90,42,,?execHighNative12@UObject@@QAEXAAUFFrame@@QAX@Z
UObject,HighNative13,0x0000cdc0,0xcdc0,42,,?execHighNative13@UObject@@QAEXAAUFFrame@@QAX@Z
UObject,HighNative14,0x0000cdf0,0xcdf0,42,,?execHighNative14@UObject@@QAEXAAUFFrame@@QAX@Z
UObject,HighNative15,0x0000ce20,0xce20,42,,?execHighNative15@UObject@@QAEXAAUFFrame@@QAX@Z
UObject,DumpStateStack,0x0000ce50,0xce50,37,,?execDumpStateStack@UObject@@QAEXAAUFFrame@@QAX@Z
UObject,DebugBreak,0x0000ce80,0xce80,121,,?execDebugBreak@UObject@@QAEXAAUFFrame@@QAX@Z
UObject,IsPendingKill,0x0000cf00,0xcf00,55,,?execIsPendingKill@UObject@@QAEXAAUFFrame@@QAX@Z
UObject,JumpIfNotEditorOnly,0x0000cf40,0xcf40,14,,?execJumpIfNotEditorOnly@UObject@@QAEXAAUFFrame@@QAX@Z
UObject,GetEngineVersion,0x0000cf50,0xcf50,62,,?execGetEngineVersion@UObject@@QAEXAAUFFrame@@QAX@Z
ADishonoredGameInfo,GetChangelist,0x0000cf90,0xcf90,62,,?execGetChangelist@ADishonoredGameInfo@@QAEXAAUFFrame@@QAX@Z
UDistributionFloat,GetFloatValue,0x00019720,0x19720,112,,?execGetFloatValue@UDistributionFloat@@QAEXAAUFFrame@@QAX@Z
UDistributionVector,GetVectorValue,0x00019790,0x19790,177,,?execGetVectorValue@UDistributionVector@@QAEXAAUFFrame@@QAX@Z
UObject,DynArrayAddItem,0x0001bb60,0x1bb60,343,,?execDynArrayAddItem@UObject@@QAEXAAUFFrame@@QAX@Z
UObject,DynArrayRemoveItem,0x0001bcc0,0x1bcc0,354,,?execDynArrayRemoveItem@UObject@@QAEXAAUFFrame@@QAX@Z
UObject,StructMember,0x0001be30,0x1be30,448,,?execStructMember@UObject@@QAEXAAUFFrame@@QAX@Z
UObject,BoolToString,0x0001bff0,0x1bff0,81,,?execBoolToString@UObject@@QAEXAAUFFrame@@QAX@Z
UObject,Min,0x0001c050,0x1c050,136,,?execMin@UObject@@QAEXAAUFFrame@@QAX@Z
UObject,Max,0x0001c0e0,0x1c0e0,136,,?execMax@UObject@@QAEXAAUFFrame@@QAX@Z
UObject,Clamp,0x0001c170,0x1c170,190,,?execClamp@UObject@@QAEXAAUFFrame@@QAX@Z
UObject,Square,0x0001c230,0x1c230,96,,?execSquare@UObject@@QAEXAAUFFrame@@QAX@Z
UObject,FMin,0x0001c290,0x1c290,150,,?execFMin@UObject@@QAEXAAUFFrame@@QAX@Z
UObject,FMax,0x0001c330,0x1c330,150,,?execFMax@UObject@@QAEXAAUFFrame@@QAX@Z
UObject,FClamp,0x0001c3d0,0x1c3d0,213,,?execFClamp@UObject@@QAEXAAUFFrame@@QAX@Z
UObject,FCubicInterp,0x0001c4b0,0x1c4b0,252,,?execFCubicInterp@UObject@@QAEXAAUFFrame@@QAX@Z
UObject,PointDistToLine,0x0001c5b0,0x1c5b0,281,,?execPointDistToLine@UObject@@QAEXAAUFFrame@@QAX@Z
UObject,PointDistToSegment,0x0001c6d0,0x1c6d0,281,,?execPointDistToSegment@UObject@@QAEXAAUFFrame@@QAX@Z
UObject,GetDotDistance,0x0001c7f0,0x1c7f0,262,,?execGetDotDistance@UObject@@QAEXAAUFFrame@@QAX@Z
UObject,GetAngularFromDotDist,0x0001c900,0x1c900,164,,?execGetAngularFromDotDist@UObject@@QAEXAAUFFrame@@QAX@Z
UObject,VectorToRotator,0x0001c9b0,0x1c9b0,91,,?execVectorToRotator@UObject@@QAEXAAUFFrame@@QAX@Z
UObject,RotatorToVector,0x0001ca10,0x1ca10,142,,?execRotatorToVector@UObject@@QAEXAAUFFrame@@QAX@Z
UObject,ClampLength,0x0001caa0,0x1caa0,234,,?execClampLength@UObject@@QAEXAAUFFrame@@QAX@Z
UObject,VRandCone,0x0001cb90,0x1cb90,148,,?execVRandCone@UObject@@QAEXAAUFFrame@@QAX@Z
UObject,RDiff,0x0001cc30,0x1cc30,436,,?execRDiff@UObject@@QAEXAAUFFrame@@QAX@Z
UObject,ClockwiseFrom_IntInt,0x0001cdf0,0x1cdf0,173,,?execClockwiseFrom_IntInt@UObject@@QAEXAAUFFrame@@QAX@Z
UObject,InverseTransformVector,0x0001cea0,0x1cea0,311,,?execInverseTransformVector@UObject@@QAEXAAUFFrame@@QAX@Z
UObject,InverseTransformNormal,0x0001cfe0,0x1cfe0,338,,?execInverseTransformNormal@UObject@@QAEXAAUFFrame@@QAX@Z
UObject,QuatFindBetween,0x0001d140,0x1d140,165,,?execQuatFindBetween@UObject@@QAEXAAUFFrame@@QAX@Z
UObject,GetMappedRangeValue,0x0001d1f0,0x1d1f0,227,,?execGetMappedRangeValue@UObject@@QAEXAAUFFrame@@QAX@Z
UObject,Chr,0x0001d2e0,0x1d2e0,102,,?execChr@UObject@@QAEXAAUFFrame@@QAX@Z
UObject,ClassIsChildOf,0x0001d350,0x1d350,143,,?execClassIsChildOf@UObject@@QAEXAAUFFrame@@QAX@Z
UObject,TransformVectorByRotation,0x0001d3e0,0x1d3e0,582,,?execTransformVectorByRotation@UObject@@QAEXAAUFFrame@@QAX@Z
UObject,GetSystemTime,0x0001d630,0x1d630,748,,?execGetSystemTime@UObject@@QAEXAAUFFrame@@QAX@Z
UObject,DynArrayInsertItem,0x000239c0,0x239c0,386,,?execDynArrayInsertItem@UObject@@QAEXAAUFFrame@@QAX@Z
UObject,StructCmpEq,0x00023b50,0x23b50,273,,?execStructCmpEq@UObject@@QAEXAAUFFrame@@QAX@Z
UObject,StructCmpNe,0x00023c70,0x23c70,273,,?execStructCmpNe@UObject@@QAEXAAUFFrame@@QAX@Z
UObject,FInterpEaseInOut,0x00023d90,0x23d90,227,,?execFInterpEaseInOut@UObject@@QAEXAAUFFrame@@QAX@Z
UObject,FInterpTo,0x00023e80,0x23e80,303,,?execFInterpTo@UObject@@QAEXAAUFFrame@@QAX@Z
UObject,FInterpConstantTo,0x00023fb0,0x23fb0,296,,?execFInterpConstantTo@UObject@@QAEXAAUFFrame@@QAX@Z
UObject,GetAngularDistance,0x000240e0,0x240e0,277,,?execGetAngularDistance@UObject@@QAEXAAUFFrame@@QAX@Z
UObject,VInterpTo,0x00024200,0x24200,223,,?execVInterpTo@UObject@@QAEXAAUFFrame@@QAX@Z
UObject,VRandCone2,0x000242e0,0x242e0,192,,?execVRandCone2@UObject@@QAEXAAUFFrame@@QAX@Z
UObject,OrthoRotation,0x000243a0,0x243a0,285,,?execOrthoRotation@UObject@@QAEXAAUFFrame@@QAX@Z
UObject,RTransform,0x000244c0,0x244c0,446,,?execRTransform@UObject@@QAEXAAUFFrame@@QAX@Z
UObject,RInterpTo,0x00024680,0x24680,274,,?execRInterpTo@UObject@@QAEXAAUFFrame@@QAX@Z
UObject,MatrixGetRotator,0x000247a0,0x247a0,124,,?execMatrixGetRotator@UObject@@QAEXAAUFFrame@@QAX@Z
UObject,QuatToRotator,0x00024820,0x24820,157,,?execQuatToRotator@UObject@@QAEXAAUFFrame@@QAX@Z
UObject,QuatSlerp,0x000248c0,0x248c0,272,,?execQuatSlerp@UObject@@QAEXAAUFFrame@@QAX@Z
UObject,Undefined,0x00028250,0x28250,37,,?execUndefined@UObject@@QAEXAAUFFrame@@QAX@Z
UObject,ReturnNothing,0x00028280,0x28280,93,,?execReturnNothing@UObject@@QAEXAAUFFrame@@QAX@Z
UObject,Divide_IntInt,0x000282e0,0x282e0,162,,?execDivide_IntInt@UObject@@QAEXAAUFFrame@@QAX@Z
UObject,Percent_IntInt,0x00028390,0x28390,162,,?execPercent_IntInt@UObject@@QAEXAAUFFrame@@QAX@Z
UObject,Divide_FloatFloat,0x00028440,0x28440,166,,?execDivide_FloatFloat@UObject@@QAEXAAUFFrame@@QAX@Z
UObject,Percent_FloatFloat,0x000284f0,0x284f0,206,,?execPercent_FloatFloat@UObject@@QAEXAAUFFrame@@QAX@Z
UObject,DivideEqual_FloatFloat,0x000285c0,0x285c0,222,,?execDivideEqual_FloatFloat@UObject@@QAEXAAUFFrame@@QAX@Z
UObject,Sqrt,0x000286a0,0x286a0,172,,?execSqrt@UObject@@QAEXAAUFFrame@@QAX@Z
UObject,Divide_VectorFloat,0x00028750,0x28750,213,,?execDivide_VectorFloat@UObject@@QAEXAAUFFrame@@QAX@Z
UObject,DivideEqual_VectorFloat,0x00028830,0x28830,283,,?execDivideEqual_VectorFloat@UObject@@QAEXAAUFFrame@@QAX@Z
UObject,Divide_RotatorFloat,0x00028950,0x28950,257,,?execDivide_RotatorFloat@UObject@@QAEXAAUFFrame@@QAX@Z
UObject,DivideEqual_RotatorFloat,0x00028a60,0x28a60,245,,?execDivideEqual_RotatorFloat@UObject@@QAEXAAUFFrame@@QAX@Z
UObject,SetUTracing,0x00028b60,0x28b60,106,,?execSetUTracing@UObject@@QAEXAAUFFrame@@QAX@Z
UObject,IsUTracing,0x00028bd0,0x28bd0,67,,?execIsUTracing@UObject@@QAEXAAUFFrame@@QAX@Z
UObject,Jump,0x000304c0,0x304c0,161,,?execJump@UObject@@QAEXAAUFFrame@@QAX@Z
UObject,JumpIfNot,0x00030570,0x30570,198,,?execJumpIfNot@UObject@@QAEXAAUFFrame@@QAX@Z
UObject,GetEnum,0x00030640,0x30640,193,,?execGetEnum@UObject@@QAEXAAUFFrame@@QAX@Z
UCommandlet,Main,0x000356a0,0x356a0,168,,?execMain@UCommandlet@@QAEXAAUFFrame@@QAX@Z
UObject,Let,0x00038c90,0x38c90,477,,?execLet@UObject@@QAEXAAUFFrame@@QAX@Z
UObject,StringConst,0x00038e70,0x38e70,150,,?execStringConst@UObject@@QAEXAAUFFrame@@QAX@Z
UObject,UnicodeStringConst,0x00038f10,0x38f10,153,,?execUnicodeStringConst@UObject@@QAEXAAUFFrame@@QAX@Z
UObject,StringToByte,0x00038fb0,0x38fb0,179,,?execStringToByte@UObject@@QAEXAAUFFrame@@QAX@Z
UObject,StringToInt,0x00039070,0x39070,179,,?execStringToInt@UObject@@QAEXAAUFFrame@@QAX@Z
UObject,StringToBool,0x00039130,0x39130,487,,?execStringToBool@UObject@@QAEXAAUFFrame@@QAX@Z
UObject,StringToFloat,0x00039320,0x39320,179,,?execStringToFloat@UObject@@QAEXAAUFFrame@@QAX@Z
UObject,StringToVector,0x000393e0,0x393e0,276,,?execStringToVector@UObject@@QAEXAAUFFrame@@QAX@Z
UObject,StringToRotator,0x00039500,0x39500,257,,?execStringToRotator@UObject@@QAEXAAUFFrame@@QAX@Z
UObject,Concat_StrStr,0x00039610,0x39610,262,,?execConcat_StrStr@UObject@@QAEXAAUFFrame@@QAX@Z
UObject,At_StrStr,0x00039720,0x39720,271,,?execAt_StrStr@UObject@@QAEXAAUFFrame@@QAX@Z
UObject,Less_StrStr,0x00039830,0x39830,345,,?execLess_StrStr@UObject@@QAEXAAUFFrame@@QAX@Z
UObject,Greater_StrStr,0x00039990,0x39990,345,,?execGreater_StrStr@UObject@@QAEXAAUFFrame@@QAX@Z
UObject,LessEqual_StrStr,0x00039af0,0x39af0,345,,?execLessEqual_StrStr@UObject@@QAEXAAUFFrame@@QAX@Z
UObject,GreaterEqual_StrStr,0x00039c50,0x39c50,345,,?execGreaterEqual_StrStr@UObject@@QAEXAAUFFrame@@QAX@Z
UObject,EqualEqual_StrStr,0x00039db0,0x39db0,345,,?execEqualEqual_StrStr@UObject@@QAEXAAUFFrame@@QAX@Z
UObject,NotEqual_StrStr,0x00039f10,0x39f10,345,,?execNotEqual_StrStr@UObject@@QAEXAAUFFrame@@QAX@Z
UObject,ComplementEqual_StrStr,0x0003a070,0x3a070,309,,?execComplementEqual_StrStr@UObject@@QAEXAAUFFrame@@QAX@Z
UObject,ConcatEqual_StrStr,0x0003a1b0,0x3a1b0,263,,?execConcatEqual_StrStr@UObject@@QAEXAAUFFrame@@QAX@Z
UObject,AtEqual_StrStr,0x0003a2c0,0x3a2c0,275,,?execAtEqual_StrStr@UObject@@QAEXAAUFFrame@@QAX@Z
UObject,Len,0x0003a3e0,0x3a3e0,158,,?execLen@UObject@@QAEXAAUFFrame@@QAX@Z
UObject,Asc,0x0003a480,0x3a480,198,,?execAsc@UObject@@QAEXAAUFFrame@@QAX@Z
UObject,LogInternal,0x0003a550,0x3a550,187,,?execLogInternal@UObject@@QAEXAAUFFrame@@QAX@Z
UObject,WarnInternal,0x0003a610,0x3a610,205,,?execWarnInternal@UObject@@QAEXAAUFFrame@@QAX@Z
UObject,Switch,0x00048320,0x48320,459,,?execSwitch@UObject@@QAEXAAUFFrame@@QAX@Z
UObject,IntToString,0x000484f0,0x484f0,145,,?execIntToString@UObject@@QAEXAAUFFrame@@QAX@Z
UObject,FloatToString,0x00048590,0x48590,146,,?execFloatToString@UObject@@QAEXAAUFFrame@@QAX@Z
UObject,ToHex,0x00048630,0x48630,172,,?execToHex@UObject@@QAEXAAUFFrame@@QAX@Z
UObject,VectorToString,0x000486e0,0x486e0,157,,?execVectorToString@UObject@@QAEXAAUFFrame@@QAX@Z
UObject,RotatorToString,0x00048780,0x48780,146,,?execRotatorToString@UObject@@QAEXAAUFFrame@@QAX@Z
UObject,Mid,0x00048820,0x48820,258,,?execMid@UObject@@QAEXAAUFFrame@@QAX@Z
UObject,Left,0x00048930,0x48930,213,,?execLeft@UObject@@QAEXAAUFFrame@@QAX@Z
UObject,Right,0x00048a10,0x48a10,213,,?execRight@UObject@@QAEXAAUFFrame@@QAX@Z
UObject,Caps,0x00048af0,0x48af0,179,,?execCaps@UObject@@QAEXAAUFFrame@@QAX@Z
UObject,Locs,0x00048bb0,0x48bb0,179,,?execLocs@UObject@@QAEXAAUFFrame@@QAX@Z
UObject,TimeStamp,0x00048c70,0x48c70,178,,?execTimeStamp@UObject@@QAEXAAUFFrame@@QAX@Z
UObject,ByteToString,0x00051010,0x51010,226,,?execByteToString@UObject@@QAEXAAUFFrame@@QAX@Z
UObject,NameToString,0x00051100,0x51100,62,,?execNameToString@UObject@@QAEXAAUFFrame@@QAX@Z
UObject,SubtractEqual_StrStr,0x00051140,0x51140,711,,?execSubtractEqual_StrStr@UObject@@QAEXAAUFFrame@@QAX@Z
UObject,InStr,0x00051410,0x51410,414,,?execInStr@UObject@@QAEXAAUFFrame@@QAX@Z
UObject,Repl,0x000515b0,0x515b0,1348,,?execRepl@UObject@@QAEXAAUFFrame@@QAX@Z
UObject,ArrayElement,0x000586f0,0x586f0,372,,?execArrayElement@UObject@@QAEXAAUFFrame@@QAX@Z
UObject,DynArrayInsert,0x00058870,0x58870,519,,?execDynArrayInsert@UObject@@QAEXAAUFFrame@@QAX@Z
UObject,DynArrayAdd,0x00058a80,0x58a80,403,,?execDynArrayAdd@UObject@@QAEXAAUFFrame@@QAX@Z
UObject,DynArrayRemove,0x00058c20,0x58c20,613,,?execDynArrayRemove@UObject@@QAEXAAUFFrame@@QAX@Z
UObject,GotoLabel,0x00058e90,0x58e90,295,,?execGotoLabel@UObject@@QAEXAAUFFrame@@QAX@Z
UObject,Context,0x00058fc0,0x58fc0,368,,?execContext@UObject@@QAEXAAUFFrame@@QAX@Z
UObject,ObjectToString,0x00059130,0x59130,136,,?execObjectToString@UObject@@QAEXAAUFFrame@@QAX@Z
UObject,InterfaceToString,0x000591c0,0x591c0,209,,?execInterfaceToString@UObject@@QAEXAAUFFrame@@QAX@Z
UObject,StringToName,0x000592a0,0x592a0,192,,?execStringToName@UObject@@QAEXAAUFFrame@@QAX@Z
UObject,EvalInterpCurveFloat,0x00059360,0x59360,214,,?execEvalInterpCurveFloat@UObject@@QAEXAAUFFrame@@QAX@Z
UObject,EvalInterpCurveVector,0x00059440,0x59440,242,,?execEvalInterpCurveVector@UObject@@QAEXAAUFFrame@@QAX@Z
UObject,EvalInterpCurveVector2D,0x00059540,0x59540,231,,?execEvalInterpCurveVector2D@UObject@@QAEXAAUFFrame@@QAX@Z
UObject,ParseStringIntoArray,0x00059630,0x59630,397,,?execParseStringIntoArray@UObject@@QAEXAAUFFrame@@QAX@Z
UObject,GotoState,0x000597c0,0x597c0,717,,?execGotoState@UObject@@QAEXAAUFFrame@@QAX@Z
UObject,Enable,0x00059a90,0x59a90,293,,?execEnable@UObject@@QAEXAAUFFrame@@QAX@Z
UObject,Disable,0x00059bc0,0x59bc0,290,,?execDisable@UObject@@QAEXAAUFFrame@@QAX@Z
UObject,IsInState,0x00059cf0,0x59cf0,165,,?execIsInState@UObject@@QAEXAAUFFrame@@QAX@Z
UObject,GetFuncName,0x00059e10,0x59e10,139,,?execGetFuncName@UObject@@QAEXAAUFFrame@@QAX@Z
UObject,IsA,0x00059ea0,0x59ea0,170,,?execIsA@UObject@@QAEXAAUFFrame@@QAX@Z
UObject,DynArrayFindStruct,0x00064d70,0x64d70,532,,?execDynArrayFindStruct@UObject@@QAEXAAUFFrame@@QAX@Z
UObject,DynArraySort,0x00064f90,0x64f90,1085,,?execDynArraySort@UObject@@QAEXAAUFFrame@@QAX@Z
UObject,IsChildState,0x000653d0,0x653d0,191,,?execIsChildState@UObject@@QAEXAAUFFrame@@QAX@Z
UObject,GetStateName,0x00065490,0x65490,70,,?execGetStateName@UObject@@QAEXAAUFFrame@@QAX@Z
UObject,FinalFunction,0x00068770,0x68770,34,,?execFinalFunction@UObject@@QAEXAAUFFrame@@QAX@Z
UObject,MetaCast,0x0006dd70,0x6dd70,143,,?execMetaCast@UObject@@QAEXAAUFFrame@@QAX@Z
UObject,EndOfScript,0x00075030,0x75030,257,,?execEndOfScript@UObject@@QAEXAAUFFrame@@QAX@Z
UObject,IteratorPop,0x00075140,0x75140,227,,?execIteratorPop@UObject@@QAEXAAUFFrame@@QAX@Z
UObject,Assert,0x00075230,0x75230,282,,?execAssert@UObject@@QAEXAAUFFrame@@QAX@Z
UObject,VirtualFunction,0x00075350,0x75350,54,,?execVirtualFunction@UObject@@QAEXAAUFFrame@@QAX@Z
UObject,GlobalFunction,0x00075390,0x75390,54,,?execGlobalFunction@UObject@@QAEXAAUFFrame@@QAX@Z
UObject,DelegateFunction,0x000753d0,0x753d0,367,,?execDelegateFunction@UObject@@QAEXAAUFFrame@@QAX@Z
UObject,PushState,0x000757c0,0x757c0,147,,?execPushState@UObject@@QAEXAAUFFrame@@QAX@Z
UObject,PopState,0x00075a50,0x75a50,110,,?execPopState@UObject@@QAEXAAUFFrame@@QAX@Z
UObject,FindObject,0x00075ac0,0x75ac0,240,,?execFindObject@UObject@@QAEXAAUFFrame@@QAX@Z
UObject,DelegateToString,0x0007aeb0,0x7aeb0,143,,?execDelegateToString@UObject@@QAEXAAUFFrame@@QAX@Z
UObject,PathName,0x0007af40,0x7af40,226,,?execPathName@UObject@@QAEXAAUFFrame@@QAX@Z
UObject,DynArrayElement,0x0007e220,0x7e220,645,,?execDynArrayElement@UObject@@QAEXAAUFFrame@@QAX@Z
UObject,DynamicCast,0x00081090,0x81090,189,,?execDynamicCast@UObject@@QAEXAAUFFrame@@QAX@Z
UObject,ObjectToInterface,0x00081150,0x81150,163,,?execObjectToInterface@UObject@@QAEXAAUFFrame@@QAX@Z
UObject,DynArrayIterator,0x00081200,0x81200,737,,?execDynArrayIterator@UObject@@QAEXAAUFFrame@@QAX@Z
UObject,LetBool,0x00088b10,0x88b10,308,,?execLetBool@UObject@@QAEXAAUFFrame@@QAX@Z
UObject,Localize,0x00088c50,0x88c50,431,,?execLocalize@UObject@@QAEXAAUFFrame@@QAX@Z
UObject,GetPerObjectConfigSections,0x00090500,0x90500,1092,,?execGetPerObjectConfigSections@UObject@@QAEXAAUFFrame@@QAX@Z
UObject,New,0x00093490,0x93490,662,,?execNew@UObject@@QAEXAAUFFrame@@QAX@Z
UObject,DefaultVariable,0x00094470,0x94470,121,,?execDefaultVariable@UObject@@QAEXAAUFFrame@@QAX@Z
UObject,ClassContext,0x000944f0,0x944f0,370,,?execClassContext@UObject@@QAEXAAUFFrame@@QAX@Z
UObject,SaveConfig,0x00097260,0x97260,57,,?execSaveConfig@UObject@@QAEXAAUFFrame@@QAX@Z
UObject,StaticSaveConfig,0x000972a0,0x972a0,67,,?execStaticSaveConfig@UObject@@QAEXAAUFFrame@@QAX@Z
UObject,DynamicLoadObject,0x000a7db0,0xa7db0,310,,?execDynamicLoadObject@UObject@@QAEXAAUFFrame@@QAX@Z
ULightComponent,SetEnabled,0x00112480,0x112480,131,,?execSetEnabled@ULightComponent@@QAEXAAUFFrame@@QAX@Z
ULightComponent,SetLightProperties,0x00112510,0x112510,212,,?execSetLightProperties@ULightComponent@@QAEXAAUFFrame@@QAX@Z
ULightComponent,GetOrigin,0x001125f0,0x1125f0,105,,?execGetOrigin@ULightComponent@@QAEXAAUFFrame@@QAX@Z
ULightComponent,GetDirection,0x00112660,0x112660,99,,?execGetDirection@ULightComponent@@QAEXAAUFFrame@@QAX@Z
ULightComponent,UpdateColorAndBrightness,0x001126d0,0x1126d0,58,,?execUpdateColorAndBrightness@ULightComponent@@QAEXAAUFFrame@@QAX@Z
ULightComponent,UpdateLightShaftParameters,0x00115840,0x115840,472,,?execUpdateLightShaftParameters@ULightComponent@@QAEXAAUFFrame@@QAX@Z
UPrimitiveComponent,SetTranslation,0x0012d2d0,0x12d2d0,91,,?execSetTranslation@UPrimitiveComponent@@QAEXAAUFFrame@@QAX@Z
UPrimitiveComponent,SetRotation,0x0012d330,0x12d330,91,,?execSetRotation@UPrimitiveComponent@@QAEXAAUFFrame@@QAX@Z
UPrimitiveComponent,SetAbsolute,0x0012d390,0x12d390,252,,?execSetAbsolute@UPrimitiveComponent@@QAEXAAUFFrame@@QAX@Z
UPrimitiveComponent,ShouldComponentAddToScene,0x0012d490,0x12d490,58,,?execShouldComponentAddToScene@UPrimitiveComponent@@QAEXAAUFFrame@@QAX@Z
UPrimitiveComponent,ShouldComponentAddToPrimitiveOctree,0x0012d4d0,0x12d4d0,58,,?execShouldComponentAddToPrimitiveOctree@UPrimitiveComponent@@QAEXAAUFFrame@@QAX@Z
UPrimitiveComponent,SetTraceBlocking,0x0012e650,0x12e650,216,,?execSetTraceBlocking@UPrimitiveComponent@@QAEXAAUFFrame@@QAX@Z
UPrimitiveComponent,SetActorCollision,0x0012e730,0x12e730,302,,?execSetActorCollision@UPrimitiveComponent@@QAEXAAUFFrame@@QAX@Z
UPrimitiveComponent,SetOwnerNoSee,0x0012e860,0x12e860,107,,?execSetOwnerNoSee@UPrimitiveComponent@@QAEXAAUFFrame@@QAX@Z
UPrimitiveComponent,SetOnlyOwnerSee,0x0012e910,0x12e910,107,,?execSetOnlyOwnerSee@UPrimitiveComponent@@QAEXAAUFFrame@@QAX@Z
UPrimitiveComponent,SetIgnoreOwnerHidden,0x0012e9b0,0x12e9b0,107,,?execSetIgnoreOwnerHidden@UPrimitiveComponent@@QAEXAAUFFrame@@QAX@Z
UPrimitiveComponent,SetHidden,0x0012eae0,0x12eae0,107,,?execSetHidden@UPrimitiveComponent@@QAEXAAUFFrame@@QAX@Z
UPrimitiveComponent,SetShadowParent,0x0012ebd0,0x12ebd0,96,,?execSetShadowParent@UPrimitiveComponent@@QAEXAAUFFrame@@QAX@Z
UPrimitiveComponent,SetLightEnvironment,0x0012ec70,0x12ec70,96,,?execSetLightEnvironment@UPrimitiveComponent@@QAEXAAUFFrame@@QAX@Z
UPrimitiveComponent,SetCullDistance,0x0012ed10,0x12ed10,100,,?execSetCullDistance@UPrimitiveComponent@@QAEXAAUFFrame@@QAX@Z
UPrimitiveComponent,SetLightingChannels,0x0012edb0,0x12edb0,86,,?execSetLightingChannels@UPrimitiveComponent@@QAEXAAUFFrame@@QAX@Z
UPrimitiveComponent,SetDepthPriorityGroup,0x0012ee30,0x12ee30,94,,?execSetDepthPriorityGroup@UPrimitiveComponent@@QAEXAAUFFrame@@QAX@Z
UPrimitiveComponent,SetViewOwnerDepthPriorityGroup,0x0012eeb0,0x12eeb0,143,,?execSetViewOwnerDepthPriorityGroup@UPrimitiveComponent@@QAEXAAUFFrame@@QAX@Z
UPrimitiveComponent,SetScale,0x0012f3f0,0x12f3f0,114,,?execSetScale@UPrimitiveComponent@@QAEXAAUFFrame@@QAX@Z
UPrimitiveComponent,SetScale3D,0x0012f470,0x12f470,216,,?execSetScale3D@UPrimitiveComponent@@QAEXAAUFFrame@@QAX@Z
UPrimitiveComponent,GetRotation,0x0012f550,0x12f550,77,,?execGetRotation@UPrimitiveComponent@@QAEXAAUFFrame@@QAX@Z
UPrimitiveComponent,GetPosition,0x0012f5a0,0x12f5a0,105,,?execGetPosition@UPrimitiveComponent@@QAEXAAUFFrame@@QAX@Z
UMeshComponent,GetMaterial,0x0012f740,0x12f740,101,,?execGetMaterial@UMeshComponent@@QAEXAAUFFrame@@QAX@Z
UMeshComponent,GetNumElements,0x0012f7b0,0x12f7b0,58,,?execGetNumElements@UMeshComponent@@QAEXAAUFFrame@@QAX@Z
UMeshComponent,PrestreamTextures,0x0012f7f0,0x12f7f0,184,,?execPrestreamTextures@UMeshComponent@@QAEXAAUFFrame@@QAX@Z
UCylinderComponent,SetCylinderSize,0x0012fcb0,0x12fcb0,149,,?execSetCylinderSize@UCylinderComponent@@QAEXAAUFFrame@@QAX@Z
UMaterialInterface,GetMaterial,0x00131d40,0x131d40,65,,?execGetMaterial@UMaterialInterface@@QAEXAAUFFrame@@QAX@Z
UMaterialInterface,GetPhysicalMaterial,0x00131d90,0x131d90,58,,?execGetPhysicalMaterial@UMaterialInterface@@QAEXAAUFFrame@@QAX@Z
UMeshComponent,SetMaterial,0x0013a570,0x13a570,129,,?execSetMaterial@UMeshComponent@@QAEXAAUFFrame@@QAX@Z
USurface,GetSurfaceWidth,0x00174050,0x174050,58,,?execGetSurfaceWidth@USurface@@QAEXAAUFFrame@@QAX@Z
USurface,GetSurfaceHeight,0x00174090,0x174090,58,,?execGetSurfaceHeight@USurface@@QAEXAAUFFrame@@QAX@Z
UActorComponent,ForceUpdate,0x00186160,0x186160,167,,?execForceUpdate@UActorComponent@@QAEXAAUFFrame@@QAX@Z
UTexture2DDynamic,Create,0x0018d310,0x18d310,367,,?execCreate@UTexture2DDynamic@@QAEXAAUFFrame@@QAX@Z
UTextureRenderTarget2D,Create,0x0018f960,0x18f960,489,,?execCreate@UTextureRenderTarget2D@@QAEXAAUFFrame@@QAX@Z
UTexture2D,Create,0x00193200,0x193200,291,,?execCreate@UTexture2D@@QAEXAAUFFrame@@QAX@Z
AActor,PollFinishAnim,0x00198ca0,0x198ca0,43,,?execPollFinishAnim@AActor@@QAEXAAUFFrame@@QAX@Z
UAnimNodeBlendMultiBone,SetTargetStartBone,0x00199030,0x199030,201,,?execSetTargetStartBone@UAnimNodeBlendMultiBone@@QAEXAAUFFrame@@QAX@Z
UAnimNodeCrossfader,PlayOneShotAnim,0x001c4c40,0x1c4c40,702,,?execPlayOneShotAnim@UAnimNodeCrossfader@@QAEXAAUFFrame@@QAX@Z
UAnimNodeCrossfader,BlendToLoopingAnim,0x001c4f00,0x1c4f00,595,,?execBlendToLoopingAnim@UAnimNodeCrossfader@@QAEXAAUFFrame@@QAX@Z
UAnimTree,FindSkelControl,0x001cbd90,0x1cbd90,109,,?execFindSkelControl@UAnimTree@@QAEXAAUFFrame@@QAX@Z
UAnimTree,SetAnimGroupForNode,0x001cbe00,0x1cbe00,190,,?execSetAnimGroupForNode@UAnimTree@@QAEXAAUFFrame@@QAX@Z
UAnimTree,GetGroupSynchMaster,0x001cbec0,0x1cbec0,109,,?execGetGroupSynchMaster@UAnimTree@@QAEXAAUFFrame@@QAX@Z
UAnimTree,GetGroupNotifyMaster,0x001cbf30,0x1cbf30,109,,?execGetGroupNotifyMaster@UAnimTree@@QAEXAAUFFrame@@QAX@Z
UAnimTree,ForceGroupRelativePosition,0x001cbfa0,0x1cbfa0,146,,?execForceGroupRelativePosition@UAnimTree@@QAEXAAUFFrame@@QAX@Z
UAnimTree,GetGroupRelativePosition,0x001cc040,0x1cc040,109,,?execGetGroupRelativePosition@UAnimTree@@QAEXAAUFFrame@@QAX@Z
UAnimTree,SetGroupRateScale,0x001cc0b0,0x1cc0b0,146,,?execSetGroupRateScale@UAnimTree@@QAEXAAUFFrame@@QAX@Z
UAnimTree,GetGroupRateScale,0x001cc150,0x1cc150,109,,?execGetGroupRateScale@UAnimTree@@QAEXAAUFFrame@@QAX@Z
UAnimTree,GetGroupIndex,0x001cc1c0,0x1cc1c0,109,,?execGetGroupIndex@UAnimTree@@QAEXAAUFFrame@@QAX@Z
UAnimNodeBlendList,SetActiveChild,0x001cc230,0x1cc230,138,,?execSetActiveChild@UAnimNodeBlendList@@QAEXAAUFFrame@@QAX@Z
UAnimNodeSequenceBlendByAim,CheckAnimsUpToDate,0x001cc360,0x1cc360,53,,?execCheckAnimsUpToDate@UAnimNodeSequenceBlendByAim@@QAEXAAUFFrame@@QAX@Z
USkelControlBase,SetSkelControlActive,0x001cc3e0,0x1cc3e0,102,,?execSetSkelControlActive@USkelControlBase@@QAEXAAUFFrame@@QAX@Z
USkelControlBase,SetSkelControlStrength,0x001cc450,0x1cc450,139,,?execSetSkelControlStrength@USkelControlBase@@QAEXAAUFFrame@@QAX@Z
USkelControlLookAt,SetTargetLocation,0x001cc5a0,0x1cc5a0,121,,?execSetTargetLocation@USkelControlLookAt@@QAEXAAUFFrame@@QAX@Z
USkelControlLookAt,InterpolateTargetLocation,0x001cc620,0x1cc620,95,,?execInterpolateTargetLocation@USkelControlLookAt@@QAEXAAUFFrame@@QAX@Z
USkelControlLookAt,SetLookAtAlpha,0x001cc680,0x1cc680,139,,?execSetLookAtAlpha@USkelControlLookAt@@QAEXAAUFFrame@@QAX@Z
USkelControlLookAt,CanLookAtPoint,0x001cc710,0x1cc710,289,,?execCanLookAtPoint@USkelControlLookAt@@QAEXAAUFFrame@@QAX@Z
ASplineActor,UpdateSplineComponents,0x001cc980,0x1cc980,53,,?execUpdateSplineComponents@ASplineActor@@QAEXAAUFFrame@@QAX@Z
AEmitterCameraLensEffectBase,ActivateLensEffect,0x001cc9c0,0x1cc9c0,53,,?execActivateLensEffect@AEmitterCameraLensEffectBase@@QAEXAAUFFrame@@QAX@Z
AEmitterCameraLensEffectBase,UpdateLocation,0x001cca00,0x1cca00,265,,?execUpdateLocation@AEmitterCameraLensEffectBase@@QAEXAAUFFrame@@QAX@Z
UParticleSystem,GetCurrentLODMethod,0x001ccb70,0x1ccb70,58,,?execGetCurrentLODMethod@UParticleSystem@@QAEXAAUFFrame@@QAX@Z
UParticleSystem,GetLODDistance,0x001ccbb0,0x1ccbb0,101,,?execGetLODDistance@UParticleSystem@@QAEXAAUFFrame@@QAX@Z
UParticleSystem,SetCurrentLODMethod,0x001ccc20,0x1ccc20,93,,?execSetCurrentLODMethod@UParticleSystem@@QAEXAAUFFrame@@QAX@Z
UParticleSystem,SetLODDistance,0x001ccc80,0x1ccc80,143,,?execSetLODDistance@UParticleSystem@@QAEXAAUFFrame@@QAX@Z
UParticleSystemComponent,SetTemplate,0x001ccd10,0x1ccd10,91,,?execSetTemplate@UParticleSystemComponent@@QAEXAAUFFrame@@QAX@Z
UParticleSystemComponent,ActivateSystem,0x001ccd70,0x1ccd70,109,,?execActivateSystem@UParticleSystemComponent@@QAEXAAUFFrame@@QAX@Z
UParticleSystemComponent,DeactivateSystem,0x001ccde0,0x1ccde0,48,,?execDeactivateSystem@UParticleSystemComponent@@QAEXAAUFFrame@@QAX@Z
UParticleSystemComponent,KillParticlesForced,0x001cce10,0x1cce10,48,,?execKillParticlesForced@UParticleSystemComponent@@QAEXAAUFFrame@@QAX@Z
UParticleSystemComponent,KillParticlesInEmitter,0x001cce40,0x1cce40,104,,?execKillParticlesInEmitter@UParticleSystemComponent@@QAEXAAUFFrame@@QAX@Z
UParticleSystemComponent,SetSkipUpdateDynamicDataDuringTick,0x001cceb0,0x1cceb0,102,,?execSetSkipUpdateDynamicDataDuringTick@UParticleSystemComponent@@QAEXAAUFFrame@@QAX@Z
UParticleSystemComponent,GetSkipUpdateDynamicDataDuringTick,0x001ccf20,0x1ccf20,53,,?execGetSkipUpdateDynamicDataDuringTick@UParticleSystemComponent@@QAEXAAUFFrame@@QAX@Z
UParticleSystemComponent,SetKillOnDeactivate,0x001ccf60,0x1ccf60,145,,?execSetKillOnDeactivate@UParticleSystemComponent@@QAEXAAUFFrame@@QAX@Z
UParticleSystemComponent,SetKillOnCompleted,0x001cd000,0x1cd000,145,,?execSetKillOnCompleted@UParticleSystemComponent@@QAEXAAUFFrame@@QAX@Z
UParticleSystemComponent,RewindEmitterInstance,0x001cd0a0,0x1cd0a0,96,,?execRewindEmitterInstance@UParticleSystemComponent@@QAEXAAUFFrame@@QAX@Z
UParticleSystemComponent,RewindEmitterInstances,0x001cd100,0x1cd100,53,,?execRewindEmitterInstances@UParticleSystemComponent@@QAEXAAUFFrame@@QAX@Z
UParticleSystemComponent,SetBeamType,0x001cd140,0x1cd140,134,,?execSetBeamType@UParticleSystemComponent@@QAEXAAUFFrame@@QAX@Z
UParticleSystemComponent,SetBeamTessellationFactor,0x001cd1d0,0x1cd1d0,138,,?execSetBeamTessellationFactor@UParticleSystemComponent@@QAEXAAUFFrame@@QAX@Z
UParticleSystemComponent,SetBeamEndPoint,0x001cd260,0x1cd260,159,,?execSetBeamEndPoint@UParticleSystemComponent@@QAEXAAUFFrame@@QAX@Z
UParticleSystemComponent,SetBeamDistance,0x001cd300,0x1cd300,138,,?execSetBeamDistance@UParticleSystemComponent@@QAEXAAUFFrame@@QAX@Z
UParticleSystemComponent,SetBeamSourcePoint,0x001cd390,0x1cd390,197,,?execSetBeamSourcePoint@UParticleSystemComponent@@QAEXAAUFFrame@@QAX@Z
UParticleSystemComponent,SetBeamSourceTangent,0x001cd460,0x1cd460,197,,?execSetBeamSourceTangent@UParticleSystemComponent@@QAEXAAUFFrame@@QAX@Z
UParticleSystemComponent,SetBeamSourceStrength,0x001cd530,0x1cd530,178,,?execSetBeamSourceStrength@UParticleSystemComponent@@QAEXAAUFFrame@@QAX@Z
UParticleSystemComponent,SetBeamTargetPoint,0x001cd5f0,0x1cd5f0,197,,?execSetBeamTargetPoint@UParticleSystemComponent@@QAEXAAUFFrame@@QAX@Z
UParticleSystemComponent,SetBeamTargetTangent,0x001cd6c0,0x1cd6c0,197,,?execSetBeamTargetTangent@UParticleSystemComponent@@QAEXAAUFFrame@@QAX@Z
UParticleSystemComponent,SetBeamTargetStrength,0x001cd790,0x1cd790,178,,?execSetBeamTargetStrength@UParticleSystemComponent@@QAEXAAUFFrame@@QAX@Z
UParticleSystemComponent,DetermineLODLevelForLocation,0x001cd850,0x1cd850,146,,?execDetermineLODLevelForLocation@UParticleSystemComponent@@QAEXAAUFFrame@@QAX@Z
UParticleSystemComponent,SetLODLevel,0x001cd8f0,0x1cd8f0,91,,?execSetLODLevel@UParticleSystemComponent@@QAEXAAUFFrame@@QAX@Z
UParticleSystemComponent,SetEditorLODLevel,0x001cd950,0x1cd950,91,,?execSetEditorLODLevel@UParticleSystemComponent@@QAEXAAUFFrame@@QAX@Z
UParticleSystemComponent,GetLODLevel,0x001cd9b0,0x1cd9b0,53,,?execGetLODLevel@UParticleSystemComponent@@QAEXAAUFFrame@@QAX@Z
UParticleSystemComponent,GetEditorLODLevel,0x001cd9f0,0x1cd9f0,53,,?execGetEditorLODLevel@UParticleSystemComponent@@QAEXAAUFFrame@@QAX@Z
UParticleSystemComponent,SetFloatParameter,0x001cda30,0x1cda30,146,,?execSetFloatParameter@UParticleSystemComponent@@QAEXAAUFFrame@@QAX@Z
UParticleSystemComponent,SetVectorParameter,0x001cdad0,0x1cdad0,165,,?execSetVectorParameter@UParticleSystemComponent@@QAEXAAUFFrame@@QAX@Z
UParticleSystemComponent,SetColorParameter,0x001cdb80,0x1cdb80,135,,?execSetColorParameter@UParticleSystemComponent@@QAEXAAUFFrame@@QAX@Z
UParticleSystemComponent,SetActorParameter,0x001cdc10,0x1cdc10,142,,?execSetActorParameter@UParticleSystemComponent@@QAEXAAUFFrame@@QAX@Z
UParticleSystemComponent,SetMaterialParameter,0x001cdca0,0x1cdca0,142,,?execSetMaterialParameter@UParticleSystemComponent@@QAEXAAUFFrame@@QAX@Z
UParticleSystemComponent,GetFloatParameter,0x001cdd30,0x1cdd30,210,,?execGetFloatParameter@UParticleSystemComponent@@QAEXAAUFFrame@@QAX@Z
UParticleSystemComponent,GetVectorParameter,0x001cde10,0x1cde10,202,,?execGetVectorParameter@UParticleSystemComponent@@QAEXAAUFFrame@@QAX@Z
UParticleSystemComponent,GetColorParameter,0x001cdee0,0x1cdee0,202,,?execGetColorParameter@UParticleSystemComponent@@QAEXAAUFFrame@@QAX@Z
UParticleSystemComponent,GetActorParameter,0x001cdfb0,0x1cdfb0,196,,?execGetActorParameter@UParticleSystemComponent@@QAEXAAUFFrame@@QAX@Z
UParticleSystemComponent,GetMaterialParameter,0x001ce080,0x1ce080,196,,?execGetMaterialParameter@UParticleSystemComponent@@QAEXAAUFFrame@@QAX@Z
UParticleSystemComponent,ClearParameter,0x001ce150,0x1ce150,146,,?execClearParameter@UParticleSystemComponent@@QAEXAAUFFrame@@QAX@Z
UParticleSystemComponent,SetActive,0x001ce1f0,0x1ce1f0,102,,?execSetActive@UParticleSystemComponent@@QAEXAAUFFrame@@QAX@Z
UParticleSystemComponent,ResetToDefaults,0x001ce260,0x1ce260,48,,?execResetToDefaults@UParticleSystemComponent@@QAEXAAUFFrame@@QAX@Z
UParticleSystemComponent,SetStopSpawning,0x001ce290,0x1ce290,140,,?execSetStopSpawning@UParticleSystemComponent@@QAEXAAUFFrame@@QAX@Z
UActorComponent,SetComponentRBFixed,0x001cf430,0x1cf430,107,,?execSetComponentRBFixed@UActorComponent@@QAEXAAUFFrame@@QAX@Z
UActorComponent,SetTickGroup,0x001cf4a0,0x1cf4a0,88,,?execSetTickGroup@UActorComponent@@QAEXAAUFFrame@@QAX@Z
UActorComponent,DetachFromAny,0x001cf500,0x1cf500,48,,?execDetachFromAny@UActorComponent@@QAEXAAUFFrame@@QAX@Z
UPrimitiveComponent,ClosestPointOnComponentToPoint,0x001cf530,0x1cf530,391,,?execClosestPointOnComponentToPoint@UPrimitiveComponent@@QAEXAAUFFrame@@QAX@Z
UPrimitiveComponent,ClosestPointOnComponentToComponent,0x001cf6c0,0x1cf6c0,315,,?execClosestPointOnComponentToComponent@UPrimitiveComponent@@QAEXAAUFFrame@@QAX@Z
AActor,ForceUpdateComponents,0x001cf920,0x1cf920,170,,?execForceUpdateComponents@AActor@@QAEXAAUFFrame@@QAX@Z
AActor,Sleep,0x001cf9d0,0x1cf9d0,95,,?execSleep@AActor@@QAEXAAUFFrame@@QAX@Z
AActor,FinishAnim,0x001cfa30,0x1cfa30,91,,?execFinishAnim@AActor@@QAEXAAUFFrame@@QAX@Z
AActor,SetCollisionSize,0x001cfa90,0x1cfa90,139,,?execSetCollisionSize@AActor@@QAEXAAUFFrame@@QAX@Z
AActor,SetCollisionType,0x001cfb20,0x1cfb20,88,,?execSetCollisionType@AActor@@QAEXAAUFFrame@@QAX@Z
AActor,SetDrawScale,0x001cfb80,0x1cfb80,95,,?execSetDrawScale@AActor@@QAEXAAUFFrame@@QAX@Z
AActor,SetDrawScale3D,0x001cfbe0,0x1cfbe0,116,,?execSetDrawScale3D@AActor@@QAEXAAUFFrame@@QAX@Z
AActor,Move,0x001cfc60,0x1cfc60,121,,?execMove@AActor@@QAEXAAUFFrame@@QAX@Z
AActor,SetLocation,0x001cfce0,0x1cfce0,121,,?execSetLocation@AActor@@QAEXAAUFFrame@@QAX@Z
AActor,SetRotation,0x001cfd60,0x1cfd60,109,,?execSetRotation@AActor@@QAEXAAUFFrame@@QAX@Z
AActor,MovingWhichWay,0x001cfdd0,0x1cfdd0,152,,?execMovingWhichWay@AActor@@QAEXAAUFFrame@@QAX@Z
AActor,SetRelativeRotation,0x001cfe70,0x1cfe70,109,,?execSetRelativeRotation@AActor@@QAEXAAUFFrame@@QAX@Z
AActor,SetRelativeLocation,0x001cfee0,0x1cfee0,121,,?execSetRelativeLocation@AActor@@QAEXAAUFFrame@@QAX@Z
AActor,fixedTurn,0x001cff60,0x1cff60,174,,?execfixedTurn@AActor@@QAEXAAUFFrame@@QAX@Z
AActor,AutonomousPhysics,0x001d0010,0x1d0010,95,,?execAutonomousPhysics@AActor@@QAEXAAUFFrame@@QAX@Z
AActor,SetOwner,0x001d0070,0x1d0070,91,,?execSetOwner@AActor@@QAEXAAUFFrame@@QAX@Z
UEngine,OpenControllerConnectionMenu,0x001d00d0,0x1d00d0,53,,?execOpenControllerConnectionMenu@UEngine@@QAEXAAUFFrame@@QAX@Z
AActor,GetBaseMost,0x001d0110,0x1d0110,58,,?execGetBaseMost@AActor@@QAEXAAUFFrame@@QAX@Z
AActor,Vect2BP,0x001d0150,0x1d0150,257,,?execVect2BP@AActor@@QAEXAAUFFrame@@QAX@Z
AActor,SetBasedPosition,0x001d0260,0x1d0260,257,,?execSetBasedPosition@AActor@@QAEXAAUFFrame@@QAX@Z
AActor,FlushPersistentDebugLines,0x001d0370,0x1d0370,48,,?execFlushPersistentDebugLines@AActor@@QAEXAAUFFrame@@QAX@Z
AActor,DrawDebugLine,0x001d03a0,0x1d03a0,334,,?execDrawDebugLine@AActor@@QAEXAAUFFrame@@QAX@Z
AActor,DrawDebugPoint,0x001d04f0,0x1d04f0,269,,?execDrawDebugPoint@AActor@@QAEXAAUFFrame@@QAX@Z
AActor,DrawDebugBox,0x001d0600,0x1d0600,334,,?execDrawDebugBox@AActor@@QAEXAAUFFrame@@QAX@Z
AActor,DrawDebugStar,0x001d0750,0x1d0750,315,,?execDrawDebugStar@AActor@@QAEXAAUFFrame@@QAX@Z
AActor,DrawDebugCoordinateSystem,0x001d0890,0x1d0890,263,,?execDrawDebugCoordinateSystem@AActor@@QAEXAAUFFrame@@QAX@Z
AActor,DrawDebugSphere,0x001d09a0,0x1d09a0,349,,?execDrawDebugSphere@AActor@@QAEXAAUFFrame@@QAX@Z
AActor,DrawDebugCylinder,0x001d0b00,0x1d0b00,410,,?execDrawDebugCylinder@AActor@@QAEXAAUFFrame@@QAX@Z
AActor,DrawDebugCone,0x001d0ca0,0x1d0ca0,428,,?execDrawDebugCone@AActor@@QAEXAAUFFrame@@QAX@Z
AActor,DrawDebugFrustrum,0x001d0e50,0x1d0e50,319,,?execDrawDebugFrustrum@AActor@@QAEXAAUFFrame@@QAX@Z
AActor,FlushDebugStrings,0x001d0f90,0x1d0f90,48,,?execFlushDebugStrings@AActor@@QAEXAAUFFrame@@QAX@Z
AActor,SetHidden,0x001d0fc0,0x1d0fc0,102,,?execSetHidden@AActor@@QAEXAAUFFrame@@QAX@Z
AActor,SetOnlyOwnerSee,0x001d1030,0x1d1030,102,,?execSetOnlyOwnerSee@AActor@@QAEXAAUFFrame@@QAX@Z
AActor,Clock,0x001d10a0,0x1d10a0,142,,?execClock@AActor@@QAEXAAUFFrame@@QAX@Z
AActor,UnClock,0x001d1130,0x1d1130,142,,?execUnClock@AActor@@QAEXAAUFFrame@@QAX@Z
AActor,AttachComponent,0x001d11c0,0x1d11c0,91,,?execAttachComponent@AActor@@QAEXAAUFFrame@@QAX@Z
AActor,DetachComponent,0x001d1220,0x1d1220,91,,?execDetachComponent@AActor@@QAEXAAUFFrame@@QAX@Z
AActor,ReattachComponent,0x001d1280,0x1d1280,91,,?execReattachComponent@AActor@@QAEXAAUFFrame@@QAX@Z
AActor,SetTickGroup,0x001d12e0,0x1d12e0,88,,?execSetTickGroup@AActor@@QAEXAAUFFrame@@QAX@Z
AActor,SetTickIsDisabled,0x001d1340,0x1d1340,102,,?execSetTickIsDisabled@AActor@@QAEXAAUFFrame@@QAX@Z
AActor,ClampRotation,0x001d13b0,0x1d13b0,288,,?execClampRotation@AActor@@QAEXAAUFFrame@@QAX@Z
AActor,VolumeBasedDestroy,0x001d14d0,0x1d14d0,96,,?execVolumeBasedDestroy@AActor@@QAEXAAUFFrame@@QAX@Z
AActor,TraceComponent,0x001d1530,0x1d1530,794,,?execTraceComponent@AActor@@QAEXAAUFFrame@@QAX@Z
AActor,FindSpot,0x001d1850,0x1d1850,202,,?execFindSpot@AActor@@QAEXAAUFFrame@@QAX@Z
AActor,ContainsPoint,0x001d1920,0x1d1920,121,,?execContainsPoint@AActor@@QAEXAAUFFrame@@QAX@Z
AActor,GetComponentsBoundingBox,0x001d19a0,0x1d19a0,136,,?execGetComponentsBoundingBox@AActor@@QAEXAAUFFrame@@QAX@Z
AActor,GetBoundingCylinder,0x001d1a30,0x1d1a30,239,,?execGetBoundingCylinder@AActor@@QAEXAAUFFrame@@QAX@Z
AActor,SetTimer,0x001d1b40,0x1d1b40,257,,?execSetTimer@AActor@@QAEXAAUFFrame@@QAX@Z
AActor,ClearTimer,0x001d1c50,0x1d1c50,159,,?execClearTimer@AActor@@QAEXAAUFFrame@@QAX@Z
AActor,ClearAllTimers,0x001d1cf0,0x1d1cf0,98,,?execClearAllTimers@AActor@@QAEXAAUFFrame@@QAX@Z
AActor,PauseTimer,0x001d1d60,0x1d1d60,208,,?execPauseTimer@AActor@@QAEXAAUFFrame@@QAX@Z
AActor,IsTimerActive,0x001d1e30,0x1d1e30,164,,?execIsTimerActive@AActor@@QAEXAAUFFrame@@QAX@Z
AActor,GetTimerCount,0x001d1ee0,0x1d1ee0,164,,?execGetTimerCount@AActor@@QAEXAAUFFrame@@QAX@Z
AActor,GetTimerRate,0x001d1f90,0x1d1f90,164,,?execGetTimerRate@AActor@@QAEXAAUFFrame@@QAX@Z
AActor,ModifyTimerTimeDilation,0x001d2040,0x1d2040,191,,?execModifyTimerTimeDilation@AActor@@QAEXAAUFFrame@@QAX@Z
AActor,ResetTimerTimeDilation,0x001d2100,0x1d2100,149,,?execResetTimerTimeDilation@AActor@@QAEXAAUFFrame@@QAX@Z
AActor,PostAkEvent,0x001d21a0,0x1d21a0,91,,?execPostAkEvent@AActor@@QAEXAAUFFrame@@QAX@Z
AActor,SetRTPCValue,0x001d2200,0x1d2200,146,,?execSetRTPCValue@AActor@@QAEXAAUFFrame@@QAX@Z
AActor,SetState,0x001d22a0,0x1d22a0,140,,?execSetState@AActor@@QAEXAAUFFrame@@QAX@Z
AActor,SetSwitch,0x001d2330,0x1d2330,140,,?execSetSwitch@AActor@@QAEXAAUFFrame@@QAX@Z
AActor,PostTrigger,0x001d23c0,0x1d23c0,104,,?execPostTrigger@AActor@@QAEXAAUFFrame@@QAX@Z
AActor,ActivateOcclusion,0x001d2430,0x1d2430,102,,?execActivateOcclusion@AActor@@QAEXAAUFFrame@@QAX@Z
AActor,PlayerCanSeeMe,0x001d24a0,0x1d24a0,53,,?execPlayerCanSeeMe@AActor@@QAEXAAUFFrame@@QAX@Z
AActor,CalculateMinSpeedTrajectory,0x001d24e0,0x1d24e0,620,,?execCalculateMinSpeedTrajectory@AActor@@QAEXAAUFFrame@@QAX@Z
AActor,GetALocalPlayerController,0x001d2770,0x1d2770,53,,?execGetALocalPlayerController@AActor@@QAEXAAUFFrame@@QAX@Z
AActor,TakeDamage,0x001d27b0,0x1d27b0,445,,?execTakeDamage@AActor@@QAEXAAUFFrame@@QAX@Z
AActor,CheckHitInfo,0x001d2ad0,0x1d2ad0,334,,?execCheckHitInfo@AActor@@QAEXAAUFFrame@@QAX@Z
AActor,GetGravityZ,0x001d2c20,0x1d2c20,53,,?execGetGravityZ@AActor@@QAEXAAUFFrame@@QAX@Z
AActor,SetNetUpdateTime,0x001d2c60,0x1d2c60,95,,?execSetNetUpdateTime@AActor@@QAEXAAUFFrame@@QAX@Z
AActor,PrestreamTextures,0x001d2cc0,0x1d2cc0,196,,?execPrestreamTextures@AActor@@QAEXAAUFFrame@@QAX@Z
UDishonoredCheatManager,PlayerDodgeEverything,0x001d2da0,0x1d2da0,53,,?execPlayerDodgeEverything@UDishonoredCheatManager@@QAEXAAUFFrame@@QAX@Z
AActor,GetTeamNum,0x001d2de0,0x1d2de0,58,,?execGetTeamNum@AActor@@QAEXAAUFFrame@@QAX@Z
AActor,GetTargetLocation,0x001d2e20,0x1d2e20,184,,?execGetTargetLocation@AActor@@QAEXAAUFFrame@@QAX@Z
AActor,SetHUDLocation,0x001d2ee0,0x1d2ee0,121,,?execSetHUDLocation@AActor@@QAEXAAUFFrame@@QAX@Z
AActor,NativePostRenderFor,0x001d2f60,0x1d2f60,258,,?execNativePostRenderFor@AActor@@QAEXAAUFFrame@@QAX@Z
AActor,GetPackageGuid,0x001d3070,0x1d3070,133,,?execGetPackageGuid@AActor@@QAEXAAUFFrame@@QAX@Z
AActor,IsInPersistentLevel,0x001d3100,0x1d3100,114,,?execIsInPersistentLevel@AActor@@QAEXAAUFFrame@@QAX@Z
AActor,WillOverlap,0x001d31d0,0x1d31d0,476,,?execWillOverlap@AActor@@QAEXAAUFFrame@@QAX@Z
AActor,ShouldBeHiddenBySHOW_NavigationNodes,0x001d3a70,0x1d3a70,58,,?execShouldBeHiddenBySHOW_NavigationNodes@AActor@@QAEXAAUFFrame@@QAX@Z
APhysicsVolume,GetZoneVelocityForActor,0x001d44d0,0x1d44d0,121,,?execGetZoneVelocityForActor@APhysicsVolume@@QAEXAAUFFrame@@QAX@Z
AWorldInfo,ReleaseCachedConstraintsAndEvaluators,0x001d48d0,0x1d48d0,53,,?execReleaseCachedConstraintsAndEvaluators@AWorldInfo@@QAEXAAUFFrame@@QAX@Z
AEmitterPool,ClearPoolComponents,0x001d4950,0x1d4950,109,,?execClearPoolComponents@AEmitterPool@@QAEXAAUFFrame@@QAX@Z
AEmitterPool,ReturnToPool,0x001d49c0,0x1d49c0,91,,?execReturnToPool@AEmitterPool@@QAEXAAUFFrame@@QAX@Z
AEmitterPool,FreeStaticMeshComponents,0x001d4a20,0x1d4a20,91,,?execFreeStaticMeshComponents@AEmitterPool@@QAEXAAUFFrame@@QAX@Z
AEmitterPool,GetFreeStaticMeshComponent,0x001d4a80,0x1d4a80,114,,?execGetFreeStaticMeshComponent@AEmitterPool@@QAEXAAUFFrame@@QAX@Z
AEmitterPool,FreeMaterialInstanceConstants,0x001d4b00,0x1d4b00,91,,?execFreeMaterialInstanceConstants@AEmitterPool@@QAEXAAUFFrame@@QAX@Z
AEmitterPool,GetFreeMatInstConsts,0x001d4b60,0x1d4b60,114,,?execGetFreeMatInstConsts@AEmitterPool@@QAEXAAUFFrame@@QAX@Z
AEmitterPool,GetPooledComponent,0x001d4be0,0x1d4be0,145,,?execGetPooledComponent@AEmitterPool@@QAEXAAUFFrame@@QAX@Z
AEmitterPool,SpawnEmitter,0x001d4c80,0x1d4c80,334,,?execSpawnEmitter@AEmitterPool@@QAEXAAUFFrame@@QAX@Z
AEmitterPool,SpawnEmitterMeshAttachment,0x001d4dd0,0x1d4dd0,422,,?execSpawnEmitterMeshAttachment@AEmitterPool@@QAEXAAUFFrame@@QAX@Z
UCanvas,DrawRotatedTile,0x001d4fc0,0x1d4fc0,502,,?execDrawRotatedTile@UCanvas@@QAEXAAUFFrame@@QAX@Z
UCanvas,DrawRotatedMaterialTile,0x001d51c0,0x1d51c0,531,,?execDrawRotatedMaterialTile@UCanvas@@QAEXAAUFFrame@@QAX@Z
UCanvas,SetPos,0x001d53e0,0x1d53e0,195,,?execSetPos@UCanvas@@QAEXAAUFFrame@@QAX@Z
UCanvas,SetDrawColor,0x001d54b0,0x1d54b0,202,,?execSetDrawColor@UCanvas@@QAEXAAUFFrame@@QAX@Z
UCanvas,DrawTextureLine,0x001d5580,0x1d5580,500,,?execDrawTextureLine@UCanvas@@QAEXAAUFFrame@@QAX@Z
UCanvas,DrawTextureDoubleLine,0x001d5780,0x1d5780,573,,?execDrawTextureDoubleLine@UCanvas@@QAEXAAUFFrame@@QAX@Z
AHUD,Draw3DLine,0x001d59c0,0x1d59c0,208,,?execDraw3DLine@AHUD@@QAEXAAUFFrame@@QAX@Z
AHUD,Draw2DLine,0x001d5a90,0x1d5a90,225,,?execDraw2DLine@AHUD@@QAEXAAUFFrame@@QAX@Z
AHUD,DrawActorOverlays,0x001d5b80,0x1d5b80,170,,?execDrawActorOverlays@AHUD@@QAEXAAUFFrame@@QAX@Z
AHUD,ShowDebug,0x001d5c30,0x1d5c30,116,,?execShowDebug@AHUD@@QAEXAAUFFrame@@QAX@Z
AHUD,ShouldDisplayDebug,0x001d5cd0,0x1d5cd0,114,,?execShouldDisplayDebug@AHUD@@QAEXAAUFFrame@@QAX@Z
AAutoTestManager,AddSentinelPerTimePeriodStats,0x001d5e80,0x1d5e80,170,,?execAddSentinelPerTimePeriodStats@AAutoTestManager@@QAEXAAUFFrame@@QAX@Z
AAutoTestManager,EndSentinelRun,0x001d5f40,0x1d5f40,93,,?execEndSentinelRun@AAutoTestManager@@QAEXAAUFFrame@@QAX@Z
AAutoTestManager,DoSentinel_MemoryAtSpecificLocation,0x001d6010,0x1d6010,170,,?execDoSentinel_MemoryAtSpecificLocation@AAutoTestManager@@QAEXAAUFFrame@@QAX@Z
AAutoTestManager,DoSentinel_PerfAtSpecificLocation,0x001d60c0,0x1d60c0,223,,?execDoSentinel_PerfAtSpecificLocation@AAutoTestManager@@QAEXAAUFFrame@@QAX@Z
USettings,SetSettingsDataFloat,0x001d6270,0x1d6270,249,,?execSetSettingsDataFloat@USettings@@QAEXAAUFFrame@@QAX@Z
USettings,SetSettingsDataInt,0x001d6370,0x1d6370,245,,?execSetSettingsDataInt@USettings@@QAEXAAUFFrame@@QAX@Z
USettings,SetSettingsDataDateTime,0x001d6470,0x1d6470,270,,?execSetSettingsDataDateTime@USettings@@QAEXAAUFFrame@@QAX@Z
USettings,SetSettingsData,0x001d6590,0x1d6590,294,,?execSetSettingsData@USettings@@QAEXAAUFFrame@@QAX@Z
USettings,EmptySettingsData,0x001d66c0,0x1d66c0,207,,?execEmptySettingsData@USettings@@QAEXAAUFFrame@@QAX@Z
USettings,GetSettingsDataFloat,0x001d6790,0x1d6790,212,,?execGetSettingsDataFloat@USettings@@QAEXAAUFFrame@@QAX@Z
USettings,GetSettingsDataInt,0x001d6870,0x1d6870,212,,?execGetSettingsDataInt@USettings@@QAEXAAUFFrame@@QAX@Z
USettings,GetSettingsDataDateTime,0x001d6950,0x1d6950,368,,?execGetSettingsDataDateTime@USettings@@QAEXAAUFFrame@@QAX@Z
USettings,SetStringSettingValue,0x001d6ac0,0x1d6ac0,192,,?execSetStringSettingValue@USettings@@QAEXAAUFFrame@@QAX@Z
USettings,GetStringSettingValue,0x001d6b80,0x1d6b80,198,,?execGetStringSettingValue@USettings@@QAEXAAUFFrame@@QAX@Z
USettings,IncrementStringSettingValue,0x001d6c50,0x1d6c50,190,,?execIncrementStringSettingValue@USettings@@QAEXAAUFFrame@@QAX@Z
USettings,SetStringSettingValueByName,0x001d6d10,0x1d6d10,183,,?execSetStringSettingValueByName@USettings@@QAEXAAUFFrame@@QAX@Z
UGenericParamListStatEntry,GetInt,0x001d6dd0,0x1d6dd0,196,,?execGetInt@UGenericParamListStatEntry@@QAEXAAUFFrame@@QAX@Z
USettings,GetStringSettingId,0x001d6ea0,0x1d6ea0,196,,?execGetStringSettingId@USettings@@QAEXAAUFFrame@@QAX@Z
USettings,GetStringSettingName,0x001d6f70,0x1d6f70,115,,?execGetStringSettingName@USettings@@QAEXAAUFFrame@@QAX@Z
UUIScreenObject,IsHoldingAlt,0x001d6ff0,0x1d6ff0,101,,?execIsHoldingAlt@UUIScreenObject@@QAEXAAUFFrame@@QAX@Z
USettings,GetStringSettingValueName,0x001d7060,0x1d7060,153,,?execGetStringSettingValueName@USettings@@QAEXAAUFFrame@@QAX@Z
USettings,GetStringSettingValueNameByName,0x001d7100,0x1d7100,126,,?execGetStringSettingValueNameByName@USettings@@QAEXAAUFFrame@@QAX@Z
USettings,GetPropertyId,0x001d7180,0x1d7180,196,,?execGetPropertyId@USettings@@QAEXAAUFFrame@@QAX@Z
USettings,GetPropertyName,0x001d7250,0x1d7250,115,,?execGetPropertyName@USettings@@QAEXAAUFFrame@@QAX@Z
USettings,SetFloatProperty,0x001d72d0,0x1d72d0,138,,?execSetFloatProperty@USettings@@QAEXAAUFFrame@@QAX@Z
USettings,GetFloatProperty,0x001d7390,0x1d7390,199,,?execGetFloatProperty@USettings@@QAEXAAUFFrame@@QAX@Z
USettings,SetIntProperty,0x001d74e0,0x1d74e0,134,,?execSetIntProperty@USettings@@QAEXAAUFFrame@@QAX@Z
USettings,GetIntProperty,0x001d7570,0x1d7570,198,,?execGetIntProperty@USettings@@QAEXAAUFFrame@@QAX@Z
USettings,SetPropertyValueId,0x001d7640,0x1d7640,139,,?execSetPropertyValueId@USettings@@QAEXAAUFFrame@@QAX@Z
USettings,GetPropertyValueId,0x001d76d0,0x1d76d0,198,,?execGetPropertyValueId@USettings@@QAEXAAUFFrame@@QAX@Z
USettings,GetPropertyType,0x001d77a0,0x1d77a0,101,,?execGetPropertyType@USettings@@QAEXAAUFFrame@@QAX@Z
USettings,HasProperty,0x001d7810,0x1d7810,101,,?execHasProperty@USettings@@QAEXAAUFFrame@@QAX@Z
USettings,HasStringSetting,0x001d7880,0x1d7880,101,,?execHasStringSetting@USettings@@QAEXAAUFFrame@@QAX@Z
USettings,GetPropertyMappingType,0x001d78f0,0x1d78f0,195,,?execGetPropertyMappingType@USettings@@QAEXAAUFFrame@@QAX@Z
USettings,GetPropertyRange,0x001d79c0,0x1d79c0,457,,?execGetPropertyRange@USettings@@QAEXAAUFFrame@@QAX@Z
USettings,SetRangedPropertyValue,0x001d7b90,0x1d7b90,143,,?execSetRangedPropertyValue@USettings@@QAEXAAUFFrame@@QAX@Z
USettings,GetRangedPropertyValue,0x001d7c20,0x1d7c20,199,,?execGetRangedPropertyValue@USettings@@QAEXAAUFFrame@@QAX@Z
UOnlineSubsystem,Init,0x001d7e90,0x1d7e90,58,,?execInit@UOnlineSubsystem@@QAEXAAUFFrame@@QAX@Z
UParticleSystem,GetLODLevelCount,0x001d7f60,0x1d7f60,58,,?execGetLODLevelCount@UParticleSystem@@QAEXAAUFFrame@@QAX@Z
UOnlineSubsystem,GetNumSupportedLogins,0x001d7fa0,0x1d7fa0,53,,?execGetNumSupportedLogins@UOnlineSubsystem@@QAEXAAUFFrame@@QAX@Z
AGameInfo,DoNavFearCostFallOff,0x001d81e0,0x1d81e0,48,,?execDoNavFearCostFallOff@AGameInfo@@QAEXAAUFFrame@@QAX@Z
AGameInfo,ForceClearUnpauseDelegates,0x001d8210,0x1d8210,91,,?execForceClearUnpauseDelegates@AGameInfo@@QAEXAAUFFrame@@QAX@Z
AGameInfo,GetNextPlayerID,0x001d8270,0x1d8270,53,,?execGetNextPlayerID@AGameInfo@@QAEXAAUFFrame@@QAX@Z
AGameInfo,SpawnPlayerController,0x001d82b0,0x1d82b0,175,,?execSpawnPlayerController@AGameInfo@@QAEXAAUFFrame@@QAX@Z
AGameInfo,ReduceDamage,0x001d8360,0x1d8360,424,,?execReduceDamage@AGameInfo@@QAEXAAUFFrame@@QAX@Z
AGameInfo,SwapPlayerControllers,0x001d8530,0x1d8530,129,,?execSwapPlayerControllers@AGameInfo@@QAEXAAUFFrame@@QAX@Z
AGameInfo,EnableStandbyCheatDetection,0x001d85c0,0x1d85c0,107,,?execEnableStandbyCheatDetection@AGameInfo@@QAEXAAUFFrame@@QAX@Z
UNavigationHandle,DrawPathCache,0x001d86d0,0x1d86d0,283,,?execDrawPathCache@UNavigationHandle@@QAEXAAUFFrame@@QAX@Z
ARoute,ResolveRouteIndex,0x001d88b0,0x1d88b0,310,,?execResolveRouteIndex@ARoute@@QAEXAAUFFrame@@QAX@Z
ARoute,MoveOntoRoutePath,0x001d8a10,0x1d8a10,194,,?execMoveOntoRoutePath@ARoute@@QAEXAAUFFrame@@QAX@Z
UNavMeshGoal_GenericFilterContainer,GetGoalPoint,0x001d8cc0,0x1d8cc0,81,,?execGetGoalPoint@UNavMeshGoal_GenericFilterContainer@@QAEXAAUFFrame@@QAX@Z
AWorldInfo,GetNavMeshPathGoalEvaluatorFromCache,0x001d8d40,0x1d8d40,101,,?execGetNavMeshPathGoalEvaluatorFromCache@AWorldInfo@@QAEXAAUFFrame@@QAX@Z
AWorldInfo,GetGlobalGravityZ,0x001d8db0,0x1d8db0,53,,?execGetGlobalGravityZ@AWorldInfo@@QAEXAAUFFrame@@QAX@Z
AWorldInfo,GetGameSequence,0x001d8df0,0x1d8df0,53,,?execGetGameSequence@AWorldInfo@@QAEXAAUFFrame@@QAX@Z
UNavMeshGoal_OutOfViewFrom,RecycleNative,0x001d8e30,0x1d8e30,53,,?execRecycleNative@UNavMeshGoal_OutOfViewFrom@@QAEXAAUFFrame@@QAX@Z
AWorldInfo,SetLevelRBGravity,0x001d8e90,0x1d8e90,116,,?execSetLevelRBGravity@AWorldInfo@@QAEXAAUFFrame@@QAX@Z
AWorldInfo,IsConsoleBuild,0x001d8f10,0x1d8f10,100,,?execIsConsoleBuild@AWorldInfo@@QAEXAAUFFrame@@QAX@Z
AWorldInfo,IsPlayInEditor,0x001d8f80,0x1d8f80,53,,?execIsPlayInEditor@AWorldInfo@@QAEXAAUFFrame@@QAX@Z
AWorldInfo,ForceGarbageCollection,0x001d8fe0,0x1d8fe0,109,,?execForceGarbageCollection@AWorldInfo@@QAEXAAUFFrame@@QAX@Z
AWorldInfo,VerifyNavList,0x001d9050,0x1d9050,48,,?execVerifyNavList@AWorldInfo@@QAEXAAUFFrame@@QAX@Z
AWorldInfo,NotifyMatchStarted,0x001d9080,0x1d9080,223,,?execNotifyMatchStarted@AWorldInfo@@QAEXAAUFFrame@@QAX@Z
AWorldInfo,IsPreparingMapChange,0x001d9160,0x1d9160,53,,?execIsPreparingMapChange@AWorldInfo@@QAEXAAUFFrame@@QAX@Z
AWorldInfo,IsMapChangeReady,0x001d91a0,0x1d91a0,53,,?execIsMapChangeReady@AWorldInfo@@QAEXAAUFFrame@@QAX@Z
AWorldInfo,CancelPendingMapChange,0x001d91e0,0x1d91e0,48,,?execCancelPendingMapChange@AWorldInfo@@QAEXAAUFFrame@@QAX@Z
AWorldInfo,CommitMapChange,0x001d9210,0x1d9210,48,,?execCommitMapChange@AWorldInfo@@QAEXAAUFFrame@@QAX@Z
AWorldInfo,IsInSeamlessTravel,0x001d9240,0x1d9240,53,,?execIsInSeamlessTravel@AWorldInfo@@QAEXAAUFFrame@@QAX@Z
AWorldInfo,SetSeamlessTravelMidpointPause,0x001d9280,0x1d9280,102,,?execSetSeamlessTravelMidpointPause@AWorldInfo@@QAEXAAUFFrame@@QAX@Z
AWorldInfo,GetMapInfo,0x001d92f0,0x1d92f0,53,,?execGetMapInfo@AWorldInfo@@QAEXAAUFFrame@@QAX@Z
AWorldInfo,SetMapInfo,0x001d9330,0x1d9330,91,,?execSetMapInfo@AWorldInfo@@QAEXAAUFFrame@@QAX@Z
AWorldInfo,GetDetailMode,0x001d9390,0x1d9390,53,,?execGetDetailMode@AWorldInfo@@QAEXAAUFFrame@@QAX@Z
AWorldInfo,DoMemoryTracking,0x001d93d0,0x1d93d0,48,,?execDoMemoryTracking@AWorldInfo@@QAEXAAUFFrame@@QAX@Z
AWorldInfo,GetWorldFractureSettings,0x001d9400,0x1d9400,71,,?execGetWorldFractureSettings@AWorldInfo@@QAEXAAUFFrame@@QAX@Z
AWorldInfo,GetWorldInfo,0x001d9450,0x1d9450,53,,?execGetWorldInfo@AWorldInfo@@QAEXAAUFFrame@@QAX@Z
ADecalManager,OnDecalFinished,0x001d94f0,0x1d94f0,96,,?execOnDecalFinished@ADecalManager@@QAEXAAUFFrame@@QAX@Z
ANavigationPoint,IsUsableAnchorFor,0x001d9570,0x1d9570,101,,?execIsUsableAnchorFor@ANavigationPoint@@QAEXAAUFFrame@@QAX@Z
ANavigationPoint,CanTeleport,0x001d95e0,0x1d95e0,101,,?execCanTeleport@ANavigationPoint@@QAEXAAUFFrame@@QAX@Z
ANavigationPoint,IsOnDifferentNetwork,0x001d9650,0x1d9650,96,,?execIsOnDifferentNetwork@ANavigationPoint@@QAEXAAUFFrame@@QAX@Z
UDataStoreClient,FindDataStore,0x001d96f0,0x1d96f0,154,,?execFindDataStore@UDataStoreClient@@QAEXAAUFFrame@@QAX@Z
UDataStoreClient,CreateDataStore,0x001d97b0,0x1d97b0,96,,?execCreateDataStore@UDataStoreClient@@QAEXAAUFFrame@@QAX@Z
UDataStoreClient,RegisterDataStore,0x001d9810,0x1d9810,141,,?execRegisterDataStore@UDataStoreClient@@QAEXAAUFFrame@@QAX@Z
UDataStoreClient,UnregisterDataStore,0x001d98a0,0x1d98a0,96,,?execUnregisterDataStore@UDataStoreClient@@QAEXAAUFFrame@@QAX@Z
UDataStoreClient,FindPlayerDataStoreIndex,0x001d9900,0x1d9900,96,,?execFindPlayerDataStoreIndex@UDataStoreClient@@QAEXAAUFFrame@@QAX@Z
UConsole,BuildRuntimeAutoCompleteList,0x001d9a00,0x1d9a00,109,,?execBuildRuntimeAutoCompleteList@UConsole@@QAEXAAUFFrame@@QAX@Z
APortalTeleporter,TransformActor,0x001d9bf0,0x1d9bf0,96,,?execTransformActor@APortalTeleporter@@QAEXAAUFFrame@@QAX@Z
APortalTeleporter,TransformVectorDir,0x001d9c50,0x1d9c50,139,,?execTransformVectorDir@APortalTeleporter@@QAEXAAUFFrame@@QAX@Z
UUIInteraction,GetPlayerIndex,0x001d9ce0,0x1d9ce0,93,,?execGetPlayerIndex@UUIInteraction@@QAEXAAUFFrame@@QAX@Z
UUIInteraction,GetPlayerControllerId,0x001d9d40,0x1d9d40,93,,?execGetPlayerControllerId@UUIInteraction@@QAEXAAUFFrame@@QAX@Z
APortalTeleporter,TransformHitLocation,0x001d9da0,0x1d9da0,139,,?execTransformHitLocation@APortalTeleporter@@QAEXAAUFFrame@@QAX@Z
UUIInteraction,GetDataStoreClient,0x001d9e30,0x1d9e30,47,,?execGetDataStoreClient@UUIInteraction@@QAEXAAUFFrame@@QAX@Z
APortalTeleporter,CreatePortalTexture,0x001d9e60,0x1d9e60,53,,?execCreatePortalTexture@APortalTeleporter@@QAEXAAUFFrame@@QAX@Z
UUISceneClient,IsUIActive,0x001d9f60,0x1d9f60,108,,?execIsUIActive@UUISceneClient@@QAEXAAUFFrame@@QAX@Z
UUISceneClient,GetCanvasToScreen,0x001d9fd0,0x1d9fd0,93,,?execGetCanvasToScreen@UUISceneClient@@QAEXAAUFFrame@@QAX@Z
UUISceneClient,GetInverseCanvasToScreen,0x001da030,0x1da030,93,,?execGetInverseCanvasToScreen@UUISceneClient@@QAEXAAUFFrame@@QAX@Z
UUIState,IsActiveForPlayer,0x001da0f0,0x1da0f0,96,,?execIsActiveForPlayer@UUIState@@QAEXAAUFFrame@@QAX@Z
UUIState,AddSequenceObject,0x001da150,0x1da150,152,,?execAddSequenceObject@UUIState@@QAEXAAUFFrame@@QAX@Z
UUIState,RemoveSequenceObject,0x001da210,0x1da210,91,,?execRemoveSequenceObject@UUIState@@QAEXAAUFFrame@@QAX@Z
USpriteComponent,SetSprite,0x001da440,0x1da440,96,,?execSetSprite@USpriteComponent@@QAEXAAUFFrame@@QAX@Z
USpriteComponent,SetUV,0x001da4a0,0x1da4a0,199,,?execSetUV@USpriteComponent@@QAEXAAUFFrame@@QAX@Z
USpriteComponent,SetSpriteAndUV,0x001da570,0x1da570,233,,?execSetSpriteAndUV@USpriteComponent@@QAEXAAUFFrame@@QAX@Z
URadialBlurComponent,SetMaterial,0x001da6a0,0x1da6a0,96,,?execSetMaterial@URadialBlurComponent@@QAEXAAUFFrame@@QAX@Z
URadialBlurComponent,SetBlurFalloffExponent,0x001da700,0x1da700,100,,?execSetBlurFalloffExponent@URadialBlurComponent@@QAEXAAUFFrame@@QAX@Z
URadialBlurComponent,SetBlurOpacity,0x001da790,0x1da790,100,,?execSetBlurOpacity@URadialBlurComponent@@QAEXAAUFFrame@@QAX@Z
URadialBlurComponent,SetEnabled,0x001da800,0x1da800,107,,?execSetEnabled@URadialBlurComponent@@QAEXAAUFFrame@@QAX@Z
USceneCaptureComponent,SetFrameRate,0x001da870,0x1da870,95,,?execSetFrameRate@USceneCaptureComponent@@QAEXAAUFFrame@@QAX@Z
UDisFogComponent,SetEnabled,0x001da8d0,0x1da8d0,102,,?execSetEnabled@UDisFogComponent@@QAEXAAUFFrame@@QAX@Z
USceneCapture2DComponent,SetView,0x001da960,0x1da960,165,,?execSetView@USceneCapture2DComponent@@QAEXAAUFFrame@@QAX@Z
UUIDataProvider_PlayerAchievements,GetTotalGamerScore,0x001dad70,0x1dad70,53,,?execGetTotalGamerScore@UUIDataProvider_PlayerAchievements@@QAEXAAUFFrame@@QAX@Z
UUIDataProvider_PlayerAchievements,GetMaxTotalGamerScore,0x001dadb0,0x1dadb0,53,,?execGetMaxTotalGamerScore@UUIDataProvider_PlayerAchievements@@QAEXAAUFFrame@@QAX@Z
UDishonoredCheatManager,PlayerTestChain,0x001daf10,0x1daf10,53,,?execPlayerTestChain@UDishonoredCheatManager@@QAEXAAUFFrame@@QAX@Z
UUIDataStore_DynamicResource,FindProviderTypeIndex,0x001dafd0,0x1dafd0,109,,?execFindProviderTypeIndex@UUIDataStore_DynamicResource@@QAEXAAUFFrame@@QAX@Z
UUIDataStore_DynamicResource,GenerateProviderAccessTag,0x001db040,0x1db040,148,,?execGenerateProviderAccessTag@UUIDataStore_DynamicResource@@QAEXAAUFFrame@@QAX@Z
UUIDataStore_GameResource,GetProviderCount,0x001db0e0,0x1db0e0,114,,?execGetProviderCount@UUIDataStore_GameResource@@QAEXAAUFFrame@@QAX@Z
UUIDataStore_DynamicResource,OnLoginChange,0x001db180,0x1db180,88,,?execOnLoginChange@UUIDataStore_DynamicResource@@QAEXAAUFFrame@@QAX@Z
UUIDataStore_GameResource,FindProviderTypeIndex,0x001db240,0x1db240,109,,?execFindProviderTypeIndex@UUIDataStore_GameResource@@QAEXAAUFFrame@@QAX@Z
UUIDataStore_GameResource,GenerateProviderAccessTag,0x001db2b0,0x1db2b0,148,,?execGenerateProviderAccessTag@UUIDataStore_GameResource@@QAEXAAUFFrame@@QAX@Z
UUIDataStore_MenuItems,ClearSet,0x001db370,0x1db370,109,,?execClearSet@UUIDataStore_MenuItems@@QAEXAAUFFrame@@QAX@Z
UUIDataStore_MenuItems,AppendToSet,0x001db3e0,0x1db3e0,147,,?execAppendToSet@UUIDataStore_MenuItems@@QAEXAAUFFrame@@QAX@Z
UUIDataStore_OnlinePlayerData,OnSettingProviderChanged,0x001db580,0x1db580,149,,?execOnSettingProviderChanged@UUIDataStore_OnlinePlayerData@@QAEXAAUFFrame@@QAX@Z
UCheatManager,LogPlaySoundCalls,0x001db6a0,0x1db6a0,107,,?execLogPlaySoundCalls@UCheatManager@@QAEXAAUFFrame@@QAX@Z
UCheatManager,LogParticleActivateSystemCalls,0x001db710,0x1db710,107,,?execLogParticleActivateSystemCalls@UCheatManager@@QAEXAAUFFrame@@QAX@Z
UUIDataStore_InputAlias,GetAliasInputKeyName,0x001db950,0x1db950,163,,?execGetAliasInputKeyName@UUIDataStore_InputAlias@@QAEXAAUFFrame@@QAX@Z
UUIDataStore_InputAlias,GetAliasInputKeyNameByIndex,0x001dba00,0x1dba00,152,,?execGetAliasInputKeyNameByIndex@UUIDataStore_InputAlias@@QAEXAAUFFrame@@QAX@Z
UUIDataStore_InputAlias,GetAliasInputKeyData,0x001dbaa0,0x1dbaa0,232,,?execGetAliasInputKeyData@UUIDataStore_InputAlias@@QAEXAAUFFrame@@QAX@Z
UUIDataStore_InputAlias,GetAliasInputKeyDataByIndex,0x001dbb90,0x1dbb90,221,,?execGetAliasInputKeyDataByIndex@UUIDataStore_InputAlias@@QAEXAAUFFrame@@QAX@Z
UUIDataStore_InputAlias,FindInputAliasIndex,0x001dbc90,0x1dbc90,109,,?execFindInputAliasIndex@UUIDataStore_InputAlias@@QAEXAAUFFrame@@QAX@Z
UUIDataStore_InputAlias,HasAliasMappingForPlatform,0x001dbd00,0x1dbd00,144,,?execHasAliasMappingForPlatform@UUIDataStore_InputAlias@@QAEXAAUFFrame@@QAX@Z
UUIDataStore_StringAliasMap,GetPlayerOwner,0x001dbdd0,0x1dbdd0,53,,?execGetPlayerOwner@UUIDataStore_StringAliasMap@@QAEXAAUFFrame@@QAX@Z
UUIDynamicFieldProvider,RemoveField,0x001dbf00,0x1dbf00,114,,?execRemoveField@UUIDynamicFieldProvider@@QAEXAAUFFrame@@QAX@Z
UUIDynamicFieldProvider,FindFieldIndex,0x001dbf80,0x1dbf80,170,,?execFindFieldIndex@UUIDynamicFieldProvider@@QAEXAAUFFrame@@QAX@Z
UUIDynamicFieldProvider,ClearFields,0x001dc030,0x1dc030,119,,?execClearFields@UUIDynamicFieldProvider@@QAEXAAUFFrame@@QAX@Z
UUIDynamicFieldProvider,RemoveCollectionValueByIndex,0x001dc0b0,0x1dc0b0,243,,?execRemoveCollectionValueByIndex@UUIDynamicFieldProvider@@QAEXAAUFFrame@@QAX@Z
UUIDynamicFieldProvider,ClearCollectionValueArray,0x001dc2d0,0x1dc2d0,209,,?execClearCollectionValueArray@UUIDynamicFieldProvider@@QAEXAAUFFrame@@QAX@Z
UUIDynamicDataProvider,BindProviderInstance,0x001dc520,0x1dc520,96,,?execBindProviderInstance@UUIDynamicDataProvider@@QAEXAAUFFrame@@QAX@Z
UUIDynamicDataProvider,UnbindProviderInstance,0x001dc580,0x1dc580,53,,?execUnbindProviderInstance@UUIDynamicDataProvider@@QAEXAAUFFrame@@QAX@Z
UFaceFXAsset,MountFaceFXAnimSet,0x001dc5c0,0x1dc5c0,91,,?execMountFaceFXAnimSet@UFaceFXAsset@@QAEXAAUFFrame@@QAX@Z
UFaceFXAsset,UnmountFaceFXAnimSet,0x001dc640,0x1dc640,91,,?execUnmountFaceFXAnimSet@UFaceFXAsset@@QAEXAAUFFrame@@QAX@Z
UFont,GetResolutionPageIndex,0x001dc720,0x1dc720,105,,?execGetResolutionPageIndex@UFont@@QAEXAAUFFrame@@QAX@Z
UFont,GetScalingFactor,0x001dc790,0x1dc790,105,,?execGetScalingFactor@UFont@@QAEXAAUFFrame@@QAX@Z
UFont,GetAuthoredViewportHeight,0x001dc800,0x1dc800,105,,?execGetAuthoredViewportHeight@UFont@@QAEXAAUFFrame@@QAX@Z
UFont,GetMaxCharHeight,0x001dc870,0x1dc870,58,,?execGetMaxCharHeight@UFont@@QAEXAAUFFrame@@QAX@Z
UUIDataProvider_MenuItem,IsFiltered,0x001dc8b0,0x1dc8b0,58,,?execIsFiltered@UUIDataProvider_MenuItem@@QAEXAAUFFrame@@QAX@Z
UMultiFont,GetResolutionTestTableIndex,0x001dc950,0x1dc950,105,,?execGetResolutionTestTableIndex@UMultiFont@@QAEXAAUFFrame@@QAX@Z
UGameUISceneClient,RequestInputProcessingUpdate,0x001dca60,0x1dca60,48,,?execRequestInputProcessingUpdate@UGameUISceneClient@@QAEXAAUFFrame@@QAX@Z
UGameUISceneClient,CanUnpauseInternalUI,0x001dca90,0x1dca90,53,,?execCanUnpauseInternalUI@UGameUISceneClient@@QAEXAAUFFrame@@QAX@Z
UInput,ResetInput,0x001dcaf0,0x1dcaf0,53,,?execResetInput@UInput@@QAEXAAUFFrame@@QAX@Z
UGameplayEventsReader,GetPlatform,0x001dcb30,0x1dcb30,58,,?execGetPlatform@UGameplayEventsReader@@QAEXAAUFFrame@@QAX@Z
UGameplayEventsReader,GetSessionStart,0x001dcb70,0x1dcb70,58,,?execGetSessionStart@UGameplayEventsReader@@QAEXAAUFFrame@@QAX@Z
UGameplayEventsReader,GetSessionEnd,0x001dcbb0,0x1dcbb0,58,,?execGetSessionEnd@UGameplayEventsReader@@QAEXAAUFFrame@@QAX@Z
UGameplayEventsReader,GetSessionDuration,0x001dcbf0,0x1dcbf0,58,,?execGetSessionDuration@UGameplayEventsReader@@QAEXAAUFFrame@@QAX@Z
UGameplayEventsWriter,ResolvePlayerIndex,0x001dcc50,0x1dcc50,101,,?execResolvePlayerIndex@UGameplayEventsWriter@@QAEXAAUFFrame@@QAX@Z
UUIScreenObject,IsVisible,0x001dccc0,0x1dccc0,114,,?execIsVisible@UUIScreenObject@@QAEXAAUFFrame@@QAX@Z
UGameplayEventsWriter,StartLogging,0x001dcd40,0x1dcd40,107,,?execStartLogging@UGameplayEventsWriter@@QAEXAAUFFrame@@QAX@Z
UUIScreenObject,IsHidden,0x001dcdb0,0x1dcdb0,114,,?execIsHidden@UUIScreenObject@@QAEXAAUFFrame@@QAX@Z
UGameplayEventsWriter,ResetLogging,0x001dce30,0x1dce30,107,,?execResetLogging@UGameplayEventsWriter@@QAEXAAUFFrame@@QAX@Z
UUIScreenObject,SetZDepth,0x001dcea0,0x1dcea0,151,,?execSetZDepth@UUIScreenObject@@QAEXAAUFFrame@@QAX@Z
UUIScreenObject,CreatePlayerData,0x001dcf40,0x1dcf40,134,,?execCreatePlayerData@UUIScreenObject@@QAEXAAUFFrame@@QAX@Z
UGameplayEventsWriter,SerializeHeader,0x001dcfd0,0x1dcfd0,58,,?execSerializeHeader@UGameplayEventsWriter@@QAEXAAUFFrame@@QAX@Z
UUIScreenObject,RemovePlayerData,0x001dd010,0x1dd010,134,,?execRemovePlayerData@UUIScreenObject@@QAEXAAUFFrame@@QAX@Z
UGameplayEventsWriter,SerializeFooter,0x001dd0a0,0x1dd0a0,58,,?execSerializeFooter@UGameplayEventsWriter@@QAEXAAUFFrame@@QAX@Z
UGameplayEventsWriter,LogGameIntEvent,0x001dd0e0,0x1dd0e0,134,,?execLogGameIntEvent@UGameplayEventsWriter@@QAEXAAUFFrame@@QAX@Z
UUIScreenObject,GetPlayerOwner,0x001dd170,0x1dd170,103,,?execGetPlayerOwner@UUIScreenObject@@QAEXAAUFFrame@@QAX@Z
UUIScreenObject,FindChildIndex,0x001dd1e0,0x1dd1e0,109,,?execFindChildIndex@UUIScreenObject@@QAEXAAUFFrame@@QAX@Z
UGameplayEventsWriter,LogTeamIntEvent,0x001dd250,0x1dd250,174,,?execLogTeamIntEvent@UGameplayEventsWriter@@QAEXAAUFFrame@@QAX@Z
UUIScreenObject,RequestSceneInputMaskUpdate,0x001dd300,0x1dd300,53,,?execRequestSceneInputMaskUpdate@UUIScreenObject@@QAEXAAUFFrame@@QAX@Z
UGameplayEventsReader,SerializeHeader,0x001dd340,0x1dd340,58,,?execSerializeHeader@UGameplayEventsReader@@QAEXAAUFFrame@@QAX@Z
UGameplayEventsWriter,LogPlayerIntEvent,0x001dd380,0x1dd380,174,,?execLogPlayerIntEvent@UGameplayEventsWriter@@QAEXAAUFFrame@@QAX@Z
UGameplayEventsWriter,LogPlayerFloatEvent,0x001dd430,0x1dd430,178,,?execLogPlayerFloatEvent@UGameplayEventsWriter@@QAEXAAUFFrame@@QAX@Z
UUIScreenObject,GetViewportScale,0x001dd4f0,0x1dd4f0,53,,?execGetViewportScale@UUIScreenObject@@QAEXAAUFFrame@@QAX@Z
UUIScreenObject,GetViewportOffset,0x001dd530,0x1dd530,141,,?execGetViewportOffset@UUIScreenObject@@QAEXAAUFFrame@@QAX@Z
UGameplayEventsWriter,LogPlayerSpawnEvent,0x001dd5c0,0x1dd5c0,199,,?execLogPlayerSpawnEvent@UGameplayEventsWriter@@QAEXAAUFFrame@@QAX@Z
UUIScreenObject,GetViewportWidth,0x001dd690,0x1dd690,53,,?execGetViewportWidth@UUIScreenObject@@QAEXAAUFFrame@@QAX@Z
UUIScreenObject,GetAspectRatio,0x001dd6d0,0x1dd6d0,53,,?execGetAspectRatio@UUIScreenObject@@QAEXAAUFFrame@@QAX@Z
UUIScreenObject,SetEnabled,0x001dd710,0x1dd710,160,,?execSetEnabled@UUIScreenObject@@QAEXAAUFFrame@@QAX@Z
UGameplayEventsWriter,LogAllPlayerPositionsEvent,0x001dd7b0,0x1dd7b0,96,,?execLogAllPlayerPositionsEvent@UGameplayEventsWriter@@QAEXAAUFFrame@@QAX@Z
UUIScreenObject,GetCurrentState,0x001dd810,0x1dd810,103,,?execGetCurrentState@UUIScreenObject@@QAEXAAUFFrame@@QAX@Z
UGameplayEventsWriter,LogPlayerKillDeath,0x001dd880,0x1dd880,233,,?execLogPlayerKillDeath@UGameplayEventsWriter@@QAEXAAUFFrame@@QAX@Z
UUIScreenObject,ActivateState,0x001dd970,0x1dd970,139,,?execActivateState@UUIScreenObject@@QAEXAAUFFrame@@QAX@Z
UUIScreenObject,DeactivateState,0x001dda00,0x1dda00,139,,?execDeactivateState@UUIScreenObject@@QAEXAAUFFrame@@QAX@Z
UGameplayEventsWriter,LogPlayerPlayerEvent,0x001dda90,0x1dda90,174,,?execLogPlayerPlayerEvent@UGameplayEventsWriter@@QAEXAAUFFrame@@QAX@Z
UUIScreenObject,ConditionalPropagateEnabledState,0x001ddb40,0x1ddb40,157,,?execConditionalPropagateEnabledState@UUIScreenObject@@QAEXAAUFFrame@@QAX@Z
UGameplayEventsWriter,LogDamageEvent,0x001ddbe0,0x1ddbe0,233,,?execLogDamageEvent@UGameplayEventsWriter@@QAEXAAUFFrame@@QAX@Z
UUIScreenObject,IsHoldingCtrl,0x001ddcd0,0x1ddcd0,101,,?execIsHoldingCtrl@UUIScreenObject@@QAEXAAUFFrame@@QAX@Z
UDishonoredCheatManager,PlayerForceFastFinishers,0x001ddd40,0x1ddd40,53,,?execPlayerForceFastFinishers@UDishonoredCheatManager@@QAEXAAUFFrame@@QAX@Z
UGameplayEventsWriter,GetGenericParamListEntry,0x001ddd80,0x1ddd80,58,,?execGetGenericParamListEntry@UGameplayEventsWriter@@QAEXAAUFFrame@@QAX@Z
UUIScreenObject,FocusFirstControl,0x001ddde0,0x1ddde0,149,,?execFocusFirstControl@UUIScreenObject@@QAEXAAUFFrame@@QAX@Z
UUIScreenObject,FocusLastControl,0x001dde80,0x1dde80,149,,?execFocusLastControl@UUIScreenObject@@QAEXAAUFFrame@@QAX@Z
UUIScreenObject,NextControl,0x001ddf20,0x1ddf20,149,,?execNextControl@UUIScreenObject@@QAEXAAUFFrame@@QAX@Z
UUIScreenObject,PrevControl,0x001ddfc0,0x1ddfc0,149,,?execPrevControl@UUIScreenObject@@QAEXAAUFFrame@@QAX@Z
UUIScreenObject,IsNeverFocused,0x001de060,0x1de060,53,,?execIsNeverFocused@UUIScreenObject@@QAEXAAUFFrame@@QAX@Z
UUIScreenObject,CanAcceptFocus,0x001de0a0,0x1de0a0,167,,?execCanAcceptFocus@UUIScreenObject@@QAEXAAUFFrame@@QAX@Z
UUIScreenObject,SetFocus,0x001de150,0x1de150,149,,?execSetFocus@UUIScreenObject@@QAEXAAUFFrame@@QAX@Z
UUIScreenObject,KillFocus,0x001de1f0,0x1de1f0,149,,?execKillFocus@UUIScreenObject@@QAEXAAUFFrame@@QAX@Z
UUIScreenObject,AcceptsPlayerInput,0x001de290,0x1de290,96,,?execAcceptsPlayerInput@UUIScreenObject@@QAEXAAUFFrame@@QAX@Z
UUIScreenObject,GetInputMask,0x001de310,0x1de310,175,,?execGetInputMask@UUIScreenObject@@QAEXAAUFFrame@@QAX@Z
UUIScreenObject,SetInputMask,0x001de3c0,0x1de3c0,207,,?execSetInputMask@UUIScreenObject@@QAEXAAUFFrame@@QAX@Z
UUIScreenObject,GetSupportedPlayerCount,0x001de490,0x1de490,53,,?execGetSupportedPlayerCount@UUIScreenObject@@QAEXAAUFFrame@@QAX@Z
UUIScreenObject,GetBestControllerId,0x001de4d0,0x1de4d0,53,,?execGetBestControllerId@UUIScreenObject@@QAEXAAUFFrame@@QAX@Z
UUIScreenObject,GetPlayerOwnerIndex,0x001de510,0x1de510,114,,?execGetPlayerOwnerIndex@UUIScreenObject@@QAEXAAUFFrame@@QAX@Z
UUIScreenObject,InvalidateAllPositions,0x001de590,0x1de590,109,,?execInvalidateAllPositions@UUIScreenObject@@QAEXAAUFFrame@@QAX@Z
UUIScreenObject,GetPositionVector,0x001de600,0x1de600,134,,?execGetPositionVector@UUIScreenObject@@QAEXAAUFFrame@@QAX@Z
UUIScreenObject,Project,0x001de690,0x1de690,158,,?execProject@UUIScreenObject@@QAEXAAUFFrame@@QAX@Z
UUIScreenObject,DeProject,0x001de730,0x1de730,158,,?execDeProject@UUIScreenObject@@QAEXAAUFFrame@@QAX@Z
UUIScreenObject,ScreenToPixel,0x001de7d0,0x1de7d0,205,,?execScreenToPixel@UUIScreenObject@@QAEXAAUFFrame@@QAX@Z
UUIScreenObject,ScreenToCanvas,0x001de8a0,0x1de8a0,211,,?execScreenToCanvas@UUIScreenObject@@QAEXAAUFFrame@@QAX@Z
UUIScreenObject,PixelToCanvas,0x001de980,0x1de980,158,,?execPixelToCanvas@UUIScreenObject@@QAEXAAUFFrame@@QAX@Z
UUIScreenObject,GetCanvasToScreen,0x001dea20,0x1dea20,93,,?execGetCanvasToScreen@UUIScreenObject@@QAEXAAUFFrame@@QAX@Z
UUIScreenObject,GetAspectRatioAutoScaleFactor,0x001dea80,0x1dea80,103,,?execGetAspectRatioAutoScaleFactor@UUIScreenObject@@QAEXAAUFFrame@@QAX@Z
UGameViewportClient,GetViewportSize,0x001deaf0,0x1deaf0,136,,?execGetViewportSize@UGameViewportClient@@QAEXAAUFFrame@@QAX@Z
UGameViewportClient,IsFullScreenViewport,0x001deb80,0x1deb80,53,,?execIsFullScreenViewport@UGameViewportClient@@QAEXAAUFFrame@@QAX@Z
UGameViewportClient,ShouldForceFullscreenViewport,0x001debc0,0x1debc0,53,,?execShouldForceFullscreenViewport@UGameViewportClient@@QAEXAAUFFrame@@QAX@Z
ULocalPlayer,RemovePostProcessingChain,0x001dec00,0x1dec00,101,,?execRemovePostProcessingChain@ULocalPlayer@@QAEXAAUFFrame@@QAX@Z
UGameViewportClient,GetPlayerOwner,0x001dec70,0x1dec70,96,,?execGetPlayerOwner@UGameViewportClient@@QAEXAAUFFrame@@QAX@Z
UGameViewportClient,FixupOwnerReferences,0x001decd0,0x1decd0,48,,?execFixupOwnerReferences@UGameViewportClient@@QAEXAAUFFrame@@QAX@Z
UGameViewportClient,DebugSetUISystemEnabled,0x001ded00,0x1ded00,156,,?execDebugSetUISystemEnabled@UGameViewportClient@@QAEXAAUFFrame@@QAX@Z
UGenericParamListStatEntry,AddFloat,0x001dee00,0x1dee00,151,,?execAddFloat@UGenericParamListStatEntry@@QAEXAAUFFrame@@QAX@Z
UGenericParamListStatEntry,AddInt,0x001deea0,0x1deea0,147,,?execAddInt@UGenericParamListStatEntry@@QAEXAAUFFrame@@QAX@Z
UGenericParamListStatEntry,AddVector,0x001def40,0x1def40,170,,?execAddVector@UGenericParamListStatEntry@@QAEXAAUFFrame@@QAX@Z
UGenericParamListStatEntry,GetFloat,0x001df010,0x1df010,210,,?execGetFloat@UGenericParamListStatEntry@@QAEXAAUFFrame@@QAX@Z
UGenericParamListStatEntry,GetVector,0x001df0f0,0x1df0f0,202,,?execGetVector@UGenericParamListStatEntry@@QAEXAAUFFrame@@QAX@Z
AActor,SuggestTossVelocity,0x001df680,0x1df680,586,,?execSuggestTossVelocity@AActor@@QAEXAAUFFrame@@QAX@Z
AController,LineOfSightTo,0x001df8f0,0x1df8f0,302,,?execLineOfSightTo@AController@@QAEXAAUFFrame@@QAX@Z
UOnlinePlayerStorage,FindProfileSettingIndex,0x001dfe90,0x1dfe90,96,,?execFindProfileSettingIndex@UOnlinePlayerStorage@@QAEXAAUFFrame@@QAX@Z
UOnlinePlayerStorage,FindProfileMappingIndex,0x001dfef0,0x1dfef0,96,,?execFindProfileMappingIndex@UOnlinePlayerStorage@@QAEXAAUFFrame@@QAX@Z
UOnlinePlayerStorage,FindDefaultProfileMappingIndexByName,0x001dff70,0x1dff70,109,,?execFindDefaultProfileMappingIndexByName@UOnlinePlayerStorage@@QAEXAAUFFrame@@QAX@Z
UOnlinePlayerStorage,IsProfileSettingIdMapped,0x001e0130,0x1e0130,101,,?execIsProfileSettingIdMapped@UOnlinePlayerStorage@@QAEXAAUFFrame@@QAX@Z
UOnlinePlayerStorage,GetProfileSettingValueName,0x001e0290,0x1e0290,115,,?execGetProfileSettingValueName@UOnlinePlayerStorage@@QAEXAAUFFrame@@QAX@Z
UOnlinePlayerStorage,GetProfileSettingValueId,0x001e0360,0x1e0360,290,,?execGetProfileSettingValueId@UOnlinePlayerStorage@@QAEXAAUFFrame@@QAX@Z
UOnlinePlayerStorage,GetProfileSettingValueFromListIndex,0x001e04a0,0x1e04a0,223,,?execGetProfileSettingValueFromListIndex@UOnlinePlayerStorage@@QAEXAAUFFrame@@QAX@Z
UOnlinePlayerStorage,GetProfileSettingValueInt,0x001e0680,0x1e0680,198,,?execGetProfileSettingValueInt@UOnlinePlayerStorage@@QAEXAAUFFrame@@QAX@Z
UOnlinePlayerStorage,GetProfileSettingValueFloat,0x001e0760,0x1e0760,199,,?execGetProfileSettingValueFloat@UOnlinePlayerStorage@@QAEXAAUFFrame@@QAX@Z
UOnlinePlayerStorage,SetProfileSettingValueId,0x001e0850,0x1e0850,139,,?execSetProfileSettingValueId@UOnlinePlayerStorage@@QAEXAAUFFrame@@QAX@Z
UOnlinePlayerStorage,SetProfileSettingValueInt,0x001e08e0,0x1e08e0,139,,?execSetProfileSettingValueInt@UOnlinePlayerStorage@@QAEXAAUFFrame@@QAX@Z
UOnlinePlayerStorage,SetProfileSettingValueFloat,0x001e0970,0x1e0970,143,,?execSetProfileSettingValueFloat@UOnlinePlayerStorage@@QAEXAAUFFrame@@QAX@Z
UOnlinePlayerStorage,GetProfileSettingMappingType,0x001e0a10,0x1e0a10,195,,?execGetProfileSettingMappingType@UOnlinePlayerStorage@@QAEXAAUFFrame@@QAX@Z
UOnlinePlayerStorage,GetProfileSettingRange,0x001e0b30,0x1e0b30,457,,?execGetProfileSettingRange@UOnlinePlayerStorage@@QAEXAAUFFrame@@QAX@Z
UOnlinePlayerStorage,SetRangedProfileSettingValue,0x001e0dd0,0x1e0dd0,143,,?execSetRangedProfileSettingValue@UOnlinePlayerStorage@@QAEXAAUFFrame@@QAX@Z
UOnlinePlayerStorage,SetRangedProfileSettingValueFloat,0x001e0e60,0x1e0e60,143,,?execSetRangedProfileSettingValueFloat@UOnlinePlayerStorage@@QAEXAAUFFrame@@QAX@Z
UOnlinePlayerStorage,SetRangedProfileSettingValueInt,0x001e0f30,0x1e0f30,139,,?execSetRangedProfileSettingValueInt@UOnlinePlayerStorage@@QAEXAAUFFrame@@QAX@Z
UOnlinePlayerStorage,GetRangedProfileSettingValue,0x001e0fd0,0x1e0fd0,199,,?execGetRangedProfileSettingValue@UOnlinePlayerStorage@@QAEXAAUFFrame@@QAX@Z
UOnlinePlayerStorage,GetRangedProfileSettingValueFloat,0x001e10c0,0x1e10c0,199,,?execGetRangedProfileSettingValueFloat@UOnlinePlayerStorage@@QAEXAAUFFrame@@QAX@Z
UOnlinePlayerStorage,GetRangedProfileSettingValueInt,0x001e1210,0x1e1210,198,,?execGetRangedProfileSettingValueInt@UOnlinePlayerStorage@@QAEXAAUFFrame@@QAX@Z
UOnlinePlayerStorage,AddSettingInt,0x001e1300,0x1e1300,96,,?execAddSettingInt@UOnlinePlayerStorage@@QAEXAAUFFrame@@QAX@Z
UOnlinePlayerStorage,AddSettingFloat,0x001e1360,0x1e1360,96,,?execAddSettingFloat@UOnlinePlayerStorage@@QAEXAAUFFrame@@QAX@Z
UOnlinePlayerStorage,SetToDefaults,0x001e13c0,0x1e13c0,53,,?execSetToDefaults@UOnlinePlayerStorage@@QAEXAAUFFrame@@QAX@Z
USeqAct_Delay,ResetDelayActive,0x001e1400,0x1e1400,53,,?execResetDelayActive@USeqAct_Delay@@QAEXAAUFFrame@@QAX@Z
UOnlinePlayerStorage,GetVersionNumber,0x001e1440,0x1e1440,58,,?execGetVersionNumber@UOnlinePlayerStorage@@QAEXAAUFFrame@@QAX@Z
UOnlinePlayerStorage,SetDefaultVersionNumber,0x001e14a0,0x1e14a0,53,,?execSetDefaultVersionNumber@UOnlinePlayerStorage@@QAEXAAUFFrame@@QAX@Z
UOnlineProfileSettings,GetProfileSettingDefaultId,0x001e1580,0x1e1580,269,,?execGetProfileSettingDefaultId@UOnlineProfileSettings@@QAEXAAUFFrame@@QAX@Z
UOnlineProfileSettings,GetProfileSettingDefaultInt,0x001e16b0,0x1e16b0,198,,?execGetProfileSettingDefaultInt@UOnlineProfileSettings@@QAEXAAUFFrame@@QAX@Z
UOnlineProfileSettings,GetProfileSettingDefaultFloat,0x001e17a0,0x1e17a0,199,,?execGetProfileSettingDefaultFloat@UOnlineProfileSettings@@QAEXAAUFFrame@@QAX@Z
UOnlineProfileSettings,AppendVersionToReadIds,0x001e1890,0x1e1890,53,,?execAppendVersionToReadIds@UOnlineProfileSettings@@QAEXAAUFFrame@@QAX@Z
UOnlineStats,GetViewId,0x001e19c0,0x1e19c0,196,,?execGetViewId@UOnlineStats@@QAEXAAUFFrame@@QAX@Z
UOnlineStats,GetViewName,0x001e1a90,0x1e1a90,115,,?execGetViewName@UOnlineStats@@QAEXAAUFFrame@@QAX@Z
UOnlineStatsRead,GetIntStatValueForPlayer,0x001e1ba0,0x1e1ba0,241,,?execGetIntStatValueForPlayer@UOnlineStatsRead@@QAEXAAUFFrame@@QAX@Z
UOnlineStatsRead,SetIntStatValueForPlayer,0x001e1d20,0x1e1d20,184,,?execSetIntStatValueForPlayer@UOnlineStatsRead@@QAEXAAUFFrame@@QAX@Z
UOnlineStatsRead,GetFloatStatValueForPlayer,0x001e1e50,0x1e1e50,242,,?execGetFloatStatValueForPlayer@UOnlineStatsRead@@QAEXAAUFFrame@@QAX@Z
UOnlineStatsRead,SetFloatStatValueForPlayer,0x001e1f70,0x1e1f70,188,,?execSetFloatStatValueForPlayer@UOnlineStatsRead@@QAEXAAUFFrame@@QAX@Z
UOnlineStatsRead,GetRankForPlayer,0x001e2030,0x1e2030,108,,?execGetRankForPlayer@UOnlineStatsRead@@QAEXAAUFFrame@@QAX@Z
UOnlineStatsWrite,GetStatId,0x001e2160,0x1e2160,196,,?execGetStatId@UOnlineStatsWrite@@QAEXAAUFFrame@@QAX@Z
UOnlineStatsWrite,GetStatName,0x001e2230,0x1e2230,115,,?execGetStatName@UOnlineStatsWrite@@QAEXAAUFFrame@@QAX@Z
UDisGlobalMusicManager,TickCallback_Chase,0x001e22b0,0x1e22b0,138,,?execTickCallback_Chase@UDisGlobalMusicManager@@QAEXAAUFFrame@@QAX@Z
UOnlineStatsWrite,SetIntStat,0x001e2340,0x1e2340,134,,?execSetIntStat@UOnlineStatsWrite@@QAEXAAUFFrame@@QAX@Z
UOnlineStatsWrite,IncrementFloatStat,0x001e23d0,0x1e23d0,150,,?execIncrementFloatStat@UOnlineStatsWrite@@QAEXAAUFFrame@@QAX@Z
UOnlineStatsWrite,IncrementIntStat,0x001e2470,0x1e2470,141,,?execIncrementIntStat@UOnlineStatsWrite@@QAEXAAUFFrame@@QAX@Z
UOnlineStatsWrite,DecrementFloatStat,0x001e2500,0x1e2500,150,,?execDecrementFloatStat@UOnlineStatsWrite@@QAEXAAUFFrame@@QAX@Z
UOnlineStatsWrite,DecrementIntStat,0x001e25a0,0x1e25a0,141,,?execDecrementIntStat@UOnlineStatsWrite@@QAEXAAUFFrame@@QAX@Z
UCheatManager,SetTargetedActor,0x001e2700,0x1e2700,96,,?execSetTargetedActor@UCheatManager@@QAEXAAUFFrame@@QAX@Z
ULocalPlayer,GetActorVisibility,0x001e27f0,0x1e27f0,96,,?execGetActorVisibility@ULocalPlayer@@QAEXAAUFFrame@@QAX@Z
AFileWriter,CloseFile,0x001e2850,0x1e2850,48,,?execCloseFile@AFileWriter@@QAEXAAUFFrame@@QAX@Z
ULocalPlayer,GetTranslationContext,0x001e28d0,0x1e28d0,53,,?execGetTranslationContext@ULocalPlayer@@QAEXAAUFFrame@@QAX@Z
ULocalPlayer,InsertPostProcessingChain,0x001e2910,0x1e2910,190,,?execInsertPostProcessingChain@ULocalPlayer@@QAEXAAUFFrame@@QAX@Z
ULocalPlayer,GetPostProcessChain,0x001e2a00,0x1e2a00,101,,?execGetPostProcessChain@ULocalPlayer@@QAEXAAUFFrame@@QAX@Z
ULocalPlayer,DeProject,0x001e2aa0,0x1e2aa0,259,,?execDeProject@ULocalPlayer@@QAEXAAUFFrame@@QAX@Z
UMaterialInterface,GetFontParameterValue,0x001e3680,0x1e3680,276,,?execGetFontParameterValue@UMaterialInterface@@QAEXAAUFFrame@@QAX@Z
UMaterialInterface,GetScalarParameterValue,0x001e37a0,0x1e37a0,210,,?execGetScalarParameterValue@UMaterialInterface@@QAEXAAUFFrame@@QAX@Z
UMaterialInterface,GetTextureParameterValue,0x001e3880,0x1e3880,196,,?execGetTextureParameterValue@UMaterialInterface@@QAEXAAUFFrame@@QAX@Z
UMaterialInterface,GetVectorParameterValue,0x001e3970,0x1e3970,202,,?execGetVectorParameterValue@UMaterialInterface@@QAEXAAUFFrame@@QAX@Z
UMaterialInterface,SetForceMipLevelsToBeResident,0x001e3a40,0x1e3a40,245,,?execSetForceMipLevelsToBeResident@UMaterialInterface@@QAEXAAUFFrame@@QAX@Z
UTranslationContext,RegisterTranslatorTag,0x001e3f20,0x1e3f20,101,,?execRegisterTranslatorTag@UTranslationContext@@QAEXAAUFFrame@@QAX@Z
UUIManager,CanUnpauseInternalUI,0x001e4100,0x1e4100,53,,?execCanUnpauseInternalUI@UUIManager@@QAEXAAUFFrame@@QAX@Z
UTexture2D,SetForceMipLevelsToBeResident,0x001e41c0,0x1e41c0,140,,?execSetForceMipLevelsToBeResident@UTexture2D@@QAEXAAUFFrame@@QAX@Z
UTextureFlipBook,Stop,0x001e4290,0x1e4290,53,,?execStop@UTextureFlipBook@@QAEXAAUFFrame@@QAX@Z
UTextureFlipBook,SetCurrentFrame,0x001e42d0,0x1e42d0,134,,?execSetCurrentFrame@UTextureFlipBook@@QAEXAAUFFrame@@QAX@Z
UTexture2DComposite,SourceTexturesFullyStreamedIn,0x001e43a0,0x1e43a0,53,,?execSourceTexturesFullyStreamedIn@UTexture2DComposite@@QAEXAAUFFrame@@QAX@Z
UTexture2DComposite,UpdateCompositeTexture,0x001e43e0,0x1e43e0,91,,?execUpdateCompositeTexture@UTexture2DComposite@@QAEXAAUFFrame@@QAX@Z
UTexture2DComposite,ResetSourceRegions,0x001e4440,0x1e4440,48,,?execResetSourceRegions@UTexture2DComposite@@QAEXAAUFFrame@@QAX@Z
UTexture2DDynamic,Init,0x001e4490,0x1e4490,229,,?execInit@UTexture2DDynamic@@QAEXAAUFFrame@@QAX@Z
UTextureMovie,Pause,0x001e4580,0x1e4580,53,,?execPause@UTextureMovie@@QAEXAAUFFrame@@QAX@Z
ACamera,ApplyCameraModifiers,0x001e46a0,0x1e46a0,183,,?execApplyCameraModifiers@ACamera@@QAEXAAUFFrame@@QAX@Z
ACamera,GetFOVAngle,0x001e4780,0x1e4780,85,,?execGetFOVAngle@ACamera@@QAEXAAUFFrame@@QAX@Z
ACamera,GetCameraViewPoint,0x001e47e0,0x1e47e0,261,,?execGetCameraViewPoint@ACamera@@QAEXAAUFFrame@@QAX@Z
ACamera,UpdateCamera,0x001e48f0,0x1e48f0,100,,?execUpdateCamera@ACamera@@QAEXAAUFFrame@@QAX@Z
ACamera,CheckViewTarget,0x001e4960,0x1e4960,141,,?execCheckViewTarget@ACamera@@QAEXAAUFFrame@@QAX@Z
ACamera,FindCameraLensEffect,0x001e49f0,0x1e49f0,101,,?execFindCameraLensEffect@ACamera@@QAEXAAUFFrame@@QAX@Z
ACamera,AddCameraLensEffect,0x001e4a80,0x1e4a80,101,,?execAddCameraLensEffect@ACamera@@QAEXAAUFFrame@@QAX@Z
ACamera,ClearCameraLensEffects,0x001e4af0,0x1e4af0,53,,?execClearCameraLensEffects@ACamera@@QAEXAAUFFrame@@QAX@Z
UMaterialInstance,SetVectorParameterValue,0x001e4b70,0x1e4b70,197,,?execSetVectorParameterValue@UMaterialInstance@@QAEXAAUFFrame@@QAX@Z
UMaterialInstance,SetScalarParameterValue,0x001e4c40,0x1e4c40,151,,?execSetScalarParameterValue@UMaterialInstance@@QAEXAAUFFrame@@QAX@Z
UMaterialInstance,SetTextureParameterValue,0x001e4ce0,0x1e4ce0,147,,?execSetTextureParameterValue@UMaterialInstance@@QAEXAAUFFrame@@QAX@Z
UMaterialInstance,SetFontParameterValue,0x001e4d80,0x1e4d80,172,,?execSetFontParameterValue@UMaterialInstance@@QAEXAAUFFrame@@QAX@Z
UMaterialInstance,ClearParameterValues,0x001e4e30,0x1e4e30,53,,?execClearParameterValues@UMaterialInstance@@QAEXAAUFFrame@@QAX@Z
UMaterialInstance,IsInMapOrTransientPackage,0x001e4e70,0x1e4e70,58,,?execIsInMapOrTransientPackage@UMaterialInstance@@QAEXAAUFFrame@@QAX@Z
UCameraModifier,ModifyCamera,0x001e4eb0,0x1e4eb0,233,,?execModifyCamera@UCameraModifier@@QAEXAAUFFrame@@QAX@Z
UDisGlobalMusicManager,TickCallback_RatAttack,0x001e4fa0,0x1e4fa0,138,,?execTickCallback_RatAttack@UDisGlobalMusicManager@@QAEXAAUFFrame@@QAX@Z
UMaterialInstanceTimeVarying,SetScalarStartTime,0x001e5170,0x1e5170,151,,?execSetScalarStartTime@UMaterialInstanceTimeVarying@@QAEXAAUFFrame@@QAX@Z
UMaterialInstanceTimeVarying,SetDuration,0x001e5210,0x1e5210,100,,?execSetDuration@UMaterialInstanceTimeVarying@@QAEXAAUFFrame@@QAX@Z
UMaterialInstanceTimeVarying,SetVectorStartTime,0x001e5280,0x1e5280,151,,?execSetVectorStartTime@UMaterialInstanceTimeVarying@@QAEXAAUFFrame@@QAX@Z
UMaterialInstanceTimeVarying,GetMaxDurationFromAllParameters,0x001e5320,0x1e5320,58,,?execGetMaxDurationFromAllParameters@UMaterialInstanceTimeVarying@@QAEXAAUFFrame@@QAX@Z
AController,IsLocalPlayerController,0x001e5360,0x1e5360,58,,?execIsLocalPlayerController@AController@@QAEXAAUFFrame@@QAX@Z
AController,RouteCache_InsertItem,0x001e53a0,0x1e53a0,141,,?execRouteCache_InsertItem@AController@@QAEXAAUFFrame@@QAX@Z
AController,RouteCache_RemoveIndex,0x001e5430,0x1e5430,141,,?execRouteCache_RemoveIndex@AController@@QAEXAAUFFrame@@QAX@Z
AController,SetFocalPoint,0x001e54c0,0x1e54c0,199,,?execSetFocalPoint@AController@@QAEXAAUFFrame@@QAX@Z
AController,GetFocalPoint,0x001e5590,0x1e5590,81,,?execGetFocalPoint@AController@@QAEXAAUFFrame@@QAX@Z
AController,SetAdjustLocation,0x001e55f0,0x1e55f0,226,,?execSetAdjustLocation@AController@@QAEXAAUFFrame@@QAX@Z
AController,GetAdjustLocation,0x001e56e0,0x1e56e0,81,,?execGetAdjustLocation@AController@@QAEXAAUFFrame@@QAX@Z
APawn,SetAnchor,0x001e5740,0x1e5740,96,,?execSetAnchor@APawn@@QAEXAAUFFrame@@QAX@Z
AController,BeyondFogDistance,0x001e57a0,0x1e57a0,123,,?execBeyondFogDistance@AController@@QAEXAAUFFrame@@QAX@Z
AController,CanSee,0x001e5820,0x1e5820,103,,?execCanSee@AController@@QAEXAAUFFrame@@QAX@Z
AController,PickTarget,0x001e5890,0x1e5890,336,,?execPickTarget@AController@@QAEXAAUFFrame@@QAX@Z
AController,GetPlayerViewPoint,0x001e59e0,0x1e59e0,223,,?execGetPlayerViewPoint@AController@@QAEXAAUFFrame@@QAX@Z
AController,InLatentExecution,0x001e5ac0,0x1e5ac0,100,,?execInLatentExecution@AController@@QAEXAAUFFrame@@QAX@Z
AController,StopLatentExecution,0x001e5b30,0x1e5b30,66,,?execStopLatentExecution@AController@@QAEXAAUFFrame@@QAX@Z
AKActor,GetKActorPhysMaterial,0x001e5c20,0x1e5c20,53,,?execGetKActorPhysMaterial@AKActor@@QAEXAAUFFrame@@QAX@Z
AKActor,ResolveRBState,0x001e5c60,0x1e5c60,48,,?execResolveRBState@AKActor@@QAEXAAUFFrame@@QAX@Z
AKActor,ApplyImpulse,0x001e5c90,0x1e5c90,385,,?execApplyImpulse@AKActor@@QAEXAAUFFrame@@QAX@Z
AKActorFromStatic,DisablePrecomputedLighting,0x001e5e40,0x1e5e40,48,,?execDisablePrecomputedLighting@AKActorFromStatic@@QAEXAAUFFrame@@QAX@Z
AKActorFromStatic,MakeStatic,0x001e5e70,0x1e5e70,48,,?execMakeStatic@AKActorFromStatic@@QAEXAAUFFrame@@QAX@Z
AKActorFromStatic,MakeDynamic,0x001e5ea0,0x1e5ea0,96,,?execMakeDynamic@AKActorFromStatic@@QAEXAAUFFrame@@QAX@Z
AKActorSpawnable,ResetComponents,0x001e5f20,0x1e5f20,48,,?execResetComponents@AKActorSpawnable@@QAEXAAUFFrame@@QAX@Z
ARB_ConstraintActor,SetDisableCollision,0x001e5f90,0x1e5f90,102,,?execSetDisableCollision@ARB_ConstraintActor@@QAEXAAUFFrame@@QAX@Z
ARB_ConstraintActor,InitConstraint,0x001e6000,0x1e6000,271,,?execInitConstraint@ARB_ConstraintActor@@QAEXAAUFFrame@@QAX@Z
ARB_ConstraintActor,TermConstraint,0x001e6110,0x1e6110,48,,?execTermConstraint@ARB_ConstraintActor@@QAEXAAUFFrame@@QAX@Z
ARB_LineImpulseActor,FireLineImpulse,0x001e6160,0x1e6160,48,,?execFireLineImpulse@ARB_LineImpulseActor@@QAEXAAUFFrame@@QAX@Z
APlayerController,SetAllowMatureLanguage,0x001e61d0,0x1e61d0,107,,?execSetAllowMatureLanguage@APlayerController@@QAEXAAUFFrame@@QAX@Z
APlayerController,CheckSpeedHack,0x001e6260,0x1e6260,100,,?execCheckSpeedHack@APlayerController@@QAEXAAUFFrame@@QAX@Z
APlayerController,CleanUpAudioComponents,0x001e62d0,0x1e62d0,53,,?execCleanUpAudioComponents@APlayerController@@QAEXAAUFFrame@@QAX@Z
APlayerController,ResetTimeMargin,0x001e6310,0x1e6310,48,,?execResetTimeMargin@APlayerController@@QAEXAAUFFrame@@QAX@Z
APlayerController,CleanOutSavedMoves,0x001e6360,0x1e6360,48,,?execCleanOutSavedMoves@APlayerController@@QAEXAAUFFrame@@QAX@Z
APlayerController,IsControllerTiltActive,0x001e6390,0x1e6390,58,,?execIsControllerTiltActive@APlayerController@@QAEXAAUFFrame@@QAX@Z
APlayerController,SetControllerTiltDesiredIfAvailable,0x001e63d0,0x1e63d0,107,,?execSetControllerTiltDesiredIfAvailable@APlayerController@@QAEXAAUFFrame@@QAX@Z
APlayerController,SetControllerTiltActive,0x001e6440,0x1e6440,107,,?execSetControllerTiltActive@APlayerController@@QAEXAAUFFrame@@QAX@Z
APlayerController,SetOnlyUseControllerTiltInput,0x001e64b0,0x1e64b0,107,,?execSetOnlyUseControllerTiltInput@APlayerController@@QAEXAAUFFrame@@QAX@Z
URB_RadialImpulseComponent,FireImpulse,0x001e6520,0x1e6520,121,,?execFireImpulse@URB_RadialImpulseComponent@@QAEXAAUFFrame@@QAX@Z
APlayerController,SetUseTiltForwardAndBack,0x001e65a0,0x1e65a0,107,,?execSetUseTiltForwardAndBack@APlayerController@@QAEXAAUFFrame@@QAX@Z
APlayerController,IsKeyboardAvailable,0x001e6630,0x1e6630,58,,?execIsKeyboardAvailable@APlayerController@@QAEXAAUFFrame@@QAX@Z
APlayerController,IsMouseAvailable,0x001e6670,0x1e6670,58,,?execIsMouseAvailable@APlayerController@@QAEXAAUFFrame@@QAX@Z
APlayerController,HandleWalking,0x001e66b0,0x1e66b0,100,,?execHandleWalking@APlayerController@@QAEXAAUFFrame@@QAX@Z
APlayerController,HasClientLoadedCurrentWorld,0x001e6720,0x1e6720,59,,?execHasClientLoadedCurrentWorld@APlayerController@@QAEXAAUFFrame@@QAX@Z
APlayerController,GetFOVAngle,0x001e6760,0x1e6760,53,,?execGetFOVAngle@APlayerController@@QAEXAAUFFrame@@QAX@Z
APlayerController,SetViewTarget,0x001e67a0,0x1e67a0,225,,?execSetViewTarget@APlayerController@@QAEXAAUFFrame@@QAX@Z
URB_Handle,GrabComponent,0x001e6890,0x1e6890,244,,?execGrabComponent@URB_Handle@@QAEXAAUFFrame@@QAX@Z
APlayerController,GetViewTarget,0x001e6990,0x1e6990,58,,?execGetViewTarget@APlayerController@@QAEXAAUFFrame@@QAX@Z
APlayerController,UpdateRotation,0x001e69d0,0x1e69d0,95,,?execUpdateRotation@APlayerController@@QAEXAAUFFrame@@QAX@Z
APlayerController,ProcessViewRotation,0x001e6a30,0x1e6a30,232,,?execProcessViewRotation@APlayerController@@QAEXAAUFFrame@@QAX@Z
URB_Handle,SetSmoothLocation,0x001e6b20,0x1e6b20,163,,?execSetSmoothLocation@URB_Handle@@QAEXAAUFFrame@@QAX@Z
APlayerController,LimitViewRotation,0x001e6bd0,0x1e6bd0,203,,?execLimitViewRotation@APlayerController@@QAEXAAUFFrame@@QAX@Z
URB_Handle,UpdateSmoothLocation,0x001e6ca0,0x1e6ca0,141,,?execUpdateSmoothLocation@URB_Handle@@QAEXAAUFFrame@@QAX@Z
APlayerController,PlayerMove_Walking,0x001e6d30,0x1e6d30,100,,?execPlayerMove_Walking@APlayerController@@QAEXAAUFFrame@@QAX@Z
URB_Handle,SetOrientation,0x001e6da0,0x1e6da0,170,,?execSetOrientation@URB_Handle@@QAEXAAUFFrame@@QAX@Z
APlayerController,IsMoveInputIgnored,0x001e6e50,0x1e6e50,58,,?execIsMoveInputIgnored@APlayerController@@QAEXAAUFFrame@@QAX@Z
URB_Handle,GetOrientation,0x001e6e90,0x1e6e90,109,,?execGetOrientation@URB_Handle@@QAEXAAUFFrame@@QAX@Z
APlayerController,IsLookInputIgnored,0x001e6f00,0x1e6f00,58,,?execIsLookInputIgnored@APlayerController@@QAEXAAUFFrame@@QAX@Z
APlayerController,CleanUpBeforeLevelTransition,0x001e6f40,0x1e6f40,53,,?execCleanUpBeforeLevelTransition@APlayerController@@QAEXAAUFFrame@@QAX@Z
APlayerController,ClientUpdateLevelStreamingStatus,0x001e6fa0,0x1e6fa0,239,,?execClientUpdateLevelStreamingStatus@APlayerController@@QAEXAAUFFrame@@QAX@Z
APlayerController,GetPlayerControllerFromNetId,0x001e7090,0x1e7090,96,,?execGetPlayerControllerFromNetId@APlayerController@@QAEXAAUFFrame@@QAX@Z
APlayerController,SetShowSubtitles,0x001e70f0,0x1e70f0,107,,?execSetShowSubtitles@APlayerController@@QAEXAAUFFrame@@QAX@Z
URB_Spring,SetComponents,0x001e7160,0x1e7160,335,,?execSetComponents@URB_Spring@@QAEXAAUFFrame@@QAX@Z
APlayerController,IsShowingSubtitles,0x001e72b0,0x1e72b0,58,,?execIsShowingSubtitles@APlayerController@@QAEXAAUFFrame@@QAX@Z
APlayerController,Sentinel_TakeScreenshotEnabled,0x001e72f0,0x1e72f0,58,,?execSentinel_TakeScreenshotEnabled@APlayerController@@QAEXAAUFFrame@@QAX@Z
UUIDynamicFieldProvider,SavePersistentProviderData,0x001e7330,0x1e7330,53,,?execSavePersistentProviderData@UUIDynamicFieldProvider@@QAEXAAUFFrame@@QAX@Z
UPhysicalMaterial,FindPhysEffectInfo,0x001e73b0,0x1e73b0,118,,?execFindPhysEffectInfo@UPhysicalMaterial@@QAEXAAUFFrame@@QAX@Z
UPhysicsAsset,FindBodyIndex,0x001e7470,0x1e7470,109,,?execFindBodyIndex@UPhysicsAsset@@QAEXAAUFFrame@@QAX@Z
UPhysicsAssetInstance,SetLinearDriveScale,0x001e7540,0x1e7540,183,,?execSetLinearDriveScale@UPhysicsAssetInstance@@QAEXAAUFFrame@@QAX@Z
UPhysicsAssetInstance,SetAngularDriveScale,0x001e7600,0x1e7600,183,,?execSetAngularDriveScale@UPhysicsAssetInstance@@QAEXAAUFFrame@@QAX@Z
UPhysicsAssetInstance,GetTotalMassBelowBone,0x001e76c0,0x1e76c0,172,,?execGetTotalMassBelowBone@UPhysicsAssetInstance@@QAEXAAUFFrame@@QAX@Z
UPhysicsAssetInstance,SetAllBodiesFixed,0x001e7770,0x1e7770,102,,?execSetAllBodiesFixed@UPhysicsAssetInstance@@QAEXAAUFFrame@@QAX@Z
UPhysicsAssetInstance,ForceAllBodiesBelowUnfixed,0x001e77e0,0x1e77e0,254,,?execForceAllBodiesBelowUnfixed@UPhysicsAssetInstance@@QAEXAAUFFrame@@QAX@Z
UPhysicsAssetInstance,SetAllMotorsAngularPositionDrive,0x001e78e0,0x1e78e0,241,,?execSetAllMotorsAngularPositionDrive@UPhysicsAssetInstance@@QAEXAAUFFrame@@QAX@Z
UPhysicsAssetInstance,SetAllMotorsAngularVelocityDrive,0x001e79e0,0x1e79e0,234,,?execSetAllMotorsAngularVelocityDrive@UPhysicsAssetInstance@@QAEXAAUFFrame@@QAX@Z
UPhysicsAssetInstance,SetAllMotorsAngularDriveParams,0x001e7ad0,0x1e7ad0,284,,?execSetAllMotorsAngularDriveParams@UPhysicsAssetInstance@@QAEXAAUFFrame@@QAX@Z
UPhysicsAssetInstance,SetFullAnimWeightBlockRigidBody,0x001e7bf0,0x1e7bf0,140,,?execSetFullAnimWeightBlockRigidBody@UPhysicsAssetInstance@@QAEXAAUFFrame@@QAX@Z
UPhysicsAssetInstance,SetFullAnimWeightBonesFixed,0x001e7c80,0x1e7c80,140,,?execSetFullAnimWeightBonesFixed@UPhysicsAssetInstance@@QAEXAAUFFrame@@QAX@Z
UPhysicsAssetInstance,FindBodyInstance,0x001e7d10,0x1e7d10,147,,?execFindBodyInstance@UPhysicsAssetInstance@@QAEXAAUFFrame@@QAX@Z
UPhysicsAssetInstance,FindConstraintInstance,0x001e7db0,0x1e7db0,147,,?execFindConstraintInstance@UPhysicsAssetInstance@@QAEXAAUFFrame@@QAX@Z
ADebugCameraController,PrimarySelect,0x001e7e90,0x1e7e90,248,,?execPrimarySelect@ADebugCameraController@@QAEXAAUFFrame@@QAX@Z
ADebugCameraController,SecondarySelect,0x001e7f90,0x1e7f90,248,,?execSecondarySelect@ADebugCameraController@@QAEXAAUFFrame@@QAX@Z
URB_BodyInstance,GetBodyMass,0x001e8090,0x1e8090,53,,?execGetBodyMass@URB_BodyInstance@@QAEXAAUFFrame@@QAX@Z
URB_BodyInstance,SetFixed,0x001e80d0,0x1e80d0,102,,?execSetFixed@URB_BodyInstance@@QAEXAAUFFrame@@QAX@Z
AGamePlayerController,CrowdToggle,0x001e8140,0x1e8140,53,,?execCrowdToggle@AGamePlayerController@@QAEXAAUFFrame@@QAX@Z
URB_BodyInstance,IsFixed,0x001e8180,0x1e8180,53,,?execIsFixed@URB_BodyInstance@@QAEXAAUFFrame@@QAX@Z
URB_BodyInstance,IsValidBodyInstance,0x001e81e0,0x1e81e0,53,,?execIsValidBodyInstance@URB_BodyInstance@@QAEXAAUFFrame@@QAX@Z
URB_BodyInstance,GetPhysicsAssetInstance,0x001e8220,0x1e8220,53,,?execGetPhysicsAssetInstance@URB_BodyInstance@@QAEXAAUFFrame@@QAX@Z
URB_BodyInstance,GetUnrealWorldTM,0x001e8260,0x1e8260,93,,?execGetUnrealWorldTM@URB_BodyInstance@@QAEXAAUFFrame@@QAX@Z
URB_BodyInstance,GetUnrealWorldVelocity,0x001e82c0,0x1e82c0,76,,?execGetUnrealWorldVelocity@URB_BodyInstance@@QAEXAAUFFrame@@QAX@Z
URB_BodyInstance,GetUnrealWorldAngularVelocity,0x001e8310,0x1e8310,76,,?execGetUnrealWorldAngularVelocity@URB_BodyInstance@@QAEXAAUFFrame@@QAX@Z
URB_BodyInstance,GetUnrealWorldVelocityAtPoint,0x001e8360,0x1e8360,139,,?execGetUnrealWorldVelocityAtPoint@URB_BodyInstance@@QAEXAAUFFrame@@QAX@Z
URB_BodyInstance,EnableBoneSpring,0x001e8410,0x1e8410,263,,?execEnableBoneSpring@URB_BodyInstance@@QAEXAAUFFrame@@QAX@Z
URB_BodyInstance,SetBoneSpringParams,0x001e8520,0x1e8520,225,,?execSetBoneSpringParams@URB_BodyInstance@@QAEXAAUFFrame@@QAX@Z
URB_BodyInstance,SetBoneSpringTarget,0x001e8610,0x1e8610,214,,?execSetBoneSpringTarget@URB_BodyInstance@@QAEXAAUFFrame@@QAX@Z
URB_BodyInstance,SetBlockRigidBody,0x001e86f0,0x1e86f0,102,,?execSetBlockRigidBody@URB_BodyInstance@@QAEXAAUFFrame@@QAX@Z
URB_BodyInstance,SetPhysMaterialOverride,0x001e8760,0x1e8760,91,,?execSetPhysMaterialOverride@URB_BodyInstance@@QAEXAAUFFrame@@QAX@Z
URB_BodyInstance,EnableCollisionResponse,0x001e87c0,0x1e87c0,102,,?execEnableCollisionResponse@URB_BodyInstance@@QAEXAAUFFrame@@QAX@Z
UGameStatsAggregator,PostProcessStream,0x001e8830,0x1e8830,53,,?execPostProcessStream@UGameStatsAggregator@@QAEXAAUFFrame@@QAX@Z
URB_BodyInstance,SetContactReportForceThreshold,0x001e8870,0x1e8870,95,,?execSetContactReportForceThreshold@URB_BodyInstance@@QAEXAAUFFrame@@QAX@Z
URB_BodyInstance,UpdateMassProperties,0x001e88d0,0x1e88d0,91,,?execUpdateMassProperties@URB_BodyInstance@@QAEXAAUFFrame@@QAX@Z
URB_BodyInstance,UpdateDampingProperties,0x001e8950,0x1e8950,48,,?execUpdateDampingProperties@URB_BodyInstance@@QAEXAAUFFrame@@QAX@Z
URB_ConstraintInstance,InitConstraint,0x001e89a0,0x1e89a0,315,,?execInitConstraint@URB_ConstraintInstance@@QAEXAAUFFrame@@QAX@Z
URB_ConstraintInstance,GetPhysicsAssetInstance,0x001e8ae0,0x1e8ae0,53,,?execGetPhysicsAssetInstance@URB_ConstraintInstance@@QAEXAAUFFrame@@QAX@Z
URB_ConstraintInstance,GetConstraintLocation,0x001e8b20,0x1e8b20,76,,?execGetConstraintLocation@URB_ConstraintInstance@@QAEXAAUFFrame@@QAX@Z
URB_ConstraintInstance,SetLinearPositionDrive,0x001e8b70,0x1e8b70,202,,?execSetLinearPositionDrive@URB_ConstraintInstance@@QAEXAAUFFrame@@QAX@Z
URB_ConstraintInstance,SetLinearVelocityDrive,0x001e8c40,0x1e8c40,202,,?execSetLinearVelocityDrive@URB_ConstraintInstance@@QAEXAAUFFrame@@QAX@Z
URB_ConstraintInstance,SetAngularPositionDrive,0x001e8d10,0x1e8d10,151,,?execSetAngularPositionDrive@URB_ConstraintInstance@@QAEXAAUFFrame@@QAX@Z
URB_ConstraintInstance,SetAngularVelocityDrive,0x001e8db0,0x1e8db0,151,,?execSetAngularVelocityDrive@URB_ConstraintInstance@@QAEXAAUFFrame@@QAX@Z
URB_ConstraintInstance,SetLinearPositionTarget,0x001e8e50,0x1e8e50,116,,?execSetLinearPositionTarget@URB_ConstraintInstance@@QAEXAAUFFrame@@QAX@Z
URB_ConstraintInstance,SetLinearVelocityTarget,0x001e8ed0,0x1e8ed0,116,,?execSetLinearVelocityTarget@URB_ConstraintInstance@@QAEXAAUFFrame@@QAX@Z
URB_ConstraintInstance,SetLinearDriveParams,0x001e8f50,0x1e8f50,183,,?execSetLinearDriveParams@URB_ConstraintInstance@@QAEXAAUFFrame@@QAX@Z
URB_ConstraintInstance,SetAngularPositionTarget,0x001e9010,0x1e9010,158,,?execSetAngularPositionTarget@URB_ConstraintInstance@@QAEXAAUFFrame@@QAX@Z
URB_ConstraintInstance,SetAngularVelocityTarget,0x001e90b0,0x1e90b0,116,,?execSetAngularVelocityTarget@URB_ConstraintInstance@@QAEXAAUFFrame@@QAX@Z
URB_ConstraintInstance,SetAngularDriveParams,0x001e9150,0x1e9150,183,,?execSetAngularDriveParams@URB_ConstraintInstance@@QAEXAAUFFrame@@QAX@Z
URB_ConstraintInstance,SetAngularDOFLimitScale,0x001e9210,0x1e9210,221,,?execSetAngularDOFLimitScale@URB_ConstraintInstance@@QAEXAAUFFrame@@QAX@Z
URB_ConstraintInstance,SetLinearLimitSize,0x001e92f0,0x1e92f0,95,,?execSetLinearLimitSize@URB_ConstraintInstance@@QAEXAAUFFrame@@QAX@Z
URB_ConstraintInstance,MoveKinActorTransform,0x001e9350,0x1e9350,158,,?execMoveKinActorTransform@URB_ConstraintInstance@@QAEXAAUFFrame@@QAX@Z
UDownloadableContentManager,ClearDLC,0x001e9470,0x1e9470,53,,?execClearDLC@UDownloadableContentManager@@QAEXAAUFFrame@@QAX@Z
UGameViewportClient,SetCustomInteractionObject,0x001e94b0,0x1e94b0,96,,?execSetCustomInteractionObject@UGameViewportClient@@QAEXAAUFFrame@@QAX@Z
UEngine,StopMovie,0x001e9510,0x1e9510,107,,?execStopMovie@UEngine@@QAEXAAUFFrame@@QAX@Z
ADecalManager,AreDynamicDecalsEnabled,0x001e99d0,0x1e99d0,53,,?execAreDynamicDecalsEnabled@ADecalManager@@QAEXAAUFFrame@@QAX@Z
ADecalManager,SetDecalParameters,0x001e9a10,0x1e9a10,793,,?execSetDecalParameters@ADecalManager@@QAEXAAUFFrame@@QAX@Z
ADecalManager,GetPooledComponent,0x001e9d30,0x1e9d30,58,,?execGetPooledComponent@ADecalManager@@QAEXAAUFFrame@@QAX@Z
ADecalManager,SpawnDecal,0x001e9d70,0x1e9d70,872,,?execSpawnDecal@ADecalManager@@QAEXAAUFFrame@@QAX@Z
UDecalComponent,ResetToDefaults,0x001ea100,0x1ea100,48,,?execResetToDefaults@UDecalComponent@@QAEXAAUFFrame@@QAX@Z
UDecalComponent,SetDecalMaterial,0x001ea130,0x1ea130,91,,?execSetDecalMaterial@UDecalComponent@@QAEXAAUFFrame@@QAX@Z
UDecalComponent,GetDecalMaterial,0x001ea190,0x1ea190,53,,?execGetDecalMaterial@UDecalComponent@@QAEXAAUFFrame@@QAX@Z
USpeedTreeComponent,GetMaterial,0x001ea410,0x1ea410,98,,?execGetMaterial@USpeedTreeComponent@@QAEXAAUFFrame@@QAX@Z
USpeedTreeComponent,SetMaterial,0x001ea480,0x1ea480,131,,?execSetMaterial@USpeedTreeComponent@@QAEXAAUFFrame@@QAX@Z
UFluidSurfaceComponent,ApplyForce,0x001ea590,0x1ea590,256,,?execApplyForce@UFluidSurfaceComponent@@QAEXAAUFFrame@@QAX@Z
UFluidSurfaceComponent,SetDetailPosition,0x001ea690,0x1ea690,116,,?execSetDetailPosition@UFluidSurfaceComponent@@QAEXAAUFFrame@@QAX@Z
UFluidSurfaceComponent,SetSimulationPosition,0x001ea710,0x1ea710,116,,?execSetSimulationPosition@UFluidSurfaceComponent@@QAEXAAUFFrame@@QAX@Z
ASplineActor,GetWorldSpaceTangent,0x001ea830,0x1ea830,81,,?execGetWorldSpaceTangent@ASplineActor@@QAEXAAUFFrame@@QAX@Z
ASplineActor,UpdateConnectedSplineComponents,0x001ea890,0x1ea890,107,,?execUpdateConnectedSplineComponents@ASplineActor@@QAEXAAUFFrame@@QAX@Z
ADisRiverKrust,OnRiverKrustDisable,0x001ea900,0x1ea900,96,,?execOnRiverKrustDisable@ADisRiverKrust@@QAEXAAUFFrame@@QAX@Z
ASplineActor,IsConnectedTo,0x001ea960,0x1ea960,150,,?execIsConnectedTo@ASplineActor@@QAEXAAUFFrame@@QAX@Z
ASplineActor,FindTargetForComponent,0x001eaa00,0x1eaa00,101,,?execFindTargetForComponent@ASplineActor@@QAEXAAUFFrame@@QAX@Z
UDishonoredCheatManager,NPCToggleSteeringAvoidable,0x001eaa70,0x1eaa70,53,,?execNPCToggleSteeringAvoidable@UDishonoredCheatManager@@QAEXAAUFFrame@@QAX@Z
ASplineActor,GetRandomConnection,0x001eaab0,0x1eaab0,119,,?execGetRandomConnection@ASplineActor@@QAEXAAUFFrame@@QAX@Z
ASplineActor,GetBestConnectionInDirection,0x001eab30,0x1eab30,182,,?execGetBestConnectionInDirection@ASplineActor@@QAEXAAUFFrame@@QAX@Z
ASplineLoftActor,UpdateSplineParams,0x001eabf0,0x1eabf0,53,,?execUpdateSplineParams@ASplineLoftActor@@QAEXAAUFFrame@@QAX@Z
USplineComponent,UpdateSplineCurviness,0x001eac50,0x1eac50,53,,?execUpdateSplineCurviness@USplineComponent@@QAEXAAUFFrame@@QAX@Z
USplineComponent,GetSplineLength,0x001eac90,0x1eac90,58,,?execGetSplineLength@USplineComponent@@QAEXAAUFFrame@@QAX@Z
USplineComponent,GetLocationAtDistanceAlongSpline,0x001eacd0,0x1eacd0,125,,?execGetLocationAtDistanceAlongSpline@USplineComponent@@QAEXAAUFFrame@@QAX@Z
USplineComponent,GetTangentAtDistanceAlongSpline,0x001ead50,0x1ead50,125,,?execGetTangentAtDistanceAlongSpline@USplineComponent@@QAEXAAUFFrame@@QAX@Z
ALensFlareSource,SetTemplate,0x001eadf0,0x1eadf0,91,,?execSetTemplate@ALensFlareSource@@QAEXAAUFFrame@@QAX@Z
ULensFlareComponent,SetTemplate,0x001eae70,0x1eae70,147,,?execSetTemplate@ULensFlareComponent@@QAEXAAUFFrame@@QAX@Z
ULensFlareComponent,SetSourceColor,0x001eaf10,0x1eaf10,115,,?execSetSourceColor@ULensFlareComponent@@QAEXAAUFFrame@@QAX@Z
ULensFlareComponent,SetIsActive,0x001eaf90,0x1eaf90,107,,?execSetIsActive@ULensFlareComponent@@QAEXAAUFFrame@@QAX@Z
UPointLightComponent,SetTranslation,0x001eb840,0x1eb840,116,,?execSetTranslation@UPointLightComponent@@QAEXAAUFFrame@@QAX@Z
USpotLightComponent,SetRotation,0x001eb8e0,0x1eb8e0,104,,?execSetRotation@USpotLightComponent@@QAEXAAUFFrame@@QAX@Z
ULightEnvironmentComponent,SetEnabled,0x001eb970,0x1eb970,102,,?execSetEnabled@ULightEnvironmentComponent@@QAEXAAUFFrame@@QAX@Z
ULightEnvironmentComponent,IsEnabled,0x001eb9e0,0x1eb9e0,53,,?execIsEnabled@ULightEnvironmentComponent@@QAEXAAUFFrame@@QAX@Z
UDynamicLightEnvironmentComponent,ResetEnvironment,0x001eba40,0x1eba40,48,,?execResetEnvironment@UDynamicLightEnvironmentComponent@@QAEXAAUFFrame@@QAX@Z
AGameReplicationInfo,OnSameTeam,0x001effe0,0x1effe0,139,,?execOnSameTeam@AGameReplicationInfo@@QAEXAAUFFrame@@QAX@Z
USequenceOp,HasLinkedOps,0x001f0070,0x1f0070,114,,?execHasLinkedOps@USequenceOp@@QAEXAAUFFrame@@QAX@Z
USequenceOp,ActivateOutputLink,0x001f00f0,0x1f00f0,96,,?execActivateOutputLink@USequenceOp@@QAEXAAUFFrame@@QAX@Z
UDishonoredPlayerInput,Dis_Jump_ButtonDown,0x001f0150,0x1f0150,53,,?execDis_Jump_ButtonDown@UDishonoredPlayerInput@@QAEXAAUFFrame@@QAX@Z
UDishonoredPlayerInput,Dis_PlayerChoice_RequestSkip,0x001f0190,0x1f0190,53,,?execDis_PlayerChoice_RequestSkip@UDishonoredPlayerInput@@QAEXAAUFFrame@@QAX@Z
USequenceOp,ForceActivateInput,0x001f01d0,0x1f01d0,91,,?execForceActivateInput@USequenceOp@@QAEXAAUFFrame@@QAX@Z
USequenceOp,ForceActivateOutput,0x001f0230,0x1f0230,91,,?execForceActivateOutput@USequenceOp@@QAEXAAUFFrame@@QAX@Z
USequence,SetEnabled,0x001f0290,0x1f0290,102,,?execSetEnabled@USequence@@QAEXAAUFFrame@@QAX@Z
UPrefabSequence,SetOwnerPrefab,0x001f0300,0x1f0300,91,,?execSetOwnerPrefab@UPrefabSequence@@QAEXAAUFFrame@@QAX@Z
UPrefabSequence,GetOwnerPrefab,0x001f0360,0x1f0360,53,,?execGetOwnerPrefab@UPrefabSequence@@QAEXAAUFFrame@@QAX@Z
USeqAct_Latent,AbortFor,0x001f03a0,0x1f03a0,96,,?execAbortFor@USeqAct_Latent@@QAEXAAUFFrame@@QAX@Z
USeqAct_Interp,SetPosition,0x001f0400,0x1f0400,151,,?execSetPosition@USeqAct_Interp@@QAEXAAUFFrame@@QAX@Z
USeqAct_Interp,Stop,0x001f04a0,0x1f04a0,48,,?execStop@USeqAct_Interp@@QAEXAAUFFrame@@QAX@Z
USeqAct_Interp,AddPlayerToDirectorTracks,0x001f04d0,0x1f04d0,91,,?execAddPlayerToDirectorTracks@USeqAct_Interp@@QAEXAAUFFrame@@QAX@Z
USeqEvent_TakeDamage,IsValidDamageType,0x001f0530,0x1f0530,96,,?execIsValidDamageType@USeqEvent_TakeDamage@@QAEXAAUFFrame@@QAX@Z
USeqEvent_TakeDamage,HandleDamage,0x001f0590,0x1f0590,194,,?execHandleDamage@USeqEvent_TakeDamage@@QAEXAAUFFrame@@QAX@Z
USeqVar_Player,UpdatePlayersList,0x001f0690,0x1f0690,48,,?execUpdatePlayersList@USeqVar_Player@@QAEXAAUFFrame@@QAX@Z
APawn,SetDesiredRotation,0x001f06c0,0x1f06c0,336,,?execSetDesiredRotation@APawn@@QAEXAAUFFrame@@QAX@Z
APawn,LockDesiredRotation,0x001f0810,0x1f0810,158,,?execLockDesiredRotation@APawn@@QAEXAAUFFrame@@QAX@Z
APawn,ResetDesiredRotation,0x001f08b0,0x1f08b0,48,,?execResetDesiredRotation@APawn@@QAEXAAUFFrame@@QAX@Z
APawn,CheckDesiredRotation,0x001f08e0,0x1f08e0,48,,?execCheckDesiredRotation@APawn@@QAEXAAUFFrame@@QAX@Z
APawn,IsDesiredRotationInUse,0x001f0910,0x1f0910,53,,?execIsDesiredRotationInUse@APawn@@QAEXAAUFFrame@@QAX@Z
APawn,IsDesiredRotationLocked,0x001f0950,0x1f0950,53,,?execIsDesiredRotationLocked@APawn@@QAEXAAUFFrame@@QAX@Z
APawn,UpdateAnimSetList,0x001f0990,0x1f0990,48,,?execUpdateAnimSetList@APawn@@QAEXAAUFFrame@@QAX@Z
APawn,IsAliveAndWell,0x001f09c0,0x1f09c0,58,,?execIsAliveAndWell@APawn@@QAEXAAUFFrame@@QAX@Z
APawn,AdjustDestination,0x001f0a00,0x1f0a00,234,,?execAdjustDestination@APawn@@QAEXAAUFFrame@@QAX@Z
APawn,ValidAnchor,0x001f0af0,0x1f0af0,53,,?execValidAnchor@APawn@@QAEXAAUFFrame@@QAX@Z
APawn,SuggestJumpVelocity,0x001f0b30,0x1f0b30,331,,?execSuggestJumpVelocity@APawn@@QAEXAAUFFrame@@QAX@Z
APawn,GetFallDuration,0x001f0c80,0x1f0c80,58,,?execGetFallDuration@APawn@@QAEXAAUFFrame@@QAX@Z
ASplineActor,FindSplineComponentTo,0x001f0cc0,0x1f0cc0,101,,?execFindSplineComponentTo@ASplineActor@@QAEXAAUFFrame@@QAX@Z
APawn,IsInvisible,0x001f0d30,0x1f0d30,58,,?execIsInvisible@APawn@@QAEXAAUFFrame@@QAX@Z
APawn,SetRemoteViewPitch,0x001f0d70,0x1f0d70,91,,?execSetRemoteViewPitch@APawn@@QAEXAAUFFrame@@QAX@Z
APawn,GetBestAnchor,0x001f0dd0,0x1f0dd0,345,,?execGetBestAnchor@APawn@@QAEXAAUFFrame@@QAX@Z
APawn,ReachedPoint,0x001f0f30,0x1f0f30,164,,?execReachedPoint@APawn@@QAEXAAUFFrame@@QAX@Z
APawn,SetPushesRigidBodies,0x001f0fe0,0x1f0fe0,107,,?execSetPushesRigidBodies@APawn@@QAEXAAUFFrame@@QAX@Z
APawn,ReachedDesiredRotation,0x001f1050,0x1f1050,58,,?execReachedDesiredRotation@APawn@@QAEXAAUFFrame@@QAX@Z
APawn,GetNavigationHandle,0x001f1090,0x1f1090,58,,?execGetNavigationHandle@APawn@@QAEXAAUFFrame@@QAX@Z
APawn,InitRagdoll,0x001f10d0,0x1f10d0,58,,?execInitRagdoll@APawn@@QAEXAAUFFrame@@QAX@Z
APawn,TermRagdoll,0x001f1110,0x1f1110,58,,?execTermRagdoll@APawn@@QAEXAAUFFrame@@QAX@Z
APawn,IsRagdoll,0x001f1150,0x1f1150,58,,?execIsRagdoll@APawn@@QAEXAAUFFrame@@QAX@Z
APawn,UnPossessed,0x001f1190,0x1f1190,48,,?execUnPossessed@APawn@@QAEXAAUFFrame@@QAX@Z
APawn,IsHumanControlled,0x001f11c0,0x1f11c0,103,,?execIsHumanControlled@APawn@@QAEXAAUFFrame@@QAX@Z
APawn,IsLocallyControlled,0x001f1230,0x1f1230,103,,?execIsLocallyControlled@APawn@@QAEXAAUFFrame@@QAX@Z
APawn,GetViewRotation,0x001f12a0,0x1f12a0,81,,?execGetViewRotation@APawn@@QAEXAAUFFrame@@QAX@Z
APawn,GetPawnViewLocation,0x001f1300,0x1f1300,81,,?execGetPawnViewLocation@APawn@@QAEXAAUFFrame@@QAX@Z
APawn,HandleMomentum,0x001f1360,0x1f1360,331,,?execHandleMomentum@APawn@@QAEXAAUFFrame@@QAX@Z
APawn,AddVelocity,0x001f14b0,0x1f14b0,331,,?execAddVelocity@APawn@@QAEXAAUFFrame@@QAX@Z
APawn,FaceRotation,0x001f1600,0x1f1600,151,,?execFaceRotation@APawn@@QAEXAAUFFrame@@QAX@Z
APawn,Died,0x001f16a0,0x1f16a0,197,,?execDied@APawn@@QAEXAAUFFrame@@QAX@Z
APawn,PlayHit,0x001f1770,0x1f1770,353,,?execPlayHit@APawn@@QAEXAAUFFrame@@QAX@Z
APawn,IncrementPathStep,0x001f18e0,0x1f18e0,134,,?execIncrementPathStep@APawn@@QAEXAAUFFrame@@QAX@Z
APawn,IncrementPathChild,0x001f1970,0x1f1970,134,,?execIncrementPathChild@APawn@@QAEXAAUFFrame@@QAX@Z
APawn,DrawPathStep,0x001f1a00,0x1f1a00,96,,?execDrawPathStep@APawn@@QAEXAAUFFrame@@QAX@Z
APawn,ClearPathStep,0x001f1a60,0x1f1a60,53,,?execClearPathStep@APawn@@QAEXAAUFFrame@@QAX@Z
APawn,SetRootMotionInterpCurrentTime,0x001f1aa0,0x1f1aa0,209,,?execSetRootMotionInterpCurrentTime@APawn@@QAEXAAUFFrame@@QAX@Z
APawn,SetScalarParameterInterp,0x001f1b80,0x1f1b80,136,,?execSetScalarParameterInterp@APawn@@QAEXAAUFFrame@@QAX@Z
ASkeletalMeshActorMAT,ClearAnimNodes,0x001f1c10,0x1f1c10,48,,?execClearAnimNodes@ASkeletalMeshActorMAT@@QAEXAAUFFrame@@QAX@Z
UAnimSequence,GetNotifyTimeByClass,0x001f1c40,0x1f1c40,423,,?execGetNotifyTimeByClass@UAnimSequence@@QAEXAAUFFrame@@QAX@Z
UUIScreenObject,IsHoldingShift,0x001f1df0,0x1f1df0,101,,?execIsHoldingShift@UUIScreenObject@@QAEXAAUFFrame@@QAX@Z
UAnimNode,FindAnimNode,0x001f1e60,0x1f1e60,109,,?execFindAnimNode@UAnimNode@@QAEXAAUFFrame@@QAX@Z
UAnimNode,PlayAnim,0x001f1ed0,0x1f1ed0,221,,?execPlayAnim@UAnimNode@@QAEXAAUFFrame@@QAX@Z
UAnimNode_MultiBlendPerBone,SetMaskWeight,0x001f1fb0,0x1f1fb0,179,,?execSetMaskWeight@UAnimNode_MultiBlendPerBone@@QAEXAAUFFrame@@QAX@Z
UAnimNodeAimOffset,SetActiveProfileByName,0x001f2070,0x1f2070,109,,?execSetActiveProfileByName@UAnimNodeAimOffset@@QAEXAAUFFrame@@QAX@Z
UAnimNodeBlend,SetBlendTarget,0x001f20e0,0x1f20e0,144,,?execSetBlendTarget@UAnimNodeBlend@@QAEXAAUFFrame@@QAX@Z
UAnimNodeCrossfader,GetAnimName,0x001f2170,0x1f2170,70,,?execGetAnimName@UAnimNodeCrossfader@@QAEXAAUFFrame@@QAX@Z
UAnimNodeCrossfader,GetActiveChild,0x001f21c0,0x1f21c0,53,,?execGetActiveChild@UAnimNodeCrossfader@@QAEXAAUFFrame@@QAX@Z
UAnimNodeSequence,SetAnim,0x001f2200,0x1f2200,109,,?execSetAnim@UAnimNodeSequence@@QAEXAAUFFrame@@QAX@Z
UAnimNodeSequence,SetPosition,0x001f2270,0x1f2270,149,,?execSetPosition@UAnimNodeSequence@@QAEXAAUFFrame@@QAX@Z
UAnimNodeSequence,GetNormalizedPosition,0x001f2310,0x1f2310,58,,?execGetNormalizedPosition@UAnimNodeSequence@@QAEXAAUFFrame@@QAX@Z
UAnimNodeSequence,FindGroupRelativePosition,0x001f2350,0x1f2350,105,,?execFindGroupRelativePosition@UAnimNodeSequence@@QAEXAAUFFrame@@QAX@Z
UAnimNodeSequence,FindGroupPosition,0x001f23c0,0x1f23c0,105,,?execFindGroupPosition@UAnimNodeSequence@@QAEXAAUFFrame@@QAX@Z
UAnimNodeSequence,GetGroupRelativePosition,0x001f2430,0x1f2430,58,,?execGetGroupRelativePosition@UAnimNodeSequence@@QAEXAAUFFrame@@QAX@Z
UAnimNodeSequence,GetGlobalPlayRate,0x001f2470,0x1f2470,53,,?execGetGlobalPlayRate@UAnimNodeSequence@@QAEXAAUFFrame@@QAX@Z
UAnimNodeSequence,GetAnimPlaybackLength,0x001f24b0,0x1f24b0,58,,?execGetAnimPlaybackLength@UAnimNodeSequence@@QAEXAAUFFrame@@QAX@Z
UAnimNodeSequence,GetTimeLeft,0x001f24f0,0x1f24f0,53,,?execGetTimeLeft@UAnimNodeSequence@@QAEXAAUFFrame@@QAX@Z
UAnimNodeSequence,SetRootBoneAxisOption,0x001f2530,0x1f2530,181,,?execSetRootBoneAxisOption@UAnimNodeSequence@@QAEXAAUFFrame@@QAX@Z
UAnimNodeSequence,SetRootBoneRotationOption,0x001f25f0,0x1f25f0,181,,?execSetRootBoneRotationOption@UAnimNodeSequence@@QAEXAAUFFrame@@QAX@Z
UAnimNodePlayCustomAnim,PlayCustomAnim,0x001f26b0,0x1f26b0,350,,?execPlayCustomAnim@UAnimNodePlayCustomAnim@@QAEXAAUFFrame@@QAX@Z
UAnimNodePlayCustomAnim,PlayCustomAnimByDuration,0x001f2810,0x1f2810,345,,?execPlayCustomAnimByDuration@UAnimNodePlayCustomAnim@@QAEXAAUFFrame@@QAX@Z
UAnimNodePlayCustomAnim,StopCustomAnim,0x001f2970,0x1f2970,95,,?execStopCustomAnim@UAnimNodePlayCustomAnim@@QAEXAAUFFrame@@QAX@Z
UAnimNodeSlot,PlayCustomAnim,0x001f29d0,0x1f29d0,399,,?execPlayCustomAnim@UAnimNodeSlot@@QAEXAAUFFrame@@QAX@Z
UAnimNodeSlot,PlayCustomAnimByDuration,0x001f2b60,0x1f2b60,363,,?execPlayCustomAnimByDuration@UAnimNodeSlot@@QAEXAAUFFrame@@QAX@Z
UAnimNodeSlot,GetPlayedAnimation,0x001f2cd0,0x1f2cd0,70,,?execGetPlayedAnimation@UAnimNodeSlot@@QAEXAAUFFrame@@QAX@Z
UAnimNodeSlot,StopCustomAnim,0x001f2d20,0x1f2d20,95,,?execStopCustomAnim@UAnimNodeSlot@@QAEXAAUFFrame@@QAX@Z
UAnimNodeSlot,SetCustomAnim,0x001f2d80,0x1f2d80,104,,?execSetCustomAnim@UAnimNodeSlot@@QAEXAAUFFrame@@QAX@Z
UAnimNodeSlot,SetActorAnimEndNotification,0x001f2df0,0x1f2df0,102,,?execSetActorAnimEndNotification@UAnimNodeSlot@@QAEXAAUFFrame@@QAX@Z
UAnimNodeSlot,GetCustomAnimNodeSeq,0x001f2e60,0x1f2e60,53,,?execGetCustomAnimNodeSeq@UAnimNodeSlot@@QAEXAAUFFrame@@QAX@Z
UAnimNodeSlot,SetRootBoneAxisOption,0x001f2ea0,0x1f2ea0,181,,?execSetRootBoneAxisOption@UAnimNodeSlot@@QAEXAAUFFrame@@QAX@Z
UAnimNodeSlot,SetRootBoneRotationOption,0x001f2f60,0x1f2f60,181,,?execSetRootBoneRotationOption@UAnimNodeSlot@@QAEXAAUFFrame@@QAX@Z
UAnimNodeSlot,AddToSynchGroup,0x001f3020,0x1f3020,104,,?execAddToSynchGroup@UAnimNodeSlot@@QAEXAAUFFrame@@QAX@Z
UAnimNodeSynch,AddNodeToGroup,0x001f3090,0x1f3090,142,,?execAddNodeToGroup@UAnimNodeSynch@@QAEXAAUFFrame@@QAX@Z
UAnimNodeSynch,RemoveNodeFromGroup,0x001f3120,0x1f3120,142,,?execRemoveNodeFromGroup@UAnimNodeSynch@@QAEXAAUFFrame@@QAX@Z
UAnimNodeSynch,GetMasterNodeOfGroup,0x001f31b0,0x1f31b0,109,,?execGetMasterNodeOfGroup@UAnimNodeSynch@@QAEXAAUFFrame@@QAX@Z
UAnimNodeSynch,ForceRelativePosition,0x001f3220,0x1f3220,146,,?execForceRelativePosition@UAnimNodeSynch@@QAEXAAUFFrame@@QAX@Z
UAnimNodeSynch,GetRelativePosition,0x001f32c0,0x1f32c0,109,,?execGetRelativePosition@UAnimNodeSynch@@QAEXAAUFFrame@@QAX@Z
UAnimNodeSynch,SetGroupRateScale,0x001f3330,0x1f3330,146,,?execSetGroupRateScale@UAnimNodeSynch@@QAEXAAUFFrame@@QAX@Z
AActor,BP2Vect,0x001f3970,0x1f3970,231,,?execBP2Vect@AActor@@QAEXAAUFFrame@@QAX@Z
AActor,GetBasedPosition,0x001f3a60,0x1f3a60,231,,?execGetBasedPosition@AActor@@QAEXAAUFFrame@@QAX@Z
AActor,DoKismetAttachment,0x001f3db0,0x1f3db0,139,,?execDoKismetAttachment@AActor@@QAEXAAUFFrame@@QAX@Z
UUIScreenObject,GetZDepth,0x001f5be0,0x1f5be0,62,,?execGetZDepth@UUIScreenObject@@QAEXAAUFFrame@@QAX@Z
UUIScreenObject,IsRuntimeInstance,0x001f5c20,0x1f5c20,67,,?execIsRuntimeInstance@UUIScreenObject@@QAEXAAUFFrame@@QAX@Z
UUIScreenObject,CanvasToScreen,0x001f5c70,0x1f5c70,198,,?execCanvasToScreen@UUIScreenObject@@QAEXAAUFFrame@@QAX@Z
UUIScreenObject,PixelToScreen,0x001f5d40,0x1f5d40,198,,?execPixelToScreen@UUIScreenObject@@QAEXAAUFFrame@@QAX@Z
AController,CanSeeByPoints,0x001f7f40,0x1f7f40,231,,?execCanSeeByPoints@AController@@QAEXAAUFFrame@@QAX@Z
APlayerController,FindStairRotation,0x001f8030,0x1f8030,100,,?execFindStairRotation@APlayerController@@QAEXAAUFFrame@@QAX@Z
UEngine,IsEditor,0x001f80a0,0x1f80a0,62,,?execIsEditor@UEngine@@QAEXAAUFFrame@@QAX@Z
UEngine,IsGame,0x001f80e0,0x1f80e0,62,,?execIsGame@UEngine@@QAEXAAUFFrame@@QAX@Z
UEngine,GetCurrentWorldInfo,0x001f8120,0x1f8120,53,,?execGetCurrentWorldInfo@UEngine@@QAEXAAUFFrame@@QAX@Z
UEngine,GetTinyFont,0x001f8160,0x1f8160,50,,?execGetTinyFont@UEngine@@QAEXAAUFFrame@@QAX@Z
UEngine,GetSmallFont,0x001f81a0,0x1f81a0,50,,?execGetSmallFont@UEngine@@QAEXAAUFFrame@@QAX@Z
UEngine,GetMediumFont,0x001f81e0,0x1f81e0,50,,?execGetMediumFont@UEngine@@QAEXAAUFFrame@@QAX@Z
UEngine,GetLargeFont,0x001f8220,0x1f8220,50,,?execGetLargeFont@UEngine@@QAEXAAUFFrame@@QAX@Z
UEngine,GetSubtitleFont,0x001f8260,0x1f8260,53,,?execGetSubtitleFont@UEngine@@QAEXAAUFFrame@@QAX@Z
UEngine,WaitMovie,0x001f82a0,0x1f82a0,50,,?execWaitMovie@UEngine@@QAEXAAUFFrame@@QAX@Z
UEngine,RemoveAllOverlays,0x001f82e0,0x1f82e0,50,,?execRemoveAllOverlays@UEngine@@QAEXAAUFFrame@@QAX@Z
UEngine,GetEngine,0x001f8320,0x1f8320,62,,?execGetEngine@UEngine@@QAEXAAUFFrame@@QAX@Z
AActor,ConsoleCommand,0x001fc0f0,0x1fc0f0,247,,?execConsoleCommand@AActor@@QAEXAAUFFrame@@QAX@Z
AActor,DrawDebugString,0x001fc1f0,0x1fc1f0,367,,?execDrawDebugString@AActor@@QAEXAAUFFrame@@QAX@Z
AActor,ChartData,0x001fc360,0x1fc360,200,,?execChartData@AActor@@QAEXAAUFFrame@@QAX@Z
AActor,GetURLMap,0x001fc4c0,0x1fc4c0,130,,?execGetURLMap@AActor@@QAEXAAUFFrame@@QAX@Z
AActor,PlayActorFaceFXAnim,0x001fc550,0x1fc550,291,,?execPlayActorFaceFXAnim@AActor@@QAEXAAUFFrame@@QAX@Z
AActor,SupportsKismetModification,0x001fc680,0x1fc680,255,,?execSupportsKismetModification@AActor@@QAEXAAUFFrame@@QAX@Z
AAutoTestManager,BeginSentinelRun,0x001fd300,0x1fd300,274,,?execBeginSentinelRun@AAutoTestManager@@QAEXAAUFFrame@@QAX@Z
AFileWriter,OpenFile,0x001fdb00,0x1fdb00,374,,?execOpenFile@AFileWriter@@QAEXAAUFFrame@@QAX@Z
AFileWriter,Logf,0x001fdc80,0x1fdc80,158,,?execLogf@AFileWriter@@QAEXAAUFFrame@@QAX@Z
USettings,SetSettingsDataString,0x001fdd20,0x1fdd20,257,,?execSetSettingsDataString@USettings@@QAEXAAUFFrame@@QAX@Z
USettings,GetSettingsDataString,0x001fde30,0x1fde30,236,,?execGetSettingsDataString@USettings@@QAEXAAUFFrame@@QAX@Z
USettings,GetStringSettingColumnHeader,0x001fdfc0,0x1fdfc0,175,,?execGetStringSettingColumnHeader@USettings@@QAEXAAUFFrame@@QAX@Z
USettings,SetStringSettingValueFromStringByName,0x001fe0e0,0x1fe0e0,262,,?execSetStringSettingValueFromStringByName@USettings@@QAEXAAUFFrame@@QAX@Z
USettings,GetPropertyColumnHeader,0x001fe1f0,0x1fe1f0,175,,?execGetPropertyColumnHeader@USettings@@QAEXAAUFFrame@@QAX@Z
USettings,GetPropertyAsString,0x001fe2a0,0x1fe2a0,175,,?execGetPropertyAsString@USettings@@QAEXAAUFFrame@@QAX@Z
USettings,GetPropertyAsStringByName,0x001fe350,0x1fe350,186,,?execGetPropertyAsStringByName@USettings@@QAEXAAUFFrame@@QAX@Z
USettings,SetPropertyFromStringByName,0x001fe410,0x1fe410,262,,?execSetPropertyFromStringByName@USettings@@QAEXAAUFFrame@@QAX@Z
USettings,SetStringProperty,0x001fe610,0x1fe610,197,,?execSetStringProperty@USettings@@QAEXAAUFFrame@@QAX@Z
USettings,GetStringProperty,0x001fe6e0,0x1fe6e0,255,,?execGetStringProperty@USettings@@QAEXAAUFFrame@@QAX@Z
USettings,AppendDataBindingsToURL,0x001fe900,0x1fe900,216,,?execAppendDataBindingsToURL@USettings@@QAEXAAUFFrame@@QAX@Z
USettings,AppendPropertiesToURL,0x001fe9e0,0x1fe9e0,216,,?execAppendPropertiesToURL@USettings@@QAEXAAUFFrame@@QAX@Z
USettings,AppendContextsToURL,0x001feac0,0x1feac0,216,,?execAppendContextsToURL@USettings@@QAEXAAUFFrame@@QAX@Z
USettings,BuildURL,0x001feba0,0x1feba0,216,,?execBuildURL@USettings@@QAEXAAUFFrame@@QAX@Z
USettings,UpdateFromURL,0x001fec80,0x1fec80,250,,?execUpdateFromURL@USettings@@QAEXAAUFFrame@@QAX@Z
UOnlineSubsystem,UniqueNetIdToString,0x001ff140,0x1ff140,210,,?execUniqueNetIdToString@UOnlineSubsystem@@QAEXAAUFFrame@@QAX@Z
UOnlineSubsystem,StringToUniqueNetId,0x001ff220,0x1ff220,237,,?execStringToUniqueNetId@UOnlineSubsystem@@QAEXAAUFFrame@@QAX@Z
AGameInfo,GetMapCommonPackageName,0x001ff310,0x1ff310,322,,?execGetMapCommonPackageName@AGameInfo@@QAEXAAUFFrame@@QAX@Z
AGameInfo,GetNetworkNumber,0x001ff460,0x1ff460,135,,?execGetNetworkNumber@AGameInfo@@QAEXAAUFFrame@@QAX@Z
AWorldInfo,AddOnScreenDebugMessage,0x001ff4f0,0x1ff4f0,265,,?execAddOnScreenDebugMessage@AWorldInfo@@QAEXAAUFFrame@@QAX@Z
AWorldInfo,GetLocalURL,0x001ff600,0x1ff600,135,,?execGetLocalURL@AWorldInfo@@QAEXAAUFFrame@@QAX@Z
AWorldInfo,GetAddressURL,0x001ff690,0x1ff690,135,,?execGetAddressURL@AWorldInfo@@QAEXAAUFFrame@@QAX@Z
AWorldInfo,GetMapName,0x001ff720,0x1ff720,188,,?execGetMapName@AWorldInfo@@QAEXAAUFFrame@@QAX@Z
UInput,GetBind,0x001ff7e0,0x1ff7e0,226,,?execGetBind@UInput@@QAEXAAUFFrame@@QAX@Z
UUIDataProvider,GetProviderFieldType,0x001ff8d0,0x1ff8d0,250,,?execGetProviderFieldType@UUIDataProvider@@QAEXAAUFFrame@@QAX@Z
UUIDataProvider,ParseArrayDelimiter,0x001ff9d0,0x1ff9d0,221,,?execParseArrayDelimiter@UUIDataProvider@@QAEXAAUFFrame@@QAX@Z
UUIDataStore_InputAlias,GetAliasFontMarkup,0x001ffb60,0x1ffb60,223,,?execGetAliasFontMarkup@UUIDataStore_InputAlias@@QAEXAAUFFrame@@QAX@Z
UUIDataStore_InputAlias,GetAliasFontMarkupByIndex,0x001ffc40,0x1ffc40,212,,?execGetAliasFontMarkupByIndex@UUIDataStore_InputAlias@@QAEXAAUFFrame@@QAX@Z
UUIDataStore_StringAliasMap,FindMappingWithFieldName,0x001ffd20,0x1ffd20,242,,?execFindMappingWithFieldName@UUIDataStore_StringAliasMap@@QAEXAAUFFrame@@QAX@Z
UUIDataStore_StringAliasMap,GetStringWithFieldName,0x001ffe20,0x1ffe20,276,,?execGetStringWithFieldName@UUIDataStore_StringAliasMap@@QAEXAAUFFrame@@QAX@Z
UUIDynamicFieldProvider,InsertCollectionValue,0x001fffd0,0x1fffd0,459,,?execInsertCollectionValue@UUIDynamicFieldProvider@@QAEXAAUFFrame@@QAX@Z
UUIDynamicFieldProvider,RemoveCollectionValue,0x002001a0,0x2001a0,362,,?execRemoveCollectionValue@UUIDynamicFieldProvider@@QAEXAAUFFrame@@QAX@Z
UUIDynamicFieldProvider,ReplaceCollectionValue,0x00200310,0x200310,470,,?execReplaceCollectionValue@UUIDynamicFieldProvider@@QAEXAAUFFrame@@QAX@Z
UUIDynamicFieldProvider,ReplaceCollectionValueByIndex,0x002004f0,0x2004f0,396,,?execReplaceCollectionValueByIndex@UUIDynamicFieldProvider@@QAEXAAUFFrame@@QAX@Z
UUIDynamicFieldProvider,GetCollectionValue,0x00200680,0x200680,396,,?execGetCollectionValue@UUIDynamicFieldProvider@@QAEXAAUFFrame@@QAX@Z
UUIDynamicFieldProvider,FindCollectionValueIndex,0x00200810,0x200810,362,,?execFindCollectionValueIndex@UUIDynamicFieldProvider@@QAEXAAUFFrame@@QAX@Z
UFont,GetStringHeightAndWidth,0x00200980,0x200980,382,,?execGetStringHeightAndWidth@UFont@@QAEXAAUFFrame@@QAX@Z
UGameplayEventsReader,OpenStatsFile,0x00200b00,0x200b00,168,,?execOpenStatsFile@UGameplayEventsReader@@QAEXAAUFFrame@@QAX@Z
UGameplayEventsReader,GetSessionID,0x00200bb0,0x200bb0,135,,?execGetSessionID@UGameplayEventsReader@@QAEXAAUFFrame@@QAX@Z
UGameplayEventsReader,GetSessionTimestamp,0x00200c40,0x200c40,135,,?execGetSessionTimestamp@UGameplayEventsReader@@QAEXAAUFFrame@@QAX@Z
UGameplayEventsWriter,OpenStatsFile,0x00200cd0,0x200cd0,168,,?execOpenStatsFile@UGameplayEventsWriter@@QAEXAAUFFrame@@QAX@Z
UGameplayEventsWriter,LogGameStringEvent,0x00200d80,0x200d80,197,,?execLogGameStringEvent@UGameplayEventsWriter@@QAEXAAUFFrame@@QAX@Z
UGameplayEventsWriter,LogPlayerStringEvent,0x00200e50,0x200e50,231,,?execLogPlayerStringEvent@UGameplayEventsWriter@@QAEXAAUFFrame@@QAX@Z
UGameplayEventsWriter,LogPlayerLoginChange,0x00200f40,0x200f40,322,,?execLogPlayerLoginChange@UGameplayEventsWriter@@QAEXAAUFFrame@@QAX@Z
UGameViewportClient,ConsoleCommand,0x00201090,0x201090,191,,?execConsoleCommand@UGameViewportClient@@QAEXAAUFFrame@@QAX@Z
UGenericParamListStatEntry,AddString,0x00201150,0x201150,204,,?execAddString@UGenericParamListStatEntry@@QAEXAAUFFrame@@QAX@Z
UOnlinePlayerStorage,GetProfileSettingValueByName,0x00201220,0x201220,262,,?execGetProfileSettingValueByName@UOnlinePlayerStorage@@QAEXAAUFFrame@@QAX@Z
UOnlinePlayerStorage,GetProfileSettingColumnHeader,0x00201500,0x201500,175,,?execGetProfileSettingColumnHeader@UOnlinePlayerStorage@@QAEXAAUFFrame@@QAX@Z
UOnlinePlayerStorage,GetProfileSettingValue,0x002015b0,0x2015b0,300,,?execGetProfileSettingValue@UOnlinePlayerStorage@@QAEXAAUFFrame@@QAX@Z
UOnlinePlayerStorage,SetProfileSettingValueByName,0x002016e0,0x2016e0,262,,?execSetProfileSettingValueByName@UOnlinePlayerStorage@@QAEXAAUFFrame@@QAX@Z
UOnlinePlayerStorage,SetProfileSettingValue,0x002017f0,0x2017f0,255,,?execSetProfileSettingValue@UOnlinePlayerStorage@@QAEXAAUFFrame@@QAX@Z
UOnlineStatsRead,AddPlayer,0x002020c0,0x2020c0,209,,?execAddPlayer@UOnlineStatsRead@@QAEXAAUFFrame@@QAX@Z
ULocalPlayer,SpawnPlayActor,0x002027b0,0x2027b0,271,,?execSpawnPlayActor@ULocalPlayer@@QAEXAAUFFrame@@QAX@Z
UTranslatorTag,Translate,0x00204090,0x204090,186,,?execTranslate@UTranslatorTag@@QAEXAAUFFrame@@QAX@Z
ACamera,SetViewTarget,0x002042c0,0x2042c0,220,,?execSetViewTarget@ACamera@@QAEXAAUFFrame@@QAX@Z
APlayerController,ClientTravel,0x002043a0,0x2043a0,336,,?execClientTravel@APlayerController@@QAEXAAUFFrame@@QAX@Z
APlayerController,CopyToClipboard,0x002044f0,0x2044f0,163,,?execCopyToClipboard@APlayerController@@QAEXAAUFFrame@@QAX@Z
APlayerController,PasteFromClipboard,0x002045a0,0x2045a0,135,,?execPasteFromClipboard@APlayerController@@QAEXAAUFFrame@@QAX@Z
APlayerController,ServerProcessConvolve,0x00204630,0x204630,192,,?execServerProcessConvolve@APlayerController@@QAEXAAUFFrame@@QAX@Z
APlayerController,Sentinel_TakeScreenshot,0x002046f0,0x2046f0,163,,?execSentinel_TakeScreenshot@APlayerController@@QAEXAAUFFrame@@QAX@Z
APlayerController,LogOutBugItGoToLogFile,0x002047a0,0x2047a0,274,,?execLogOutBugItGoToLogFile@APlayerController@@QAEXAAUFFrame@@QAX@Z
APlayerController,LogOutBugItAIGoToLogFile,0x002048c0,0x2048c0,274,,?execLogOutBugItAIGoToLogFile@APlayerController@@QAEXAAUFFrame@@QAX@Z
UDownloadableContentManager,GetDLCNonPackageFilePath,0x002049e0,0x2049e0,262,,?execGetDLCNonPackageFilePath@UDownloadableContentManager@@QAEXAAUFFrame@@QAX@Z
UDownloadableContentManager,AddSectionToObjectList,0x00204af0,0x204af0,163,,?execAddSectionToObjectList@UDownloadableContentManager@@QAEXAAUFFrame@@QAX@Z
UDownloadableContentManager,MarkPerObjectConfigPendingKill,0x00204ba0,0x204ba0,163,,?execMarkPerObjectConfigPendingKill@UDownloadableContentManager@@QAEXAAUFFrame@@QAX@Z
UDishonoredCheatManager,GivePlayerItem,0x00204c50,0x204c50,163,,?execGivePlayerItem@UDishonoredCheatManager@@QAEXAAUFFrame@@QAX@Z
UEngine,GetAdditionalFont,0x00204d00,0x204d00,96,,?execGetAdditionalFont@UEngine@@QAEXAAUFFrame@@QAX@Z
UEngine,IsSplitScreen,0x00204d60,0x204d60,60,,?execIsSplitScreen@UEngine@@QAEXAAUFFrame@@QAX@Z
UEngine,PlayLoadMapMovie,0x00204da0,0x204da0,223,,?execPlayLoadMapMovie@UEngine@@QAEXAAUFFrame@@QAX@Z
UEngine,AddOverlay,0x00204e80,0x204e80,416,,?execAddOverlay@UEngine@@QAEXAAUFFrame@@QAX@Z
UEngine,AddOverlayWrapped,0x00205020,0x205020,409,,?execAddOverlayWrapped@UEngine@@QAEXAAUFFrame@@QAX@Z
UEngine,GetWorldPostProcessChain,0x002051c0,0x2051c0,53,,?execGetWorldPostProcessChain@UEngine@@QAEXAAUFFrame@@QAX@Z
UEngine,AddTextureStreamingSlaveLoc,0x00205200,0x205200,115,,?execAddTextureStreamingSlaveLoc@UEngine@@QAEXAAUFFrame@@QAX@Z
UEngine,BasicSaveObject,0x00205280,0x205280,276,,?execBasicSaveObject@UEngine@@QAEXAAUFFrame@@QAX@Z
UEngine,BasicLoadObject,0x002053a0,0x2053a0,276,,?execBasicLoadObject@UEngine@@QAEXAAUFFrame@@QAX@Z
USequenceObject,ScriptLog,0x002089c0,0x2089c0,214,,?execScriptLog@USequenceObject@@QAEXAAUFFrame@@QAX@Z
USequenceOp,ActivateNamedOutputLink,0x00208aa0,0x208aa0,163,,?execActivateNamedOutputLink@USequenceOp@@QAEXAAUFFrame@@QAX@Z
AAutoTestManager,GetTravelLocations,0x00209e00,0x209e00,291,,?execGetTravelLocations@AAutoTestManager@@QAEXAAUFFrame@@QAX@Z
USettings,SetSettingsDataBlob,0x0020a0d0,0x20a0d0,303,,?execSetSettingsDataBlob@USettings@@QAEXAAUFFrame@@QAX@Z
USettings,GetSettingsDataBlob,0x0020a200,0x20a200,303,,?execGetSettingsDataBlob@USettings@@QAEXAAUFFrame@@QAX@Z
USettings,UpdateStringSettings,0x0020a530,0x20a530,272,,?execUpdateStringSettings@USettings@@QAEXAAUFFrame@@QAX@Z
USettings,UpdateProperties,0x0020a640,0x20a640,272,,?execUpdateProperties@USettings@@QAEXAAUFFrame@@QAX@Z
USettings,GetQoSAdvertisedProperties,0x0020ac10,0x20ac10,216,,?execGetQoSAdvertisedProperties@USettings@@QAEXAAUFFrame@@QAX@Z
USettings,GetQoSAdvertisedStringSettings,0x0020acf0,0x20acf0,216,,?execGetQoSAdvertisedStringSettings@USettings@@QAEXAAUFFrame@@QAX@Z
UUIDataStore_DynamicResource,GetProviderFieldValue,0x0020ae70,0x20ae70,338,,?execGetProviderFieldValue@UUIDataStore_DynamicResource@@QAEXAAUFFrame@@QAX@Z
UUIDataStore_DynamicResource,FindProviderIndexByFieldValue,0x0020afd0,0x20afd0,304,,?execFindProviderIndexByFieldValue@UUIDataStore_DynamicResource@@QAEXAAUFFrame@@QAX@Z
UUIDataStore_GameResource,GetProviderFieldValue,0x0020b100,0x20b100,338,,?execGetProviderFieldValue@UUIDataStore_GameResource@@QAEXAAUFFrame@@QAX@Z
UUIDataStore_GameResource,FindProviderIndexByFieldValue,0x0020b260,0x20b260,304,,?execFindProviderIndexByFieldValue@UUIDataStore_GameResource@@QAEXAAUFFrame@@QAX@Z
UCheatManager,ShowActor,0x0020b390,0x20b390,104,,?execShowActor@UCheatManager@@QAEXAAUFFrame@@QAX@Z
UIniLocPatcher,ProcessIniLocFile,0x0020b530,0x20b530,271,,?execProcessIniLocFile@UIniLocPatcher@@QAEXAAUFFrame@@QAX@Z
UOnlinePlayerStorage,GetProfileSettingMappingIds,0x0020ba80,0x20ba80,250,,?execGetProfileSettingMappingIds@UOnlinePlayerStorage@@QAEXAAUFFrame@@QAX@Z
UEngine,GetBuildDate,0x0020c3d0,0x20c3d0,130,,?execGetBuildDate@UEngine@@QAEXAAUFFrame@@QAX@Z
UEngine,GetLastMovieName,0x0020c460,0x20c460,130,,?execGetLastMovieName@UEngine@@QAEXAAUFFrame@@QAX@Z
USequenceOp,GetLinkedObjects,0x0020ec50,0x20ec50,304,,?execGetLinkedObjects@USequenceOp@@QAEXAAUFFrame@@QAX@Z
UCanvas,DrawTris,0x0020fa50,0x20fa50,192,,?execDrawTris@UCanvas@@QAEXAAUFFrame@@QAX@Z
USettings,GetStringSettingValueNames,0x0020fe80,0x20fe80,255,,?execGetStringSettingValueNames@USettings@@QAEXAAUFFrame@@QAX@Z
AWorldInfo,PrepareMapChange,0x0020ff80,0x20ff80,211,,?execPrepareMapChange@AWorldInfo@@QAEXAAUFFrame@@QAX@Z
ANavigationPoint,GetAllNavInRadius,0x00210060,0x210060,529,,?execGetAllNavInRadius@ANavigationPoint@@QAEXAAUFFrame@@QAX@Z
UUIRoot,SetDataStoreFieldValue,0x00210280,0x210280,318,,?execSetDataStoreFieldValue@UUIRoot@@QAEXAAUFFrame@@QAX@Z
UUIRoot,GetDataStoreFieldValue,0x002103c0,0x2103c0,318,,?execGetDataStoreFieldValue@UUIRoot@@QAEXAAUFFrame@@QAX@Z
UUIState,RemoveSequenceObjects,0x00210500,0x210500,211,,?execRemoveSequenceObjects@UUIState@@QAEXAAUFFrame@@QAX@Z
UUIDataStore_DynamicResource,GetResourceProviders,0x002105e0,0x2105e0,257,,?execGetResourceProviders@UUIDataStore_DynamicResource@@QAEXAAUFFrame@@QAX@Z
UUIDataStore_DynamicResource,GetResourceProviderFields,0x002106f0,0x2106f0,257,,?execGetResourceProviderFields@UUIDataStore_DynamicResource@@QAEXAAUFFrame@@QAX@Z
UUIDataStore_GameResource,GetResourceProviders,0x00210800,0x210800,257,,?execGetResourceProviders@UUIDataStore_GameResource@@QAEXAAUFFrame@@QAX@Z
UUIDataStore_GameResource,GetResourceProviderFields,0x00210910,0x210910,257,,?execGetResourceProviderFields@UUIDataStore_GameResource@@QAEXAAUFFrame@@QAX@Z
UUIDataStore_MenuItems,GetSet,0x00210a20,0x210a20,257,,?execGetSet@UUIDataStore_MenuItems@@QAEXAAUFFrame@@QAX@Z
UUIDynamicFieldProvider,GetCollectionValueSchema,0x00210b50,0x210b50,314,,?execGetCollectionValueSchema@UUIDynamicFieldProvider@@QAEXAAUFFrame@@QAX@Z
UOnlinePlayerStorage,GetProfileSettingValues,0x00210d40,0x210d40,255,,?execGetProfileSettingValues@UOnlinePlayerStorage@@QAEXAAUFFrame@@QAX@Z
UPhysicsAssetInstance,SetNamedBodiesFixed,0x00210f70,0x210f70,341,,?execSetNamedBodiesFixed@UPhysicsAssetInstance@@QAEXAAUFFrame@@QAX@Z
UPhysicsAssetInstance,SetNamedMotorsAngularPositionDrive,0x002110d0,0x2110d0,334,,?execSetNamedMotorsAngularPositionDrive@UPhysicsAssetInstance@@QAEXAAUFFrame@@QAX@Z
UPhysicsAssetInstance,SetNamedMotorsAngularVelocityDrive,0x00211220,0x211220,334,,?execSetNamedMotorsAngularVelocityDrive@UPhysicsAssetInstance@@QAEXAAUFFrame@@QAX@Z
UPhysicsAssetInstance,SetNamedRBBoneSprings,0x00211370,0x211370,323,,?execSetNamedRBBoneSprings@UPhysicsAssetInstance@@QAEXAAUFFrame@@QAX@Z
UPhysicsAssetInstance,SetNamedBodiesBlockRigidBody,0x002114c0,0x2114c0,237,,?execSetNamedBodiesBlockRigidBody@UPhysicsAssetInstance@@QAEXAAUFFrame@@QAX@Z
ASplineActor,FindSplinePathTo,0x002115b0,0x2115b0,255,,?execFindSplinePathTo@ASplineActor@@QAEXAAUFFrame@@QAX@Z
ASplineActor,GetAllConnectedSplineActors,0x002116b0,0x2116b0,216,,?execGetAllConnectedSplineActors@ASplineActor@@QAEXAAUFFrame@@QAX@Z
AActor,FindEventsOfClass,0x00212740,0x212740,361,,?execFindEventsOfClass@AActor@@QAEXAAUFFrame@@QAX@Z
AWorldInfo,GetAllRootSequences,0x00213c70,0x213c70,130,,?execGetAllRootSequences@AWorldInfo@@QAEXAAUFFrame@@QAX@Z
UUIDynamicFieldProvider,GetCollectionValueArray,0x00213df0,0x213df0,362,,?execGetCollectionValueArray@UUIDynamicFieldProvider@@QAEXAAUFFrame@@QAX@Z
UUIDynamicFieldProvider,SetCollectionValueArray,0x00213f60,0x213f60,463,,?execSetCollectionValueArray@UUIDynamicFieldProvider@@QAEXAAUFFrame@@QAX@Z
UMaterialInterface,GetScalarCurveParameterValue,0x002141d0,0x2141d0,267,,?execGetScalarCurveParameterValue@UMaterialInterface@@QAEXAAUFFrame@@QAX@Z
UMaterialInterface,GetVectorCurveParameterValue,0x002142e0,0x2142e0,267,,?execGetVectorCurveParameterValue@UMaterialInterface@@QAEXAAUFFrame@@QAX@Z
UMaterialInstance,SetScalarCurveParameterValue,0x002144a0,0x2144a0,262,,?execSetScalarCurveParameterValue@UMaterialInstance@@QAEXAAUFFrame@@QAX@Z
UMaterialInstanceTimeVarying,SetVectorCurveParameterValue,0x002146d0,0x2146d0,262,,?execSetVectorCurveParameterValue@UMaterialInstanceTimeVarying@@QAEXAAUFFrame@@QAX@Z
UDownloadableContentManager,InstallDLC,0x002147e0,0x2147e0,233,,?execInstallDLC@UDownloadableContentManager@@QAEXAAUFFrame@@QAX@Z
UDownloadableContentManager,InstallPackages,0x002148d0,0x2148d0,228,,?execInstallPackages@UDownloadableContentManager@@QAEXAAUFFrame@@QAX@Z
UDownloadableContentManager,InstallNonPackageFiles,0x002149c0,0x2149c0,228,,?execInstallNonPackageFiles@UDownloadableContentManager@@QAEXAAUFFrame@@QAX@Z
AGameInfo,GetSupportedGameTypes,0x00216480,0x216480,380,,?execGetSupportedGameTypes@AGameInfo@@QAEXAAUFFrame@@QAX@Z
APlayerController,GetDefaultURL,0x00216c90,0x216c90,186,,?execGetDefaultURL@APlayerController@@QAEXAAUFFrame@@QAX@Z
UDownloadableContentManager,InstallDLCs,0x0021a690,0x21a690,216,,?execInstallDLCs@UDownloadableContentManager@@QAEXAAUFFrame@@QAX@Z
APlayerController,UpdateURL,0x002271e0,0x2271e0,258,,?execUpdateURL@APlayerController@@QAEXAAUFFrame@@QAX@Z
APlayerController,ClientFlushLevelStreaming,0x002272f0,0x2272f0,110,,?execClientFlushLevelStreaming@APlayerController@@QAEXAAUFFrame@@QAX@Z
UGameEngine,GetOnlineSubsystem,0x0022bc10,0x22bc10,80,,?execGetOnlineSubsystem@UGameEngine@@QAEXAAUFFrame@@QAX@Z
UGameEngine,GetDLCManagementBridge,0x0022bc60,0x22bc60,80,,?execGetDLCManagementBridge@UGameEngine@@QAEXAAUFFrame@@QAX@Z
UGameEngine,GetDLCManager,0x0022bcb0,0x22bcb0,80,,?execGetDLCManager@UGameEngine@@QAEXAAUFFrame@@QAX@Z
UGameEngine,GetDLCEnumerator,0x0022bd00,0x22bd00,80,,?execGetDLCEnumerator@UGameEngine@@QAEXAAUFFrame@@QAX@Z
AActor,SetPhysics,0x002bc570,0x2bc570,145,,?execSetPhysics@AActor@@QAEXAAUFFrame@@QAX@Z
AActor,MoveSmooth,0x002c6680,0x2c6680,101,,?execMoveSmooth@AActor@@QAEXAAUFFrame@@QAX@Z
USceneCapture2DHitMaskComponent,SetCaptureTargetTexture,0x002e6ae0,0x2e6ae0,96,,?execSetCaptureTargetTexture@USceneCapture2DHitMaskComponent@@QAEXAAUFFrame@@QAX@Z
AActor,PollSleep,0x002e72a0,0x2e72a0,56,,?execPollSleep@AActor@@QAEXAAUFFrame@@QAX@Z
AActor,SetCollision,0x002e72e0,0x2e72e0,244,,?execSetCollision@AActor@@QAEXAAUFFrame@@QAX@Z
AActor,SetBase,0x002e73e0,0x2e73e0,309,,?execSetBase@AActor@@QAEXAAUFFrame@@QAX@Z
AActor,SetZone,0x002e7fd0,0x2e7fd0,109,,?execSetZone@AActor@@QAEXAAUFFrame@@QAX@Z
AActor,PointCheckComponent,0x002e8170,0x2e8170,268,,?execPointCheckComponent@AActor@@QAEXAAUFFrame@@QAX@Z
AActor,FastTrace,0x002e8280,0x2e8280,421,,?execFastTrace@AActor@@QAEXAAUFFrame@@QAX@Z
AActor,Spawn,0x002e8430,0x2e8430,508,,?execSpawn@AActor@@QAEXAAUFFrame@@QAX@Z
AActor,Destroy,0x002e8630,0x2e8630,62,,?execDestroy@AActor@@QAEXAAUFFrame@@QAX@Z
AActor,IsOverlapping,0x002e8670,0x2e8670,107,,?execIsOverlapping@AActor@@QAEXAAUFFrame@@QAX@Z
AVolume,Encompasses,0x002e8820,0x2e8820,125,,?execEncompasses@AVolume@@QAEXAAUFFrame@@QAX@Z
AVolume,EncompassesPoint,0x002e88a0,0x2e88a0,121,,?execEncompassesPoint@AVolume@@QAEXAAUFFrame@@QAX@Z
AActor,IsBasedOn,0x002e9e20,0x2e9e20,126,,?execIsBasedOn@AActor@@QAEXAAUFFrame@@QAX@Z
AActor,IsOwnedBy,0x002e9ea0,0x2e9ea0,126,,?execIsOwnedBy@AActor@@QAEXAAUFFrame@@QAX@Z
AActor,SetHardAttach,0x002e9f20,0x2e9f20,122,,?execSetHardAttach@AActor@@QAEXAAUFFrame@@QAX@Z
USeqEvent_Touch,CheckTouchActivate,0x002ea470,0x2ea470,197,,?execCheckTouchActivate@USeqEvent_Touch@@QAEXAAUFFrame@@QAX@Z
USeqEvent_Touch,CheckUnTouchActivate,0x002ea540,0x2ea540,197,,?execCheckUnTouchActivate@USeqEvent_Touch@@QAEXAAUFFrame@@QAX@Z
AActor,Trace,0x002ebb60,0x2ebb60,1089,,?execTrace@AActor@@QAEXAAUFFrame@@QAX@Z
USceneCapture2DHitMaskComponent,SetFadingStartTimeSinceHit,0x002eee50,0x2eee50,95,,?execSetFadingStartTimeSinceHit@USceneCapture2DHitMaskComponent@@QAEXAAUFFrame@@QAX@Z
AWorldInfo,AllNavigationPoints,0x002ef230,0x2ef230,724,,?execAllNavigationPoints@AWorldInfo@@QAEXAAUFFrame@@QAX@Z
AWorldInfo,AllControllers,0x002ef510,0x2ef510,708,,?execAllControllers@AWorldInfo@@QAEXAAUFFrame@@QAX@Z
AWorldInfo,AllPawns,0x002ef7e0,0x2ef7e0,972,,?execAllPawns@AWorldInfo@@QAEXAAUFFrame@@QAX@Z
AActor,ChildActors,0x002f0980,0x2f0980,554,,?execChildActors@AActor@@QAEXAAUFFrame@@QAX@Z
AActor,BasedActors,0x002f0bb0,0x2f0bb0,559,,?execBasedActors@AActor@@QAEXAAUFFrame@@QAX@Z
AActor,ComponentList,0x002f0de0,0x2f0de0,506,,?execComponentList@AActor@@QAEXAAUFFrame@@QAX@Z
AActor,AllOwnedComponents,0x002f0fe0,0x2f0fe0,492,,?execAllOwnedComponents@AActor@@QAEXAAUFFrame@@QAX@Z
AActor,TouchingActors,0x002f11d0,0x2f11d0,559,,?execTouchingActors@AActor@@QAEXAAUFFrame@@QAX@Z
AActor,TraceActors,0x002f1400,0x2f1400,1577,,?execTraceActors@AActor@@QAEXAAUFFrame@@QAX@Z
AActor,VisibleActors,0x002f1a30,0x2f1a30,1010,,?execVisibleActors@AActor@@QAEXAAUFFrame@@QAX@Z
AActor,OverlappingActors,0x002f1e30,0x2f1e30,890,,?execOverlappingActors@AActor@@QAEXAAUFFrame@@QAX@Z
AActor,LocalPlayerControllers,0x002f21b0,0x2f21b0,845,,?execLocalPlayerControllers@AActor@@QAEXAAUFFrame@@QAX@Z
USequenceOp,LinkedVariables,0x002f3000,0x2f3000,1008,,?execLinkedVariables@USequenceOp@@QAEXAAUFFrame@@QAX@Z
USequenceEvent,CheckActivate,0x002f45c0,0x2f45c0,389,,?execCheckActivate@USequenceEvent@@QAEXAAUFFrame@@QAX@Z
AWorldInfo,RadiusNavigationPoints,0x002f9830,0x2f9830,1110,,?execRadiusNavigationPoints@AWorldInfo@@QAEXAAUFFrame@@QAX@Z
AActor,TraceAllPhysicsAssetInteractions,0x002f9c90,0x2f9c90,1298,,?execTraceAllPhysicsAssetInteractions@AActor@@QAEXAAUFFrame@@QAX@Z
AActor,AllActors,0x002fa1b0,0x2fa1b0,586,,?execAllActors@AActor@@QAEXAAUFFrame@@QAX@Z
AActor,DynamicActors,0x002fa400,0x2fa400,554,,?execDynamicActors@AActor@@QAEXAAUFFrame@@QAX@Z
AActor,VisibleCollidingActors,0x002fa630,0x2fa630,1795,,?execVisibleCollidingActors@AActor@@QAEXAAUFFrame@@QAX@Z
AActor,CollidingActors,0x002fad40,0x2fad40,1239,,?execCollidingActors@AActor@@QAEXAAUFFrame@@QAX@Z
USceneCapture2DHitMaskComponent,SetCaptureParameters,0x003008a0,0x3008a0,208,,?execSetCaptureParameters@USceneCapture2DHitMaskComponent@@QAEXAAUFFrame@@QAX@Z
USceneCapture2DComponent,SetCaptureParameters,0x003123f0,0x3123f0,458,,?execSetCaptureParameters@USceneCapture2DComponent@@QAEXAAUFFrame@@QAX@Z
USceneCapturePortalComponent,SetCaptureParameters,0x003125c0,0x3125c0,247,,?execSetCaptureParameters@USceneCapturePortalComponent@@QAEXAAUFFrame@@QAX@Z
USequenceOp,GetInterpDataVars,0x0031a320,0x31a320,428,,?execGetInterpDataVars@USequenceOp@@QAEXAAUFFrame@@QAX@Z
USequenceOp,GetObjectVars,0x0031dc90,0x31dc90,607,,?execGetObjectVars@USequenceOp@@QAEXAAUFFrame@@QAX@Z
USequenceOp,GetBoolVars,0x0031def0,0x31def0,598,,?execGetBoolVars@USequenceOp@@QAEXAAUFFrame@@QAX@Z
USequence,FindSeqObjectsByClass,0x0032b680,0x32b680,290,,?execFindSeqObjectsByClass@USequence@@QAEXAAUFFrame@@QAX@Z
USequence,FindSeqObjectsByName,0x0032b7b0,0x32b7b0,357,,?execFindSeqObjectsByName@USequence@@QAEXAAUFFrame@@QAX@Z
USkeletalMeshComponent,SetForceRefPose,0x00330b90,0x330b90,107,,?execSetForceRefPose@USkeletalMeshComponent@@QAEXAAUFFrame@@QAX@Z
USkeletalMeshComponent,FindAnimNode,0x00330c00,0x330c00,126,,?execFindAnimNode@USkeletalMeshComponent@@QAEXAAUFFrame@@QAX@Z
USkeletalMeshComponent,FindConstraintIndex,0x00330c80,0x330c80,131,,?execFindConstraintIndex@USkeletalMeshComponent@@QAEXAAUFFrame@@QAX@Z
USkeletalMeshComponent,FindConstraintBoneName,0x00330d10,0x330d10,154,,?execFindConstraintBoneName@USkeletalMeshComponent@@QAEXAAUFFrame@@QAX@Z
USkeletalMeshComponent,StopFaceFXAnim,0x00330db0,0x330db0,56,,?execStopFaceFXAnim@USkeletalMeshComponent@@QAEXAAUFFrame@@QAX@Z
USkeletalMeshComponent,IsPlayingFaceFXAnim,0x00330df0,0x330df0,73,,?execIsPlayingFaceFXAnim@USkeletalMeshComponent@@QAEXAAUFFrame@@QAX@Z
USkeletalMeshComponent,HideBone,0x00330e40,0x330e40,127,,?execHideBone@USkeletalMeshComponent@@QAEXAAUFFrame@@QAX@Z
USkeletalMeshComponent,UnHideBone,0x00330ec0,0x330ec0,91,,?execUnHideBone@USkeletalMeshComponent@@QAEXAAUFFrame@@QAX@Z
USkeletalMeshComponent,HideBoneByName,0x00330f20,0x330f20,140,,?execHideBoneByName@USkeletalMeshComponent@@QAEXAAUFFrame@@QAX@Z
USkeletalMeshComponent,UnHideBoneByName,0x00330fb0,0x330fb0,104,,?execUnHideBoneByName@USkeletalMeshComponent@@QAEXAAUFFrame@@QAX@Z
USkeletalMeshComponent,GetBoneName,0x003357b0,0x3357b0,199,,?execGetBoneName@USkeletalMeshComponent@@QAEXAAUFFrame@@QAX@Z
USkeletalMeshComponent,GetRefPosePosition,0x00335880,0x335880,238,,?execGetRefPosePosition@USkeletalMeshComponent@@QAEXAAUFFrame@@QAX@Z
USkeletalMeshComponent,FindClosestBone,0x00335f10,0x335f10,260,,?execFindClosestBone@USkeletalMeshComponent@@QAEXAAUFFrame@@QAX@Z
USkeletalMeshComponent,FindSkelControl,0x00336020,0x336020,139,,?execFindSkelControl@USkeletalMeshComponent@@QAEXAAUFFrame@@QAX@Z
USkeletalMeshComponent,GetBoneMatrixLocal,0x0033b180,0x33b180,131,,?execGetBoneMatrixLocal@USkeletalMeshComponent@@QAEXAAUFFrame@@QAX@Z
USkeletalMeshComponent,GetBoneMatrix,0x0033b210,0x33b210,131,,?execGetBoneMatrix@USkeletalMeshComponent@@QAEXAAUFFrame@@QAX@Z
USkeletalMeshComponent,FindComponentAttachedToBone,0x0033b710,0x33b710,297,,?execFindComponentAttachedToBone@USkeletalMeshComponent@@QAEXAAUFFrame@@QAX@Z
USkeletalMeshComponent,IsComponentAttached,0x0033b840,0x33b840,349,,?execIsComponentAttached@USkeletalMeshComponent@@QAEXAAUFFrame@@QAX@Z
USkeletalMeshComponent,AttachedComponents,0x0033b9a0,0x33b9a0,604,,?execAttachedComponents@USkeletalMeshComponent@@QAEXAAUFFrame@@QAX@Z
USkeletalMeshComponent,DeclareFaceFXRegister,0x0033c820,0x33c820,158,,?execDeclareFaceFXRegister@USkeletalMeshComponent@@QAEXAAUFFrame@@QAX@Z
USkeletalMeshComponent,GetFaceFXRegister,0x0033c8c0,0x33c8c0,163,,?execGetFaceFXRegister@USkeletalMeshComponent@@QAEXAAUFFrame@@QAX@Z
USkeletalMeshComponent,SetFaceFXRegister,0x0033c970,0x33c970,283,,?execSetFaceFXRegister@USkeletalMeshComponent@@QAEXAAUFFrame@@QAX@Z
USkeletalMeshComponent,SetFaceFXRegisterEx,0x0033ca90,0x33ca90,362,,?execSetFaceFXRegisterEx@USkeletalMeshComponent@@QAEXAAUFFrame@@QAX@Z
USkeletalMeshComponent,FindInstanceVertexweightBonePair,0x0033ccc0,0x33ccc0,141,,?execFindInstanceVertexweightBonePair@USkeletalMeshComponent@@QAEXAAUFFrame@@QAX@Z
USkeletalMeshComponent,GetSocketByName,0x00343980,0x343980,130,,?execGetSocketByName@USkeletalMeshComponent@@QAEXAAUFFrame@@QAX@Z
USkeletalMeshComponent,GetTransformMatrix,0x00343a10,0x343a10,93,,?execGetTransformMatrix@USkeletalMeshComponent@@QAEXAAUFFrame@@QAX@Z
USkeletalMeshComponent,FindBodyInstanceNamed,0x00343a70,0x343a70,109,,?execFindBodyInstanceNamed@USkeletalMeshComponent@@QAEXAAUFFrame@@QAX@Z
USkeletalMeshComponent,ToggleInstanceVertexWeights,0x00343bb0,0x343bb0,140,,?execToggleInstanceVertexWeights@USkeletalMeshComponent@@QAEXAAUFFrame@@QAX@Z
USkeletalMeshComponent,GetBoneNames,0x00349100,0x349100,510,,?execGetBoneNames@USkeletalMeshComponent@@QAEXAAUFFrame@@QAX@Z
USkeletalMeshComponent,GetBonesWithinRadius,0x00349300,0x349300,323,,?execGetBonesWithinRadius@USkeletalMeshComponent@@QAEXAAUFFrame@@QAX@Z
USkeletalMeshComponent,UpdateInstanceVertexWeightBones,0x0034f430,0x34f430,211,,?execUpdateInstanceVertexWeightBones@USkeletalMeshComponent@@QAEXAAUFFrame@@QAX@Z
USkeletalMeshComponent,MatchRefBone,0x00355470,0x355470,154,,?execMatchRefBone@USkeletalMeshComponent@@QAEXAAUFFrame@@QAX@Z
USkeletalMeshComponent,GetParentBone,0x00355610,0x355610,121,,?execGetParentBone@USkeletalMeshComponent@@QAEXAAUFFrame@@QAX@Z
USkeletalMeshComponent,BoneIsChildOf,0x00355690,0x355690,188,,?execBoneIsChildOf@USkeletalMeshComponent@@QAEXAAUFFrame@@QAX@Z
USkeletalMeshComponent,GetSocketWorldLocationAndRotation,0x00355ff0,0x355ff0,298,,?execGetSocketWorldLocationAndRotation@USkeletalMeshComponent@@QAEXAAUFFrame@@QAX@Z
USkeletalMeshComponent,GetSocketBoneName,0x003561b0,0x3561b0,121,,?execGetSocketBoneName@USkeletalMeshComponent@@QAEXAAUFFrame@@QAX@Z
USkeletalMeshComponent,TransformToBoneSpace,0x003569e0,0x3569e0,329,,?execTransformToBoneSpace@USkeletalMeshComponent@@QAEXAAUFFrame@@QAX@Z
USkeletalMeshComponent,TransformFromBoneSpace,0x00356d20,0x356d20,329,,?execTransformFromBoneSpace@USkeletalMeshComponent@@QAEXAAUFFrame@@QAX@Z
USkeletalMeshComponent,GetClosestCollidingBoneLocation,0x00356e70,0x356e70,698,,?execGetClosestCollidingBoneLocation@USkeletalMeshComponent@@QAEXAAUFFrame@@QAX@Z
USkeletalMeshComponent,UpdateParentBoneMap,0x00357130,0x357130,48,,?execUpdateParentBoneMap@USkeletalMeshComponent@@QAEXAAUFFrame@@QAX@Z
USkeletalMeshComponent,InitSkelControls,0x00357160,0x357160,48,,?execInitSkelControls@USkeletalMeshComponent@@QAEXAAUFFrame@@QAX@Z
USkeletalMeshComponent,AddInstanceVertexWeightBoneParented,0x00357ee0,0x357ee0,154,,?execAddInstanceVertexWeightBoneParented@USkeletalMeshComponent@@QAEXAAUFFrame@@QAX@Z
USkeletalMeshComponent,RemoveInstanceVertexWeightBoneParented,0x00358030,0x358030,104,,?execRemoveInstanceVertexWeightBoneParented@USkeletalMeshComponent@@QAEXAAUFFrame@@QAX@Z
USkeletalMeshComponent,SetParentAnimComponent,0x00364ed0,0x364ed0,91,,?execSetParentAnimComponent@USkeletalMeshComponent@@QAEXAAUFFrame@@QAX@Z
USkeletalMeshComponent,GetBoneQuaternion,0x00364f30,0x364f30,200,,?execGetBoneQuaternion@USkeletalMeshComponent@@QAEXAAUFFrame@@QAX@Z
USkeletalMeshComponent,GetBoneLocation,0x00365000,0x365000,172,,?execGetBoneLocation@USkeletalMeshComponent@@QAEXAAUFFrame@@QAX@Z
USkeletalMeshComponent,GetBoneAxis,0x003650b0,0x3650b0,162,,?execGetBoneAxis@USkeletalMeshComponent@@QAEXAAUFFrame@@QAX@Z
USkeletalMeshComponent,UpdateAnimations,0x00365240,0x365240,48,,?execUpdateAnimations@USkeletalMeshComponent@@QAEXAAUFFrame@@QAX@Z
USkeletalMeshComponent,SetSkeletalMesh,0x00369780,0x369780,147,,?execSetSkeletalMesh@USkeletalMeshComponent@@QAEXAAUFFrame@@QAX@Z
USkeletalMeshComponent,SetAnimTreeTemplate,0x00369820,0x369820,91,,?execSetAnimTreeTemplate@USkeletalMeshComponent@@QAEXAAUFFrame@@QAX@Z
USkeletalMeshComponent,FindAnimSequence,0x00371a30,0x371a30,109,,?execFindAnimSequence@USkeletalMeshComponent@@QAEXAAUFFrame@@QAX@Z
USkeletalMeshComponent,ShowMaterialSection,0x00371aa0,0x371aa0,180,,?execShowMaterialSection@USkeletalMeshComponent@@QAEXAAUFFrame@@QAX@Z
USkeletalMeshComponent,AttachComponent,0x00374d80,0x374d80,459,,?execAttachComponent@USkeletalMeshComponent@@QAEXAAUFFrame@@QAX@Z
USkeletalMeshComponent,DetachComponent,0x00374f50,0x374f50,95,,?execDetachComponent@USkeletalMeshComponent@@QAEXAAUFFrame@@QAX@Z
USkeletalMeshComponent,AttachComponentToSocket,0x00374fb0,0x374fb0,146,,?execAttachComponentToSocket@USkeletalMeshComponent@@QAEXAAUFFrame@@QAX@Z
USkeletalMeshComponent,SetPhysicsAsset,0x00375050,0x375050,147,,?execSetPhysicsAsset@USkeletalMeshComponent@@QAEXAAUFFrame@@QAX@Z
USkeletalMeshComponent,ForceSkelUpdate,0x00375160,0x375160,48,,?execForceSkelUpdate@USkeletalMeshComponent@@QAEXAAUFFrame@@QAX@Z
USkeletalMeshComponent,PlayParticleEffect,0x00375f10,0x375f10,91,,?execPlayParticleEffect@USkeletalMeshComponent@@QAEXAAUFFrame@@QAX@Z
USkeletalMeshComponent,PlayFaceFXAnim,0x00379dc0,0x379dc0,564,,?execPlayFaceFXAnim@USkeletalMeshComponent@@QAEXAAUFFrame@@QAX@Z
UStaticMeshComponent,SetStaticMesh,0x0037bb80,0x37bb80,159,,?execSetStaticMesh@UStaticMeshComponent@@QAEXAAUFFrame@@QAX@Z
UStaticMeshComponent,SetForceStaticDecals,0x0037bc70,0x37bc70,107,,?execSetForceStaticDecals@UStaticMeshComponent@@QAEXAAUFFrame@@QAX@Z
UStaticMeshComponent,CanBecomeDynamic,0x0037bd20,0x37bd20,58,,?execCanBecomeDynamic@UStaticMeshComponent@@QAEXAAUFFrame@@QAX@Z
AWorldInfo,IsMenuLevel,0x003ad950,0x3ad950,194,,?execIsMenuLevel@AWorldInfo@@QAEXAAUFFrame@@QAX@Z
UPrimitiveComponent,WakeRigidBody,0x003c4310,0x3c4310,116,,?execWakeRigidBody@UPrimitiveComponent@@QAEXAAUFFrame@@QAX@Z
UPrimitiveComponent,PutRigidBodyToSleep,0x003c43e0,0x3c43e0,53,,?execPutRigidBodyToSleep@UPrimitiveComponent@@QAEXAAUFFrame@@QAX@Z
UPrimitiveComponent,PutRigidBodyToSleep_Debug,0x003c4460,0x3c4460,116,,?execPutRigidBodyToSleep_Debug@UPrimitiveComponent@@QAEXAAUFFrame@@QAX@Z
UPrimitiveComponent,SetBlockRigidBody,0x003c4560,0x3c4560,107,,?execSetBlockRigidBody@UPrimitiveComponent@@QAEXAAUFFrame@@QAX@Z
UPrimitiveComponent,SetNotifyRigidBodyCollision,0x003c4620,0x3c4620,107,,?execSetNotifyRigidBodyCollision@UPrimitiveComponent@@QAEXAAUFFrame@@QAX@Z
UPrimitiveComponent,InitRBPhys,0x003c4690,0x3c4690,94,,?execInitRBPhys@UPrimitiveComponent@@QAEXAAUFFrame@@QAX@Z
UPrimitiveComponent,SetPhysMaterialOverride,0x003c46f0,0x3c46f0,96,,?execSetPhysMaterialOverride@UPrimitiveComponent@@QAEXAAUFFrame@@QAX@Z
UPrimitiveComponent,SetRBDominanceGroup,0x003c4750,0x3c4750,93,,?execSetRBDominanceGroup@UPrimitiveComponent@@QAEXAAUFFrame@@QAX@Z
UPrimitiveComponent,GetRootBodyInstance,0x003c47b0,0x3c47b0,58,,?execGetRootBodyInstance@UPrimitiveComponent@@QAEXAAUFFrame@@QAX@Z
UPrimitiveComponent,SetRBLinearVelocity,0x003c4940,0x3c4940,147,,?execSetRBLinearVelocity@UPrimitiveComponent@@QAEXAAUFFrame@@QAX@Z
UPrimitiveComponent,SetRBAngularVelocity,0x003c4b40,0x3c4b40,147,,?execSetRBAngularVelocity@UPrimitiveComponent@@QAEXAAUFFrame@@QAX@Z
UPrimitiveComponent,RetardRBLinearVelocity,0x003c4be0,0x3c4be0,133,,?execRetardRBLinearVelocity@UPrimitiveComponent@@QAEXAAUFFrame@@QAX@Z
UPrimitiveComponent,SetRBPosition,0x003c4e20,0x3c4e20,91,,?execSetRBPosition@UPrimitiveComponent@@QAEXAAUFFrame@@QAX@Z
UPrimitiveComponent,SetRBPosition_Debug,0x003c4e80,0x3c4e80,147,,?execSetRBPosition_Debug@UPrimitiveComponent@@QAEXAAUFFrame@@QAX@Z
UPrimitiveComponent,SetRBRotation,0x003c4f20,0x3c4f20,91,,?execSetRBRotation@UPrimitiveComponent@@QAEXAAUFFrame@@QAX@Z
UPrimitiveComponent,SetRBRotation_Debug,0x003c4f80,0x3c4f80,147,,?execSetRBRotation_Debug@UPrimitiveComponent@@QAEXAAUFFrame@@QAX@Z
UPrimitiveComponent,RigidBodyIsAwake,0x003c50c0,0x3c50c0,58,,?execRigidBodyIsAwake@UPrimitiveComponent@@QAEXAAUFFrame@@QAX@Z
UPrimitiveComponent,RigidBodyIsAwake_Debug,0x003c5140,0x3c5140,121,,?execRigidBodyIsAwake_Debug@UPrimitiveComponent@@QAEXAAUFFrame@@QAX@Z
UPrimitiveComponent,AddImpulse,0x003c51c0,0x3c51c0,346,,?execAddImpulse@UPrimitiveComponent@@QAEXAAUFFrame@@QAX@Z
UPrimitiveComponent,AddRadialImpulse,0x003c5320,0x3c5320,268,,?execAddRadialImpulse@UPrimitiveComponent@@QAEXAAUFFrame@@QAX@Z
UPrimitiveComponent,AddRadialForce,0x003c5430,0x3c5430,212,,?execAddRadialForce@UPrimitiveComponent@@QAEXAAUFFrame@@QAX@Z
UPrimitiveComponent,SetRBCollidesWithChannel,0x003c5650,0x3c5650,154,,?execSetRBCollidesWithChannel@UPrimitiveComponent@@QAEXAAUFFrame@@QAX@Z
UPrimitiveComponent,SetRBCollisionChannels,0x003c56f0,0x3c56f0,110,,?execSetRBCollisionChannels@UPrimitiveComponent@@QAEXAAUFFrame@@QAX@Z
UPrimitiveComponent,SetRBChannel,0x003c5760,0x3c5760,98,,?execSetRBChannel@UPrimitiveComponent@@QAEXAAUFFrame@@QAX@Z
USkeletalMeshComponent,SetHasPhysicsAssetInstance,0x003c5920,0x3c5920,102,,?execSetHasPhysicsAssetInstance@USkeletalMeshComponent@@QAEXAAUFFrame@@QAX@Z
UStaticMeshComponent,DisableRBCollisionWithSMC,0x003c5a50,0x3c5a50,140,,?execDisableRBCollisionWithSMC@UStaticMeshComponent@@QAEXAAUFFrame@@QAX@Z
UPrimitiveComponent,AddForce,0x003d2e00,0x3d2e00,285,,?execAddForce@UPrimitiveComponent@@QAEXAAUFFrame@@QAX@Z
UPrimitiveComponent,AddTorque,0x003d30b0,0x3d30b0,172,,?execAddTorque@UPrimitiveComponent@@QAEXAAUFFrame@@QAX@Z
URB_ConstraintInstance,TermConstraint,0x003d7850,0x3d7850,52,,?execTermConstraint@URB_ConstraintInstance@@QAEXAAUFFrame@@QAX@Z
USkeletalMeshComponent,UpdateRBBonesFromSpaceBases,0x003d9280,0x3d9280,171,,?execUpdateRBBonesFromSpaceBases@USkeletalMeshComponent@@QAEXAAUFFrame@@QAX@Z
USkeletalMeshComponent,UpdateMeshForBrokenConstraints,0x003e2120,0x3e2120,48,,?execUpdateMeshForBrokenConstraints@USkeletalMeshComponent@@QAEXAAUFFrame@@QAX@Z
USkeletalMeshComponent,RestoreSavedAnimSets,0x003e8030,0x3e8030,48,,?execRestoreSavedAnimSets@USkeletalMeshComponent@@QAEXAAUFFrame@@QAX@Z
USkeletalMeshComponent,SaveAnimSets,0x003eb390,0x3eb390,48,,?execSaveAnimSets@USkeletalMeshComponent@@QAEXAAUFFrame@@QAX@Z
UCanvas,Project,0x003f02b0,0x3f02b0,252,,?execProject@UCanvas@@QAEXAAUFFrame@@QAX@Z
UCanvas,DeProject,0x003f03b0,0x3f03b0,262,,?execDeProject@UCanvas@@QAEXAAUFFrame@@QAX@Z
UUIDynamicFieldProvider,AddField,0x003f18f0,0x3f18f0,289,,?execAddField@UUIDynamicFieldProvider@@QAEXAAUFFrame@@QAX@Z
UCanvas,PushTranslationMatrix,0x003f90c0,0x3f90c0,219,,?execPushTranslationMatrix@UCanvas@@QAEXAAUFFrame@@QAX@Z
UCanvas,PopTransform,0x00400110,0x400110,90,,?execPopTransform@UCanvas@@QAEXAAUFFrame@@QAX@Z
UUIDynamicFieldProvider,GetField,0x00401490,0x401490,428,,?execGetField@UUIDynamicFieldProvider@@QAEXAAUFFrame@@QAX@Z
UUIDynamicFieldProvider,SetField,0x004067b0,0x4067b0,413,,?execSetField@UUIDynamicFieldProvider@@QAEXAAUFFrame@@QAX@Z
UCanvas,TextSize,0x00412ea0,0x412ea0,363,,?execTextSize@UCanvas@@QAEXAAUFFrame@@QAX@Z
UCanvas,DrawMaterialTile,0x00417640,0x417640,786,,?execDrawMaterialTile@UCanvas@@QAEXAAUFFrame@@QAX@Z
UCanvas,DrawTile,0x0042be00,0x42be00,881,,?execDrawTile@UCanvas@@QAEXAAUFFrame@@QAX@Z
UCanvas,PreOptimizeDrawTiles,0x0042c180,0x42c180,360,,?execPreOptimizeDrawTiles@UCanvas@@QAEXAAUFFrame@@QAX@Z
UCanvas,Draw2DLine,0x0042cdf0,0x42cdf0,347,,?execDraw2DLine@UCanvas@@QAEXAAUFFrame@@QAX@Z
UCanvas,DrawText,0x00430570,0x430570,501,,?execDrawText@UCanvas@@QAEXAAUFFrame@@QAX@Z
UCanvas,DrawTileStretched,0x004308b0,0x4308b0,641,,?execDrawTileStretched@UCanvas@@QAEXAAUFFrame@@QAX@Z
UCanvas,StrLen,0x00432070,0x432070,368,,?execStrLen@UCanvas@@QAEXAAUFFrame@@QAX@Z
UUIRoot,GetCurrentUIController,0x00436e90,0x436e90,88,,?execGetCurrentUIController@UUIRoot@@QAEXAAUFFrame@@QAX@Z
UUIRoot,GetSceneClient,0x00436ef0,0x436ef0,98,,?execGetSceneClient@UUIRoot@@QAEXAAUFFrame@@QAX@Z
UUIRoot,GetInputPlatformType,0x00436f60,0x436f60,151,,?execGetInputPlatformType@UUIRoot@@QAEXAAUFFrame@@QAX@Z
UUIScreenObject,IsInitialized,0x00437000,0x437000,54,,?execIsInitialized@UUIScreenObject@@QAEXAAUFFrame@@QAX@Z
UUIScreenObject,RequestSceneUpdate,0x00437040,0x437040,254,,?execRequestSceneUpdate@UUIScreenObject@@QAEXAAUFFrame@@QAX@Z
UUIScreenObject,RequestFormattingUpdate,0x00437140,0x437140,53,,?execRequestFormattingUpdate@UUIScreenObject@@QAEXAAUFFrame@@QAX@Z
UUIScreenObject,RequestPrimitiveReview,0x00437180,0x437180,156,,?execRequestPrimitiveReview@UUIScreenObject@@QAEXAAUFFrame@@QAX@Z
UUIInteraction,GetPlayerCount,0x00437220,0x437220,47,,?execGetPlayerCount@UUIInteraction@@QAEXAAUFFrame@@QAX@Z
UUIManager,GetUIManager,0x00437890,0x437890,95,,?execGetUIManager@UUIManager@@QAEXAAUFFrame@@QAX@Z
UUIScreenObject,GetWidgetPathName,0x0043d180,0x43d180,135,,?execGetWidgetPathName@UUIScreenObject@@QAEXAAUFFrame@@QAX@Z
UUIScreenObject,HasActiveStateOfClass,0x0043d6d0,0x43d6d0,214,,?execHasActiveStateOfClass@UUIScreenObject@@QAEXAAUFFrame@@QAX@Z
UUIScreenObject,ActivateStateByClass,0x0043d9b0,0x43d9b0,214,,?execActivateStateByClass@UUIScreenObject@@QAEXAAUFFrame@@QAX@Z
UUIScreenObject,DeactivateStateByClass,0x0043dc10,0x43dc10,214,,?execDeactivateStateByClass@UUIScreenObject@@QAEXAAUFFrame@@QAX@Z
UUIScreenObject,IsEnabled,0x00467e90,0x467e90,161,,?execIsEnabled@UUIScreenObject@@QAEXAAUFFrame@@QAX@Z
UUIScreenObject,IsDisabled,0x00467f40,0x467f40,161,,?execIsDisabled@UUIScreenObject@@QAEXAAUFFrame@@QAX@Z
UUIScreenObject,IsFocused,0x00467ff0,0x467ff0,125,,?execIsFocused@UUIScreenObject@@QAEXAAUFFrame@@QAX@Z
UUIScreenObject,IsActive,0x00468070,0x468070,125,,?execIsActive@UUIScreenObject@@QAEXAAUFFrame@@QAX@Z
UUIScreenObject,IsPressed,0x004680f0,0x4680f0,125,,?execIsPressed@UUIScreenObject@@QAEXAAUFFrame@@QAX@Z
AEmitter,SetTemplate,0x004e0f20,0x4e0f20,147,,?execSetTemplate@AEmitter@@QAEXAAUFFrame@@QAX@Z
AGameCrowdAgent,PlayDeath,0x00597e70,0x597e70,235,,?execPlayDeath@AGameCrowdAgent@@QAEXAAUFFrame@@QAX@Z
AGameCrowdAgent,InitializeAgent,0x00597f60,0x597f60,263,,?execInitializeAgent@AGameCrowdAgent@@QAEXAAUFFrame@@QAX@Z
AController,RouteCache_AddItem,0x00598070,0x598070,96,,?execRouteCache_AddItem@AController@@QAEXAAUFFrame@@QAX@Z
AHUD,DisplayConsoleMessages,0x005980d0,0x5980d0,53,,?execDisplayConsoleMessages@AHUD@@QAEXAAUFFrame@@QAX@Z
AGameCrowdAgentSkeletal,OnAnimEnd,0x00598110,0x598110,184,,?execOnAnimEnd@AGameCrowdAgentSkeletal@@QAEXAAUFFrame@@QAX@Z
UDishonoredCheatManager,NPCSetFreeze,0x005981d0,0x5981d0,107,,?execNPCSetFreeze@UDishonoredCheatManager@@QAEXAAUFFrame@@QAX@Z
ADisWatchTower,OnWatchTowerShootAtTarget,0x00598240,0x598240,96,,?execOnWatchTowerShootAtTarget@ADisWatchTower@@QAEXAAUFFrame@@QAX@Z
AGameCrowdDestination,PickNewDestinationFor,0x005982a0,0x5982a0,145,,?execPickNewDestinationFor@AGameCrowdDestination@@QAEXAAUFFrame@@QAX@Z
AGamePlayerController,GetUIPlayerIndex,0x005983d0,0x5983d0,58,,?execGetUIPlayerIndex@AGamePlayerController@@QAEXAAUFFrame@@QAX@Z
AGamePlayerController,CrowdFocus,0x00598410,0x598410,53,,?execCrowdFocus@AGamePlayerController@@QAEXAAUFFrame@@QAX@Z
UGameThirdPersonCamera,PlayerUpdateCamera,0x005989e0,0x5989e0,266,,?execPlayerUpdateCamera@UGameThirdPersonCamera@@QAEXAAUFFrame@@QAX@Z
UGameThirdPersonCamera,EndTurn,0x00598af0,0x598af0,53,,?execEndTurn@UGameThirdPersonCamera@@QAEXAAUFFrame@@QAX@Z
ADisWhaleBoneCharm,OnSetBoneCharmEffect,0x00598b30,0x598b30,96,,?execOnSetBoneCharmEffect@ADisWhaleBoneCharm@@QAEXAAUFFrame@@QAX@Z
UDownloadableContentEnumerator,FindDLC,0x0059ac60,0x59ac60,53,,?execFindDLC@UDownloadableContentEnumerator@@QAEXAAUFFrame@@QAX@Z
UGameStatsAggregator,AddEntryToDimension,0x0059aca0,0x59aca0,178,,?execAddEntryToDimension@UGameStatsAggregator@@QAEXAAUFFrame@@QAX@Z
UGameStatsAggregator,AddEntryPairToDimension,0x0059ad60,0x59ad60,216,,?execAddEntryPairToDimension@UGameStatsAggregator@@QAEXAAUFFrame@@QAX@Z
AGamePlayerController,KeepPlayingLoadingMovie,0x0059bdb0,0x59bdb0,65,,?execKeepPlayingLoadingMovie@AGamePlayerController@@QAEXAAUFFrame@@QAX@Z
AGamePlayerController,ClientStopMovie,0x0059be00,0x59be00,286,,?execClientStopMovie@AGamePlayerController@@QAEXAAUFFrame@@QAX@Z
UGameThirdPersonCameraMode,SetViewOffset,0x0059bff0,0x59bff0,141,,?execSetViewOffset@UGameThirdPersonCameraMode@@QAEXAAUFFrame@@QAX@Z
AGameCrowdDestination,ReachedByAgent,0x005a0050,0x5a0050,208,,?execReachedByAgent@AGameCrowdDestination@@QAEXAAUFFrame@@QAX@Z
AGamePlayerCamera,AdjustFOVForViewport,0x005a0500,0x5a0500,138,,?execAdjustFOVForViewport@AGamePlayerCamera@@QAEXAAUFFrame@@QAX@Z
AGamePlayerController,GetCurrentMovie,0x005a5860,0x5a5860,211,,?execGetCurrentMovie@AGamePlayerController@@QAEXAAUFFrame@@QAX@Z
AGamePlayerController,ShowLoadingMovie,0x005a87d0,0x5a87d0,316,,?execShowLoadingMovie@AGamePlayerController@@QAEXAAUFFrame@@QAX@Z
AGamePlayerController,ClientPlayMovie,0x005a8910,0x5a8910,248,,?execClientPlayMovie@AGamePlayerController@@QAEXAAUFFrame@@QAX@Z
AGameDecalManager,IsTooCloseToActiveDecal,0x005a9500,0x5a9500,183,,?execIsTooCloseToActiveDecal@AGameDecalManager@@QAEXAAUFFrame@@QAX@Z
UOnlineSubsystemCommonImpl,IsPlayerInSession,0x005b25d0,0x5b25d0,157,,?execIsPlayerInSession@UOnlineSubsystemCommonImpl@@QAEXAAUFFrame@@QAX@Z
UGFxInteraction,GetFocusMovie,0x005b58e0,0x5b58e0,101,,?execGetFocusMovie@UGFxInteraction@@QAEXAAUFFrame@@QAX@Z
UGFxInteraction,NotifyPlayerAdded,0x005b5950,0x5b5950,134,,?execNotifyPlayerAdded@UGFxInteraction@@QAEXAAUFFrame@@QAX@Z
UGFxInteraction,NotifyPlayerRemoved,0x005b59e0,0x5b59e0,134,,?execNotifyPlayerRemoved@UGFxInteraction@@QAEXAAUFFrame@@QAX@Z
UGFxMoviePlayer,Start,0x005b5b10,0x5b5b10,119,,?execStart@UGFxMoviePlayer@@QAEXAAUFFrame@@QAX@Z
UGFxMoviePlayer,Advance,0x005b5b90,0x5b5b90,100,,?execAdvance@UGFxMoviePlayer@@QAEXAAUFFrame@@QAX@Z
UGFxMoviePlayer,PostAdvance,0x005b5c00,0x5b5c00,100,,?execPostAdvance@UGFxMoviePlayer@@QAEXAAUFFrame@@QAX@Z
UGFxMoviePlayer,SetPause,0x005b5c70,0x5b5c70,114,,?execSetPause@UGFxMoviePlayer@@QAEXAAUFFrame@@QAX@Z
UGFxMoviePlayer,Close,0x005b5cf0,0x5b5cf0,114,,?execClose@UGFxMoviePlayer@@QAEXAAUFFrame@@QAX@Z
UGFxMoviePlayer,SetTimingMode,0x005b5d70,0x5b5d70,93,,?execSetTimingMode@UGFxMoviePlayer@@QAEXAAUFFrame@@QAX@Z
UGenericParamListStatEntry,CommitToDisk,0x005b5dd0,0x5b5dd0,53,,?execCommitToDisk@UGenericParamListStatEntry@@QAEXAAUFFrame@@QAX@Z
UGFxInteraction,CloseAllMoviePlayers,0x005b5e10,0x5b5e10,53,,?execCloseAllMoviePlayers@UGFxInteraction@@QAEXAAUFFrame@@QAX@Z
UGFxMoviePlayer,SetPriority,0x005b5e50,0x5b5e50,93,,?execSetPriority@UGFxMoviePlayer@@QAEXAAUFFrame@@QAX@Z
UGFxMoviePlayer,CreateArray,0x005b5eb0,0x5b5eb0,58,,?execCreateArray@UGFxMoviePlayer@@QAEXAAUFFrame@@QAX@Z
UGFxDataStoreSubscriber,RefreshSubscriberValue,0x005b6080,0x5b6080,107,,?execRefreshSubscriberValue@UGFxDataStoreSubscriber@@QAEXAAUFFrame@@QAX@Z
UGFxDataStoreSubscriber,NotifyDataStoreValueUpdated,0x005b60f0,0x5b60f0,250,,?execNotifyDataStoreValueUpdated@UGFxDataStoreSubscriber@@QAEXAAUFFrame@@QAX@Z
UGFxDataStoreSubscriber,ClearBoundDataStores,0x005b61f0,0x5b61f0,52,,?execClearBoundDataStores@UGFxDataStoreSubscriber@@QAEXAAUFFrame@@QAX@Z
UGFxObject,SetDisplayMatrix,0x005b7650,0x5b7650,190,,?execSetDisplayMatrix@UGFxObject@@QAEXAAUFFrame@@QAX@Z
UGFxMoviePlayer,GetGameViewportClient,0x005b8f20,0x5b8f20,68,,?execGetGameViewportClient@UGFxMoviePlayer@@QAEXAAUFFrame@@QAX@Z
UGFxMoviePlayer,SetMovieCanReceiveFocus,0x005b8f70,0x5b8f70,104,,?execSetMovieCanReceiveFocus@UGFxMoviePlayer@@QAEXAAUFFrame@@QAX@Z
UGFxMoviePlayer,SetMovieCanReceiveInput,0x005b8fe0,0x5b8fe0,104,,?execSetMovieCanReceiveInput@UGFxMoviePlayer@@QAEXAAUFFrame@@QAX@Z
UGFxObject,GetDisplayInfo,0x005b9050,0x5b9050,71,,?execGetDisplayInfo@UGFxObject@@QAEXAAUFFrame@@QAX@Z
UGFxObject,GetPosition,0x005b90a0,0x5b90a0,245,,?execGetPosition@UGFxObject@@QAEXAAUFFrame@@QAX@Z
UGFxObject,GetColorTransform,0x005b91a0,0x5b91a0,174,,?execGetColorTransform@UGFxObject@@QAEXAAUFFrame@@QAX@Z
UGFxObject,GetDisplayMatrix,0x005b9250,0x5b9250,93,,?execGetDisplayMatrix@UGFxObject@@QAEXAAUFFrame@@QAX@Z
UGFxObject,SetDisplayInfo,0x005b92b0,0x5b92b0,99,,?execSetDisplayInfo@UGFxObject@@QAEXAAUFFrame@@QAX@Z
UGFxObject,SetColorTransform,0x005b9320,0x5b9320,203,,?execSetColorTransform@UGFxObject@@QAEXAAUFFrame@@QAX@Z
UGFxObject,GotoAndPlayI,0x005b93f0,0x5b93f0,107,,?execGotoAndPlayI@UGFxObject@@QAEXAAUFFrame@@QAX@Z
UGFxObject,GotoAndStopI,0x005b9460,0x5b9460,107,,?execGotoAndStopI@UGFxObject@@QAEXAAUFFrame@@QAX@Z
UGFxObject,SetDisplayMatrix3D,0x005b9f20,0x5b9f20,150,,?execSetDisplayMatrix3D@UGFxObject@@QAEXAAUFFrame@@QAX@Z
UGFxObject,SetElementDisplayMatrix,0x005baa80,0x5baa80,146,,?execSetElementDisplayMatrix@UGFxObject@@QAEXAAUFFrame@@QAX@Z
UGFxMoviePlayer,SetExternalTexture,0x005bdbd0,0x5bdbd0,202,,?execSetExternalTexture@UGFxMoviePlayer@@QAEXAAUFFrame@@QAX@Z
UGFxMoviePlayer,SetViewport,0x005bdca0,0x5bdca0,194,,?execSetViewport@UGFxMoviePlayer@@QAEXAAUFFrame@@QAX@Z
UGFxMoviePlayer,SetViewScaleMode,0x005bdd70,0x5bdd70,101,,?execSetViewScaleMode@UGFxMoviePlayer@@QAEXAAUFFrame@@QAX@Z
UGFxMoviePlayer,SetAlignment,0x005bdde0,0x5bdde0,101,,?execSetAlignment@UGFxMoviePlayer@@QAEXAAUFFrame@@QAX@Z
UGFxMoviePlayer,GetVisibleFrameRect,0x005bde50,0x5bde50,466,,?execGetVisibleFrameRect@UGFxMoviePlayer@@QAEXAAUFFrame@@QAX@Z
UGFxMoviePlayer,SetView3D,0x005be030,0x5be030,200,,?execSetView3D@UGFxMoviePlayer@@QAEXAAUFFrame@@QAX@Z
UGFxMoviePlayer,SetPerspective3D,0x005be100,0x5be100,200,,?execSetPerspective3D@UGFxMoviePlayer@@QAEXAAUFFrame@@QAX@Z
UGFxMoviePlayer,GetVariableBool,0x005be1d0,0x5be1d0,168,,?execGetVariableBool@UGFxMoviePlayer@@QAEXAAUFFrame@@QAX@Z
UGFxMoviePlayer,GetVariableNumber,0x005be280,0x5be280,168,,?execGetVariableNumber@UGFxMoviePlayer@@QAEXAAUFFrame@@QAX@Z
UGFxMoviePlayer,GetVariableString,0x005be330,0x5be330,191,,?execGetVariableString@UGFxMoviePlayer@@QAEXAAUFFrame@@QAX@Z
UGFxMoviePlayer,GetVariableObject,0x005be3f0,0x5be3f0,209,,?execGetVariableObject@UGFxMoviePlayer@@QAEXAAUFFrame@@QAX@Z
UGFxMoviePlayer,SetVariableBool,0x005be4d0,0x5be4d0,208,,?execSetVariableBool@UGFxMoviePlayer@@QAEXAAUFFrame@@QAX@Z
UGFxMoviePlayer,SetVariableNumber,0x005be5a0,0x5be5a0,205,,?execSetVariableNumber@UGFxMoviePlayer@@QAEXAAUFFrame@@QAX@Z
UGFxMoviePlayer,SetVariableString,0x005be670,0x5be670,218,,?execSetVariableString@UGFxMoviePlayer@@QAEXAAUFFrame@@QAX@Z
UGFxMoviePlayer,SetVariableObject,0x005be750,0x5be750,197,,?execSetVariableObject@UGFxMoviePlayer@@QAEXAAUFFrame@@QAX@Z
UGFxMoviePlayer,CreateObject,0x005be820,0x5be820,209,,?execCreateObject@UGFxMoviePlayer@@QAEXAAUFFrame@@QAX@Z
UGFxObject,SetPosition,0x005be960,0x5be960,139,,?execSetPosition@UGFxObject@@QAEXAAUFFrame@@QAX@Z
UGFxObject,SetVisible,0x005be9f0,0x5be9f0,102,,?execSetVisible@UGFxObject@@QAEXAAUFFrame@@QAX@Z
UGFxObject,GetElementBool,0x005bea60,0x5bea60,96,,?execGetElementBool@UGFxObject@@QAEXAAUFFrame@@QAX@Z
UGFxObject,GetElementFloat,0x005beac0,0x5beac0,96,,?execGetElementFloat@UGFxObject@@QAEXAAUFFrame@@QAX@Z
UGFxObject,SetElementObject,0x005beb20,0x5beb20,129,,?execSetElementObject@UGFxObject@@QAEXAAUFFrame@@QAX@Z
UGFxObject,SetElementFloat,0x005bebb0,0x5bebb0,133,,?execSetElementFloat@UGFxObject@@QAEXAAUFFrame@@QAX@Z
UGFxObject,SetElementString,0x005bec40,0x5bec40,192,,?execSetElementString@UGFxObject@@QAEXAAUFFrame@@QAX@Z
UGFxObject,GetElementDisplayInfo,0x005bed00,0x5bed00,109,,?execGetElementDisplayInfo@UGFxObject@@QAEXAAUFFrame@@QAX@Z
UGFxObject,GetElementDisplayMatrix,0x005bed70,0x5bed70,131,,?execGetElementDisplayMatrix@UGFxObject@@QAEXAAUFFrame@@QAX@Z
UGFxObject,SetElementDisplayInfo,0x005bee00,0x5bee00,137,,?execSetElementDisplayInfo@UGFxObject@@QAEXAAUFFrame@@QAX@Z
UGFxObject,SetElementVisible,0x005bee90,0x5bee90,140,,?execSetElementVisible@UGFxObject@@QAEXAAUFFrame@@QAX@Z
UGFxObject,SetElementPosition,0x005bef20,0x5bef20,179,,?execSetElementPosition@UGFxObject@@QAEXAAUFFrame@@QAX@Z
UGFxObject,SetElementColorTransform,0x005befe0,0x5befe0,137,,?execSetElementColorTransform@UGFxObject@@QAEXAAUFFrame@@QAX@Z
UGFxFSCmdHandler_Kismet,FSCommand,0x005bf070,0x5bf070,291,,?execFSCommand@UGFxFSCmdHandler_Kismet@@QAEXAAUFFrame@@QAX@Z
UGFxDataStoreSubscriber,SetDataStoreBinding,0x005bf1a0,0x5bf1a0,207,,?execSetDataStoreBinding@UGFxDataStoreSubscriber@@QAEXAAUFFrame@@QAX@Z
UGFxDataStoreSubscriber,GetDataStoreBinding,0x005bf270,0x5bf270,181,,?execGetDataStoreBinding@UGFxDataStoreSubscriber@@QAEXAAUFFrame@@QAX@Z
UGFxMoviePlayer,GetVariable,0x005c6a90,0x5c6a90,219,,?execGetVariable@UGFxMoviePlayer@@QAEXAAUFFrame@@QAX@Z
UGFxMoviePlayer,SetVariable,0x005c6b70,0x5c6b70,300,,?execSetVariable@UGFxMoviePlayer@@QAEXAAUFFrame@@QAX@Z
UGFxMoviePlayer,GetVariableIntArray,0x005c6ca0,0x5c6ca0,310,,?execGetVariableIntArray@UGFxMoviePlayer@@QAEXAAUFFrame@@QAX@Z
UGFxMoviePlayer,GetVariableFloatArray,0x005c6de0,0x5c6de0,310,,?execGetVariableFloatArray@UGFxMoviePlayer@@QAEXAAUFFrame@@QAX@Z
UGFxMoviePlayer,SetVariableIntArray,0x005c6f20,0x5c6f20,257,,?execSetVariableIntArray@UGFxMoviePlayer@@QAEXAAUFFrame@@QAX@Z
UGFxMoviePlayer,SetVariableFloatArray,0x005c7030,0x5c7030,257,,?execSetVariableFloatArray@UGFxMoviePlayer@@QAEXAAUFFrame@@QAX@Z
UGFxObject,Get,0x005c7140,0x5c7140,214,,?execGet@UGFxObject@@QAEXAAUFFrame@@QAX@Z
UGFxObject,GetBool,0x005c7220,0x5c7220,163,,?execGetBool@UGFxObject@@QAEXAAUFFrame@@QAX@Z
UGFxObject,GetFloat,0x005c72d0,0x5c72d0,163,,?execGetFloat@UGFxObject@@QAEXAAUFFrame@@QAX@Z
UGFxObject,GetString,0x005c7380,0x5c7380,186,,?execGetString@UGFxObject@@QAEXAAUFFrame@@QAX@Z
UGFxObject,Set,0x005c7440,0x5c7440,295,,?execSet@UGFxObject@@QAEXAAUFFrame@@QAX@Z
UGFxObject,SetBool,0x005c7570,0x5c7570,203,,?execSetBool@UGFxObject@@QAEXAAUFFrame@@QAX@Z
UGFxObject,SetFloat,0x005c7640,0x5c7640,200,,?execSetFloat@UGFxObject@@QAEXAAUFFrame@@QAX@Z
UGFxObject,SetObject,0x005c7710,0x5c7710,192,,?execSetObject@UGFxObject@@QAEXAAUFFrame@@QAX@Z
UGFxObject,GetText,0x005c77d0,0x5c77d0,130,,?execGetText@UGFxObject@@QAEXAAUFFrame@@QAX@Z
UGFxObject,GetElement,0x005c7860,0x5c7860,198,,?execGetElement@UGFxObject@@QAEXAAUFFrame@@QAX@Z
UGFxObject,GetElementString,0x005c7930,0x5c7930,170,,?execGetElementString@UGFxObject@@QAEXAAUFFrame@@QAX@Z
UGFxObject,SetElement,0x005c79e0,0x5c79e0,279,,?execSetElement@UGFxObject@@QAEXAAUFFrame@@QAX@Z
UGFxObject,SetElementBool,0x005c7b00,0x5c7b00,140,,?execSetElementBool@UGFxObject@@QAEXAAUFFrame@@QAX@Z
UGFxObject,GetElementMember,0x005c7b90,0x5c7b90,250,,?execGetElementMember@UGFxObject@@QAEXAAUFFrame@@QAX@Z
UGFxObject,GetElementMemberBool,0x005c7c90,0x5c7c90,197,,?execGetElementMemberBool@UGFxObject@@QAEXAAUFFrame@@QAX@Z
UGFxObject,GetElementMemberFloat,0x005c7d60,0x5c7d60,197,,?execGetElementMemberFloat@UGFxObject@@QAEXAAUFFrame@@QAX@Z
UGFxObject,GetElementMemberString,0x005c7e30,0x5c7e30,220,,?execGetElementMemberString@UGFxObject@@QAEXAAUFFrame@@QAX@Z
UGFxObject,SetElementMember,0x005c7f10,0x5c7f10,329,,?execSetElementMember@UGFxObject@@QAEXAAUFFrame@@QAX@Z
UGFxObject,SetElementMemberObject,0x005c8060,0x5c8060,226,,?execSetElementMemberObject@UGFxObject@@QAEXAAUFFrame@@QAX@Z
UGFxObject,SetElementMemberBool,0x005c8150,0x5c8150,237,,?execSetElementMemberBool@UGFxObject@@QAEXAAUFFrame@@QAX@Z
UGFxObject,SetElementMemberFloat,0x005c8240,0x5c8240,234,,?execSetElementMemberFloat@UGFxObject@@QAEXAAUFFrame@@QAX@Z
UGFxObject,SetElementMemberString,0x005c8330,0x5c8330,247,,?execSetElementMemberString@UGFxObject@@QAEXAAUFFrame@@QAX@Z
UGFxObject,GotoAndPlay,0x005c8430,0x5c8430,158,,?execGotoAndPlay@UGFxObject@@QAEXAAUFFrame@@QAX@Z
UGFxObject,GotoAndStop,0x005c84d0,0x5c84d0,158,,?execGotoAndStop@UGFxObject@@QAEXAAUFFrame@@QAX@Z
UGFxDataStoreSubscriber,GetBoundDataStores,0x005c8570,0x5c8570,215,,?execGetBoundDataStores@UGFxDataStoreSubscriber@@QAEXAAUFFrame@@QAX@Z
UGFxDataStoreSubscriber,SaveSubscriberValue,0x005c8650,0x5c8650,267,,?execSaveSubscriberValue@UGFxDataStoreSubscriber@@QAEXAAUFFrame@@QAX@Z
UGFxObject,ActionScriptSetFunction,0x005cba60,0x5cba60,464,,?execActionScriptSetFunction@UGFxObject@@QAEXAAUFFrame@@QAX@Z
UGFxObject,ActionScriptSetFunctionOn,0x005cbc30,0x5cbc30,494,,?execActionScriptSetFunctionOn@UGFxObject@@QAEXAAUFFrame@@QAX@Z
UGFxMoviePlayer,ActionScriptSetFunction,0x005cbe20,0x5cbe20,506,,?execActionScriptSetFunction@UGFxMoviePlayer@@QAEXAAUFFrame@@QAX@Z
UGFxObject,SetFunction,0x005cd410,0x5cd410,233,,?execSetFunction@UGFxObject@@QAEXAAUFFrame@@QAX@Z
UGFxMoviePlayer,GetVariableArray,0x005d0ba0,0x5d0ba0,310,,?execGetVariableArray@UGFxMoviePlayer@@QAEXAAUFFrame@@QAX@Z
UGFxMoviePlayer,GetVariableStringArray,0x005d0ce0,0x5d0ce0,310,,?execGetVariableStringArray@UGFxMoviePlayer@@QAEXAAUFFrame@@QAX@Z
UGFxMoviePlayer,SetVariableArray,0x005d0e20,0x5d0e20,257,,?execSetVariableArray@UGFxMoviePlayer@@QAEXAAUFFrame@@QAX@Z
UGFxMoviePlayer,SetVariableStringArray,0x005d0f30,0x5d0f30,257,,?execSetVariableStringArray@UGFxMoviePlayer@@QAEXAAUFFrame@@QAX@Z
UGFxMoviePlayer,Invoke,0x005d1040,0x5d1040,277,,?execInvoke@UGFxMoviePlayer@@QAEXAAUFFrame@@QAX@Z
UGFxObject,Invoke,0x005d1160,0x5d1160,272,,?execInvoke@UGFxObject@@QAEXAAUFFrame@@QAX@Z
UGFxObject,SetString,0x005d7140,0x5d7140,254,,?execSetString@UGFxObject@@QAEXAAUFFrame@@QAX@Z
UGFxObject,SetText,0x005d7240,0x5d7240,199,,?execSetText@UGFxObject@@QAEXAAUFFrame@@QAX@Z
UGFxMoviePlayer,AddCaptureKey,0x005d9d40,0x5d9d40,104,,?execAddCaptureKey@UGFxMoviePlayer@@QAEXAAUFFrame@@QAX@Z
UGFxMoviePlayer,ClearCaptureKeys,0x005d9db0,0x5d9db0,73,,?execClearCaptureKeys@UGFxMoviePlayer@@QAEXAAUFFrame@@QAX@Z
UGFxMoviePlayer,AddFocusIgnoreKey,0x005d9e00,0x5d9e00,104,,?execAddFocusIgnoreKey@UGFxMoviePlayer@@QAEXAAUFFrame@@QAX@Z
UGFxMoviePlayer,ClearFocusIgnoreKeys,0x005d9e70,0x5d9e70,73,,?execClearFocusIgnoreKeys@UGFxMoviePlayer@@QAEXAAUFFrame@@QAX@Z
UGFxMoviePlayer,FlushPlayerInput,0x005dcfd0,0x5dcfd0,135,,?execFlushPlayerInput@UGFxMoviePlayer@@QAEXAAUFFrame@@QAX@Z
UGFxMoviePlayer,SetWidgetPathBinding,0x005dd060,0x5dd060,195,,?execSetWidgetPathBinding@UGFxMoviePlayer@@QAEXAAUFFrame@@QAX@Z
UGFxObject,GetObject,0x005e7df0,0x5e7df0,222,,?execGetObject@UGFxObject@@QAEXAAUFFrame@@QAX@Z
UGFxObject,GetElementObject,0x005e7ed0,0x5e7ed0,156,,?execGetElementObject@UGFxObject@@QAEXAAUFFrame@@QAX@Z
UGFxObject,GetElementMemberObject,0x005e7f70,0x5e7f70,256,,?execGetElementMemberObject@UGFxObject@@QAEXAAUFFrame@@QAX@Z
UGFxObject,CreateEmptyMovieClip,0x005e8070,0x5e8070,267,,?execCreateEmptyMovieClip@UGFxObject@@QAEXAAUFFrame@@QAX@Z
UGFxObject,AttachMovie,0x005e8180,0x5e8180,322,,?execAttachMovie@UGFxObject@@QAEXAAUFFrame@@QAX@Z
UGFxMoviePlayer,ActionScriptVoid,0x005e8350,0x5e8350,152,,?execActionScriptVoid@UGFxMoviePlayer@@QAEXAAUFFrame@@QAX@Z
UGFxMoviePlayer,ActionScriptInt,0x005e83f0,0x5e83f0,160,,?execActionScriptInt@UGFxMoviePlayer@@QAEXAAUFFrame@@QAX@Z
UGFxMoviePlayer,ActionScriptString,0x005e8490,0x5e8490,160,,?execActionScriptString@UGFxMoviePlayer@@QAEXAAUFFrame@@QAX@Z
UGFxMoviePlayer,ActionScriptObject,0x005e8530,0x5e8530,153,,?execActionScriptObject@UGFxMoviePlayer@@QAEXAAUFFrame@@QAX@Z
UGFxObject,ActionScriptVoid,0x005e85d0,0x5e85d0,141,,?execActionScriptVoid@UGFxObject@@QAEXAAUFFrame@@QAX@Z
UGFxObject,ActionScriptFloat,0x005e8660,0x5e8660,149,,?execActionScriptFloat@UGFxObject@@QAEXAAUFFrame@@QAX@Z
UGFxObject,ActionScriptString,0x005e8700,0x5e8700,149,,?execActionScriptString@UGFxObject@@QAEXAAUFFrame@@QAX@Z
UGFxObject,ActionScriptObject,0x005e87a0,0x5e87a0,142,,?execActionScriptObject@UGFxObject@@QAEXAAUFFrame@@QAX@Z
UGFxObject,ActionScriptArray,0x005e8830,0x5e8830,9,,?execActionScriptArray@UGFxObject@@QAEXAAUFFrame@@QAX@Z
UOnlineSubsystemSteamworks,ShowLoginUI,0x005e8aa0,0x5e8aa0,119,,?execShowLoginUI@UOnlineSubsystemSteamworks@@QAEXAAUFFrame@@QAX@Z
UOnlineSubsystemSteamworks,AutoLogin,0x005e8b20,0x5e8b20,58,,?execAutoLogin@UOnlineSubsystemSteamworks@@QAEXAAUFFrame@@QAX@Z
UOnlineSubsystemSteamworks,Logout,0x005e8b60,0x5e8b60,98,,?execLogout@UOnlineSubsystemSteamworks@@QAEXAAUFFrame@@QAX@Z
UOnlineSubsystemSteamworks,GetLoginStatus,0x005e8bd0,0x5e8bd0,98,,?execGetLoginStatus@UOnlineSubsystemSteamworks@@QAEXAAUFFrame@@QAX@Z
UOnlineSubsystemSteamworks,IsFriend,0x005e8c40,0x5e8c40,143,,?execIsFriend@UOnlineSubsystemSteamworks@@QAEXAAUFFrame@@QAX@Z
UOnlineSubsystemSteamworks,ReadProfileSettings,0x005e8cd0,0x5e8cd0,136,,?execReadProfileSettings@UOnlineSubsystemSteamworks@@QAEXAAUFFrame@@QAX@Z
UOnlineSubsystemSteamworks,WriteProfileSettings,0x005e8d60,0x5e8d60,136,,?execWriteProfileSettings@UOnlineSubsystemSteamworks@@QAEXAAUFFrame@@QAX@Z
UOnlineSubsystemSteamworks,ReadFriendsList,0x005e8df0,0x5e8df0,190,,?execReadFriendsList@UOnlineSubsystemSteamworks@@QAEXAAUFFrame@@QAX@Z
UOnlineSubsystemSteamworks,ReadOnlineStatsForFriends,0x005e8eb0,0x5e8eb0,136,,?execReadOnlineStatsForFriends@UOnlineSubsystemSteamworks@@QAEXAAUFFrame@@QAX@Z
UOnlineSubsystemSteamworks,ReadOnlineStatsByRank,0x005e8f40,0x5e8f40,193,,?execReadOnlineStatsByRank@UOnlineSubsystemSteamworks@@QAEXAAUFFrame@@QAX@Z
UOnlineSubsystemSteamworks,ReadOnlineStatsByRankAroundPlayer,0x005e9010,0x5e9010,183,,?execReadOnlineStatsByRankAroundPlayer@UOnlineSubsystemSteamworks@@QAEXAAUFFrame@@QAX@Z
UOnlineSubsystemSteamworks,FreeStats,0x005e90d0,0x5e90d0,96,,?execFreeStats@UOnlineSubsystemSteamworks@@QAEXAAUFFrame@@QAX@Z
UOnlineSubsystemSteamworks,WriteOnlineStats,0x005e9130,0x5e9130,195,,?execWriteOnlineStats@UOnlineSubsystemSteamworks@@QAEXAAUFFrame@@QAX@Z
UOnlineSubsystemSteamworks,FlushOnlineStats,0x005e9200,0x5e9200,114,,?execFlushOnlineStats@UOnlineSubsystemSteamworks@@QAEXAAUFFrame@@QAX@Z
UOnlineSubsystemSteamworks,HasLinkConnection,0x005e9280,0x5e9280,58,,?execHasLinkConnection@UOnlineSubsystemSteamworks@@QAEXAAUFFrame@@QAX@Z
UOnlineSubsystemSteamworks,SetNetworkNotificationPosition,0x005e92c0,0x5e92c0,93,,?execSetNetworkNotificationPosition@UOnlineSubsystemSteamworks@@QAEXAAUFFrame@@QAX@Z
UOnlineSubsystemSteamworks,IsControllerConnected,0x005e9320,0x5e9320,101,,?execIsControllerConnected@UOnlineSubsystemSteamworks@@QAEXAAUFFrame@@QAX@Z
UOnlineSubsystemSteamworks,GetNATType,0x005e9390,0x5e9390,58,,?execGetNATType@UOnlineSubsystemSteamworks@@QAEXAAUFFrame@@QAX@Z
UOnlineSubsystemSteamworks,ShowFeedbackUI,0x005e93d0,0x5e93d0,143,,?execShowFeedbackUI@UOnlineSubsystemSteamworks@@QAEXAAUFFrame@@QAX@Z
UOnlineSubsystemSteamworks,ShowGamerCardUI,0x005e9460,0x5e9460,143,,?execShowGamerCardUI@UOnlineSubsystemSteamworks@@QAEXAAUFFrame@@QAX@Z
UOnlineSubsystemSteamworks,ShowMessagesUI,0x005e94f0,0x5e94f0,98,,?execShowMessagesUI@UOnlineSubsystemSteamworks@@QAEXAAUFFrame@@QAX@Z
UOnlineSubsystemSteamworks,ShowAchievementsUI,0x005e9560,0x5e9560,98,,?execShowAchievementsUI@UOnlineSubsystemSteamworks@@QAEXAAUFFrame@@QAX@Z
UOnlineSubsystemSteamworks,ShowContentMarketplaceUI,0x005e95d0,0x5e95d0,190,,?execShowContentMarketplaceUI@UOnlineSubsystemSteamworks@@QAEXAAUFFrame@@QAX@Z
UOnlineSubsystemSteamworks,ShowMembershipMarketplaceUI,0x005e9690,0x5e9690,98,,?execShowMembershipMarketplaceUI@UOnlineSubsystemSteamworks@@QAEXAAUFFrame@@QAX@Z
UOnlineSubsystemSteamworks,ShowDeviceSelectionUI,0x005e9700,0x5e9700,194,,?execShowDeviceSelectionUI@UOnlineSubsystemSteamworks@@QAEXAAUFFrame@@QAX@Z
UOnlineSubsystemSteamworks,IsDeviceValid,0x005e97d0,0x5e97d0,146,,?execIsDeviceValid@UOnlineSubsystemSteamworks@@QAEXAAUFFrame@@QAX@Z
UOnlineSubsystemSteamworks,UnlockAchievement,0x005e9870,0x5e9870,136,,?execUnlockAchievement@UOnlineSubsystemSteamworks@@QAEXAAUFFrame@@QAX@Z
UOnlineSubsystemSteamworks,UnlockGamerPicture,0x005e9900,0x5e9900,136,,?execUnlockGamerPicture@UOnlineSubsystemSteamworks@@QAEXAAUFFrame@@QAX@Z
UOnlineSubsystemSteamworks,ShowFriendsUI,0x005e9990,0x5e9990,98,,?execShowFriendsUI@UOnlineSubsystemSteamworks@@QAEXAAUFFrame@@QAX@Z
UOnlineSubsystemSteamworks,ShowFriendsInviteUI,0x005e9a00,0x5e9a00,143,,?execShowFriendsInviteUI@UOnlineSubsystemSteamworks@@QAEXAAUFFrame@@QAX@Z
UOnlineSubsystemSteamworks,ShowPlayersUI,0x005e9a90,0x5e9a90,98,,?execShowPlayersUI@UOnlineSubsystemSteamworks@@QAEXAAUFFrame@@QAX@Z
UOnlineSubsystemSteamworks,ReadAchievements,0x005e9b00,0x5e9b00,257,,?execReadAchievements@UOnlineSubsystemSteamworks@@QAEXAAUFFrame@@QAX@Z
UOnlineSubsystemSteamworks,ReadOnlineAvatar,0x005e9c10,0x5e9c10,198,,?execReadOnlineAvatar@UOnlineSubsystemSteamworks@@QAEXAAUFFrame@@QAX@Z
UOnlineSubsystemSteamworks,GetNumberOfCurrentPlayers,0x005e9ce0,0x5e9ce0,58,,?execGetNumberOfCurrentPlayers@UOnlineSubsystemSteamworks@@QAEXAAUFFrame@@QAX@Z
UOnlineSubsystemSteamworks,ResetStats,0x005e9d20,0x5e9d20,112,,?execResetStats@UOnlineSubsystemSteamworks@@QAEXAAUFFrame@@QAX@Z
UOnlineSubsystemSteamworks,DisplayAchievementProgress,0x005e9d90,0x5e9d90,179,,?execDisplayAchievementProgress@UOnlineSubsystemSteamworks@@QAEXAAUFFrame@@QAX@Z
UOnlineSubsystemSteamworks,Login,0x005eb400,0x5eb400,309,,?execLogin@UOnlineSubsystemSteamworks@@QAEXAAUFFrame@@QAX@Z
UOnlineSubsystemSteamworks,ReadTitleFile,0x005eb540,0x5eb540,168,,?execReadTitleFile@UOnlineSubsystemSteamworks@@QAEXAAUFFrame@@QAX@Z
UOnlineSubsystemSteamworks,GetTitleFileContents,0x005eb5f0,0x5eb5f0,276,,?execGetTitleFileContents@UOnlineSubsystemSteamworks@@QAEXAAUFFrame@@QAX@Z
UOnlineSubsystemSteamworks,CreateOnlineAccount,0x005eb710,0x5eb710,346,,?execCreateOnlineAccount@UOnlineSubsystemSteamworks@@QAEXAAUFFrame@@QAX@Z
UOnlineSubsystemSteamworks,ShowKeyboardUI,0x005eb870,0x5eb870,477,,?execShowKeyboardUI@UOnlineSubsystemSteamworks@@QAEXAAUFFrame@@QAX@Z
UOnlineSubsystemSteamworks,GetHostStatGuid,0x005eba50,0x5eba50,135,,?execGetHostStatGuid@UOnlineSubsystemSteamworks@@QAEXAAUFFrame@@QAX@Z
UOnlineSubsystemSteamworks,RegisterHostStatGuid,0x005ebae0,0x5ebae0,221,,?execRegisterHostStatGuid@UOnlineSubsystemSteamworks@@QAEXAAUFFrame@@QAX@Z
UOnlineSubsystemSteamworks,GetClientStatGuid,0x005ebbc0,0x5ebbc0,135,,?execGetClientStatGuid@UOnlineSubsystemSteamworks@@QAEXAAUFFrame@@QAX@Z
UOnlineSubsystemSteamworks,RegisterStatGuid,0x005ebc50,0x5ebc50,267,,?execRegisterStatGuid@UOnlineSubsystemSteamworks@@QAEXAAUFFrame@@QAX@Z
UOnlineSubsystemSteamworks,ShowInviteUI,0x005ebd60,0x5ebd60,215,,?execShowInviteUI@UOnlineSubsystemSteamworks@@QAEXAAUFFrame@@QAX@Z
UOnlineSubsystemSteamworks,GetDeviceSelectionResults,0x005ebe40,0x5ebe40,255,,?execGetDeviceSelectionResults@UOnlineSubsystemSteamworks@@QAEXAAUFFrame@@QAX@Z
UOnlineSubsystemSteamworks,WriteStringToRemoteStorage,0x005ebf40,0x5ebf40,223,,?execWriteStringToRemoteStorage@UOnlineSubsystemSteamworks@@QAEXAAUFFrame@@QAX@Z
UOnlineSubsystemSteamworks,WriteBytesToRemoteStorage,0x005ec020,0x5ec020,223,,?execWriteBytesToRemoteStorage@UOnlineSubsystemSteamworks@@QAEXAAUFFrame@@QAX@Z
UOnlineSubsystemSteamworks,ReadStringFromRemoteStorage,0x005ec100,0x5ec100,276,,?execReadStringFromRemoteStorage@UOnlineSubsystemSteamworks@@QAEXAAUFFrame@@QAX@Z
UOnlineSubsystemSteamworks,ReadBytesFromRemoteStorage,0x005ec220,0x5ec220,276,,?execReadBytesFromRemoteStorage@UOnlineSubsystemSteamworks@@QAEXAAUFFrame@@QAX@Z
UOnlineSubsystemSteamworks,DeleteFileFromRemoteStorage,0x005ec340,0x5ec340,168,,?execDeleteFileFromRemoteStorage@UOnlineSubsystemSteamworks@@QAEXAAUFFrame@@QAX@Z
UOnlineSubsystemSteamworks,CreateLeaderboard,0x005ec3f0,0x5ec3f0,236,,?execCreateLeaderboard@UOnlineSubsystemSteamworks@@QAEXAAUFFrame@@QAX@Z
UOnlineSubsystemSteamworks,UniqueNetIdToPlayerName,0x005ec4e0,0x5ec4e0,217,,?execUniqueNetIdToPlayerName@UOnlineSubsystemSteamworks@@QAEXAAUFFrame@@QAX@Z
UOnlineSubsystemSteamworks,ShowProfileUI,0x005ec5c0,0x5ec5c0,281,,?execShowProfileUI@UOnlineSubsystemSteamworks@@QAEXAAUFFrame@@QAX@Z
UOnlineSubsystemSteamworks,UniqueNetIdToInt64,0x005ec6e0,0x5ec6e0,217,,?execUniqueNetIdToInt64@UOnlineSubsystemSteamworks@@QAEXAAUFFrame@@QAX@Z
UOnlineSubsystemSteamworks,Int64ToUniqueNetId,0x005ec7c0,0x5ec7c0,252,,?execInt64ToUniqueNetId@UOnlineSubsystemSteamworks@@QAEXAAUFFrame@@QAX@Z
UOnlineSubsystemSteamworks,AreAnyFriends,0x005ee330,0x5ee330,255,,?execAreAnyFriends@UOnlineSubsystemSteamworks@@QAEXAAUFFrame@@QAX@Z
UOnlineSubsystemSteamworks,ReadOnlineStats,0x005ee430,0x5ee430,255,,?execReadOnlineStats@UOnlineSubsystemSteamworks@@QAEXAAUFFrame@@QAX@Z
UOnlineSubsystemSteamworks,SetOnlineStatus,0x005ee530,0x5ee530,392,,?execSetOnlineStatus@UOnlineSubsystemSteamworks@@QAEXAAUFFrame@@QAX@Z
UOnlineSubsystemSteamworks,ShowCustomPlayersUI,0x005ee6c0,0x5ee6c0,366,,?execShowCustomPlayersUI@UOnlineSubsystemSteamworks@@QAEXAAUFFrame@@QAX@Z
UOnlineSubsystemSteamworks,WriteOnlinePlayerScores,0x005f05e0,0x5f05e0,296,,?execWriteOnlinePlayerScores@UOnlineSubsystemSteamworks@@QAEXAAUFFrame@@QAX@Z
UOnlineSubsystemSteamworks,GetFriendsList,0x005f2380,0x5f2380,337,,?execGetFriendsList@UOnlineSubsystemSteamworks@@QAEXAAUFFrame@@QAX@Z
UOnlineSubsystemSteamworks,GetAchievements,0x005f24e0,0x5f24e0,296,,?execGetAchievements@UOnlineSubsystemSteamworks@@QAEXAAUFFrame@@QAX@Z
UOnlineSubsystemSteamworks,GetSteamClanData,0x005f2610,0x5f2610,216,,?execGetSteamClanData@UOnlineSubsystemSteamworks@@QAEXAAUFFrame@@QAX@Z
UOnlineSubsystemSteamworks,EnumerateFilesOnRemoteStorage,0x005f26f0,0x5f26f0,135,,?execEnumerateFilesOnRemoteStorage@UOnlineSubsystemSteamworks@@QAEXAAUFFrame@@QAX@Z
UDisTweaks_Faction,OnSetDisposition,0x00632440,0x632440,96,,?execOnSetDisposition@UDisTweaks_Faction@@QAEXAAUFFrame@@QAX@Z
ADisFish,TakeDamage_Native,0x00632540,0x632540,521,,?execTakeDamage_Native@ADisFish@@QAEXAAUFFrame@@QAX@Z
ADisSkeletalBreakable,TakeDamage_Native,0x00632760,0x632760,445,,?execTakeDamage_Native@ADisSkeletalBreakable@@QAEXAAUFFrame@@QAX@Z
ACamera,RemoveCameraLensEffect,0x00632920,0x632920,96,,?execRemoveCameraLensEffect@ACamera@@QAEXAAUFFrame@@QAX@Z
ADishonoredPawn,DisplayDebug_Native,0x00632e40,0x632e40,283,,?execDisplayDebug_Native@ADishonoredPawn@@QAEXAAUFFrame@@QAX@Z
ADishonoredPawn,TakeDamage_Native,0x00632f60,0x632f60,521,,?execTakeDamage_Native@ADishonoredPawn@@QAEXAAUFFrame@@QAX@Z
ADishonoredPawn,TakeFallingDamage_Native,0x00633170,0x633170,164,,?execTakeFallingDamage_Native@ADishonoredPawn@@QAEXAAUFFrame@@QAX@Z
ADishonoredPawn,PlayDying_Native,0x00633220,0x633220,197,,?execPlayDying_Native@ADishonoredPawn@@QAEXAAUFFrame@@QAX@Z
ADishonoredPawn,ChooseAndTriggerDeathEvent_Native,0x006332f0,0x6332f0,101,,?execChooseAndTriggerDeathEvent_Native@ADishonoredPawn@@QAEXAAUFFrame@@QAX@Z
ADishonoredPawn,Landed_Native,0x00633360,0x633360,159,,?execLanded_Native@ADishonoredPawn@@QAEXAAUFFrame@@QAX@Z
ADishonoredPawn,OnTeleport_Native,0x00633400,0x633400,101,,?execOnTeleport_Native@ADishonoredPawn@@QAEXAAUFFrame@@QAX@Z
ADishonoredPawn,OnSetDisposition,0x00633470,0x633470,96,,?execOnSetDisposition@ADishonoredPawn@@QAEXAAUFFrame@@QAX@Z
ADishonoredPawn,OnAddInventoryItem,0x006334d0,0x6334d0,96,,?execOnAddInventoryItem@ADishonoredPawn@@QAEXAAUFFrame@@QAX@Z
ADishonoredPawn,OnEquipItemType,0x00633530,0x633530,96,,?execOnEquipItemType@ADishonoredPawn@@QAEXAAUFFrame@@QAX@Z
ADishonoredPawn,OnModifyAmmo,0x00633590,0x633590,96,,?execOnModifyAmmo@ADishonoredPawn@@QAEXAAUFFrame@@QAX@Z
ADishonoredPawn,OnAddAbstractItem,0x006335f0,0x6335f0,96,,?execOnAddAbstractItem@ADishonoredPawn@@QAEXAAUFFrame@@QAX@Z
ADishonoredPawn,OnRemoveAbstractItem,0x00633650,0x633650,96,,?execOnRemoveAbstractItem@ADishonoredPawn@@QAEXAAUFFrame@@QAX@Z
ADishonoredPawn,OnGetAbstractItemQuantity,0x006336b0,0x6336b0,96,,?execOnGetAbstractItemQuantity@ADishonoredPawn@@QAEXAAUFFrame@@QAX@Z
ADishonoredPawn,OnModifyElixirCount,0x00633710,0x633710,96,,?execOnModifyElixirCount@ADishonoredPawn@@QAEXAAUFFrame@@QAX@Z
ADishonoredPawn,CrushedBy_Native,0x00633770,0x633770,96,,?execCrushedBy_Native@ADishonoredPawn@@QAEXAAUFFrame@@QAX@Z
UDisGFxMoviePlayerMenuBase,OnKeyListening,0x006337f0,0x6337f0,96,,?execOnKeyListening@UDisGFxMoviePlayerMenuBase@@QAEXAAUFFrame@@QAX@Z
UDishonoredEngine,PushDisableSave,0x00633850,0x633850,93,,?execPushDisableSave@UDishonoredEngine@@QAEXAAUFFrame@@QAX@Z
UDishonoredEngine,PopDisableSave,0x006338b0,0x6338b0,142,,?execPopDisableSave@UDishonoredEngine@@QAEXAAUFFrame@@QAX@Z
UDishonoredEngine,PushIgnoreAutosave,0x00633940,0x633940,93,,?execPushIgnoreAutosave@UDishonoredEngine@@QAEXAAUFFrame@@QAX@Z
UDishonoredEngine,PopIgnoreAutosave,0x006339a0,0x6339a0,93,,?execPopIgnoreAutosave@UDishonoredEngine@@QAEXAAUFFrame@@QAX@Z
UDishonoredEngine,PublishRichPresence,0x00633a00,0x633a00,60,,?execPublishRichPresence@UDishonoredEngine@@QAEXAAUFFrame@@QAX@Z
ADishonoredGameInfo,GameEnding,0x00633a40,0x633a40,53,,?execGameEnding@ADishonoredGameInfo@@QAEXAAUFFrame@@QAX@Z
ADishonoredGameInfo,CanStartMatch,0x00633a80,0x633a80,58,,?execCanStartMatch@ADishonoredGameInfo@@QAEXAAUFFrame@@QAX@Z
ADishonoredGameInfo,SpawnPlayer,0x00633ac0,0x633ac0,213,,?execSpawnPlayer@ADishonoredGameInfo@@QAEXAAUFFrame@@QAX@Z
ADishonoredGameInfo,PreventDeath_Native,0x00633ba0,0x633ba0,240,,?execPreventDeath_Native@ADishonoredGameInfo@@QAEXAAUFFrame@@QAX@Z
ADishonoredNote,NativeNotePostRender,0x00633cd0,0x633cd0,258,,?execNativeNotePostRender@ADishonoredNote@@QAEXAAUFFrame@@QAX@Z
UDishonoredViewportClient,PostRender_Native,0x00633de0,0x633de0,96,,?execPostRender_Native@UDishonoredViewportClient@@QAEXAAUFFrame@@QAX@Z
UDishonoredCheatManager,LocoDontRotate,0x00633e40,0x633e40,53,,?execLocoDontRotate@UDishonoredCheatManager@@QAEXAAUFFrame@@QAX@Z
ADisForbiddenZone,OnForbiddenZoneOverride,0x00633e80,0x633e80,96,,?execOnForbiddenZoneOverride@ADisForbiddenZone@@QAEXAAUFFrame@@QAX@Z
ADisWatchTower,TakeDamage_Native,0x00633f00,0x633f00,521,,?execTakeDamage_Native@ADisWatchTower@@QAEXAAUFFrame@@QAX@Z
ADisPlayerControllerBase,SetPlaytestFlag,0x00634110,0x634110,107,,?execSetPlaytestFlag@ADisPlayerControllerBase@@QAEXAAUFFrame@@QAX@Z
ADisPlayerControllerBase,Playtest_native,0x00634180,0x634180,107,,?execPlaytest_native@ADisPlayerControllerBase@@QAEXAAUFFrame@@QAX@Z
ADisDebugNPCController,Dis_StartPower,0x006341f0,0x6341f0,53,,?execDis_StartPower@ADisDebugNPCController@@QAEXAAUFFrame@@QAX@Z
ADishonoredPlayerController,OnTeleport_Native,0x00634230,0x634230,96,,?execOnTeleport_Native@ADishonoredPlayerController@@QAEXAAUFFrame@@QAX@Z
ADishonoredPlayerController,Dis_Wheel_Open,0x00634290,0x634290,107,,?execDis_Wheel_Open@ADishonoredPlayerController@@QAEXAAUFFrame@@QAX@Z
ADishonoredPlayerController,Dis_Wheel_Close,0x00634300,0x634300,107,,?execDis_Wheel_Close@ADishonoredPlayerController@@QAEXAAUFFrame@@QAX@Z
ADishonoredPlayerController,Dis_WheelShortcuts_GamepadSelect,0x00634370,0x634370,96,,?execDis_WheelShortcuts_GamepadSelect@ADishonoredPlayerController@@QAEXAAUFFrame@@QAX@Z
ADishonoredPlayerController,Dis_WheelShortcuts_GamepadUse,0x006343d0,0x6343d0,96,,?execDis_WheelShortcuts_GamepadUse@ADishonoredPlayerController@@QAEXAAUFFrame@@QAX@Z
ADishonoredPlayerController,Dis_WheelShortcuts_KeyboardSelect,0x00634430,0x634430,96,,?execDis_WheelShortcuts_KeyboardSelect@ADishonoredPlayerController@@QAEXAAUFFrame@@QAX@Z
ADishonoredPlayerController,Dis_WheelShortcuts_KeyboardUse,0x00634490,0x634490,96,,?execDis_WheelShortcuts_KeyboardUse@ADishonoredPlayerController@@QAEXAAUFFrame@@QAX@Z
ADishonoredPlayerController,Dis_WheelShortcuts_MousePrevious,0x006344f0,0x6344f0,53,,?execDis_WheelShortcuts_MousePrevious@ADishonoredPlayerController@@QAEXAAUFFrame@@QAX@Z
ADishonoredPlayerController,Dis_WheelShortcuts_MouseNext,0x00634530,0x634530,53,,?execDis_WheelShortcuts_MouseNext@ADishonoredPlayerController@@QAEXAAUFFrame@@QAX@Z
ADishonoredPlayerController,Dis_NextEquippedItem,0x00634570,0x634570,107,,?execDis_NextEquippedItem@ADishonoredPlayerController@@QAEXAAUFFrame@@QAX@Z
ADishonoredPlayerController,Dis_PrevEquippedItem,0x006345e0,0x6345e0,107,,?execDis_PrevEquippedItem@ADishonoredPlayerController@@QAEXAAUFFrame@@QAX@Z
ADishonoredPlayerController,Dis_EquipItemByType,0x00634650,0x634650,131,,?execDis_EquipItemByType@ADishonoredPlayerController@@QAEXAAUFFrame@@QAX@Z
ADishonoredPlayerController,Dis_UsePrimaryItemOrAdrenaline_Multi,0x006346e0,0x6346e0,145,,?execDis_UsePrimaryItemOrAdrenaline_Multi@ADishonoredPlayerController@@QAEXAAUFFrame@@QAX@Z
ADishonoredPlayerController,Dis_UsePrimaryItem,0x00634780,0x634780,53,,?execDis_UsePrimaryItem@ADishonoredPlayerController@@QAEXAAUFFrame@@QAX@Z
ADishonoredPlayerController,Dis_UseSecondaryItem,0x006347c0,0x6347c0,53,,?execDis_UseSecondaryItem@ADishonoredPlayerController@@QAEXAAUFFrame@@QAX@Z
ADishonoredPlayerController,Dis_NextItemOption,0x00634800,0x634800,93,,?execDis_NextItemOption@ADishonoredPlayerController@@QAEXAAUFFrame@@QAX@Z
ADishonoredPlayerController,Dis_PrevItemOption,0x00634860,0x634860,93,,?execDis_PrevItemOption@ADishonoredPlayerController@@QAEXAAUFFrame@@QAX@Z
ADishonoredPlayerController,Dis_ConsumeElixir,0x006348c0,0x6348c0,98,,?execDis_ConsumeElixir@ADishonoredPlayerController@@QAEXAAUFFrame@@QAX@Z
ADishonoredPlayerController,Dis_UseAdrenaline,0x00634930,0x634930,168,,?execDis_UseAdrenaline@ADishonoredPlayerController@@QAEXAAUFFrame@@QAX@Z
ADishonoredPlayerController,Dis_UseAdrenaline_Multi,0x006349e0,0x6349e0,201,,?execDis_UseAdrenaline_Multi@ADishonoredPlayerController@@QAEXAAUFFrame@@QAX@Z
ADishonoredPlayerController,Dis_LeanOrAdrenaline_Multi,0x00634ab0,0x634ab0,145,,?execDis_LeanOrAdrenaline_Multi@ADishonoredPlayerController@@QAEXAAUFFrame@@QAX@Z
ADishonoredPlayerController,Dis_ExitKeyhole,0x00634b50,0x634b50,53,,?execDis_ExitKeyhole@ADishonoredPlayerController@@QAEXAAUFFrame@@QAX@Z
ADishonoredPlayerController,Dis_CancelPossession,0x00634b90,0x634b90,53,,?execDis_CancelPossession@ADishonoredPlayerController@@QAEXAAUFFrame@@QAX@Z
ADishonoredPlayerController,Dis_ToggleJournal,0x00634bd0,0x634bd0,53,,?execDis_ToggleJournal@ADishonoredPlayerController@@QAEXAAUFFrame@@QAX@Z
ADishonoredPlayerController,Dis_OpenPauseMenu,0x00634c10,0x634c10,53,,?execDis_OpenPauseMenu@ADishonoredPlayerController@@QAEXAAUFFrame@@QAX@Z
ADishonoredPlayerController,Dis_SelectPower,0x00634c50,0x634c50,96,,?execDis_SelectPower@ADishonoredPlayerController@@QAEXAAUFFrame@@QAX@Z
ADishonoredPlayerController,DisToggleSprint,0x00634cb0,0x634cb0,107,,?execDisToggleSprint@ADishonoredPlayerController@@QAEXAAUFFrame@@QAX@Z
ADishonoredPlayerController,Dis_LeanWithAnalogStick_End,0x00634d20,0x634d20,53,,?execDis_LeanWithAnalogStick_End@ADishonoredPlayerController@@QAEXAAUFFrame@@QAX@Z
ADishonoredPlayerController,Dis_Lean_Toggle,0x00634d60,0x634d60,288,,?execDis_Lean_Toggle@ADishonoredPlayerController@@QAEXAAUFFrame@@QAX@Z
ADishonoredPlayerController,Dis_VersusAlt,0x00634e80,0x634e80,53,,?execDis_VersusAlt@ADishonoredPlayerController@@QAEXAAUFFrame@@QAX@Z
ADishonoredPlayerController,Dis_Zoom,0x00634ec0,0x634ec0,53,,?execDis_Zoom@ADishonoredPlayerController@@QAEXAAUFFrame@@QAX@Z
ADishonoredPlayerController,ShowScreenConfig,0x00634f00,0x634f00,53,,?execShowScreenConfig@ADishonoredPlayerController@@QAEXAAUFFrame@@QAX@Z
ADishonoredPlayerController,ToggleScreenConfig,0x00634f40,0x634f40,53,,?execToggleScreenConfig@ADishonoredPlayerController@@QAEXAAUFFrame@@QAX@Z
ADishonoredPlayerController,PreSetCinematicMode_Native,0x00634f80,0x634f80,156,,?execPreSetCinematicMode_Native@ADishonoredPlayerController@@QAEXAAUFFrame@@QAX@Z
ADishonoredPlayerController,SetCinematicMode_Native,0x00635020,0x635020,423,,?execSetCinematicMode_Native@ADishonoredPlayerController@@QAEXAAUFFrame@@QAX@Z
ADishonoredPlayerController,OnObjectiveAction,0x006351d0,0x6351d0,96,,?execOnObjectiveAction@ADishonoredPlayerController@@QAEXAAUFFrame@@QAX@Z
ADishonoredPlayerController,OnShowPowerMenu,0x00635230,0x635230,96,,?execOnShowPowerMenu@ADishonoredPlayerController@@QAEXAAUFFrame@@QAX@Z
ADishonoredPlayerController,GetProfileSettings,0x00635290,0x635290,58,,?execGetProfileSettings@ADishonoredPlayerController@@QAEXAAUFFrame@@QAX@Z
ADishonoredPlayerController,CalcPlayerSwimAccelRate,0x006352d0,0x6352d0,58,,?execCalcPlayerSwimAccelRate@ADishonoredPlayerController@@QAEXAAUFFrame@@QAX@Z
ADishonoredPlayerPawn,StartCrouch,0x00635330,0x635330,100,,?execStartCrouch@ADishonoredPlayerPawn@@QAEXAAUFFrame@@QAX@Z
ADishonoredPlayerPawn,EndCrouch,0x006353a0,0x6353a0,100,,?execEndCrouch@ADishonoredPlayerPawn@@QAEXAAUFFrame@@QAX@Z
ADishonoredPlayerPawn,DoJump,0x00635410,0x635410,112,,?execDoJump@ADishonoredPlayerPawn@@QAEXAAUFFrame@@QAX@Z
ADishonoredPlayerPawn,DisplayDebug_Cheats,0x00635480,0x635480,288,,?execDisplayDebug_Cheats@ADishonoredPlayerPawn@@QAEXAAUFFrame@@QAX@Z
ADishonoredPlayerPawn,CheatWalk_Native,0x006355a0,0x6355a0,53,,?execCheatWalk_Native@ADishonoredPlayerPawn@@QAEXAAUFFrame@@QAX@Z
ADishonoredPlayerPawn,CheatGhost_Native,0x006355e0,0x6355e0,53,,?execCheatGhost_Native@ADishonoredPlayerPawn@@QAEXAAUFFrame@@QAX@Z
ADishonoredPlayerPawn,CheatFly_Native,0x00635620,0x635620,53,,?execCheatFly_Native@ADishonoredPlayerPawn@@QAEXAAUFFrame@@QAX@Z
ADishonoredPlayerPawn,OnAddPower,0x00635660,0x635660,96,,?execOnAddPower@ADishonoredPlayerPawn@@QAEXAAUFFrame@@QAX@Z
ADishonoredNPCPawn,OnSetIgnoreDeath,0x006356c0,0x6356c0,96,,?execOnSetIgnoreDeath@ADishonoredNPCPawn@@QAEXAAUFFrame@@QAX@Z
ADishonoredPlayerPawn,OnMaxPowers,0x00635720,0x635720,96,,?execOnMaxPowers@ADishonoredPlayerPawn@@QAEXAAUFFrame@@QAX@Z
ADishonoredPlayerPawn,OnMinPowers,0x00635780,0x635780,96,,?execOnMinPowers@ADishonoredPlayerPawn@@QAEXAAUFFrame@@QAX@Z
ADishonoredPlayerPawn,OnAddKey,0x006357e0,0x6357e0,96,,?execOnAddKey@ADishonoredPlayerPawn@@QAEXAAUFFrame@@QAX@Z
ADishonoredPlayerPawn,OnRemoveKey,0x00635840,0x635840,96,,?execOnRemoveKey@ADishonoredPlayerPawn@@QAEXAAUFFrame@@QAX@Z
ADishonoredPlayerPawn,OnGiveUpgrade,0x006358a0,0x6358a0,96,,?execOnGiveUpgrade@ADishonoredPlayerPawn@@QAEXAAUFFrame@@QAX@Z
ADishonoredPlayerPawn,OnEvalAchievement,0x00635900,0x635900,96,,?execOnEvalAchievement@ADishonoredPlayerPawn@@QAEXAAUFFrame@@QAX@Z
ADishonoredPlayerPawn,OnGetPlayerStat,0x00635960,0x635960,96,,?execOnGetPlayerStat@ADishonoredPlayerPawn@@QAEXAAUFFrame@@QAX@Z
ADishonoredPlayerPawn,OnToggleAchievementEval,0x006359c0,0x6359c0,96,,?execOnToggleAchievementEval@ADishonoredPlayerPawn@@QAEXAAUFFrame@@QAX@Z
ADishonoredPlayerPawn,OnTogglePowerWheel,0x00635a20,0x635a20,96,,?execOnTogglePowerWheel@ADishonoredPlayerPawn@@QAEXAAUFFrame@@QAX@Z
ADishonoredPlayerPawn,OnToggleJournal,0x00635a80,0x635a80,96,,?execOnToggleJournal@ADishonoredPlayerPawn@@QAEXAAUFFrame@@QAX@Z
ADishonoredPlayerPawn,OnTogglePlayerLeftHand,0x00635ae0,0x635ae0,96,,?execOnTogglePlayerLeftHand@ADishonoredPlayerPawn@@QAEXAAUFFrame@@QAX@Z
ADishonoredPlayerPawn,OnApplyPlayerLoadout,0x00635b40,0x635b40,96,,?execOnApplyPlayerLoadout@ADishonoredPlayerPawn@@QAEXAAUFFrame@@QAX@Z
ADishonoredPlayerPawn,OnGivePickup,0x00635ba0,0x635ba0,96,,?execOnGivePickup@ADishonoredPlayerPawn@@QAEXAAUFFrame@@QAX@Z
ADishonoredPlayerPawn,OnAdrenalineToggle,0x00635c00,0x635c00,96,,?execOnAdrenalineToggle@ADishonoredPlayerPawn@@QAEXAAUFFrame@@QAX@Z
ADishonoredPlayerPawn,OnSetPlayerHealth,0x00635c60,0x635c60,96,,?execOnSetPlayerHealth@ADishonoredPlayerPawn@@QAEXAAUFFrame@@QAX@Z
ADishonoredPlayerPawn,OnSetPlayerMana,0x00635cc0,0x635cc0,96,,?execOnSetPlayerMana@ADishonoredPlayerPawn@@QAEXAAUFFrame@@QAX@Z
ADishonoredPlayerPawn,OnOverrideAwarenessDisplay,0x00635d20,0x635d20,96,,?execOnOverrideAwarenessDisplay@ADishonoredPlayerPawn@@QAEXAAUFFrame@@QAX@Z
ADishonoredPlayerPawn,OnToggleChoke,0x00635d80,0x635d80,96,,?execOnToggleChoke@ADishonoredPlayerPawn@@QAEXAAUFFrame@@QAX@Z
ADishonoredPlayerPawn,OnToggleTutorial,0x00635de0,0x635de0,96,,?execOnToggleTutorial@ADishonoredPlayerPawn@@QAEXAAUFFrame@@QAX@Z
ADishonoredPlayerPawn,OnCancelPlayerActivePower,0x00635e40,0x635e40,96,,?execOnCancelPlayerActivePower@ADishonoredPlayerPawn@@QAEXAAUFFrame@@QAX@Z
ADishonoredPlayerPawn,OnDestroy_Native,0x00635ea0,0x635ea0,109,,?execOnDestroy_Native@ADishonoredPlayerPawn@@QAEXAAUFFrame@@QAX@Z
UDishonoredCheatManager,SetCameraBob_Native,0x00635fb0,0x635fb0,184,,?execSetCameraBob_Native@UDishonoredCheatManager@@QAEXAAUFFrame@@QAX@Z
UGameplayEventsWriter,CloseStatsFile,0x00636070,0x636070,53,,?execCloseStatsFile@UGameplayEventsWriter@@QAEXAAUFFrame@@QAX@Z
UDishonoredCheatManager,PlayerArmsEnable,0x006360b0,0x6360b0,107,,?execPlayerArmsEnable@UDishonoredCheatManager@@QAEXAAUFFrame@@QAX@Z
UDishonoredCheatManager,TogglePlayerBodyMode_Native,0x00636120,0x636120,96,,?execTogglePlayerBodyMode_Native@UDishonoredCheatManager@@QAEXAAUFFrame@@QAX@Z
UDishonoredCheatManager,MaxItems,0x00636180,0x636180,53,,?execMaxItems@UDishonoredCheatManager@@QAEXAAUFFrame@@QAX@Z
UDishonoredCheatManager,idkfa,0x006361c0,0x6361c0,53,,?execidkfa@UDishonoredCheatManager@@QAEXAAUFFrame@@QAX@Z
UUIDataProvider_OnlinePlayerStorage,OnReadStorageComplete_Native,0x00636200,0x636200,53,,?execOnReadStorageComplete_Native@UUIDataProvider_OnlinePlayerStorage@@QAEXAAUFFrame@@QAX@Z
UDishonoredCheatManager,PlayerForceVisible,0x00636240,0x636240,53,,?execPlayerForceVisible@UDishonoredCheatManager@@QAEXAAUFFrame@@QAX@Z
URadialBlurComponent,SetBlurScale,0x00636280,0x636280,100,,?execSetBlurScale@URadialBlurComponent@@QAEXAAUFFrame@@QAX@Z
UDishonoredCheatManager,PlayerDisableAssassinate,0x006362f0,0x6362f0,53,,?execPlayerDisableAssassinate@UDishonoredCheatManager@@QAEXAAUFFrame@@QAX@Z
UDishonoredCheatManager,ManaAdd,0x00636330,0x636330,96,,?execManaAdd@UDishonoredCheatManager@@QAEXAAUFFrame@@QAX@Z
UDishonoredCheatManager,ManaEnable,0x00636390,0x636390,107,,?execManaEnable@UDishonoredCheatManager@@QAEXAAUFFrame@@QAX@Z
UDishonoredCheatManager,ManaToggle,0x00636400,0x636400,53,,?execManaToggle@UDishonoredCheatManager@@QAEXAAUFFrame@@QAX@Z
UDishonoredCheatManager,Buddha,0x00636440,0x636440,53,,?execBuddha@UDishonoredCheatManager@@QAEXAAUFFrame@@QAX@Z
UDishonoredCheatManager,PlayerDamage,0x00636480,0x636480,205,,?execPlayerDamage@UDishonoredCheatManager@@QAEXAAUFFrame@@QAX@Z
UDishonoredCheatManager,PlayerDamageBash,0x00636550,0x636550,205,,?execPlayerDamageBash@UDishonoredCheatManager@@QAEXAAUFFrame@@QAX@Z
UDishonoredCheatManager,PlayerDamageBullet,0x00636620,0x636620,205,,?execPlayerDamageBullet@UDishonoredCheatManager@@QAEXAAUFFrame@@QAX@Z
UDishonoredCheatManager,PlayerDamageElectricity,0x006366f0,0x6366f0,205,,?execPlayerDamageElectricity@UDishonoredCheatManager@@QAEXAAUFFrame@@QAX@Z
UDishonoredCheatManager,PlayerDamageFastHit,0x006367c0,0x6367c0,205,,?execPlayerDamageFastHit@UDishonoredCheatManager@@QAEXAAUFFrame@@QAX@Z
UDishonoredCheatManager,PlayerDamageImpact,0x00636890,0x636890,205,,?execPlayerDamageImpact@UDishonoredCheatManager@@QAEXAAUFFrame@@QAX@Z
UDishonoredCheatManager,PlayerDamageKnockdown,0x00636960,0x636960,205,,?execPlayerDamageKnockdown@UDishonoredCheatManager@@QAEXAAUFFrame@@QAX@Z
UDishonoredCheatManager,PlayerDamageProjectile,0x00636a30,0x636a30,205,,?execPlayerDamageProjectile@UDishonoredCheatManager@@QAEXAAUFFrame@@QAX@Z
UDishonoredCheatManager,PlayerDamageProjectile_Stealth,0x00636b00,0x636b00,205,,?execPlayerDamageProjectile_Stealth@UDishonoredCheatManager@@QAEXAAUFFrame@@QAX@Z
UDishonoredCheatManager,PlayerDisableTakeDamage,0x00636bd0,0x636bd0,53,,?execPlayerDisableTakeDamage@UDishonoredCheatManager@@QAEXAAUFFrame@@QAX@Z
UDishonoredCheatManager,PlayerDisableStrongHitReaction,0x00636c10,0x636c10,53,,?execPlayerDisableStrongHitReaction@UDishonoredCheatManager@@QAEXAAUFFrame@@QAX@Z
UDishonoredCheatManager,PlayerEnableKnockdown,0x00636c50,0x636c50,53,,?execPlayerEnableKnockdown@UDishonoredCheatManager@@QAEXAAUFFrame@@QAX@Z
UDishonoredCheatManager,PlayerShowNavMeshStatus,0x00636c90,0x636c90,114,,?execPlayerShowNavMeshStatus@UDishonoredCheatManager@@QAEXAAUFFrame@@QAX@Z
UDishonoredCheatManager,PlayerToggleAimAssist,0x00636d10,0x636d10,53,,?execPlayerToggleAimAssist@UDishonoredCheatManager@@QAEXAAUFFrame@@QAX@Z
UDisGFxMoviePlayerMenuBase,DisplayStorageDeviceSelection,0x00636d50,0x636d50,53,,?execDisplayStorageDeviceSelection@UDisGFxMoviePlayerMenuBase@@QAEXAAUFFrame@@QAX@Z
UDishonoredCheatManager,PlayerForceKillCam,0x00636d90,0x636d90,53,,?execPlayerForceKillCam@UDishonoredCheatManager@@QAEXAAUFFrame@@QAX@Z
UDishonoredCheatManager,PlayerForceDramaticFatalities,0x00636dd0,0x636dd0,53,,?execPlayerForceDramaticFatalities@UDishonoredCheatManager@@QAEXAAUFFrame@@QAX@Z
UDishonoredCheatManager,DoLineCheckStressTest,0x00636e10,0x636e10,148,,?execDoLineCheckStressTest@UDishonoredCheatManager@@QAEXAAUFFrame@@QAX@Z
UDisGFxMoviePlayerPauseMenu,OnResumeGameClicked,0x00636eb0,0x636eb0,53,,?execOnResumeGameClicked@UDisGFxMoviePlayerPauseMenu@@QAEXAAUFFrame@@QAX@Z
UDishonoredCheatManager,PlayerTestCamRumble,0x00636ef0,0x636ef0,188,,?execPlayerTestCamRumble@UDishonoredCheatManager@@QAEXAAUFFrame@@QAX@Z
UDishonoredCheatManager,DisplayDebug_Native,0x00636fb0,0x636fb0,288,,?execDisplayDebug_Native@UDishonoredCheatManager@@QAEXAAUFFrame@@QAX@Z
UDishonoredCheatManager,AISetDebug,0x006370d0,0x6370d0,53,,?execAISetDebug@UDishonoredCheatManager@@QAEXAAUFFrame@@QAX@Z
UDishonoredCheatManager,AIDeaf,0x00637110,0x637110,114,,?execAIDeaf@UDishonoredCheatManager@@QAEXAAUFFrame@@QAX@Z
UDishonoredCheatManager,AIBlind,0x00637190,0x637190,114,,?execAIBlind@UDishonoredCheatManager@@QAEXAAUFFrame@@QAX@Z
UDishonoredCheatManager,AINumb,0x00637210,0x637210,114,,?execAINumb@UDishonoredCheatManager@@QAEXAAUFFrame@@QAX@Z
UDishonoredCheatManager,AIDumb,0x00637290,0x637290,114,,?execAIDumb@UDishonoredCheatManager@@QAEXAAUFFrame@@QAX@Z
UDisGFxMoviePlayerJournal,Req_CharmsTabContent,0x00637310,0x637310,53,,?execReq_CharmsTabContent@UDisGFxMoviePlayerJournal@@QAEXAAUFFrame@@QAX@Z
UDishonoredCheatManager,AISetSuspicion,0x00637350,0x637350,96,,?execAISetSuspicion@UDishonoredCheatManager@@QAEXAAUFFrame@@QAX@Z
UDishonoredCheatManager,AIEnable,0x006373b0,0x6373b0,107,,?execAIEnable@UDishonoredCheatManager@@QAEXAAUFFrame@@QAX@Z
UDishonoredCheatManager,AITestGuns,0x00637420,0x637420,53,,?execAITestGuns@UDishonoredCheatManager@@QAEXAAUFFrame@@QAX@Z
UDishonoredCheatManager,AIToggleMagic,0x00637460,0x637460,53,,?execAIToggleMagic@UDishonoredCheatManager@@QAEXAAUFFrame@@QAX@Z
UDishonoredCheatManager,AIForceTransitSpeed,0x006374a0,0x6374a0,103,,?execAIForceTransitSpeed@UDishonoredCheatManager@@QAEXAAUFFrame@@QAX@Z
UDishonoredCheatManager,AIDontRotate,0x00637510,0x637510,53,,?execAIDontRotate@UDishonoredCheatManager@@QAEXAAUFFrame@@QAX@Z
UDishonoredCheatManager,AINeverRingAlarm,0x00637550,0x637550,53,,?execAINeverRingAlarm@UDishonoredCheatManager@@QAEXAAUFFrame@@QAX@Z
UDishonoredCheatManager,AIAlwaysRingAlarm,0x00637590,0x637590,53,,?execAIAlwaysRingAlarm@UDishonoredCheatManager@@QAEXAAUFFrame@@QAX@Z
UDishonoredCheatManager,AIBeepWhenSeePlayer,0x006375d0,0x6375d0,53,,?execAIBeepWhenSeePlayer@UDishonoredCheatManager@@QAEXAAUFFrame@@QAX@Z
UDishonoredCheatManager,AISetBeepWhenSeePlayer,0x00637610,0x637610,107,,?execAISetBeepWhenSeePlayer@UDishonoredCheatManager@@QAEXAAUFFrame@@QAX@Z
UDishonoredCheatManager,AIVerbosePathDebug,0x00637680,0x637680,53,,?execAIVerbosePathDebug@UDishonoredCheatManager@@QAEXAAUFFrame@@QAX@Z
UDishonoredCheatManager,AIPauseOnPathFailure,0x006376c0,0x6376c0,53,,?execAIPauseOnPathFailure@UDishonoredCheatManager@@QAEXAAUFFrame@@QAX@Z
UDishonoredCheatManager,AIGoToCrosshair,0x00637700,0x637700,53,,?execAIGoToCrosshair@UDishonoredCheatManager@@QAEXAAUFFrame@@QAX@Z
UDishonoredCheatManager,AIGoToReset,0x00637740,0x637740,53,,?execAIGoToReset@UDishonoredCheatManager@@QAEXAAUFFrame@@QAX@Z
UDishonoredCheatManager,AISetLocoDebug,0x00637780,0x637780,53,,?execAISetLocoDebug@UDishonoredCheatManager@@QAEXAAUFFrame@@QAX@Z
UDishonoredCheatManager,AIDebugHideout,0x006377c0,0x6377c0,53,,?execAIDebugHideout@UDishonoredCheatManager@@QAEXAAUFFrame@@QAX@Z
UDishonoredCheatManager,AIRegisterAllHideouts,0x00637800,0x637800,53,,?execAIRegisterAllHideouts@UDishonoredCheatManager@@QAEXAAUFFrame@@QAX@Z
UDishonoredCheatManager,AIForcePanic,0x00637840,0x637840,53,,?execAIForcePanic@UDishonoredCheatManager@@QAEXAAUFFrame@@QAX@Z
UDishonoredCheatManager,AIForcePanicNow,0x00637880,0x637880,53,,?execAIForcePanicNow@UDishonoredCheatManager@@QAEXAAUFFrame@@QAX@Z
UDishonoredCheatManager,AIClearAttention,0x006378c0,0x6378c0,53,,?execAIClearAttention@UDishonoredCheatManager@@QAEXAAUFFrame@@QAX@Z
UDishonoredCheatManager,AIForceAttentionLevel,0x00637900,0x637900,100,,?execAIForceAttentionLevel@UDishonoredCheatManager@@QAEXAAUFFrame@@QAX@Z
USplineComponent,UpdateSplineReparamTable,0x00637970,0x637970,53,,?execUpdateSplineReparamTable@USplineComponent@@QAEXAAUFFrame@@QAX@Z
UDishonoredCheatManager,AIDumbToPlayer,0x006379b0,0x6379b0,53,,?execAIDumbToPlayer@UDishonoredCheatManager@@QAEXAAUFFrame@@QAX@Z
UDishonoredCheatManager,AISetDumbToPlayer,0x006379f0,0x6379f0,107,,?execAISetDumbToPlayer@UDishonoredCheatManager@@QAEXAAUFFrame@@QAX@Z
UDishonoredCheatManager,AIBlindToPlayer,0x00637a60,0x637a60,53,,?execAIBlindToPlayer@UDishonoredCheatManager@@QAEXAAUFFrame@@QAX@Z
UDishonoredCheatManager,AISetBlindToPlayer,0x00637aa0,0x637aa0,107,,?execAISetBlindToPlayer@UDishonoredCheatManager@@QAEXAAUFFrame@@QAX@Z
UDishonoredCheatManager,AIDeafToPlayer,0x00637b10,0x637b10,53,,?execAIDeafToPlayer@UDishonoredCheatManager@@QAEXAAUFFrame@@QAX@Z
UDishonoredCheatManager,AISetDeafToPlayer,0x00637b50,0x637b50,107,,?execAISetDeafToPlayer@UDishonoredCheatManager@@QAEXAAUFFrame@@QAX@Z
UDishonoredCheatManager,AINumbToPlayer,0x00637bc0,0x637bc0,53,,?execAINumbToPlayer@UDishonoredCheatManager@@QAEXAAUFFrame@@QAX@Z
UDishonoredCheatManager,AISetNumbToPlayer,0x00637c00,0x637c00,107,,?execAISetNumbToPlayer@UDishonoredCheatManager@@QAEXAAUFFrame@@QAX@Z
UDishonoredCheatManager,AIDumbToAIs,0x00637c70,0x637c70,53,,?execAIDumbToAIs@UDishonoredCheatManager@@QAEXAAUFFrame@@QAX@Z
UDishonoredCheatManager,AISetDumbToAIs,0x00637cb0,0x637cb0,107,,?execAISetDumbToAIs@UDishonoredCheatManager@@QAEXAAUFFrame@@QAX@Z
UDishonoredCheatManager,AIBlindToAIs,0x00637d20,0x637d20,53,,?execAIBlindToAIs@UDishonoredCheatManager@@QAEXAAUFFrame@@QAX@Z
UDishonoredCheatManager,AISetBlindToAIs,0x00637d60,0x637d60,107,,?execAISetBlindToAIs@UDishonoredCheatManager@@QAEXAAUFFrame@@QAX@Z
UDishonoredCheatManager,AIDeafToAIs,0x00637dd0,0x637dd0,53,,?execAIDeafToAIs@UDishonoredCheatManager@@QAEXAAUFFrame@@QAX@Z
UDishonoredCheatManager,AISetDeafToAIs,0x00637e10,0x637e10,107,,?execAISetDeafToAIs@UDishonoredCheatManager@@QAEXAAUFFrame@@QAX@Z
UDishonoredCheatManager,AINumbToAIs,0x00637e80,0x637e80,53,,?execAINumbToAIs@UDishonoredCheatManager@@QAEXAAUFFrame@@QAX@Z
UDishonoredCheatManager,AISetNumbToAIs,0x00637ec0,0x637ec0,107,,?execAISetNumbToAIs@UDishonoredCheatManager@@QAEXAAUFFrame@@QAX@Z
UDishonoredCheatManager,AIShowThoughts,0x00637f30,0x637f30,107,,?execAIShowThoughts@UDishonoredCheatManager@@QAEXAAUFFrame@@QAX@Z
UDishonoredCheatManager,AIEnableAllBehaviors,0x00637fa0,0x637fa0,53,,?execAIEnableAllBehaviors@UDishonoredCheatManager@@QAEXAAUFFrame@@QAX@Z
UDishonoredCheatManager,AIEnableAllSubStates,0x00637fe0,0x637fe0,53,,?execAIEnableAllSubStates@UDishonoredCheatManager@@QAEXAAUFFrame@@QAX@Z
UDishonoredCheatManager,AIUseSimpleAttentionForPlayer,0x00638020,0x638020,53,,?execAIUseSimpleAttentionForPlayer@UDishonoredCheatManager@@QAEXAAUFFrame@@QAX@Z
UDishonoredCheatManager,LocoDisableStartAnims,0x00638060,0x638060,53,,?execLocoDisableStartAnims@UDishonoredCheatManager@@QAEXAAUFFrame@@QAX@Z
UDishonoredCheatManager,LocoForceIdleAnim,0x006380a0,0x6380a0,53,,?execLocoForceIdleAnim@UDishonoredCheatManager@@QAEXAAUFFrame@@QAX@Z
UDishonoredCheatManager,LocoForceLookAtMode,0x006380e0,0x6380e0,96,,?execLocoForceLookAtMode@UDishonoredCheatManager@@QAEXAAUFFrame@@QAX@Z
UDishonoredCheatManager,LocoForceModifier,0x00638140,0x638140,96,,?execLocoForceModifier@UDishonoredCheatManager@@QAEXAAUFFrame@@QAX@Z
UDishonoredCheatManager,LocoForceUnaccuracy,0x006381a0,0x6381a0,53,,?execLocoForceUnaccuracy@UDishonoredCheatManager@@QAEXAAUFFrame@@QAX@Z
UDishonoredCheatManager,LocoNewAvoidance,0x006381e0,0x6381e0,53,,?execLocoNewAvoidance@UDishonoredCheatManager@@QAEXAAUFFrame@@QAX@Z
UDishonoredCheatManager,LocoNewIK,0x00638220,0x638220,53,,?execLocoNewIK@UDishonoredCheatManager@@QAEXAAUFFrame@@QAX@Z
UDishonoredCheatManager,LocoNewPhysWalking,0x00638260,0x638260,53,,?execLocoNewPhysWalking@UDishonoredCheatManager@@QAEXAAUFFrame@@QAX@Z
UDishonoredCheatManager,LocoShowAvoidance,0x006382a0,0x6382a0,53,,?execLocoShowAvoidance@UDishonoredCheatManager@@QAEXAAUFFrame@@QAX@Z
UDishonoredCheatManager,LocoShowPathAndStraightPath,0x006382e0,0x6382e0,53,,?execLocoShowPathAndStraightPath@UDishonoredCheatManager@@QAEXAAUFFrame@@QAX@Z
UDishonoredCheatManager,LocoTeleport,0x00638320,0x638320,53,,?execLocoTeleport@UDishonoredCheatManager@@QAEXAAUFFrame@@QAX@Z
UDishonoredCheatManager,MatGoForward,0x00638360,0x638360,53,,?execMatGoForward@UDishonoredCheatManager@@QAEXAAUFFrame@@QAX@Z
UDishonoredCheatManager,MatGoBackward,0x006383a0,0x6383a0,53,,?execMatGoBackward@UDishonoredCheatManager@@QAEXAAUFFrame@@QAX@Z
UDishonoredCheatManager,NavMeshCheck,0x006383e0,0x6383e0,53,,?execNavMeshCheck@UDishonoredCheatManager@@QAEXAAUFFrame@@QAX@Z
UDishonoredCheatManager,GodNPC,0x00638420,0x638420,53,,?execGodNPC@UDishonoredCheatManager@@QAEXAAUFFrame@@QAX@Z
UDishonoredCheatManager,NPCDestroy,0x00638460,0x638460,53,,?execNPCDestroy@UDishonoredCheatManager@@QAEXAAUFFrame@@QAX@Z
UDishonoredCheatManager,NPCDestroyNonSelected,0x006384a0,0x6384a0,53,,?execNPCDestroyNonSelected@UDishonoredCheatManager@@QAEXAAUFFrame@@QAX@Z
UDishonoredCheatManager,NPCDestroyNonVisible,0x006384e0,0x6384e0,53,,?execNPCDestroyNonVisible@UDishonoredCheatManager@@QAEXAAUFFrame@@QAX@Z
UDishonoredCheatManager,NPCDodgeEverything,0x00638520,0x638520,53,,?execNPCDodgeEverything@UDishonoredCheatManager@@QAEXAAUFFrame@@QAX@Z
UDishonoredCheatManager,NPCDodgeNothing,0x00638560,0x638560,53,,?execNPCDodgeNothing@UDishonoredCheatManager@@QAEXAAUFFrame@@QAX@Z
UDishonoredCheatManager,NPCTestParry,0x006385a0,0x6385a0,53,,?execNPCTestParry@UDishonoredCheatManager@@QAEXAAUFFrame@@QAX@Z
UDishonoredCheatManager,NPCTestVersus,0x006385e0,0x6385e0,53,,?execNPCTestVersus@UDishonoredCheatManager@@QAEXAAUFFrame@@QAX@Z
UDishonoredCheatManager,NPCForceFatality,0x00638620,0x638620,53,,?execNPCForceFatality@UDishonoredCheatManager@@QAEXAAUFFrame@@QAX@Z
UDishonoredCheatManager,NPCEasyDismemberment,0x00638660,0x638660,53,,?execNPCEasyDismemberment@UDishonoredCheatManager@@QAEXAAUFFrame@@QAX@Z
UDishonoredCheatManager,NPCSetDamage,0x006386a0,0x6386a0,100,,?execNPCSetDamage@UDishonoredCheatManager@@QAEXAAUFFrame@@QAX@Z
UDishonoredCheatManager,NPCBreakLinkedAction,0x00638710,0x638710,53,,?execNPCBreakLinkedAction@UDishonoredCheatManager@@QAEXAAUFFrame@@QAX@Z
UDishonoredCheatManager,NPCKnockdown,0x00638750,0x638750,53,,?execNPCKnockdown@UDishonoredCheatManager@@QAEXAAUFFrame@@QAX@Z
UDishonoredCheatManager,NPCImpulse,0x00638790,0x638790,151,,?execNPCImpulse@UDishonoredCheatManager@@QAEXAAUFFrame@@QAX@Z
UDishonoredCheatManager,NPCSlap,0x00638830,0x638830,100,,?execNPCSlap@UDishonoredCheatManager@@QAEXAAUFFrame@@QAX@Z
UDishonoredCheatManager,NPCToggleSlopeOffset,0x006388a0,0x6388a0,53,,?execNPCToggleSlopeOffset@UDishonoredCheatManager@@QAEXAAUFFrame@@QAX@Z
UDishonoredCheatManager,NPCSlowDeath,0x006388e0,0x6388e0,53,,?execNPCSlowDeath@UDishonoredCheatManager@@QAEXAAUFFrame@@QAX@Z
UDishonoredCheatManager,NPCForceSkelMeshLOD,0x00638920,0x638920,96,,?execNPCForceSkelMeshLOD@UDishonoredCheatManager@@QAEXAAUFFrame@@QAX@Z
UDishonoredCheatManager,NPCFreeze,0x00638980,0x638980,53,,?execNPCFreeze@UDishonoredCheatManager@@QAEXAAUFFrame@@QAX@Z
UDishonoredCheatManager,NPCForceLOD,0x006389c0,0x6389c0,185,,?execNPCForceLOD@UDishonoredCheatManager@@QAEXAAUFFrame@@QAX@Z
UDishonoredCheatManager,NPCForceLODForAll,0x00638a80,0x638a80,185,,?execNPCForceLODForAll@UDishonoredCheatManager@@QAEXAAUFFrame@@QAX@Z
ADishonoredHUD,DrawHUD_Native,0x00638b40,0x638b40,53,,?execDrawHUD_Native@ADishonoredHUD@@QAEXAAUFFrame@@QAX@Z
UDishonoredCheatManager,NPCSpawn,0x00638b80,0x638b80,109,,?execNPCSpawn@UDishonoredCheatManager@@QAEXAAUFFrame@@QAX@Z
UDishonoredCheatManager,NPCDelayTravel,0x00638bf0,0x638bf0,107,,?execNPCDelayTravel@UDishonoredCheatManager@@QAEXAAUFFrame@@QAX@Z
AGameCrowdAgent,OnDestroyedByKismet,0x00638c60,0x638c60,53,,?execOnDestroyedByKismet@AGameCrowdAgent@@QAEXAAUFFrame@@QAX@Z
UDishonoredCheatManager,NPCToggleSteeringWall,0x00638ca0,0x638ca0,53,,?execNPCToggleSteeringWall@UDishonoredCheatManager@@QAEXAAUFFrame@@QAX@Z
APawn,InitNavigationHandle,0x00638ce0,0x638ce0,53,,?execInitNavigationHandle@APawn@@QAEXAAUFFrame@@QAX@Z
ASplineLoftActor,ClearLoftMesh,0x00638d20,0x638d20,53,,?execClearLoftMesh@ASplineLoftActor@@QAEXAAUFFrame@@QAX@Z
UDishonoredCheatManager,DisNoteShow,0x00638d60,0x638d60,107,,?execDisNoteShow@UDishonoredCheatManager@@QAEXAAUFFrame@@QAX@Z
UDishonoredCheatManager,DestroyActor,0x00638dd0,0x638dd0,53,,?execDestroyActor@UDishonoredCheatManager@@QAEXAAUFFrame@@QAX@Z
UDishonoredCheatManager,DormantDebugToggle,0x00638e10,0x638e10,53,,?execDormantDebugToggle@UDishonoredCheatManager@@QAEXAAUFFrame@@QAX@Z
UDishonoredCheatManager,DormantDebugEnable,0x00638e50,0x638e50,107,,?execDormantDebugEnable@UDishonoredCheatManager@@QAEXAAUFFrame@@QAX@Z
UDishonoredCheatManager,DoorPoltergeistMode,0x00638ec0,0x638ec0,103,,?execDoorPoltergeistMode@UDishonoredCheatManager@@QAEXAAUFFrame@@QAX@Z
UDishonoredCheatManager,ShowPowerMenu,0x00638f30,0x638f30,53,,?execShowPowerMenu@UDishonoredCheatManager@@QAEXAAUFFrame@@QAX@Z
UDishonoredCheatManager,GiveRunes,0x00638f70,0x638f70,96,,?execGiveRunes@UDishonoredCheatManager@@QAEXAAUFFrame@@QAX@Z
UDishonoredCheatManager,GoreEnable,0x00638fd0,0x638fd0,107,,?execGoreEnable@UDishonoredCheatManager@@QAEXAAUFFrame@@QAX@Z
UDishonoredCheatManager,SwitchDLCLock,0x00639040,0x639040,96,,?execSwitchDLCLock@UDishonoredCheatManager@@QAEXAAUFFrame@@QAX@Z
UDishonoredCheatManager,Slack,0x006390a0,0x6390a0,53,,?execSlack@UDishonoredCheatManager@@QAEXAAUFFrame@@QAX@Z
UDishonoredCheatManager,DebugMenuEnter,0x006390e0,0x6390e0,53,,?execDebugMenuEnter@UDishonoredCheatManager@@QAEXAAUFFrame@@QAX@Z
UDishonoredCheatManager,DebugMenuUp,0x00639120,0x639120,53,,?execDebugMenuUp@UDishonoredCheatManager@@QAEXAAUFFrame@@QAX@Z
UDishonoredCheatManager,DebugMenuDown,0x00639160,0x639160,53,,?execDebugMenuDown@UDishonoredCheatManager@@QAEXAAUFFrame@@QAX@Z
UDishonoredCheatManager,DebugMenuLeft,0x006391a0,0x6391a0,53,,?execDebugMenuLeft@UDishonoredCheatManager@@QAEXAAUFFrame@@QAX@Z
UDishonoredCheatManager,DebugMenuRight,0x006391e0,0x6391e0,53,,?execDebugMenuRight@UDishonoredCheatManager@@QAEXAAUFFrame@@QAX@Z
UDishonoredCheatManager,DebugToggleVerbose,0x00639220,0x639220,53,,?execDebugToggleVerbose@UDishonoredCheatManager@@QAEXAAUFFrame@@QAX@Z
UDishonoredCheatManager,DebugDialog,0x00639260,0x639260,53,,?execDebugDialog@UDishonoredCheatManager@@QAEXAAUFFrame@@QAX@Z
UDishonoredCheatManager,DialogSkipGlobalRules,0x006392a0,0x6392a0,53,,?execDialogSkipGlobalRules@UDishonoredCheatManager@@QAEXAAUFFrame@@QAX@Z
UDishonoredCheatManager,SingleStep_Native,0x006392e0,0x6392e0,53,,?execSingleStep_Native@UDishonoredCheatManager@@QAEXAAUFFrame@@QAX@Z
UDishonoredCheatManager,AddMod,0x00639320,0x639320,277,,?execAddMod@UDishonoredCheatManager@@QAEXAAUFFrame@@QAX@Z
UDishonoredCheatManager,RemoveMod,0x00639440,0x639440,145,,?execRemoveMod@UDishonoredCheatManager@@QAEXAAUFFrame@@QAX@Z
UDishonoredCheatManager,AddPower,0x006394e0,0x6394e0,147,,?execAddPower@UDishonoredCheatManager@@QAEXAAUFFrame@@QAX@Z
UDishonoredCheatManager,AddAttribute,0x00639580,0x639580,151,,?execAddAttribute@UDishonoredCheatManager@@QAEXAAUFFrame@@QAX@Z
UDishonoredCheatManager,RemovePower,0x00639620,0x639620,109,,?execRemovePower@UDishonoredCheatManager@@QAEXAAUFFrame@@QAX@Z
UDishonoredCheatManager,MaxPowers,0x00639690,0x639690,53,,?execMaxPowers@UDishonoredCheatManager@@QAEXAAUFFrame@@QAX@Z
UDishonoredCheatManager,MinPowers,0x006396d0,0x6396d0,53,,?execMinPowers@UDishonoredCheatManager@@QAEXAAUFFrame@@QAX@Z
UDishonoredCheatManager,BendTimeReport,0x00639710,0x639710,53,,?execBendTimeReport@UDishonoredCheatManager@@QAEXAAUFFrame@@QAX@Z
UDishonoredCheatManager,BendTimeDisplay,0x00639750,0x639750,53,,?execBendTimeDisplay@UDishonoredCheatManager@@QAEXAAUFFrame@@QAX@Z
UDishonoredCheatManager,TestNailing,0x00639790,0x639790,53,,?execTestNailing@UDishonoredCheatManager@@QAEXAAUFFrame@@QAX@Z
UDishonoredCheatManager,ListComponents,0x006397d0,0x6397d0,53,,?execListComponents@UDishonoredCheatManager@@QAEXAAUFFrame@@QAX@Z
UDishonoredCheatManager,ListTickableActors,0x00639810,0x639810,53,,?execListTickableActors@UDishonoredCheatManager@@QAEXAAUFFrame@@QAX@Z
UDishonoredCheatManager,ListActorTickTime,0x00639850,0x639850,53,,?execListActorTickTime@UDishonoredCheatManager@@QAEXAAUFFrame@@QAX@Z
UDishonoredCheatManager,DebugRats,0x00639890,0x639890,53,,?execDebugRats@UDishonoredCheatManager@@QAEXAAUFFrame@@QAX@Z
UDishonoredCheatManager,KillAllRats,0x006398d0,0x6398d0,53,,?execKillAllRats@UDishonoredCheatManager@@QAEXAAUFFrame@@QAX@Z
UDishonoredCheatManager,SpawnRandomRatSwarm,0x00639910,0x639910,53,,?execSpawnRandomRatSwarm@UDishonoredCheatManager@@QAEXAAUFFrame@@QAX@Z
UDishonoredCheatManager,ToggleRatProbingForGround,0x00639950,0x639950,53,,?execToggleRatProbingForGround@UDishonoredCheatManager@@QAEXAAUFFrame@@QAX@Z
UDishonoredCheatManager,LogAnimSequences,0x00639990,0x639990,53,,?execLogAnimSequences@UDishonoredCheatManager@@QAEXAAUFFrame@@QAX@Z
UDishonoredCheatManager,LogDuplicateAnimSequences,0x006399d0,0x6399d0,53,,?execLogDuplicateAnimSequences@UDishonoredCheatManager@@QAEXAAUFFrame@@QAX@Z
UDishonoredCheatManager,ToggleActorLightEnvironment,0x00639a10,0x639a10,53,,?execToggleActorLightEnvironment@UDishonoredCheatManager@@QAEXAAUFFrame@@QAX@Z
UDishonoredCheatManager,ToggleUsableHighlight,0x00639a50,0x639a50,53,,?execToggleUsableHighlight@UDishonoredCheatManager@@QAEXAAUFFrame@@QAX@Z
ADishonoredNPCController,OnAISetBrainFlags,0x00639a90,0x639a90,96,,?execOnAISetBrainFlags@ADishonoredNPCController@@QAEXAAUFFrame@@QAX@Z
UDishonoredCheatManager,DebugDarkness,0x00639af0,0x639af0,53,,?execDebugDarkness@UDishonoredCheatManager@@QAEXAAUFFrame@@QAX@Z
ADishonoredNPCController,OnAIStartDistraction,0x00639b30,0x639b30,96,,?execOnAIStartDistraction@ADishonoredNPCController@@QAEXAAUFFrame@@QAX@Z
UDishonoredCheatManager,GetDifficulty,0x00639b90,0x639b90,53,,?execGetDifficulty@UDishonoredCheatManager@@QAEXAAUFFrame@@QAX@Z
UDishonoredCheatManager,ReportDanglingPointers,0x00639bd0,0x639bd0,228,,?execReportDanglingPointers@UDishonoredCheatManager@@QAEXAAUFFrame@@QAX@Z
UDishonoredCheatManager,MaxUpgrades,0x00639cc0,0x639cc0,53,,?execMaxUpgrades@UDishonoredCheatManager@@QAEXAAUFFrame@@QAX@Z
UDishonoredCheatManager,MinUpgrades,0x00639d00,0x639d00,53,,?execMinUpgrades@UDishonoredCheatManager@@QAEXAAUFFrame@@QAX@Z
UDishonoredCheatManager,GiveBoneCharm,0x00639d40,0x639d40,53,,?execGiveBoneCharm@UDishonoredCheatManager@@QAEXAAUFFrame@@QAX@Z
UDishonoredCheatManager,GiveMoney,0x00639d80,0x639d80,96,,?execGiveMoney@UDishonoredCheatManager@@QAEXAAUFFrame@@QAX@Z
UDishonoredCheatManager,StartVisSettingsMode,0x00639de0,0x639de0,53,,?execStartVisSettingsMode@UDishonoredCheatManager@@QAEXAAUFFrame@@QAX@Z
UDishonoredCheatManager,StopVisSettingsMode,0x00639e20,0x639e20,53,,?execStopVisSettingsMode@UDishonoredCheatManager@@QAEXAAUFFrame@@QAX@Z
UDishonoredCheatManager,SetVisSettingsHighVis,0x00639e60,0x639e60,53,,?execSetVisSettingsHighVis@UDishonoredCheatManager@@QAEXAAUFFrame@@QAX@Z
UDishonoredCheatManager,SetVisSettingsLowVis,0x00639ea0,0x639ea0,53,,?execSetVisSettingsLowVis@UDishonoredCheatManager@@QAEXAAUFFrame@@QAX@Z
UDishonoredCheatManager,SingleStepMantleEdgeFinder,0x00639ee0,0x639ee0,53,,?execSingleStepMantleEdgeFinder@UDishonoredCheatManager@@QAEXAAUFFrame@@QAX@Z
UDishonoredCheatManager,NormalStepMantleEdgeFinder,0x00639f20,0x639f20,53,,?execNormalStepMantleEdgeFinder@UDishonoredCheatManager@@QAEXAAUFFrame@@QAX@Z
UDishonoredCheatManager,SetDebugMantleCheckTime,0x00639f60,0x639f60,100,,?execSetDebugMantleCheckTime@UDishonoredCheatManager@@QAEXAAUFFrame@@QAX@Z
UDishonoredCheatManager,SetDebugMantleStepSize,0x00639fd0,0x639fd0,100,,?execSetDebugMantleStepSize@UDishonoredCheatManager@@QAEXAAUFFrame@@QAX@Z
UDishonoredCheatManager,ForceCorpseDropType,0x0063a040,0x63a040,93,,?execForceCorpseDropType@UDishonoredCheatManager@@QAEXAAUFFrame@@QAX@Z
UDishonoredCheatManager,ForceCorpseDropTypeOff,0x0063a0a0,0x63a0a0,53,,?execForceCorpseDropTypeOff@UDishonoredCheatManager@@QAEXAAUFFrame@@QAX@Z
UDishonoredCheatManager,DisSlomo,0x0063a0e0,0x63a0e0,100,,?execDisSlomo@UDishonoredCheatManager@@QAEXAAUFFrame@@QAX@Z
UDishonoredCheatManager,DisSlomoFull,0x0063a150,0x63a150,144,,?execDisSlomoFull@UDishonoredCheatManager@@QAEXAAUFFrame@@QAX@Z
UDishonoredCheatManager,DisSlomoCommand,0x0063a1e0,0x63a1e0,109,,?execDisSlomoCommand@UDishonoredCheatManager@@QAEXAAUFFrame@@QAX@Z
UDishonoredCheatManager,BlinkShowRange,0x0063a250,0x63a250,100,,?execBlinkShowRange@UDishonoredCheatManager@@QAEXAAUFFrame@@QAX@Z
UDishonoredCheatManager,BlinkShowRangeFull,0x0063a2c0,0x63a2c0,100,,?execBlinkShowRangeFull@UDishonoredCheatManager@@QAEXAAUFFrame@@QAX@Z
UDishonoredCheatManager,AttentionAddIgnoreType,0x0063a330,0x63a330,261,,?execAttentionAddIgnoreType@UDishonoredCheatManager@@QAEXAAUFFrame@@QAX@Z
UDishonoredCheatManager,AttentionSetIgnoreType,0x0063a440,0x63a440,261,,?execAttentionSetIgnoreType@UDishonoredCheatManager@@QAEXAAUFFrame@@QAX@Z
UDishonoredCheatManager,AttentionClearIgnoreType,0x0063a550,0x63a550,53,,?execAttentionClearIgnoreType@UDishonoredCheatManager@@QAEXAAUFFrame@@QAX@Z
UDishonoredCheatManager,AttentionAddExclusiveType,0x0063a590,0x63a590,261,,?execAttentionAddExclusiveType@UDishonoredCheatManager@@QAEXAAUFFrame@@QAX@Z
UDishonoredCheatManager,AttentionSetExclusiveType,0x0063a6a0,0x63a6a0,261,,?execAttentionSetExclusiveType@UDishonoredCheatManager@@QAEXAAUFFrame@@QAX@Z
UDishonoredCheatManager,AttentionClearExclusiveType,0x0063a7b0,0x63a7b0,53,,?execAttentionClearExclusiveType@UDishonoredCheatManager@@QAEXAAUFFrame@@QAX@Z
UDishonoredCheatManager,IsAttentionTypeAllowed,0x0063a7f0,0x63a7f0,98,,?execIsAttentionTypeAllowed@UDishonoredCheatManager@@QAEXAAUFFrame@@QAX@Z
UDishonoredPlayerInput,Dis_SneakOrSlide,0x0063a8e0,0x63a8e0,107,,?execDis_SneakOrSlide@UDishonoredPlayerInput@@QAEXAAUFFrame@@QAX@Z
UDishonoredPlayerInput,Dis_PlayerChoice_RequestSkip_Released,0x0063a950,0x63a950,53,,?execDis_PlayerChoice_RequestSkip_Released@UDishonoredPlayerInput@@QAEXAAUFFrame@@QAX@Z
UDishonoredPlayerInput,GetFOVScale,0x0063a990,0x63a990,112,,?execGetFOVScale@UDishonoredPlayerInput@@QAEXAAUFFrame@@QAX@Z
ADisDebugNPCController,Dis_StartFire,0x0063aa00,0x63aa00,53,,?execDis_StartFire@ADisDebugNPCController@@QAEXAAUFFrame@@QAX@Z
ADishonoredPlayerCamera,ApplyDebugCam_Native,0x0063aa60,0x63aa60,228,,?execApplyDebugCam_Native@ADishonoredPlayerCamera@@QAEXAAUFFrame@@QAX@Z
ADishonoredNPCPawn,NPCTouchedDeepWater,0x0063abc0,0x63abc0,53,,?execNPCTouchedDeepWater@ADishonoredNPCPawn@@QAEXAAUFFrame@@QAX@Z
ADishonoredNPCPawn,OnSeverLimb,0x0063ac00,0x63ac00,96,,?execOnSeverLimb@ADishonoredNPCPawn@@QAEXAAUFFrame@@QAX@Z
ADishonoredNPCPawn,OnNPCMarkForVanish,0x0063ac60,0x63ac60,96,,?execOnNPCMarkForVanish@ADishonoredNPCPawn@@QAEXAAUFFrame@@QAX@Z
ADishonoredNPCPawn,OnNPCDoTeleportSpell,0x0063acc0,0x63acc0,96,,?execOnNPCDoTeleportSpell@ADishonoredNPCPawn@@QAEXAAUFFrame@@QAX@Z
ADishonoredPlayerPawn,OnRemovePower,0x0063ad20,0x63ad20,96,,?execOnRemovePower@ADishonoredPlayerPawn@@QAEXAAUFFrame@@QAX@Z
ADishonoredPlayerPawn,OnAddAttributeModifier,0x0063ad80,0x63ad80,96,,?execOnAddAttributeModifier@ADishonoredPlayerPawn@@QAEXAAUFFrame@@QAX@Z
ADishonoredNPCController,GetMoveTargetLocation,0x0063af20,0x63af20,81,,?execGetMoveTargetLocation@ADishonoredNPCController@@QAEXAAUFFrame@@QAX@Z
ADishonoredNPCController,OnAIAmbush,0x0063af80,0x63af80,96,,?execOnAIAmbush@ADishonoredNPCController@@QAEXAAUFFrame@@QAX@Z
ADishonoredNPCController,OnAIDoSearch,0x0063afe0,0x63afe0,96,,?execOnAIDoSearch@ADishonoredNPCController@@QAEXAAUFFrame@@QAX@Z
ADishonoredNPCController,OnAIGoToActor,0x0063b040,0x63b040,96,,?execOnAIGoToActor@ADishonoredNPCController@@QAEXAAUFFrame@@QAX@Z
ADishonoredNPCController,OnAIGuard,0x0063b0a0,0x63b0a0,96,,?execOnAIGuard@ADishonoredNPCController@@QAEXAAUFFrame@@QAX@Z
ADishonoredNPCController,OnAIKismetDoBehavior,0x0063b100,0x63b100,96,,?execOnAIKismetDoBehavior@ADishonoredNPCController@@QAEXAAUFFrame@@QAX@Z
ADishonoredNPCController,OnAISetPatrol,0x0063b160,0x63b160,96,,?execOnAISetPatrol@ADishonoredNPCController@@QAEXAAUFFrame@@QAX@Z
ADishonoredNPCController,OnAISetSenses,0x0063b1c0,0x63b1c0,96,,?execOnAISetSenses@ADishonoredNPCController@@QAEXAAUFFrame@@QAX@Z
ADishonoredNPCController,OnAIShoot,0x0063b220,0x63b220,96,,?execOnAIShoot@ADishonoredNPCController@@QAEXAAUFFrame@@QAX@Z
ADishonoredNPCController,OnAIProtectNeutralsOverride,0x0063b280,0x63b280,96,,?execOnAIProtectNeutralsOverride@ADishonoredNPCController@@QAEXAAUFFrame@@QAX@Z
ADishonoredNPCController,OnAISetSuspicionLevel,0x0063b2e0,0x63b2e0,96,,?execOnAISetSuspicionLevel@ADishonoredNPCController@@QAEXAAUFFrame@@QAX@Z
ADishonoredNPCController,OnAIClearAttention,0x0063b340,0x63b340,96,,?execOnAIClearAttention@ADishonoredNPCController@@QAEXAAUFFrame@@QAX@Z
ADishonoredNPCController,OnAIPsychicAttention,0x0063b3a0,0x63b3a0,96,,?execOnAIPsychicAttention@ADishonoredNPCController@@QAEXAAUFFrame@@QAX@Z
ADishonoredNPCController,OnAIGetBrainFlags,0x0063b400,0x63b400,96,,?execOnAIGetBrainFlags@ADishonoredNPCController@@QAEXAAUFFrame@@QAX@Z
ADishonoredNPCController,OnAIRingAlarm,0x0063b460,0x63b460,96,,?execOnAIRingAlarm@ADishonoredNPCController@@QAEXAAUFFrame@@QAX@Z
ADishonoredNPCController,DisplayDebug_Native,0x0063b4c0,0x63b4c0,283,,?execDisplayDebug_Native@ADishonoredNPCController@@QAEXAAUFFrame@@QAX@Z
ADishonoredNPCController,IsDead,0x0063b5e0,0x63b5e0,58,,?execIsDead@ADishonoredNPCController@@QAEXAAUFFrame@@QAX@Z
ADisRiverKrust,OnAnimEnd,0x0063b660,0x63b660,184,,?execOnAnimEnd@ADisRiverKrust@@QAEXAAUFFrame@@QAX@Z
ADisRiverKrust,TakeDamage_Native,0x0063b720,0x63b720,498,,?execTakeDamage_Native@ADisRiverKrust@@QAEXAAUFFrame@@QAX@Z
UDisBehaviorEscapeExplosion,RequestStateExitCallback_Flee,0x0063b940,0x63b940,96,,?execRequestStateExitCallback_Flee@UDisBehaviorEscapeExplosion@@QAEXAAUFFrame@@QAX@Z
UDisBehaviorEscapeExplosion,ThreatTerminatedCallback_Flee,0x0063b9a0,0x63b9a0,96,,?execThreatTerminatedCallback_Flee@UDisBehaviorEscapeExplosion@@QAEXAAUFFrame@@QAX@Z
UDisBehaviorGoHome,OnEnterCallback_GenericAction,0x0063ba00,0x63ba00,134,,?execOnEnterCallback_GenericAction@UDisBehaviorGoHome@@QAEXAAUFFrame@@QAX@Z
UDisBehaviorEscapePlague,RefreshCallback_TakePosition,0x0063ba90,0x63ba90,138,,?execRefreshCallback_TakePosition@UDisBehaviorEscapePlague@@QAEXAAUFFrame@@QAX@Z
UDisBehaviorPanic,OnEnterCallback_Flee,0x0063bb20,0x63bb20,134,,?execOnEnterCallback_Flee@UDisBehaviorPanic@@QAEXAAUFFrame@@QAX@Z
UDisBehaviorCombatRatSwarm,RefreshCallback_Stand,0x0063bbb0,0x63bbb0,138,,?execRefreshCallback_Stand@UDisBehaviorCombatRatSwarm@@QAEXAAUFFrame@@QAX@Z
UDisBehaviorPanic,RefreshCallback_Cower,0x0063bc40,0x63bc40,138,,?execRefreshCallback_Cower@UDisBehaviorPanic@@QAEXAAUFFrame@@QAX@Z
UDisBehaviorPatrol,TickCallback_TakeActorPosition,0x0063bcd0,0x63bcd0,138,,?execTickCallback_TakeActorPosition@UDisBehaviorPatrol@@QAEXAAUFFrame@@QAX@Z
UDisBehaviorNotice,OnExitCallback_Init,0x0063bd60,0x63bd60,134,,?execOnExitCallback_Init@UDisBehaviorNotice@@QAEXAAUFFrame@@QAX@Z
UDisBehaviorWeep,OnEnterCallback_GenericAction,0x0063bdf0,0x63bdf0,134,,?execOnEnterCallback_GenericAction@UDisBehaviorWeep@@QAEXAAUFFrame@@QAX@Z
UDisBehaviorWeep,RequestStateExitCallback_GenericAction,0x0063be80,0x63be80,96,,?execRequestStateExitCallback_GenericAction@UDisBehaviorWeep@@QAEXAAUFFrame@@QAX@Z
UDisBehaviorWeep,RequestStateExitCallback_DoWeaponManoeuver,0x0063bee0,0x63bee0,96,,?execRequestStateExitCallback_DoWeaponManoeuver@UDisBehaviorWeep@@QAEXAAUFFrame@@QAX@Z
UDisBehaviorFollow,NoMoreTargetCallback_Follow,0x0063bf40,0x63bf40,53,,?execNoMoreTargetCallback_Follow@UDisBehaviorFollow@@QAEXAAUFFrame@@QAX@Z
UDisBehaviorRatStomp,RequestStateExitCallback_TakeActorPosition,0x0063bf80,0x63bf80,96,,?execRequestStateExitCallback_TakeActorPosition@UDisBehaviorRatStomp@@QAEXAAUFFrame@@QAX@Z
UDisBehaviorEscapePlague,OnResetCallback_TakePosition,0x0063bfe0,0x63bfe0,96,,?execOnResetCallback_TakePosition@UDisBehaviorEscapePlague@@QAEXAAUFFrame@@QAX@Z
UDisBehaviorCombatMelee,OnEnterCallback_Stand,0x0063c060,0x63c060,134,,?execOnEnterCallback_Stand@UDisBehaviorCombatMelee@@QAEXAAUFFrame@@QAX@Z
UDisBehaviorCombatMelee,RefreshCallback_Stand,0x0063c0f0,0x63c0f0,138,,?execRefreshCallback_Stand@UDisBehaviorCombatMelee@@QAEXAAUFFrame@@QAX@Z
UDisBehaviorCombatMelee,RequestStateExitCallback_FindShootingPosition,0x0063c180,0x63c180,96,,?execRequestStateExitCallback_FindShootingPosition@UDisBehaviorCombatMelee@@QAEXAAUFFrame@@QAX@Z
UDisBehaviorAssassinCombat,RequestStateExitCallback_DoAttractSpell,0x0063c1e0,0x63c1e0,96,,?execRequestStateExitCallback_DoAttractSpell@UDisBehaviorAssassinCombat@@QAEXAAUFFrame@@QAX@Z
UDisBehaviorCombatEliteGuard,RefreshCallback_FindShootingPosition,0x0063c240,0x63c240,138,,?execRefreshCallback_FindShootingPosition@UDisBehaviorCombatEliteGuard@@QAEXAAUFFrame@@QAX@Z
UDisBehaviorCombatEliteGuard,OnEnterCallback_FirePistol,0x0063c2d0,0x63c2d0,134,,?execOnEnterCallback_FirePistol@UDisBehaviorCombatEliteGuard@@QAEXAAUFFrame@@QAX@Z
UDisBehaviorCombatEliteGuard,RequestStateExitCallback_FirePistol,0x0063c360,0x63c360,96,,?execRequestStateExitCallback_FirePistol@UDisBehaviorCombatEliteGuard@@QAEXAAUFFrame@@QAX@Z
UDisBehaviorOverseerCombat,OnEnterCallback_GenericAction,0x0063c3c0,0x63c3c0,134,,?execOnEnterCallback_GenericAction@UDisBehaviorOverseerCombat@@QAEXAAUFFrame@@QAX@Z
UDisBehaviorOverseerCombat,OnExitCallback_Stand,0x0063c450,0x63c450,134,,?execOnExitCallback_Stand@UDisBehaviorOverseerCombat@@QAEXAAUFFrame@@QAX@Z
UDisBehaviorCombatWolfhound,RefreshCallback_MeleeChase,0x0063c4e0,0x63c4e0,138,,?execRefreshCallback_MeleeChase@UDisBehaviorCombatWolfhound@@QAEXAAUFFrame@@QAX@Z
UDisBehaviorSearch,RequestStateExitCallback_Stand,0x0063c570,0x63c570,96,,?execRequestStateExitCallback_Stand@UDisBehaviorSearch@@QAEXAAUFFrame@@QAX@Z
UDisBehaviorTriggerAlarm,RequestStateExitCallback_GenericAction,0x0063c5d0,0x63c5d0,96,,?execRequestStateExitCallback_GenericAction@UDisBehaviorTriggerAlarm@@QAEXAAUFFrame@@QAX@Z
UDisBehaviorGoHome,RefreshCallback_Menace,0x0063c630,0x63c630,138,,?execRefreshCallback_Menace@UDisBehaviorGoHome@@QAEXAAUFFrame@@QAX@Z
UDisBehaviorEnemyUnreachable,RequestStateExitCallback_TakePosition,0x0063c6c0,0x63c6c0,96,,?execRequestStateExitCallback_TakePosition@UDisBehaviorEnemyUnreachable@@QAEXAAUFFrame@@QAX@Z
AGameCrowdDestination,IncrementCustomerCount,0x0063c740,0x63c740,96,,?execIncrementCustomerCount@AGameCrowdDestination@@QAEXAAUFFrame@@QAX@Z
AController,UnPossess,0x0063c7e0,0x63c7e0,53,,?execUnPossess@AController@@QAEXAAUFFrame@@QAX@Z
ADisWallOfLight,TakeDamage_Native,0x0063ca20,0x63ca20,445,,?execTakeDamage_Native@ADisWallOfLight@@QAEXAAUFFrame@@QAX@Z
ADisProjectile_StickyGrenade,BaseChange,0x0063cc00,0x63cc00,53,,?execBaseChange@ADisProjectile_StickyGrenade@@QAEXAAUFFrame@@QAX@Z
UDisGFxMoviePlayerBase,CaptureAnalogInput,0x0063d010,0x63d010,107,,?execCaptureAnalogInput@UDisGFxMoviePlayerBase@@QAEXAAUFFrame@@QAX@Z
UDisGFxMoviePlayerBase,HasFinishedAsyncLoading,0x0063d080,0x63d080,58,,?execHasFinishedAsyncLoading@UDisGFxMoviePlayerBase@@QAEXAAUFFrame@@QAX@Z
UDisGFxMoviePlayerBase,WidgetInitialized_Native,0x0063d0c0,0x63d0c0,184,,?execWidgetInitialized_Native@UDisGFxMoviePlayerBase@@QAEXAAUFFrame@@QAX@Z
UDisGFxMoviePlayerBase,OnFocusLost,0x0063d180,0x63d180,96,,?execOnFocusLost@UDisGFxMoviePlayerBase@@QAEXAAUFFrame@@QAX@Z
UDisGFxMoviePlayerBase,AddMessageBoxTimer,0x0063d1e0,0x63d1e0,95,,?execAddMessageBoxTimer@UDisGFxMoviePlayerBase@@QAEXAAUFFrame@@QAX@Z
UDisGFxMoviePlayerBase,HideMessageBox,0x0063d240,0x63d240,48,,?execHideMessageBox@UDisGFxMoviePlayerBase@@QAEXAAUFFrame@@QAX@Z
UDisGFxMoviePlayerGlobal,OnLoginChange,0x0063d270,0x63d270,93,,?execOnLoginChange@UDisGFxMoviePlayerGlobal@@QAEXAAUFFrame@@QAX@Z
UDisGFxMoviePlayerGlobal,OnWriteProfileSettingsComplete,0x0063d2d0,0x63d2d0,142,,?execOnWriteProfileSettingsComplete@UDisGFxMoviePlayerGlobal@@QAEXAAUFFrame@@QAX@Z
UDisGFxMoviePlayerGlobal,OnControllerDisconnected,0x0063d360,0x63d360,93,,?execOnControllerDisconnected@UDisGFxMoviePlayerGlobal@@QAEXAAUFFrame@@QAX@Z
UDisGFxMoviePlayerJournal,Req_FlashingTabsBitfield,0x0063d3c0,0x63d3c0,58,,?execReq_FlashingTabsBitfield@UDisGFxMoviePlayerJournal@@QAEXAAUFFrame@@QAX@Z
UDisGFxMoviePlayerMissionStats,OnBackClicked,0x0063d400,0x63d400,53,,?execOnBackClicked@UDisGFxMoviePlayerMissionStats@@QAEXAAUFFrame@@QAX@Z
UDisGFxMoviePlayerJournal,Req_MissionItemInfo,0x0063d440,0x63d440,96,,?execReq_MissionItemInfo@UDisGFxMoviePlayerJournal@@QAEXAAUFFrame@@QAX@Z
UDisGFxMoviePlayerJournal,Req_Inventory_Gadgets,0x0063d4a0,0x63d4a0,53,,?execReq_Inventory_Gadgets@UDisGFxMoviePlayerJournal@@QAEXAAUFFrame@@QAX@Z
UDisGFxMoviePlayerJournal,Req_InventoryItemInfo,0x0063d4e0,0x63d4e0,96,,?execReq_InventoryItemInfo@UDisGFxMoviePlayerJournal@@QAEXAAUFFrame@@QAX@Z
UDisGFxMoviePlayerMainMenu,OpenMissionStats,0x0063d540,0x63d540,96,,?execOpenMissionStats@UDisGFxMoviePlayerMainMenu@@QAEXAAUFFrame@@QAX@Z
UDisGFxMoviePlayerJournal,StopAudioLog,0x0063d5a0,0x63d5a0,96,,?execStopAudioLog@UDisGFxMoviePlayerJournal@@QAEXAAUFFrame@@QAX@Z
UDisGFxMoviePlayerJournal,EquipBoneCharm,0x0063d600,0x63d600,96,,?execEquipBoneCharm@UDisGFxMoviePlayerJournal@@QAEXAAUFFrame@@QAX@Z
UDisGFxMoviePlayerJournal,RemoveBoneCharm,0x0063d660,0x63d660,96,,?execRemoveBoneCharm@UDisGFxMoviePlayerJournal@@QAEXAAUFFrame@@QAX@Z
UDisGFxMoviePlayerJournal,CloseJournal,0x0063d6c0,0x63d6c0,53,,?execCloseJournal@UDisGFxMoviePlayerJournal@@QAEXAAUFFrame@@QAX@Z
UDisGFxMoviePlayerMenuBase,OnDeleteSaveConfirm,0x0063d700,0x63d700,145,,?execOnDeleteSaveConfirm@UDisGFxMoviePlayerMenuBase@@QAEXAAUFFrame@@QAX@Z
UDisGFxMoviePlayerMenuBase,OpenGammaImage,0x0063d7a0,0x63d7a0,53,,?execOpenGammaImage@UDisGFxMoviePlayerMenuBase@@QAEXAAUFFrame@@QAX@Z
UDisGFxMoviePlayerMenuBase,OnSettingChange,0x0063d7e0,0x63d7e0,138,,?execOnSettingChange@UDisGFxMoviePlayerMenuBase@@QAEXAAUFFrame@@QAX@Z
UDisGFxMoviePlayerMenuBase,OnResetOptions,0x0063d870,0x63d870,134,,?execOnResetOptions@UDisGFxMoviePlayerMenuBase@@QAEXAAUFFrame@@QAX@Z
UDisGFxMoviePlayerJournal,Req_Inventory_All,0x0063d900,0x63d900,53,,?execReq_Inventory_All@UDisGFxMoviePlayerJournal@@QAEXAAUFFrame@@QAX@Z
UDisGFxMoviePlayerMainMenu,OnLoginChange,0x0063d940,0x63d940,93,,?execOnLoginChange@UDisGFxMoviePlayerMainMenu@@QAEXAAUFFrame@@QAX@Z
UDisGFxMoviePlayerMainMenu,OnLoginCancelled,0x0063d9a0,0x63d9a0,53,,?execOnLoginCancelled@UDisGFxMoviePlayerMainMenu@@QAEXAAUFFrame@@QAX@Z
UDishonoredCheatManager,PlayerGhostChestView,0x0063d9e0,0x63d9e0,107,,?execPlayerGhostChestView@UDishonoredCheatManager@@QAEXAAUFFrame@@QAX@Z
UDisGFxMoviePlayerPauseMenu,OnLoadGameClicked,0x0063da50,0x63da50,53,,?execOnLoadGameClicked@UDisGFxMoviePlayerPauseMenu@@QAEXAAUFFrame@@QAX@Z
UDisGFxMoviePlayerMainMenu,OnNewGameConfirm,0x0063da90,0x63da90,96,,?execOnNewGameConfirm@UDisGFxMoviePlayerMainMenu@@QAEXAAUFFrame@@QAX@Z
UDishonoredCheatManager,AIClearDebug,0x0063daf0,0x63daf0,53,,?execAIClearDebug@UDishonoredCheatManager@@QAEXAAUFFrame@@QAX@Z
UDisGFxMoviePlayerJournal,Req_Logs_Notes,0x0063db30,0x63db30,53,,?execReq_Logs_Notes@UDisGFxMoviePlayerJournal@@QAEXAAUFFrame@@QAX@Z
UDisGFxMoviePlayerMainMenu,OnMissionSelected,0x0063db70,0x63db70,96,,?execOnMissionSelected@UDisGFxMoviePlayerMainMenu@@QAEXAAUFFrame@@QAX@Z
UDisGFxMoviePlayerMainMenu,OnLoadGameClicked,0x0063dbd0,0x63dbd0,53,,?execOnLoadGameClicked@UDisGFxMoviePlayerMainMenu@@QAEXAAUFFrame@@QAX@Z
UDisGFxMoviePlayerMainMenu,Req_SaveSlotInfos,0x0063dc10,0x63dc10,96,,?execReq_SaveSlotInfos@UDisGFxMoviePlayerMainMenu@@QAEXAAUFFrame@@QAX@Z
UDisGFxMoviePlayerMainMenu,OnDLCClicked,0x0063dc70,0x63dc70,53,,?execOnDLCClicked@UDisGFxMoviePlayerMainMenu@@QAEXAAUFFrame@@QAX@Z
UDisGFxMoviePlayerMainMenu,OnQuitGameConfirm,0x0063dcb0,0x63dcb0,53,,?execOnQuitGameConfirm@UDisGFxMoviePlayerMainMenu@@QAEXAAUFFrame@@QAX@Z
UDishonoredCheatManager,AIToggle,0x0063dcf0,0x63dcf0,53,,?execAIToggle@UDishonoredCheatManager@@QAEXAAUFFrame@@QAX@Z
UDisGFxMoviePlayerPauseMenu,OnSaveGameConfirm,0x0063dd30,0x63dd30,96,,?execOnSaveGameConfirm@UDisGFxMoviePlayerPauseMenu@@QAEXAAUFFrame@@QAX@Z
UDisGFxMoviePlayerPauseMenu,OnLoadLastSaveClicked,0x0063dd90,0x63dd90,53,,?execOnLoadLastSaveClicked@UDisGFxMoviePlayerPauseMenu@@QAEXAAUFFrame@@QAX@Z
UDishonoredCheatManager,AICycleDebug,0x0063ddd0,0x63ddd0,53,,?execAICycleDebug@UDishonoredCheatManager@@QAEXAAUFFrame@@QAX@Z
UDisGFxMoviePlayerPauseMenu,OnTutorialReadRequest,0x0063de10,0x63de10,96,,?execOnTutorialReadRequest@UDisGFxMoviePlayerPauseMenu@@QAEXAAUFFrame@@QAX@Z
UDisGFxMoviePlayerPauseMenu,BackToWindows,0x0063de70,0x63de70,53,,?execBackToWindows@UDisGFxMoviePlayerPauseMenu@@QAEXAAUFFrame@@QAX@Z
UDisGFxMoviePlayerPauseMenu,OnMenuClosed,0x0063deb0,0x63deb0,53,,?execOnMenuClosed@UDisGFxMoviePlayerPauseMenu@@QAEXAAUFFrame@@QAX@Z
UDisGFxMoviePlayerNote,OnReadableNoteClosed,0x0063def0,0x63def0,53,,?execOnReadableNoteClosed@UDisGFxMoviePlayerNote@@QAEXAAUFFrame@@QAX@Z
UDisGFxMoviePlayerMenuBase,OnLoadGameConfirm,0x0063df30,0x63df30,96,,?execOnLoadGameConfirm@UDisGFxMoviePlayerMenuBase@@QAEXAAUFFrame@@QAX@Z
UDisGFxMoviePlayerMissionStats,OnClosed,0x0063df90,0x63df90,53,,?execOnClosed@UDisGFxMoviePlayerMissionStats@@QAEXAAUFFrame@@QAX@Z
UDishonoredCheatManager,PlayerFillAdrenaline,0x0063dfd0,0x63dfd0,53,,?execPlayerFillAdrenaline@UDishonoredCheatManager@@QAEXAAUFFrame@@QAX@Z
UDisGFxMoviePlayerJournal,Req_ObjectivesList,0x0063e010,0x63e010,53,,?execReq_ObjectivesList@UDisGFxMoviePlayerJournal@@QAEXAAUFFrame@@QAX@Z
UDishonoredEngine,Dis_Load,0x0063e050,0x63e050,96,,?execDis_Load@UDishonoredEngine@@QAEXAAUFFrame@@QAX@Z
ADishonoredHUD,RenderNonHUD_Native,0x0063e0b0,0x63e0b0,98,,?execRenderNonHUD_Native@ADishonoredHUD@@QAEXAAUFFrame@@QAX@Z
ADishonoredHUD,PlayerDisplayDebug_Native,0x0063e120,0x63e120,239,,?execPlayerDisplayDebug_Native@ADishonoredHUD@@QAEXAAUFFrame@@QAX@Z
ADishonoredHUD,ShowDebugInfo_Native,0x0063e210,0x63e210,239,,?execShowDebugInfo_Native@ADishonoredHUD@@QAEXAAUFFrame@@QAX@Z
ADishonoredHUD,DebugEnable,0x0063e300,0x63e300,116,,?execDebugEnable@ADishonoredHUD@@QAEXAAUFFrame@@QAX@Z
ADishonoredHUD,DebugDisable,0x0063e380,0x63e380,116,,?execDebugDisable@ADishonoredHUD@@QAEXAAUFFrame@@QAX@Z
ADishonoredHUD,DebugClear,0x0063e400,0x63e400,53,,?execDebugClear@ADishonoredHUD@@QAEXAAUFFrame@@QAX@Z
ADishonoredHUD,DebugOnly,0x0063e440,0x63e440,303,,?execDebugOnly@ADishonoredHUD@@QAEXAAUFFrame@@QAX@Z
UDisBehaviorCombatMelee,RefreshCallback_MeleeChase,0x0063edd0,0x63edd0,138,,?execRefreshCallback_MeleeChase@UDisBehaviorCombatMelee@@QAEXAAUFFrame@@QAX@Z
UDisBehaviorCombatWolfhound,RefreshCallback_WolfhoundCombatLongDistance,0x0063ee60,0x63ee60,138,,?execRefreshCallback_WolfhoundCombatLongDistance@UDisBehaviorCombatWolfhound@@QAEXAAUFFrame@@QAX@Z
UDisSeqVar_PlayerCamera,GetObjectValue,0x0063eef0,0x63eef0,58,,?execGetObjectValue@UDisSeqVar_PlayerCamera@@QAEXAAUFFrame@@QAX@Z
ADishonoredKActor,TakeDamage_Native,0x0063ef30,0x63ef30,445,,?execTakeDamage_Native@ADishonoredKActor@@QAEXAAUFFrame@@QAX@Z
ADisGameCrowdAgentSkeletalRat,PlayParticleEffect,0x0063f0f0,0x63f0f0,101,,?execPlayParticleEffect@ADisGameCrowdAgentSkeletalRat@@QAEXAAUFFrame@@QAX@Z
ADisGameCrowdAgentSkeletalRat,TakeDamage_Native,0x0063f160,0x63f160,445,,?execTakeDamage_Native@ADisGameCrowdAgentSkeletalRat@@QAEXAAUFFrame@@QAX@Z
ADisPickup_Base,BaseChange,0x0063f350,0x63f350,53,,?execBaseChange@ADisPickup_Base@@QAEXAAUFFrame@@QAX@Z
UDisGlobalMusicManager,TickCallback_Exploration,0x0063f390,0x63f390,138,,?execTickCallback_Exploration@UDisGlobalMusicManager@@QAEXAAUFFrame@@QAX@Z
UDisGlobalMusicManager,TickCallback_Suspense,0x0063f420,0x63f420,138,,?execTickCallback_Suspense@UDisGlobalMusicManager@@QAEXAAUFFrame@@QAX@Z
UDisGlobalMusicManager,TickCallback_Combat,0x0063f4b0,0x63f4b0,138,,?execTickCallback_Combat@UDisGlobalMusicManager@@QAEXAAUFFrame@@QAX@Z
UDisBehaviorSearch,OnEnterCallback_GenericAction,0x0063f540,0x63f540,134,,?execOnEnterCallback_GenericAction@UDisBehaviorSearch@@QAEXAAUFFrame@@QAX@Z
UDisBehaviorTriggerAlarm,OnEnterCallback_GenericAction,0x0063f5d0,0x63f5d0,134,,?execOnEnterCallback_GenericAction@UDisBehaviorTriggerAlarm@@QAEXAAUFFrame@@QAX@Z
UDisBehaviorSearch,OnEnterCallback_Stand,0x0063f660,0x63f660,134,,?execOnEnterCallback_Stand@UDisBehaviorSearch@@QAEXAAUFFrame@@QAX@Z
UDisBehaviorSearch,OnExitCallback_Stand,0x0063f6f0,0x63f6f0,134,,?execOnExitCallback_Stand@UDisBehaviorSearch@@QAEXAAUFFrame@@QAX@Z
UDisBehaviorSearch,OnEnterCallback_StareAtUnreachable,0x0063f780,0x63f780,134,,?execOnEnterCallback_StareAtUnreachable@UDisBehaviorSearch@@QAEXAAUFFrame@@QAX@Z
UDisBehaviorReact,OnEnterCallback_GenericAction,0x0063f810,0x63f810,134,,?execOnEnterCallback_GenericAction@UDisBehaviorReact@@QAEXAAUFFrame@@QAX@Z
UDisBehaviorSearch,OnExitCallback_Investigate,0x0063f8a0,0x63f8a0,134,,?execOnExitCallback_Investigate@UDisBehaviorSearch@@QAEXAAUFFrame@@QAX@Z
UDisBehaviorTriggerAlarm,RefreshCallback_TakePosition,0x0063f930,0x63f930,138,,?execRefreshCallback_TakePosition@UDisBehaviorTriggerAlarm@@QAEXAAUFFrame@@QAX@Z
UDisBehaviorGoHome,RequestStateExitCallback_GenericAction,0x0063f9c0,0x63f9c0,96,,?execRequestStateExitCallback_GenericAction@UDisBehaviorGoHome@@QAEXAAUFFrame@@QAX@Z
UDisBehaviorTriggerAlarm,OnExitCallback_GenericAction,0x0063fa20,0x63fa20,134,,?execOnExitCallback_GenericAction@UDisBehaviorTriggerAlarm@@QAEXAAUFFrame@@QAX@Z
UDishonoredEngine,UpdateRichPresenceChapter,0x00641b10,0x641b10,107,,?execUpdateRichPresenceChapter@UDishonoredEngine@@QAEXAAUFFrame@@QAX@Z
UDishonoredEngine,UpdateRichPresenceChaos,0x00641b80,0x641b80,116,,?execUpdateRichPresenceChaos@UDishonoredEngine@@QAEXAAUFFrame@@QAX@Z
UDishonoredDebugMenu,LoadMenu,0x006471e0,0x6471e0,163,,?execLoadMenu@UDishonoredDebugMenu@@QAEXAAUFFrame@@QAX@Z
UDownloadableContentEnumerator,InstallDLC,0x00647290,0x647290,163,,?execInstallDLC@UDownloadableContentEnumerator@@QAEXAAUFFrame@@QAX@Z
UDishonoredCheatManager,PlayerTestAnim,0x00647340,0x647340,231,,?execPlayerTestAnim@UDishonoredCheatManager@@QAEXAAUFFrame@@QAX@Z
UDishonoredCheatManager,AddObjective,0x00647430,0x647430,163,,?execAddObjective@UDishonoredCheatManager@@QAEXAAUFFrame@@QAX@Z
UDishonoredCheatManager,RemoveObjective,0x006474e0,0x6474e0,163,,?execRemoveObjective@UDishonoredCheatManager@@QAEXAAUFFrame@@QAX@Z
UDishonoredCheatManager,AIEnableBehavior,0x00647590,0x647590,163,,?execAIEnableBehavior@UDishonoredCheatManager@@QAEXAAUFFrame@@QAX@Z
UDishonoredCheatManager,AIDisableBehavior,0x00647640,0x647640,163,,?execAIDisableBehavior@UDishonoredCheatManager@@QAEXAAUFFrame@@QAX@Z
UDishonoredCheatManager,AIEnableSubState,0x006476f0,0x6476f0,163,,?execAIEnableSubState@UDishonoredCheatManager@@QAEXAAUFFrame@@QAX@Z
UDishonoredCheatManager,AIDisableSubState,0x006477a0,0x6477a0,163,,?execAIDisableSubState@UDishonoredCheatManager@@QAEXAAUFFrame@@QAX@Z
UDishonoredCheatManager,ShowStorePage,0x00647850,0x647850,163,,?execShowStorePage@UDishonoredCheatManager@@QAEXAAUFFrame@@QAX@Z
UDishonoredCheatManager,AddUpgrade,0x00647900,0x647900,163,,?execAddUpgrade@UDishonoredCheatManager@@QAEXAAUFFrame@@QAX@Z
UDishonoredCheatManager,RemoveUpgrade,0x006479b0,0x6479b0,163,,?execRemoveUpgrade@UDishonoredCheatManager@@QAEXAAUFFrame@@QAX@Z
UDisGFxMoviePlayerBase,FormatText,0x00647be0,0x647be0,158,,?execFormatText@UDisGFxMoviePlayerBase@@QAEXAAUFFrame@@QAX@Z
UDisGFxMoviePlayerBase,ShowMessageBox,0x00647c80,0x647c80,325,,?execShowMessageBox@UDisGFxMoviePlayerBase@@QAEXAAUFFrame@@QAX@Z
UDisGFxMoviePlayerBase,Req_EquipmentIconImage,0x00647dd0,0x647dd0,170,,?execReq_EquipmentIconImage@UDisGFxMoviePlayerBase@@QAEXAAUFFrame@@QAX@Z
UDisGFxMoviePlayerJournal,Req_PowerDetails,0x00647e80,0x647e80,163,,?execReq_PowerDetails@UDisGFxMoviePlayerJournal@@QAEXAAUFFrame@@QAX@Z
UDisGFxMoviePlayerJournal,OnPowerInfosRequest,0x00647f30,0x647f30,163,,?execOnPowerInfosRequest@UDisGFxMoviePlayerJournal@@QAEXAAUFFrame@@QAX@Z
UDisGFxMoviePlayerJournal,PowerBuy,0x00647fe0,0x647fe0,197,,?execPowerBuy@UDisGFxMoviePlayerJournal@@QAEXAAUFFrame@@QAX@Z
